Tile Number, Tile x cohordinate [m], Tile y cohordinate [m], area_m2[m2], Tile z cohordinate [m],absorbedPARTile [umol^s-1],absorbedPARTilem2 [umol m^-2 m^-1],Thermal time[dd]
1,0.14142136,0.0,0.0701,0.004042135611804359,0.11602599188060762,28.70413143531695,0.0
2,0.28284273,0.07071068,0.0701,0.005716443181545683,0.10828310450033345,18.942391459413493,0.0
3,0.4242641,0.07071068,0.0701,0.004042135611804359,0.05169555444357197,12.789168748471482,0.0
4,0.56568545,0.14142136,0.0701,0.004042135611804359,0.028596154250821765,7.074516294631885,0.0
5,0.70710677,0.21213204,0.0701,0.005716443181545683,0.0490651114737615,8.583153880048654,0.0
6,0.8485281,0.21213204,0.0701,0.004042135611804359,0.0876775018427372,21.6908857750072,0.0
7,0.9899494,0.28284273,0.0701,0.004042135611804359,0.0746930255087162,18.47860455017593,0.0
