Tile Number, Tile x cohordinate [m], Tile y cohordinate [m], area_m2[m2], Tile z cohordinate [m],absorbedPARTile [umol^s-1],absorbedPARTilem2 [umol m^-2 m^-1],Thermal time[dd]
1,0.1118034,0.0,0.0701,0.00108033979058772,0.0022515722157404722,2.0841333766995525,0.0
2,0.22360681,0.0559017,0.0701,0.0012078565728149138,0.005509070291670217,4.561030188237756,0.0
3,0.3354102,0.0559017,0.0701,0.00108033979058772,0.010204304109032567,9.445457991953885,0.0
4,0.44721362,0.1118034,0.0701,0.00108033979058772,0.010736237323018597,9.937833833906955,0.0
5,0.559017,0.1677051,0.0701,0.0012078565728149138,0.0023508584328233227,1.9463059486811745,0.0
6,0.6708204,0.1677051,0.0701,0.00108033979058772,0.011356689907954106,10.512146277400287,0.0
7,0.7826238,0.22360681,0.0701,0.00108033979058772,0.007478435021943653,6.922298972136609,0.0
