Tile Number, Tile x cohordinate [m], Tile y cohordinate [m], area_m2[m2], Tile z cohordinate [m],absorbedPARTile [umol^s-1],absorbedPARTilem2 [umol m^-2 m^-1],Thermal time[dd]
1,0.1118034,0.0,0.0701,0.00108033979058772,0.009181230097245457,8.498465184042457,0.0
2,0.22360681,0.0559017,0.0701,0.0012078565728149138,0.009752298740005983,8.07405362482585,0.0
3,0.3354102,0.0559017,0.0701,0.00108033979058772,0.009286623424810186,8.596020905383975,0.0
4,0.44721362,0.1118034,0.0701,0.00108033979058772,0.01205691129500414,11.160295492258978,0.0
5,0.559017,0.1677051,0.0701,0.0012078565728149138,8.758907602325703E-4,0.7251612318433669,0.0
6,0.6708204,0.1677051,0.0701,0.00108033979058772,0.02358529271276064,21.831365389152158,0.0
7,0.7826238,0.22360681,0.0701,0.00108033979058772,0.0014890198721340625,1.3782884654503145,0.0
