Tile Number, Tile x cohordinate [m], Tile y cohordinate [m], area_m2[m2], Tile z cohordinate [m],absorbedPARTile [umol^s-1],absorbedPARTilem2 [umol m^-2 m^-1],Thermal time[dd]
1,0.14142136,0.0,0.0701,0.004042135611804359,0.05193562924247742,12.848561807478298,0.0
2,0.28284273,0.07071068,0.0701,0.005716443181545683,0.1486997801261902,26.01264027362954,0.0
3,0.4242641,0.07071068,0.0701,0.004042135611804359,0.10649543874469758,26.346330002807434,0.0
4,0.56568545,0.14142136,0.0701,0.004042135611804359,0.06654146272855997,16.461957024459327,0.0
5,0.70710677,0.21213204,0.0701,0.005716443181545683,0.12557970292881013,21.968153787344097,0.0
6,0.8485281,0.21213204,0.0701,0.004042135611804359,0.05667971997037412,14.022221274528935,0.0
7,0.9899494,0.28284273,0.0701,0.004042135611804359,0.048502233663455234,11.99916042445801,0.0
