Tile Number, Tile x cohordinate [m], Tile y cohordinate [m], area_m2[m2], Tile z cohordinate [m],absorbedPARTile [umol^s-1],absorbedPARTilem2 [umol m^-2 m^-1],Thermal time[dd]
1,0.14142136,0.0,0.0701,0.004042135611804359,0.060187889630658624,14.890121314804551,0.0
2,0.28284273,0.07071068,0.0701,0.005716443181545683,0.1164306672338867,20.36767681165069,0.0
3,0.4242641,0.07071068,0.0701,0.004042135611804359,0.08667837328710556,21.44370738922671,0.0
4,0.56568545,0.14142136,0.0701,0.004042135611804359,0.0347493912686795,8.596790064934957,0.0
5,0.70710677,0.21213204,0.0701,0.005716443181545683,0.07006812520708801,12.257294086869962,0.0
6,0.8485281,0.21213204,0.0701,0.004042135611804359,0.04838523561400533,11.970215811835853,0.0
7,0.9899494,0.28284273,0.0701,0.004042135611804359,0.04865624317898393,12.037261450826085,0.0
