Tile Number, Tile x cohordinate [m], Tile y cohordinate [m], area_m2[m2], Tile z cohordinate [m],absorbedPARTile [umol^s-1],absorbedPARTilem2 [umol m^-2 m^-1],Thermal time[dd]
1,0.1118034,0.0,0.0701,0.00108033979058772,0.0017349721603495012,1.6059504384316459,0.0
2,0.22360681,0.0559017,0.0701,0.0012078565728149138,0.0033877930474232065,2.804797459956643,0.0
3,0.3354102,0.0559017,0.0701,0.00108033979058772,0.0021477698247186643,1.9880502814306669,0.0
4,0.44721362,0.1118034,0.0701,0.00108033979058772,0.004791336165811513,4.435027023493191,0.0
5,0.559017,0.1677051,0.0701,0.0012078565728149138,0.00982187567882424,8.131657267828022,0.0
6,0.6708204,0.1677051,0.0701,0.00108033979058772,0.012230249717329101,11.320743551133736,0.0
7,0.7826238,0.22360681,0.0701,0.00108033979058772,0.003119230191172007,2.8872677081301448,0.0
