Tile Number, Tile x cohordinate [m], Tile y cohordinate [m], area_m2[m2], Tile z cohordinate [m],absorbedPARTile [umol^s-1],absorbedPARTilem2 [umol m^-2 m^-1],Thermal time[dd]
1,0.1118034,0.0,0.0701,0.00108033979058772,0.009145190061307372,8.465105276120822,0.0
2,0.22360681,0.0559017,0.0701,0.0012078565728149138,0.03899512467604825,32.28456553013574,0.0
3,0.3354102,0.0559017,0.0701,0.00108033979058772,0.004554002184508819,4.2153424544618305,0.0
4,0.44721362,0.1118034,0.0701,0.00108033979058772,0.007998008274826848,7.403234005178889,0.0
5,0.559017,0.1677051,0.0701,0.0012078565728149138,0.0033345617452889454,2.7607265799098464,0.0
6,0.6708204,0.1677051,0.0701,0.00108033979058772,0.0034587222734086677,3.201513360465113,0.0
7,0.7826238,0.22360681,0.0701,0.00108033979058772,3.7032915154330874E-4,0.3427895137897721,0.0
