Tile Number, Tile x cohordinate [m], Tile y cohordinate [m], area_m2[m2], Tile z cohordinate [m],absorbedPARTile [umol^s-1],absorbedPARTilem2 [umol m^-2 m^-1],Thermal time[dd]
1,0.14142136,0.0,0.0701,0.004042135611804359,0.04072475478075741,10.075059001441662,0.0
2,0.28284273,0.07071068,0.0701,0.005716443181545683,0.08276005301570893,14.477543183300082,0.0
3,0.4242641,0.07071068,0.0701,0.004042135611804359,0.06932350636961997,17.15021786185813,0.0
4,0.56568545,0.14142136,0.0701,0.004042135611804359,0.1412774801818848,34.95119752274226,0.0
5,0.70710677,0.21213204,0.0701,0.005716443181545683,0.1659351763235283,29.027696253365136,0.0
6,0.8485281,0.21213204,0.0701,0.004042135611804359,0.22644527632247924,56.02119722583896,0.0
7,0.9899494,0.28284273,0.0701,0.004042135611804359,0.026410218351259528,6.533728921447624,0.0
