Tile Number, Tile x cohordinate [m], Tile y cohordinate [m], area_m2[m2], Tile z cohordinate [m],absorbedPARTile [umol^s-1],absorbedPARTilem2 [umol m^-2 m^-1],Thermal time[dd]
1,0.1118034,0.0,0.0701,0.00108033979058772,0.0052850020699776136,4.891981315528977,0.0
2,0.22360681,0.0559017,0.0701,0.0012078565728149138,0.002047857685932419,1.6954477311489724,0.0
3,0.3354102,0.0559017,0.0701,0.00108033979058772,0.0022869572749616464,2.1168870154430857,0.0
4,0.44721362,0.1118034,0.0701,0.00108033979058772,0.002209671028554308,2.0453481837896725,0.0
5,0.559017,0.1677051,0.0701,0.0012078565728149138,0.008367603880048506,6.9276469312476205,0.0
6,0.6708204,0.1677051,0.0701,0.00108033979058772,0.01413058616117175,13.079760908819729,0.0
7,0.7826238,0.22360681,0.0701,0.00108033979058772,0.012759270772519118,11.810423797847802,0.0
