Tile Number, Tile x cohordinate [m], Tile y cohordinate [m], area_m2[m2], Tile z cohordinate [m],absorbedPARTile [umol^s-1],absorbedPARTilem2 [umol m^-2 m^-1],Thermal time[dd]
1,0.14142136,0.0,0.0701,0.004042135611804359,0.05988798833650699,14.815927541276562,0.0
2,0.28284273,0.07071068,0.0701,0.005716443181545683,0.12990530994841257,22.724849320252872,0.0
3,0.4242641,0.07071068,0.0701,0.004042135611804359,0.09722001583506149,24.051646251339815,0.0
4,0.56568545,0.14142136,0.0701,0.004042135611804359,0.11291381975754698,27.934198800208893,0.0
5,0.70710677,0.21213204,0.0701,0.005716443181545683,0.1782153140462875,31.17590928247439,0.0
6,0.8485281,0.21213204,0.0701,0.004042135611804359,0.07776285877908667,19.238062808183294,0.0
7,0.9899494,0.28284273,0.0701,0.004042135611804359,0.07318352125510176,18.10516229128531,0.0
