Tile Number, Tile x cohordinate [m], Tile y cohordinate [m], area_m2[m2], Tile z cohordinate [m],absorbedPARTile [umol^s-1],absorbedPARTilem2 [umol m^-2 m^-1],Thermal time[dd]
1,0.14142136,0.0,0.0701,0.004042135611804359,0.08693703037079453,21.507697593546823,0.0
2,0.28284273,0.07071068,0.0701,0.005716443181545683,0.06270124173655987,10.968576043749977,0.0
3,0.4242641,0.07071068,0.0701,0.004042135611804359,0.0991969269483614,24.540722151595777,0.0
4,0.56568545,0.14142136,0.0701,0.004042135611804359,0.014025855199867172,3.46991208283737,0.0
5,0.70710677,0.21213204,0.0701,0.005716443181545683,0.05473186950509787,9.57446226034189,0.0
6,0.8485281,0.21213204,0.0701,0.004042135611804359,0.053962687104748504,13.350043711339072,0.0
7,0.9899494,0.28284273,0.0701,0.004042135611804359,0.04157194455913396,10.284648649028567,0.0
