Tile Number, Tile x cohordinate [m], Tile y cohordinate [m], area_m2[m2], Tile z cohordinate [m],absorbedPARTile [umol^s-1],absorbedPARTilem2 [umol m^-2 m^-1],Thermal time[dd]
1,0.14142136,0.0,0.0701,0.004042135611804359,0.0399761256406943,9.88985266203116,0.0
2,0.28284273,0.07071068,0.0701,0.005716443181545683,0.26355790881525676,46.10522670217334,0.0
3,0.4242641,0.07071068,0.0701,0.004042135611804359,0.3014592828877767,74.57921055578068,0.0
4,0.56568545,0.14142136,0.0701,0.004042135611804359,0.10438313326591155,25.823758352163797,0.0
5,0.70710677,0.21213204,0.0701,0.005716443181545683,0.07061936832576693,12.353725224409908,0.0
6,0.8485281,0.21213204,0.0701,0.004042135611804359,0.10714893792249164,26.508001762628066,0.0
7,0.9899494,0.28284273,0.0701,0.004042135611804359,0.10141273243170865,25.08889907987012,0.0
