Tile Number, Tile x cohordinate [m], Tile y cohordinate [m], area_m2[m2], Tile z cohordinate [m],absorbedPARTile [umol^s-1],absorbedPARTilem2 [umol m^-2 m^-1],Thermal time[dd]
1,0.1118034,0.0,0.0701,0.00108033979058772,7.79776911842848E-4,0.7217885693339486,0.0
2,0.22360681,0.0559017,0.0701,0.0012078565728149138,0.0023985838191789566,1.9858184102016756,0.0
3,0.3354102,0.0559017,0.0701,0.00108033979058772,0.009848687072838237,9.11628652266933,0.0
4,0.44721362,0.1118034,0.0701,0.00108033979058772,0.0011065398285463564,1.0242516643253354,0.0
5,0.559017,0.1677051,0.0701,0.0012078565728149138,0.0016172129760995628,1.3389114341040034,0.0
6,0.6708204,0.1677051,0.0701,0.00108033979058772,0.0018618609532531291,1.7234031084241106,0.0
7,0.7826238,0.22360681,0.0701,0.00108033979058772,0.003856652742351522,3.5698516114577705,0.0
