Tile Number, Tile x cohordinate [m], Tile y cohordinate [m], area_m2[m2], Tile z cohordinate [m],absorbedPARTile [umol^s-1],absorbedPARTilem2 [umol m^-2 m^-1],Thermal time[dd]
1,0.14142136,0.0,0.0701,0.004042135611804359,0.026239863034492883,6.491584042322551,0.0
2,0.28284273,0.07071068,0.0701,0.005716443181545683,0.050280086507287026,8.795694264854335,0.0
3,0.4242641,0.07071068,0.0701,0.004042135611804359,0.05677259187814713,14.045197225039301,0.0
4,0.56568545,0.14142136,0.0701,0.004042135611804359,0.09696736971984865,23.989143124409825,0.0
5,0.70710677,0.21213204,0.0701,0.005716443181545683,0.238809859740448,41.775952660807455,0.0
6,0.8485281,0.21213204,0.0701,0.004042135611804359,0.2948038499842835,72.93269654866594,0.0
7,0.9899494,0.28284273,0.0701,0.004042135611804359,0.23658548473655705,58.52982370152302,0.0
