Tile Number, Tile x cohordinate [m], Tile y cohordinate [m], area_m2[m2], Tile z cohordinate [m],absorbedPARTile [umol^s-1],absorbedPARTilem2 [umol m^-2 m^-1],Thermal time[dd]
1,0.14142136,0.0,0.0701,0.004042135611804359,0.16008267175273894,39.603488632406375,0.0
2,0.28284273,0.07071068,0.0701,0.005716443181545683,0.07260504741388855,12.70108791569528,0.0
3,0.4242641,0.07071068,0.0701,0.004042135611804359,0.06309932963067741,15.610394031908951,0.0
4,0.56568545,0.14142136,0.0701,0.004042135611804359,0.13067552107819316,32.32833670809506,0.0
5,0.70710677,0.21213204,0.0701,0.005716443181545683,0.20294919406871792,35.50270467550453,0.0
6,0.8485281,0.21213204,0.0701,0.004042135611804359,0.12774746229434214,31.60395260398432,0.0
7,0.9899494,0.28284273,0.0701,0.004042135611804359,0.09336981082506628,23.099128726012026,0.0
