Tile Number, Tile x cohordinate [m], Tile y cohordinate [m], area_m2[m2], Tile z cohordinate [m],absorbedPARTile [umol^s-1],absorbedPARTilem2 [umol m^-2 m^-1],Thermal time[dd]
1,0.14142136,0.0,0.0701,0.004042135611804359,0.12472531925032934,30.856292620685604,0.0
2,0.28284273,0.07071068,0.0701,0.005716443181545683,0.3174213320495605,55.52776822382973,0.0
3,0.4242641,0.07071068,0.0701,0.004042135611804359,0.3106233367214203,76.84634226874982,0.0
4,0.56568545,0.14142136,0.0701,0.004042135611804359,0.08771855369728446,21.70104175652038,0.0
5,0.70710677,0.21213204,0.0701,0.005716443181545683,0.054520871678231914,9.53755157651893,0.0
6,0.8485281,0.21213204,0.0701,0.004042135611804359,0.07535932338068296,18.64344262983386,0.0
7,0.9899494,0.28284273,0.0701,0.004042135611804359,0.0591145441340787,14.624582104926137,0.0
