Tile Number, Tile x cohordinate [m], Tile y cohordinate [m], area_m2[m2], Tile z cohordinate [m],absorbedPARTile [umol^s-1],absorbedPARTilem2 [umol m^-2 m^-1],Thermal time[dd]
1,0.14142136,0.0,0.0701,0.004042135611804359,0.18397263953979492,45.51372274659331,0.0
2,0.28284273,0.07071068,0.0701,0.005716443181545683,0.21583395992126467,37.75668769315132,0.0
3,0.4242641,0.07071068,0.0701,0.004042135611804359,0.08996725028551104,22.257355746001497,0.0
4,0.56568545,0.14142136,0.0701,0.004042135611804359,0.1276087320713234,31.569631582538726,0.0
5,0.70710677,0.21213204,0.0701,0.005716443181545683,0.2000377421408081,34.99339288223616,0.0
6,0.8485281,0.21213204,0.0701,0.004042135611804359,0.1231609172069931,30.469268979329367,0.0
7,0.9899494,0.28284273,0.0701,0.004042135611804359,0.1641977572341919,40.62153599069776,0.0
