Tile Number, Tile x cohordinate [m], Tile y cohordinate [m], area_m2[m2], Tile z cohordinate [m],absorbedPARTile [umol^s-1],absorbedPARTilem2 [umol m^-2 m^-1],Thermal time[dd]
1,0.1118034,0.0,0.0701,0.00108033979058772,0.0063041236737679035,5.835315637442524,0.0
2,0.22360681,0.0559017,0.0701,0.0012078565728149138,0.0018432761395811314,1.5260720362562339,0.0
3,0.3354102,0.0559017,0.0701,0.00108033979058772,0.0029066922869143484,2.690535248482394,0.0
4,0.44721362,0.1118034,0.0701,0.00108033979058772,0.001437195504688611,1.3303180325393336,0.0
5,0.559017,0.1677051,0.0701,0.0012078565728149138,0.0047395332677662855,3.92392058331958,0.0
6,0.6708204,0.1677051,0.0701,0.00108033979058772,0.0033842354860537122,3.132565805257104,0.0
7,0.7826238,0.22360681,0.0701,0.00108033979058772,0.005645141453435433,5.225338826374614,0.0
