Tile Number, Tile x cohordinate [m], Tile y cohordinate [m], area_m2[m2], Tile z cohordinate [m],absorbedPARTile [umol^s-1],absorbedPARTilem2 [umol m^-2 m^-1],Thermal time[dd]
1,0.1118034,0.0,0.0701,0.00108033979058772,0.011376403596369556,10.530393951499866,0.0
2,0.22360681,0.0559017,0.0701,0.0012078565728149138,0.015433727927464157,12.777781960896071,0.0
3,0.3354102,0.0559017,0.0701,0.00108033979058772,0.0017049150177798652,1.5781285042295514,0.0
4,0.44721362,0.1118034,0.0701,0.00108033979058772,0.004675014544210768,4.327355693959486,0.0
5,0.559017,0.1677051,0.0701,0.0012078565728149138,0.005676401695369504,4.699566010673462,0.0
6,0.6708204,0.1677051,0.0701,0.00108033979058772,0.0011644254507730458,1.0778326049988236,0.0
7,0.7826238,0.22360681,0.0701,0.00108033979058772,0.001740555776564423,1.6111188273622101,0.0
