Tile Number, Tile x cohordinate [m], Tile y cohordinate [m], area_m2[m2], Tile z cohordinate [m],absorbedPARTile [umol^s-1],absorbedPARTilem2 [umol m^-2 m^-1],Thermal time[dd]
1,0.1118034,0.0,0.0701,0.00108033979058772,0.0042442378584790505,3.928613844881272,0.0
2,0.22360681,0.0559017,0.0701,0.0012078565728149138,0.01034296897375107,8.56307711241472,0.0
3,0.3354102,0.0559017,0.0701,0.00108033979058772,0.0045993889655960955,4.257354034043274,0.0
4,0.44721362,0.1118034,0.0701,0.00108033979058772,0.003689702233393444,3.415316426868064,0.0
5,0.559017,0.1677051,0.0701,0.0012078565728149138,0.008775855730093856,7.265643891510806,0.0
6,0.6708204,0.1677051,0.0701,0.00108033979058772,0.005906145475082457,5.4669332061438105,0.0
7,0.7826238,0.22360681,0.0701,0.00108033979058772,0.004629859228180668,4.285558366467239,0.0
