Tile Number, Tile x cohordinate [m], Tile y cohordinate [m], area_m2[m2], Tile z cohordinate [m],absorbedPARTile [umol^s-1],absorbedPARTilem2 [umol m^-2 m^-1],Thermal time[dd]
1,0.14142136,0.0,0.0701,0.004042135611804359,0.15040241197708132,37.20865067907594,0.0
2,0.28284273,0.07071068,0.0701,0.005716443181545683,0.11924559658252719,20.86010352862181,0.0
3,0.4242641,0.07071068,0.0701,0.004042135611804359,0.2268621380227661,56.12432629925983,0.0
4,0.56568545,0.14142136,0.0701,0.004042135611804359,0.0948202078189087,23.457948204905012,0.0
5,0.70710677,0.21213204,0.0701,0.005716443181545683,0.08374110312700271,14.649162156871077,0.0
6,0.8485281,0.21213204,0.0701,0.004042135611804359,0.026977982126199007,6.674190259083457,0.0
7,0.9899494,0.28284273,0.0701,0.004042135611804359,0.13378474449028016,33.097539849871666,0.0
