Tile Number, Tile x cohordinate [m], Tile y cohordinate [m], area_m2[m2], Tile z cohordinate [m],absorbedPARTile [umol^s-1],absorbedPARTilem2 [umol m^-2 m^-1],Thermal time[dd]
1,0.14142136,0.0,0.0701,0.004042135611804359,0.08503980158650279,21.03833462147057,0.0
2,0.28284273,0.07071068,0.0701,0.005716443181545683,0.30569688418553664,53.47676421807424,0.0
3,0.4242641,0.07071068,0.0701,0.004042135611804359,0.10702733007436195,26.47791671358257,0.0
4,0.56568545,0.14142136,0.0701,0.004042135611804359,0.0858207526614165,21.231537212851496,0.0
5,0.70710677,0.21213204,0.0701,0.005716443181545683,0.13300783933656615,23.267587048875704,0.0
6,0.8485281,0.21213204,0.0701,0.004042135611804359,0.031348279161383705,7.755375418339866,0.0
7,0.9899494,0.28284273,0.0701,0.004042135611804359,0.02976981104534043,7.364871915331795,0.0
