Tile Number, Tile x cohordinate [m], Tile y cohordinate [m], area_m2[m2], Tile z cohordinate [m],absorbedPARTile [umol^s-1],absorbedPARTilem2 [umol m^-2 m^-1],Thermal time[dd]
1,0.14142136,0.0,0.0701,0.004042135611804359,0.23991262015991208,59.352936962156505,0.0
2,0.28284273,0.07071068,0.0701,0.005716443181545683,0.2334486170702616,40.83808929019021,0.0
3,0.4242641,0.07071068,0.0701,0.004042135611804359,0.08762265684885978,21.677317453915435,0.0
4,0.56568545,0.14142136,0.0701,0.004042135611804359,0.21009257129839262,51.975636513741286,0.0
5,0.70710677,0.21213204,0.0701,0.005716443181545683,0.2797885289743424,48.9445132381583,0.0
6,0.8485281,0.21213204,0.0701,0.004042135611804359,0.10648619322635977,26.344042717266888,0.0
7,0.9899494,0.28284273,0.0701,0.004042135611804359,0.1500217638144811,37.114480616723604,0.0
