Tile Number, Tile x cohordinate [m], Tile y cohordinate [m], area_m2[m2], Tile z cohordinate [m],absorbedPARTile [umol^s-1],absorbedPARTilem2 [umol m^-2 m^-1],Thermal time[dd]
1,0.1118034,0.0,0.0701,0.00108033979058772,6.979633374932669E-4,0.6460590858303619,0.0
2,0.22360681,0.0559017,0.0701,0.0012078565728149138,0.0010688287987925809,0.884897116800608,0.0
3,0.3354102,0.0559017,0.0701,0.00108033979058772,0.0018803198478026279,1.740489301777645,0.0
4,0.44721362,0.1118034,0.0701,0.00108033979058772,0.0032420977868329636,3.000998218411651,0.0
5,0.559017,0.1677051,0.0701,0.0012078565728149138,0.007585181585702673,6.279869445115807,0.0
6,0.6708204,0.1677051,0.0701,0.00108033979058772,0.00282384587931911,2.6138497386853614,0.0
7,0.7826238,0.22360681,0.0701,0.00108033979058772,0.007107702070449578,6.579135687099787,0.0
