Tile Number, Tile x cohordinate [m], Tile y cohordinate [m], area_m2[m2], Tile z cohordinate [m],absorbedPARTile [umol^s-1],absorbedPARTilem2 [umol m^-2 m^-1],Thermal time[dd]
1,0.1118034,0.0,0.0701,0.00108033979058772,0.0024798981287435496,2.295479765115798,0.0
2,0.22360681,0.0559017,0.0701,0.0012078565728149138,0.004304926789947949,3.56410428757721,0.0
3,0.3354102,0.0559017,0.0701,0.00108033979058772,0.0115814034139429,10.720148896526762,0.0
4,0.44721362,0.1118034,0.0701,0.00108033979058772,0.0034574920864442137,3.2003746567210025,0.0
5,0.559017,0.1677051,0.0701,0.0012078565728149138,0.005287299734849991,4.377423490380089,0.0
6,0.6708204,0.1677051,0.0701,0.00108033979058772,0.009354895092658423,8.659215530300175,0.0
7,0.7826238,0.22360681,0.0701,0.00108033979058772,0.006341733408979711,5.870128513483447,0.0
