Tile Number, Tile x cohordinate [m], Tile y cohordinate [m], area_m2[m2], Tile z cohordinate [m],absorbedPARTile [umol^s-1],absorbedPARTilem2 [umol m^-2 m^-1],Thermal time[dd]
1,0.14142136,0.0,0.0701,0.004042135611804359,0.037619902711756824,9.30693730361109,0.0
2,0.28284273,0.07071068,0.0701,0.005716443181545683,0.12021272264964104,21.0292867141096,0.0
3,0.4242641,0.07071068,0.0701,0.004042135611804359,0.09844182693882464,24.353914958058873,0.0
4,0.56568545,0.14142136,0.0701,0.004042135611804359,0.03158805049315866,7.814693401406724,0.0
5,0.70710677,0.21213204,0.0701,0.005716443181545683,0.0777748296629906,13.60545835810457,0.0
6,0.8485281,0.21213204,0.0701,0.004042135611804359,0.03448864772743643,8.532283683585055,0.0
7,0.9899494,0.28284273,0.0701,0.004042135611804359,0.014620318402877374,3.616978698137009,0.0
