Tile Number, Tile x cohordinate [m], Tile y cohordinate [m], area_m2[m2], Tile z cohordinate [m],absorbedPARTile [umol^s-1],absorbedPARTilem2 [umol m^-2 m^-1],Thermal time[dd]
1,0.1118034,0.0,0.0701,0.00108033979058772,0.013105511395505469,12.130916133687798,0.0
2,0.22360681,0.0559017,0.0701,0.0012078565728149138,0.014066448485597448,11.645793716066423,0.0
3,0.3354102,0.0559017,0.0701,0.00108033979058772,0.00789500048648035,7.307886421720484,0.0
4,0.44721362,0.1118034,0.0701,0.00108033979058772,0.012665644655914623,11.723760215315531,0.0
5,0.559017,0.1677051,0.0701,0.0012078565728149138,0.0061017956490421665,5.051755139123771,0.0
6,0.6708204,0.1677051,0.0701,0.00108033979058772,0.011335901643402068,10.492903938338863,0.0
7,0.7826238,0.22360681,0.0701,0.00108033979058772,0.002017742642446661,1.8676926093307928,0.0
