Tile Number, Tile x cohordinate [m], Tile y cohordinate [m], area_m2[m2], Tile z cohordinate [m],absorbedPARTile [umol^s-1],absorbedPARTilem2 [umol m^-2 m^-1],Thermal time[dd]
1,0.1118034,0.0,0.0701,0.00108033979058772,0.0013734893367648568,1.2713493927847084,0.0
2,0.22360681,0.0559017,0.0701,0.0012078565728149138,0.0028177978909825277,2.332891134926426,0.0
3,0.3354102,0.0559017,0.0701,0.00108033979058772,0.0022934489567513453,2.122895941381255,0.0
4,0.44721362,0.1118034,0.0701,0.00108033979058772,9.532844473944676E-4,0.8823931652798492,0.0
5,0.559017,0.1677051,0.0701,0.0012078565728149138,0.0016995459807156114,1.4070759881322779,0.0
6,0.6708204,0.1677051,0.0701,0.00108033979058772,0.003596104603681117,3.328679212791733,0.0
7,0.7826238,0.22360681,0.0701,0.00108033979058772,0.0012482662970341497,1.1554386017338818,0.0
