Tile Number, Tile x cohordinate [m], Tile y cohordinate [m], area_m2[m2], Tile z cohordinate [m],absorbedPARTile [umol^s-1],absorbedPARTilem2 [umol m^-2 m^-1],Thermal time[dd]
1,0.14142136,0.0,0.0701,0.004042135611804359,0.08794541081516263,21.75716484086611,0.0
2,0.28284273,0.07071068,0.0701,0.005716443181545683,0.24767464537231446,43.32670464947141,0.0
3,0.4242641,0.07071068,0.0701,0.004042135611804359,0.23633349923583985,58.46748400663962,0.0
4,0.56568545,0.14142136,0.0701,0.004042135611804359,0.1235240821624756,30.559113801561935,0.0
5,0.70710677,0.21213204,0.0701,0.005716443181545683,0.07565013698371889,13.23377746986784,0.0
6,0.8485281,0.21213204,0.0701,0.004042135611804359,0.03282252184175968,8.12009417643168,0.0
7,0.9899494,0.28284273,0.0701,0.004042135611804359,0.04900684479735613,12.123998179140774,0.0
