Tile Number, Tile x cohordinate [m], Tile y cohordinate [m], area_m2[m2], Tile z cohordinate [m],absorbedPARTile [umol^s-1],absorbedPARTilem2 [umol m^-2 m^-1],Thermal time[dd]
1,0.14142136,0.0,0.0701,0.004042135611804359,0.016543021313438117,4.092643815592698,0.0
2,0.28284273,0.07071068,0.0701,0.005716443181545683,0.14571017476301196,25.489656791028057,0.0
3,0.4242641,0.07071068,0.0701,0.004042135611804359,0.15531680516269686,38.42444194824165,0.0
4,0.56568545,0.14142136,0.0701,0.004042135611804359,0.04634900804171742,11.466465376956464,0.0
5,0.70710677,0.21213204,0.0701,0.005716443181545683,0.08500891213684081,14.870944997979503,0.0
6,0.8485281,0.21213204,0.0701,0.004042135611804359,0.04261340635047197,10.542300022301793,0.0
7,0.9899494,0.28284273,0.0701,0.004042135611804359,0.15659722596946715,38.74121034241206,0.0
