Tile Number, Tile x cohordinate [m], Tile y cohordinate [m], area_m2[m2], Tile z cohordinate [m],absorbedPARTile [umol^s-1],absorbedPARTilem2 [umol m^-2 m^-1],Thermal time[dd]
1,0.1118034,0.0,0.0701,0.00108033979058772,6.01572183678013E-4,0.556836088903797,0.0
2,0.22360681,0.0559017,0.0701,0.0012078565728149138,0.006589141913885985,5.455235383229292,0.0
3,0.3354102,0.0559017,0.0701,0.00108033979058772,3.2738748137274576E-4,0.30304121372280696,0.0
4,0.44721362,0.1118034,0.0701,0.00108033979058772,3.16076186311397E-4,0.29257108649071156,0.0
5,0.559017,0.1677051,0.0701,0.0012078565728149138,0.00659224624277766,5.457805497066931,0.0
6,0.6708204,0.1677051,0.0701,0.00108033979058772,7.288312999044479E-4,0.6746315430147709,0.0
7,0.7826238,0.22360681,0.0701,0.00108033979058772,0.006054399224509852,5.604162021299034,0.0
