Tile Number, Tile x cohordinate [m], Tile y cohordinate [m], area_m2[m2], Tile z cohordinate [m],absorbedPARTile [umol^s-1],absorbedPARTilem2 [umol m^-2 m^-1],Thermal time[dd]
1,0.1118034,0.0,0.0701,0.00108033979058772,5.394665780581693E-4,0.49934898516020776,0.0
2,0.22360681,0.0559017,0.0701,0.0012078565728149138,8.216202969778633E-4,0.6802300169324529,0.0
3,0.3354102,0.0559017,0.0701,0.00108033979058772,0.0013901008668605018,1.2867256014927189,0.0
4,0.44721362,0.1118034,0.0701,0.00108033979058772,0.0010832082009874843,1.0026551002052826,0.0
5,0.559017,0.1677051,0.0701,0.0012078565728149138,7.954888266320633E-4,0.6585954363589493,0.0
6,0.6708204,0.1677051,0.0701,0.00108033979058772,6.549700833003944E-4,0.606263037802284,0.0
7,0.7826238,0.22360681,0.0701,0.00108033979058772,0.007607253110785672,7.041537465399863,0.0
