Tile Number, Tile x cohordinate [m], Tile y cohordinate [m], area_m2[m2], Tile z cohordinate [m],absorbedPARTile [umol^s-1],absorbedPARTilem2 [umol m^-2 m^-1],Thermal time[dd]
1,0.14142136,0.0,0.0701,0.004042135611804359,0.16896081798805235,41.79988852789388,0.0
2,0.28284273,0.07071068,0.0701,0.005716443181545683,0.2978028078234863,52.095822238709395,0.0
3,0.4242641,0.07071068,0.0701,0.004042135611804359,0.15514959554824825,38.383075296919934,0.0
4,0.56568545,0.14142136,0.0701,0.004042135611804359,0.1973043922012329,48.81191804278893,0.0
5,0.70710677,0.21213204,0.0701,0.005716443181545683,0.23073117441131588,40.362716305163715,0.0
6,0.8485281,0.21213204,0.0701,0.004042135611804359,0.09414869540821073,23.291820079778056,0.0
7,0.9899494,0.28284273,0.0701,0.004042135611804359,0.1374956817996025,34.015603385020064,0.0
