Tile Number, Tile x cohordinate [m], Tile y cohordinate [m], area_m2[m2], Tile z cohordinate [m],absorbedPARTile [umol^s-1],absorbedPARTilem2 [umol m^-2 m^-1],Thermal time[dd]
1,0.1118034,0.0,0.0701,0.00108033979058772,0.001885521595309295,1.745304219780283,0.0
2,0.22360681,0.0559017,0.0701,0.0012078565728149138,0.0012194463352967614,1.0095953135021964,0.0
3,0.3354102,0.0559017,0.0701,0.00108033979058772,5.582171907342044E-4,0.5167052029348345,0.0
4,0.44721362,0.1118034,0.0701,0.00108033979058772,2.6736458077709544E-4,0.2474819340234107,0.0
5,0.559017,0.1677051,0.0701,0.0012078565728149138,6.425794649828556E-4,0.5319998081273193,0.0
6,0.6708204,0.1677051,0.0701,0.00108033979058772,4.0239287188783337E-4,0.3724688060123436,0.0
7,0.7826238,0.22360681,0.0701,0.00108033979058772,0.0016993940263810737,1.5730180830019966,0.0
