Tile Number, Tile x cohordinate [m], Tile y cohordinate [m], area_m2[m2], Tile z cohordinate [m],absorbedPARTile [umol^s-1],absorbedPARTilem2 [umol m^-2 m^-1],Thermal time[dd]
1,0.14142136,0.0,0.0701,0.004042135611804359,0.034229163160377614,8.468088764864111,0.0
2,0.28284273,0.07071068,0.0701,0.005716443181545683,0.2570721632575035,44.97064959683429,0.0
3,0.4242641,0.07071068,0.0701,0.004042135611804359,0.14187530794806477,35.09909651070153,0.0
4,0.56568545,0.14142136,0.0701,0.004042135611804359,0.032239977954971806,7.975976328161904,0.0
5,0.70710677,0.21213204,0.0701,0.005716443181545683,0.07400391722032154,12.945797739970091,0.0
6,0.8485281,0.21213204,0.0701,0.004042135611804359,0.07053758475053484,17.450573539527472,0.0
7,0.9899494,0.28284273,0.0701,0.004042135611804359,0.10024850743839023,24.800876829968733,0.0
