Tile Number, Tile x cohordinate [m], Tile y cohordinate [m], area_m2[m2], Tile z cohordinate [m],absorbedPARTile [umol^s-1],absorbedPARTilem2 [umol m^-2 m^-1],Thermal time[dd]
1,0.1118034,0.0,0.0701,0.00108033979058772,0.005298851658234242,4.904800975026193,0.0
2,0.22360681,0.0559017,0.0701,0.0012078565728149138,0.007837386063897181,6.488672778119779,0.0
3,0.3354102,0.0559017,0.0701,0.00108033979058772,0.020037381986599868,18.54729610181187,0.0
4,0.44721362,0.1118034,0.0701,0.00108033979058772,0.006945346215034071,6.428853473272244,0.0
5,0.559017,0.1677051,0.0701,0.0012078565728149138,0.004054427933933047,3.356713061124625,0.0
6,0.6708204,0.1677051,0.0701,0.00108033979058772,0.0037805713947908636,3.499428075989111,0.0
7,0.7826238,0.22360681,0.0701,0.00108033979058772,0.003617159759520998,3.348168595690818,0.0
