Tile Number, Tile x cohordinate [m], Tile y cohordinate [m], area_m2[m2], Tile z cohordinate [m],absorbedPARTile [umol^s-1],absorbedPARTilem2 [umol m^-2 m^-1],Thermal time[dd]
1,0.1118034,0.0,0.0701,0.00108033979058772,0.0020561969924819115,1.9032872901620255,0.0
2,0.22360681,0.0559017,0.0701,0.0012078565728149138,0.021650511729959285,17.924737271994715,0.0
3,0.3354102,0.0559017,0.0701,0.00108033979058772,0.0028947511732704276,2.679482139314375,0.0
4,0.44721362,0.1118034,0.0701,0.00108033979058772,0.010012127567649309,9.267572716360444,0.0
5,0.559017,0.1677051,0.0701,0.0012078565728149138,0.005585020949598448,4.623910715311618,0.0
6,0.6708204,0.1677051,0.0701,0.00108033979058772,0.002272432066361621,2.1034419783107188,0.0
7,0.7826238,0.22360681,0.0701,0.00108033979058772,0.004811836151343273,4.45400252148962,0.0
