Tile Number, Tile x cohordinate [m], Tile y cohordinate [m], area_m2[m2], Tile z cohordinate [m],absorbedPARTile [umol^s-1],absorbedPARTilem2 [umol m^-2 m^-1],Thermal time[dd]
1,0.14142136,0.0,0.0701,0.004042135611804359,0.06222291013292312,15.393573127831697,0.0
2,0.28284273,0.07071068,0.0701,0.005716443181545683,0.0405860108844471,7.099871300299174,0.0
3,0.4242641,0.07071068,0.0701,0.004042135611804359,0.029293324855588523,7.246992102403102,0.0
4,0.56568545,0.14142136,0.0701,0.004042135611804359,0.13976751843215943,34.577642082069815,0.0
5,0.70710677,0.21213204,0.0701,0.005716443181545683,0.20962601598297123,36.67070752311579,0.0
6,0.8485281,0.21213204,0.0701,0.004042135611804359,0.09715658996128082,24.035955072252342,0.0
7,0.9899494,0.28284273,0.0701,0.004042135611804359,0.16135515835830688,39.918294152996005,0.0
