Tile Number, Tile x cohordinate [m], Tile y cohordinate [m], area_m2[m2], Tile z cohordinate [m],absorbedPARTile [umol^s-1],absorbedPARTilem2 [umol m^-2 m^-1],Thermal time[dd]
1,0.14142136,0.0,0.0701,0.004042135611804359,0.16248127558059697,40.19688876991124,0.0
2,0.28284273,0.07071068,0.0701,0.005716443181545683,0.231740788031311,40.53933200620916,0.0
3,0.4242641,0.07071068,0.0701,0.004042135611804359,0.1457036161620331,36.04619690060146,0.0
4,0.56568545,0.14142136,0.0701,0.004042135611804359,0.16769403589782717,41.486494270035294,0.0
5,0.70710677,0.21213204,0.0701,0.005716443181545683,0.22707799627922057,39.72365141532298,0.0
6,0.8485281,0.21213204,0.0701,0.004042135611804359,0.1137489724622345,28.140810548278058,0.0
7,0.9899494,0.28284273,0.0701,0.004042135611804359,0.17789415827224733,44.00994309857842,0.0
