Tile Number, Tile x cohordinate [m], Tile y cohordinate [m], area_m2[m2], Tile z cohordinate [m],absorbedPARTile [umol^s-1],absorbedPARTilem2 [umol m^-2 m^-1],Thermal time[dd]
1,0.1118034,0.0,0.0701,0.00108033979058772,0.002747425626590224,2.543112500832341,0.0
2,0.22360681,0.0559017,0.0701,0.0012078565728149138,0.0064901365206946945,5.373267544150056,0.0
3,0.3354102,0.0559017,0.0701,0.00108033979058772,0.0027815499959732435,2.5746992013133587,0.0
4,0.44721362,0.1118034,0.0701,0.00108033979058772,0.008346850295975023,7.726134285430902,0.0
5,0.559017,0.1677051,0.0701,0.0012078565728149138,0.009002151703272251,7.4529972398069635,0.0
6,0.6708204,0.1677051,0.0701,0.00108033979058772,0.004690496330899082,4.3416861729654395,0.0
7,0.7826238,0.22360681,0.0701,0.00108033979058772,0.0035509430813891675,3.2868761405681495,0.0
