Tile Number, Tile x cohordinate [m], Tile y cohordinate [m], area_m2[m2], Tile z cohordinate [m],absorbedPARTile [umol^s-1],absorbedPARTilem2 [umol m^-2 m^-1],Thermal time[dd]
1,0.14142136,0.0,0.0701,0.004042135611804359,0.07199197438433647,17.81038077349417,0.0
2,0.28284273,0.07071068,0.0701,0.005716443181545683,0.12245437691688536,21.421428155221275,0.0
3,0.4242641,0.07071068,0.0701,0.004042135611804359,0.07941549010443211,19.646913842403723,0.0
4,0.56568545,0.14142136,0.0701,0.004042135611804359,0.0912237176254487,22.568198196776372,0.0
5,0.70710677,0.21213204,0.0701,0.005716443181545683,0.13322938358898165,23.306342660604813,0.0
6,0.8485281,0.21213204,0.0701,0.004042135611804359,0.04865973414178088,12.03812509399203,0.0
7,0.9899494,0.28284273,0.0701,0.004042135611804359,0.06533412720206498,16.163269488353617,0.0
