Tile Number, Tile x cohordinate [m], Tile y cohordinate [m], area_m2[m2], Tile z cohordinate [m],absorbedPARTile [umol^s-1],absorbedPARTilem2 [umol m^-2 m^-1],Thermal time[dd]
1,0.1118034,0.0,0.0701,0.00108033979058772,0.00712315651566388,6.593440857888594,0.0
2,0.22360681,0.0559017,0.0701,0.0012078565728149138,0.012153535068992336,10.062068082031033,0.0
3,0.3354102,0.0559017,0.0701,0.00108033979058772,0.018347957298235892,16.983505984033364,0.0
4,0.44721362,0.1118034,0.0701,0.00108033979058772,0.007028366450427738,6.505699884111654,0.0
5,0.559017,0.1677051,0.0701,0.0012078565728149138,0.002934106533267161,2.429184556597822,0.0
6,0.6708204,0.1677051,0.0701,0.00108033979058772,0.009322835257326308,8.629539834179907,0.0
7,0.7826238,0.22360681,0.0701,0.00108033979058772,0.006623329259433587,6.130783404571634,0.0
