Tile Number, Tile x cohordinate [m], Tile y cohordinate [m], area_m2[m2], Tile z cohordinate [m],absorbedPARTile [umol^s-1],absorbedPARTilem2 [umol m^-2 m^-1],Thermal time[dd]
1,0.14142136,0.0,0.0701,0.004042135611804359,0.11068550482028006,27.38292710839343,0.0
2,0.28284273,0.07071068,0.0701,0.005716443181545683,0.06388029808581829,11.174833031148145,0.0
3,0.4242641,0.07071068,0.0701,0.004042135611804359,0.09889175696829676,24.465224936912172,0.0
4,0.56568545,0.14142136,0.0701,0.004042135611804359,0.05003513132184177,12.378390070764278,0.0
5,0.70710677,0.21213204,0.0701,0.005716443181545683,0.075834538496418,13.266035555331614,0.0
6,0.8485281,0.21213204,0.0701,0.004042135611804359,0.12014565002367496,29.72331004254541,0.0
7,0.9899494,0.28284273,0.0701,0.004042135611804359,0.10198993438643457,25.231695366328278,0.0
