Tile Number, Tile x cohordinate [m], Tile y cohordinate [m], area_m2[m2], Tile z cohordinate [m],absorbedPARTile [umol^s-1],absorbedPARTilem2 [umol m^-2 m^-1],Thermal time[dd]
1,0.1118034,0.0,0.0701,0.00108033979058772,0.0026239918337471442,2.42885789879095,0.0
2,0.22360681,0.0559017,0.0701,0.0012078565728149138,0.002965088620031961,2.4548350249250306,0.0
3,0.3354102,0.0559017,0.0701,0.00108033979058772,0.0015836853606105933,1.4659141266555094,0.0
4,0.44721362,0.1118034,0.0701,0.00108033979058772,0.00230119570179646,2.1300665974217035,0.0
5,0.559017,0.1677051,0.0701,0.0012078565728149138,0.0010108914393129823,0.8369300313174572,0.0
6,0.6708204,0.1677051,0.0701,0.00108033979058772,0.011185131253443706,10.353345633375994,0.0
7,0.7826238,0.22360681,0.0701,0.00108033979058772,0.0026326649445803313,2.4368860311514813,0.0
