Tile Number, Tile x cohordinate [m], Tile y cohordinate [m], area_m2[m2], Tile z cohordinate [m],absorbedPARTile [umol^s-1],absorbedPARTilem2 [umol m^-2 m^-1],Thermal time[dd]
1,0.1118034,0.0,0.0701,0.00108033979058772,0.010636750364611897,9.845745252820278,0.0
2,0.22360681,0.0559017,0.0701,0.0012078565728149138,0.010339311812301572,8.560049301388302,0.0
3,0.3354102,0.0559017,0.0701,0.00108033979058772,0.00502881475069874,4.654845442620413,0.0
4,0.44721362,0.1118034,0.0701,0.00108033979058772,0.006792376109218596,6.287259034977735,0.0
5,0.559017,0.1677051,0.0701,0.0012078565728149138,0.003977941941132074,3.2933893234206333,0.0
6,0.6708204,0.1677051,0.0701,0.00108033979058772,0.003856617876407596,3.5698193383301584,0.0
7,0.7826238,0.22360681,0.0701,0.00108033979058772,0.005816739633453101,5.384176056580045,0.0
