Tile Number, Tile x cohordinate [m], Tile y cohordinate [m], area_m2[m2], Tile z cohordinate [m],absorbedPARTile [umol^s-1],absorbedPARTilem2 [umol m^-2 m^-1],Thermal time[dd]
1,0.1118034,0.0,0.0701,0.00108033979058772,0.015305562701163166,14.167359968141806,0.0
2,0.22360681,0.0559017,0.0701,0.0012078565728149138,0.017063267369939798,14.126898635136618,0.0
3,0.3354102,0.0559017,0.0701,0.00108033979058772,0.008735697235673008,8.086064506538879,0.0
4,0.44721362,0.1118034,0.0701,0.00108033979058772,0.034836486921587306,32.24586118654,0.0
5,0.559017,0.1677051,0.0701,0.0012078565728149138,0.031050354788774947,25.706988302768426,0.0
6,0.6708204,0.1677051,0.0701,0.00108033979058772,0.027353869557592482,25.31969089346565,0.0
7,0.7826238,0.22360681,0.0701,0.00108033979058772,0.018234097433833484,16.878113342390066,0.0
