Tile Number, Tile x cohordinate [m], Tile y cohordinate [m], area_m2[m2], Tile z cohordinate [m],absorbedPARTile [umol^s-1],absorbedPARTilem2 [umol m^-2 m^-1],Thermal time[dd]
1,0.14142136,0.0,0.0701,0.004042135611804359,0.11098706317184448,27.45753082794301,0.0
2,0.28284273,0.07071068,0.0701,0.005716443181545683,0.1471158092665863,25.735549990511284,0.0
3,0.4242641,0.07071068,0.0701,0.004042135611804359,0.04952483882473469,12.25214678104959,0.0
4,0.56568545,0.14142136,0.0701,0.004042135611804359,0.10509457603977206,25.99976500859137,0.0
5,0.70710677,0.21213204,0.0701,0.005716443181545683,0.176818238985939,30.93151342022588,0.0
6,0.8485281,0.21213204,0.0701,0.004042135611804359,0.09433009780970572,23.33669794111582,0.0
7,0.9899494,0.28284273,0.0701,0.004042135611804359,0.09492371761314004,23.483555904441136,0.0
