Tile Number, Tile x cohordinate [m], Tile y cohordinate [m], area_m2[m2], Tile z cohordinate [m],absorbedPARTile [umol^s-1],absorbedPARTilem2 [umol m^-2 m^-1],Thermal time[dd]
1,0.14142136,0.0,0.0701,0.004042135611804359,0.06261079840830465,15.48953435047073,0.0
2,0.28284273,0.07071068,0.0701,0.005716443181545683,0.0698466259082232,12.218546339043154,0.0
3,0.4242641,0.07071068,0.0701,0.004042135611804359,0.11637193117830853,28.789714733584,0.0
4,0.56568545,0.14142136,0.0701,0.004042135611804359,0.11805219623293281,29.205402185958764,0.0
5,0.70710677,0.21213204,0.0701,0.005716443181545683,0.04097761976094042,7.168376988898958,0.0
6,0.8485281,0.21213204,0.0701,0.004042135611804359,0.18331765291937194,45.35168300242683,0.0
7,0.9899494,0.28284273,0.0701,0.004042135611804359,0.05869072614833285,14.519732088388306,0.0
