Tile Number, Tile x cohordinate [m], Tile y cohordinate [m], area_m2[m2], Tile z cohordinate [m],absorbedPARTile [umol^s-1],absorbedPARTilem2 [umol m^-2 m^-1],Thermal time[dd]
1,0.14142136,0.0,0.0701,0.004042135611804359,0.0709161977253504,17.544240108682125,0.0
2,0.28284273,0.07071068,0.0701,0.005716443181545683,0.06283680013231113,10.992289809713553,0.0
3,0.4242641,0.07071068,0.0701,0.004042135611804359,0.15691212368517118,38.81911414029168,0.0
4,0.56568545,0.14142136,0.0701,0.004042135611804359,0.09571404119375249,23.679077197270708,0.0
5,0.70710677,0.21213204,0.0701,0.005716443181545683,0.08336137602371746,14.582734993821312,0.0
6,0.8485281,0.21213204,0.0701,0.004042135611804359,0.12362060410235724,30.582992748027703,0.0
7,0.9899494,0.28284273,0.0701,0.004042135611804359,0.06650871108010228,16.453854463931165,0.0
