Tile Number, Tile x cohordinate [m], Tile y cohordinate [m], area_m2[m2], Tile z cohordinate [m],absorbedPARTile [umol^s-1],absorbedPARTilem2 [umol m^-2 m^-1],Thermal time[dd]
1,0.1118034,0.0,0.0701,0.00108033979058772,0.009377098235136504,8.679767529468883,0.0
2,0.22360681,0.0559017,0.0701,0.0012078565728149138,0.010107011300573556,8.367724718357191,0.0
3,0.3354102,0.0559017,0.0701,0.00108033979058772,0.012711112378855484,11.765846717485488,0.0
4,0.44721362,0.1118034,0.0701,0.00108033979058772,0.008161984510843415,7.555016099521042,0.0
5,0.559017,0.1677051,0.0701,0.0012078565728149138,0.007427197856213513,6.149072682449709,0.0
6,0.6708204,0.1677051,0.0701,0.00108033979058772,0.005363516234422297,4.964656750728833,0.0
7,0.7826238,0.22360681,0.0701,0.00108033979058772,0.0059785130721663965,5.533919165297061,0.0
