Tile Number, Tile x cohordinate [m], Tile y cohordinate [m], area_m2[m2], Tile z cohordinate [m],absorbedPARTile [umol^s-1],absorbedPARTilem2 [umol m^-2 m^-1],Thermal time[dd]
1,0.14142136,0.0,0.0701,0.004042135611804359,0.1805952445153554,44.67817556342201,0.0
2,0.28284273,0.07071068,0.0701,0.005716443181545683,0.16282681374896366,28.483938102387736,0.0
3,0.4242641,0.07071068,0.0701,0.004042135611804359,0.03549613404117535,8.781529728373046,0.0
4,0.56568545,0.14142136,0.0701,0.004042135611804359,0.11031880862893663,27.2922086796815,0.0
5,0.70710677,0.21213204,0.0701,0.005716443181545683,0.29941402986462917,52.37767967872461,0.0
6,0.8485281,0.21213204,0.0701,0.004042135611804359,0.11551447332052389,28.577584825007804,0.0
7,0.9899494,0.28284273,0.0701,0.004042135611804359,0.12735550280510582,31.506984187563145,0.0
