Tile Number, Tile x cohordinate [m], Tile y cohordinate [m], area_m2[m2], Tile z cohordinate [m],absorbedPARTile [umol^s-1],absorbedPARTilem2 [umol m^-2 m^-1],Thermal time[dd]
1,0.1118034,0.0,0.0701,0.00108033979058772,0.0053716906997198725,4.97222331947766,0.0
2,0.22360681,0.0559017,0.0701,0.0012078565728149138,0.009113558587395782,7.545232432818247,0.0
3,0.3354102,0.0559017,0.0701,0.00108033979058772,0.007737356065302905,7.161965274919362,0.0
4,0.44721362,0.1118034,0.0701,0.00108033979058772,0.010747599531562232,9.948351088425047,0.0
5,0.559017,0.1677051,0.0701,0.0012078565728149138,0.004197710832248478,3.4753388164835655,0.0
6,0.6708204,0.1677051,0.0701,0.00108033979058772,0.004978443483737546,4.608220049942993,0.0
7,0.7826238,0.22360681,0.0701,0.00108033979058772,0.006121774350946814,5.666526776373278,0.0
