Tile Number, Tile x cohordinate [m], Tile y cohordinate [m], area_m2[m2], Tile z cohordinate [m],absorbedPARTile [umol^s-1],absorbedPARTilem2 [umol m^-2 m^-1],Thermal time[dd]
1,0.14142136,0.0,0.0701,0.004042135611804359,0.19089945191167196,47.22737439936034,0.0
2,0.28284273,0.07071068,0.0701,0.005716443181545683,0.18051244200585684,31.57775495584435,0.0
3,0.4242641,0.07071068,0.0701,0.004042135611804359,0.16515373745152157,40.85803973751365,0.0
4,0.56568545,0.14142136,0.0701,0.004042135611804359,0.16846928441023032,41.678286081804096,0.0
5,0.70710677,0.21213204,0.0701,0.005716443181545683,0.1824066307169596,31.90911287386193,0.0
6,0.8485281,0.21213204,0.0701,0.004042135611804359,0.2176760405282974,53.85174111739648,0.0
7,0.9899494,0.28284273,0.0701,0.004042135611804359,0.17263841979608538,42.709705060840776,0.0
