Tile Number, Tile x cohordinate [m], Tile y cohordinate [m], area_m2[m2], Tile z cohordinate [m],absorbedPARTile [umol^s-1],absorbedPARTilem2 [umol m^-2 m^-1],Thermal time[dd]
1,0.14142136,0.0,0.0701,0.004042135611804359,0.24565441526062012,60.77342248073736,0.0
2,0.28284273,0.07071068,0.0701,0.005716443181545683,0.10648739427089693,18.62826077143017,0.0
3,0.4242641,0.07071068,0.0701,0.004042135611804359,0.06169281031324624,15.262429625835175,0.0
4,0.56568545,0.14142136,0.0701,0.004042135611804359,0.06991681778523802,17.296999531895473,0.0
5,0.70710677,0.21213204,0.0701,0.005716443181545683,0.1642007658582306,28.724288975410047,0.0
6,0.8485281,0.21213204,0.0701,0.004042135611804359,0.07186252908386231,17.778356785952504,0.0
7,0.9899494,0.28284273,0.0701,0.004042135611804359,0.03868427688041448,9.570257061006,0.0
