Tile Number, Tile x cohordinate [m], Tile y cohordinate [m], area_m2[m2], Tile z cohordinate [m],absorbedPARTile [umol^s-1],absorbedPARTilem2 [umol m^-2 m^-1],Thermal time[dd]
1,0.1118034,0.0,0.0701,0.00108033979058772,0.004219039403069388,3.9052892801200736,0.0
2,0.22360681,0.0559017,0.0701,0.0012078565728149138,0.008471046000058057,7.01328799355395,0.0
3,0.3354102,0.0559017,0.0701,0.00108033979058772,0.0051168972833022155,4.736377691428501,0.0
4,0.44721362,0.1118034,0.0701,0.00108033979058772,0.007461235421821214,6.906378425404657,0.0
5,0.559017,0.1677051,0.0701,0.0012078565728149138,0.015699953969433363,12.998193926986353,0.0
6,0.6708204,0.1677051,0.0701,0.00108033979058772,0.010853332416150607,10.046221115530923,0.0
7,0.7826238,0.22360681,0.0701,0.00108033979058772,0.007064442506097961,6.5390931331473094,0.0
