Tile Number, Tile x cohordinate [m], Tile y cohordinate [m], area_m2[m2], Tile z cohordinate [m],absorbedPARTile [umol^s-1],absorbedPARTilem2 [umol m^-2 m^-1],Thermal time[dd]
1,0.14142136,0.0,0.0701,0.004042135611804359,0.1615932748233795,39.97720273200984,0.0
2,0.28284273,0.07071068,0.0701,0.005716443181545683,0.1760949500463804,30.804985627228024,0.0
3,0.4242641,0.07071068,0.0701,0.004042135611804359,0.19185013890860877,47.4625686353381,0.0
4,0.56568545,0.14142136,0.0701,0.004042135611804359,0.2873394413908005,71.08604682922444,0.0
5,0.70710677,0.21213204,0.0701,0.005716443181545683,0.11250077927929959,19.68020597886538,0.0
6,0.8485281,0.21213204,0.0701,0.004042135611804359,0.06925561319093108,17.133421498448005,0.0
7,0.9899494,0.28284273,0.0701,0.004042135611804359,0.10852232663664271,26.84776985703349,0.0
