Tile Number, Tile x cohordinate [m], Tile y cohordinate [m], area_m2[m2], Tile z cohordinate [m],absorbedPARTile [umol^s-1],absorbedPARTilem2 [umol m^-2 m^-1],Thermal time[dd]
1,0.14142136,0.0,0.0701,0.004042135611804359,0.24968996621704098,61.77179347666232,0.0
2,0.28284273,0.07071068,0.0701,0.005716443181545683,0.20801194155181887,36.388351103242144,0.0
3,0.4242641,0.07071068,0.0701,0.004042135611804359,0.15631115051734926,38.67043699891451,0.0
4,0.56568545,0.14142136,0.0701,0.004042135611804359,0.18374928039520264,45.45846503976625,0.0
5,0.70710677,0.21213204,0.0701,0.005716443181545683,0.3317006235636902,58.02570112732247,0.0
6,0.8485281,0.21213204,0.0701,0.004042135611804359,0.16793073462562563,41.545052109388145,0.0
7,0.9899494,0.28284273,0.0701,0.004042135611804359,0.21852136182388307,54.06086851359691,0.0
