Tile Number, Tile x cohordinate [m], Tile y cohordinate [m], area_m2[m2], Tile z cohordinate [m],absorbedPARTile [umol^s-1],absorbedPARTilem2 [umol m^-2 m^-1],Thermal time[dd]
1,0.1118034,0.0,0.0701,0.00108033979058772,0.01063335395209652,9.842601415534114,0.0
2,0.22360681,0.0559017,0.0701,0.0012078565728149138,0.007784485349897959,6.444875596244172,0.0
3,0.3354102,0.0559017,0.0701,0.00108033979058772,0.009700747099942278,8.979348149960241,0.0
4,0.44721362,0.1118034,0.0701,0.00108033979058772,0.005558275551023198,5.144932732690905,0.0
5,0.559017,0.1677051,0.0701,0.0012078565728149138,0.012123430780605257,10.037144354276734,0.0
6,0.6708204,0.1677051,0.0701,0.00108033979058772,0.02095664529383745,19.39819811916466,0.0
7,0.7826238,0.22360681,0.0701,0.00108033979058772,0.008093092456687581,7.491247223509954,0.0
