Tile Number, Tile x cohordinate [m], Tile y cohordinate [m], area_m2[m2], Tile z cohordinate [m],absorbedPARTile [umol^s-1],absorbedPARTilem2 [umol m^-2 m^-1],Thermal time[dd]
1,0.14142136,0.0,0.0701,0.004042135611804359,0.06352593127516509,15.715932708850385,0.0
2,0.28284273,0.07071068,0.0701,0.005716443181545683,0.13296006303306582,23.259229351268463,0.0
3,0.4242641,0.07071068,0.0701,0.004042135611804359,0.08804401338562727,21.781558522804115,0.0
4,0.56568545,0.14142136,0.0701,0.004042135611804359,0.030119400507472752,7.451358242290101,0.0
5,0.70710677,0.21213204,0.0701,0.005716443181545683,0.11763987553915976,20.579208399890163,0.0
6,0.8485281,0.21213204,0.0701,0.004042135611804359,0.12583329310461044,31.130398677653474,0.0
7,0.9899494,0.28284273,0.0701,0.004042135611804359,0.0805459009670519,19.926570680071073,0.0
