Tile Number, Tile x cohordinate [m], Tile y cohordinate [m], area_m2[m2], Tile z cohordinate [m],absorbedPARTile [umol^s-1],absorbedPARTilem2 [umol m^-2 m^-1],Thermal time[dd]
1,0.1118034,0.0,0.0701,0.00108033979058772,0.0054878128756187874,5.079710035148609,0.0
2,0.22360681,0.0559017,0.0701,0.0012078565728149138,0.005899278593572857,4.8840886627992335,0.0
3,0.3354102,0.0559017,0.0701,0.00108033979058772,9.428849745645214E-4,0.8727670523470943,0.0
4,0.44721362,0.1118034,0.0701,0.00108033979058772,0.0032516760154006727,3.009864159156552,0.0
5,0.559017,0.1677051,0.0701,0.0012078565728149138,0.0018636424785566745,1.542933590379402,0.0
6,0.6708204,0.1677051,0.0701,0.00108033979058772,0.007020780197042515,6.498677784720965,0.0
7,0.7826238,0.22360681,0.0701,0.00108033979058772,0.0028063970310556606,2.597698479224709,0.0
