Tile Number, Tile x cohordinate [m], Tile y cohordinate [m], area_m2[m2], Tile z cohordinate [m],absorbedPARTile [umol^s-1],absorbedPARTilem2 [umol m^-2 m^-1],Thermal time[dd]
1,0.1118034,0.0,0.0701,0.00108033979058772,0.008926964601490374,8.263108217678422,0.0
2,0.22360681,0.0559017,0.0701,0.0012078565728149138,0.006877304184237491,5.693808635084801,0.0
3,0.3354102,0.0559017,0.0701,0.00108033979058772,0.008236347998675257,7.623849524411731,0.0
4,0.44721362,0.1118034,0.0701,0.00108033979058772,0.006290217951598708,5.822444018447882,0.0
5,0.559017,0.1677051,0.0701,0.0012078565728149138,0.005826323350800519,4.823688078479594,0.0
6,0.6708204,0.1677051,0.0701,0.00108033979058772,0.001351978908303394,1.2514385937482675,0.0
7,0.7826238,0.22360681,0.0701,0.00108033979058772,0.0025672461690607108,2.376332142375403,0.0
