Tile Number, Tile x cohordinate [m], Tile y cohordinate [m], area_m2[m2], Tile z cohordinate [m],absorbedPARTile [umol^s-1],absorbedPARTilem2 [umol m^-2 m^-1],Thermal time[dd]
1,0.14142136,0.0,0.0701,0.004042135611804359,0.06579926790006636,16.278342494969976,0.0
2,0.28284273,0.07071068,0.0701,0.005716443181545683,0.05188729155755044,9.076848996777837,0.0
3,0.4242641,0.07071068,0.0701,0.004042135611804359,0.04050007213560462,10.01947386854888,0.0
4,0.56568545,0.14142136,0.0701,0.004042135611804359,0.14485360607681275,35.83590952609131,0.0
5,0.70710677,0.21213204,0.0701,0.005716443181545683,0.1670147906247711,29.216557450259053,0.0
6,0.8485281,0.21213204,0.0701,0.004042135611804359,0.12972355746765138,32.092826645601924,0.0
7,0.9899494,0.28284273,0.0701,0.004042135611804359,0.046352262605856655,11.467270536518585,0.0
