Tile Number, Tile x cohordinate [m], Tile y cohordinate [m], area_m2[m2], Tile z cohordinate [m],absorbedPARTile [umol^s-1],absorbedPARTilem2 [umol m^-2 m^-1],Thermal time[dd]
1,0.14142136,0.0,0.0701,0.004042135611804359,0.08185918775794983,20.25146992072562,0.0
2,0.28284273,0.07071068,0.0701,0.005716443181545683,0.19735463127227784,34.5240256930035,0.0
3,0.4242641,0.07071068,0.0701,0.004042135611804359,0.12781293894550325,31.620151133041556,0.0
4,0.56568545,0.14142136,0.0701,0.004042135611804359,0.11333271709156034,28.037831477150768,0.0
5,0.70710677,0.21213204,0.0701,0.005716443181545683,0.2146865035856628,37.555958621041206,0.0
6,0.8485281,0.21213204,0.0701,0.004042135611804359,0.09589331785326002,23.723429162846525,0.0
7,0.9899494,0.28284273,0.0701,0.004042135611804359,0.07229487288947939,17.88531603896581,0.0
