Tile Number, Tile x cohordinate [m], Tile y cohordinate [m], area_m2[m2], Tile z cohordinate [m],absorbedPARTile [umol^s-1],absorbedPARTilem2 [umol m^-2 m^-1],Thermal time[dd]
1,0.1118034,0.0,0.0701,0.00108033979058772,7.652234803475257E-4,0.7083174081103072,0.0
2,0.22360681,0.0559017,0.0701,0.0012078565728149138,0.005632830247389448,4.663492648189278,0.0
3,0.3354102,0.0559017,0.0701,0.00108033979058772,0.0017410697087768979,1.6115945408524959,0.0
4,0.44721362,0.1118034,0.0701,0.00108033979058772,0.0018185128592912573,1.6832786083922364,0.0
5,0.559017,0.1677051,0.0701,0.0012078565728149138,0.003808706826854785,3.153277394499399,0.0
6,0.6708204,0.1677051,0.0701,0.00108033979058772,0.003657871282403292,3.3858525940374364,0.0
7,0.7826238,0.22360681,0.0701,0.00108033979058772,0.0021112023036387617,1.954202114957034,0.0
