Tile Number, Tile x cohordinate [m], Tile y cohordinate [m], area_m2[m2], Tile z cohordinate [m],absorbedPARTile [umol^s-1],absorbedPARTilem2 [umol m^-2 m^-1],Thermal time[dd]
1,0.14142136,0.0,0.0701,0.004042135611804359,0.08439187674168745,20.878041918048357,0.0
2,0.28284273,0.07071068,0.0701,0.005716443181545683,0.05014663302148191,8.772348719107297,0.0
3,0.4242641,0.07071068,0.0701,0.004042135611804359,0.03983351566487661,9.854571813115252,0.0
4,0.56568545,0.14142136,0.0701,0.004042135611804359,0.09410498116196549,23.28100543859739,0.0
5,0.70710677,0.21213204,0.0701,0.005716443181545683,0.041412697443882124,7.244486847621294,0.0
6,0.8485281,0.21213204,0.0701,0.004042135611804359,0.03764164125715334,9.312315288786309,0.0
7,0.9899494,0.28284273,0.0701,0.004042135611804359,0.10563954401688999,26.13458680317106,0.0
