Tile Number, Tile x cohordinate [m], Tile y cohordinate [m], area_m2[m2], Tile z cohordinate [m],absorbedPARTile [umol^s-1],absorbedPARTilem2 [umol m^-2 m^-1],Thermal time[dd]
1,0.14142136,0.0,0.0701,0.004042135611804359,0.13064492431421282,32.320767253005286,0.0
2,0.28284273,0.07071068,0.0701,0.005716443181545683,0.2395245532220459,41.90097681637068,0.0
3,0.4242641,0.07071068,0.0701,0.004042135611804359,0.0910473819827318,22.52457382103748,0.0
4,0.56568545,0.14142136,0.0701,0.004042135611804359,0.07063199741444467,17.47393066382437,0.0
5,0.70710677,0.21213204,0.0701,0.005716443181545683,0.058788159890416275,10.284045169940866,0.0
6,0.8485281,0.21213204,0.0701,0.004042135611804359,0.13317141095481871,32.945804828000966,0.0
7,0.9899494,0.28284273,0.0701,0.004042135611804359,0.07017990168745877,17.362084904452608,0.0
