Tile Number, Tile x cohordinate [m], Tile y cohordinate [m], area_m2[m2], Tile z cohordinate [m],absorbedPARTile [umol^s-1],absorbedPARTilem2 [umol m^-2 m^-1],Thermal time[dd]
1,0.14142136,0.0,0.0701,0.004042135611804359,0.1017755081335644,25.178647603100348,0.0
2,0.28284273,0.07071068,0.0701,0.005716443181545683,0.1526352418140968,26.701086141614617,0.0
3,0.4242641,0.07071068,0.0701,0.004042135611804359,0.04937991834642887,12.216294327736886,0.0
4,0.56568545,0.14142136,0.0701,0.004042135611804359,0.04232525073211478,10.471012058207842,0.0
5,0.70710677,0.21213204,0.0701,0.005716443181545683,0.121326365066725,21.224100583803803,0.0
6,0.8485281,0.21213204,0.0701,0.004042135611804359,0.1185075648308754,29.318057633889005,0.0
7,0.9899494,0.28284273,0.0701,0.004042135611804359,0.10854321203969555,26.852936779932328,0.0
