Tile Number, Tile x cohordinate [m], Tile y cohordinate [m], area_m2[m2], Tile z cohordinate [m],absorbedPARTile [umol^s-1],absorbedPARTilem2 [umol m^-2 m^-1],Thermal time[dd]
1,0.14142136,0.0,0.0701,0.004042135611804359,0.029426258510446546,7.27987908780503,0.0
2,0.28284273,0.07071068,0.0701,0.005716443181545683,0.2060117246633911,36.03844525708853,0.0
3,0.4242641,0.07071068,0.0701,0.004042135611804359,0.14043157001441955,34.74192444318627,0.0
4,0.56568545,0.14142136,0.0701,0.004042135611804359,0.09107712105470897,22.531931088292524,0.0
5,0.70710677,0.21213204,0.0701,0.005716443181545683,0.17124612597385408,29.956761667234908,0.0
6,0.8485281,0.21213204,0.0701,0.004042135611804359,0.12212119650446415,30.212048340938953,0.0
7,0.9899494,0.28284273,0.0701,0.004042135611804359,0.09952967675179483,24.623042448436316,0.0
