Tile Number, Tile x cohordinate [m], Tile y cohordinate [m], area_m2[m2], Tile z cohordinate [m],absorbedPARTile [umol^s-1],absorbedPARTilem2 [umol m^-2 m^-1],Thermal time[dd]
1,0.1118034,0.0,0.0701,0.00108033979058772,0.005498207538216065,5.089331695563081,0.0
2,0.22360681,0.0559017,0.0701,0.0012078565728149138,0.004709128641512668,3.898748201980661,0.0
3,0.3354102,0.0559017,0.0701,0.00108033979058772,0.007807161914612322,7.226579991435025,0.0
4,0.44721362,0.1118034,0.0701,0.00108033979058772,0.015412502233194694,14.266346909994011,0.0
5,0.559017,0.1677051,0.0701,0.0012078565728149138,0.01986032732144385,16.44262056310154,0.0
6,0.6708204,0.1677051,0.0701,0.00108033979058772,0.00758321477267289,7.019286745466919,0.0
7,0.7826238,0.22360681,0.0701,0.00108033979058772,0.008839773115394686,8.182400752438939,0.0
