Tile Number, Tile x cohordinate [m], Tile y cohordinate [m], area_m2[m2], Tile z cohordinate [m],absorbedPARTile [umol^s-1],absorbedPARTilem2 [umol m^-2 m^-1],Thermal time[dd]
1,0.1118034,0.0,0.0701,0.00108033979058772,0.001643320537893023,1.5211145162014572,0.0
2,0.22360681,0.0559017,0.0701,0.0012078565728149138,0.0032012997240899142,2.650397237669763,0.0
3,0.3354102,0.0559017,0.0701,0.00108033979058772,0.001508664649777356,1.3964723533478496,0.0
4,0.44721362,0.1118034,0.0701,0.00108033979058772,0.004450810811245302,4.1198249384334895,0.0
5,0.559017,0.1677051,0.0701,0.0012078565728149138,0.0031510137141559156,2.6087648029372126,0.0
6,0.6708204,0.1677051,0.0701,0.00108033979058772,0.011890770734438108,11.00651002400769,0.0
7,0.7826238,0.22360681,0.0701,0.00108033979058772,0.0039817203901853495,3.6856185663764527,0.0
