Tile Number, Tile x cohordinate [m], Tile y cohordinate [m], area_m2[m2], Tile z cohordinate [m],absorbedPARTile [umol^s-1],absorbedPARTilem2 [umol m^-2 m^-1],Thermal time[dd]
1,0.14142136,0.0,0.0701,0.004042135611804359,0.08129200476349342,20.111152264682598,0.0
2,0.28284273,0.07071068,0.0701,0.005716443181545683,0.14457051413841246,25.29029145345615,0.0
3,0.4242641,0.07071068,0.0701,0.004042135611804359,0.10843622899406352,26.826469818923005,0.0
4,0.56568545,0.14142136,0.0701,0.004042135611804359,0.15072611460336055,37.28873275878992,0.0
5,0.70710677,0.21213204,0.0701,0.005716443181545683,0.23199117003949485,40.58313232053611,0.0
6,0.8485281,0.21213204,0.0701,0.004042135611804359,0.13263954122175428,32.81422346009456,0.0
7,0.9899494,0.28284273,0.0701,0.004042135611804359,0.08533829593188652,21.11218032434903,0.0
