Tile Number, Tile x cohordinate [m], Tile y cohordinate [m], area_m2[m2], Tile z cohordinate [m],absorbedPARTile [umol^s-1],absorbedPARTilem2 [umol m^-2 m^-1],Thermal time[dd]
1,0.14142136,0.0,0.0701,0.004042135611804359,0.04752367610878945,11.757071180394036,0.0
2,0.28284273,0.07071068,0.0701,0.005716443181545683,0.13006445190509797,22.752688651744723,0.0
3,0.4242641,0.07071068,0.0701,0.004042135611804359,0.06657159941700937,16.469412659634305,0.0
4,0.56568545,0.14142136,0.0701,0.004042135611804359,0.1509296306793594,37.33908140998424,0.0
5,0.70710677,0.21213204,0.0701,0.005716443181545683,0.05631248264937639,9.8509651650469,0.0
6,0.8485281,0.21213204,0.0701,0.004042135611804359,0.11203555469244002,27.71692131388653,0.0
7,0.9899494,0.28284273,0.0701,0.004042135611804359,0.06698609473902466,16.571956305326157,0.0
