Tile Number, Tile x cohordinate [m], Tile y cohordinate [m], area_m2[m2], Tile z cohordinate [m],absorbedPARTile [umol^s-1],absorbedPARTilem2 [umol m^-2 m^-1],Thermal time[dd]
1,0.1118034,0.0,0.0701,0.00108033979058772,0.008234865880263164,7.622477624177188,0.0
2,0.22360681,0.0559017,0.0701,0.0012078565728149138,0.014824461880591028,12.273362760317287,0.0
3,0.3354102,0.0559017,0.0701,0.00108033979058772,0.005225729737977572,4.837116788167825,0.0
4,0.44721362,0.1118034,0.0701,0.00108033979058772,0.017282569109210496,15.997345705288275,0.0
5,0.559017,0.1677051,0.0701,0.0012078565728149138,0.010131962201132721,8.388381890012115,0.0
6,0.6708204,0.1677051,0.0701,0.00108033979058772,0.014712858880465293,13.61873274376138,0.0
7,0.7826238,0.22360681,0.0701,0.00108033979058772,0.011774230049819569,10.898635922142814,0.0
