Tile Number, Tile x cohordinate [m], Tile y cohordinate [m], area_m2[m2], Tile z cohordinate [m],absorbedPARTile [umol^s-1],absorbedPARTilem2 [umol m^-2 m^-1],Thermal time[dd]
1,0.1118034,0.0,0.0701,0.00108033979058772,5.426797501877417E-4,0.5023232087864841,0.0
2,0.22360681,0.0559017,0.0701,0.0012078565728149138,0.0035632910295165104,2.950094497736804,0.0
3,0.3354102,0.0559017,0.0701,0.00108033979058772,0.001785763257750412,1.652964440732977,0.0
4,0.44721362,0.1118034,0.0701,0.00108033979058772,0.003789909312018179,3.5080715762180854,0.0
5,0.559017,0.1677051,0.0701,0.0012078565728149138,0.010973284652552382,9.084923574145153,0.0
6,0.6708204,0.1677051,0.0701,0.00108033979058772,0.005014133908513667,4.641256345640947,0.0
7,0.7826238,0.22360681,0.0701,0.00108033979058772,0.005487380967553016,5.079310246054905,0.0
