Tile Number, Tile x cohordinate [m], Tile y cohordinate [m], area_m2[m2], Tile z cohordinate [m],absorbedPARTile [umol^s-1],absorbedPARTilem2 [umol m^-2 m^-1],Thermal time[dd]
1,0.14142136,0.0,0.0701,0.004042135611804359,0.12362380562136971,30.58378478454501,0.0
2,0.28284273,0.07071068,0.0701,0.005716443181545683,0.2126781430792491,37.20462817960565,0.0
3,0.4242641,0.07071068,0.0701,0.004042135611804359,0.19078289624363579,47.198539229234974,0.0
4,0.56568545,0.14142136,0.0701,0.004042135611804359,0.16038107901320456,39.6773127910007,0.0
5,0.70710677,0.21213204,0.0701,0.005716443181545683,0.2732343004570007,47.797956138019416,0.0
6,0.8485281,0.21213204,0.0701,0.004042135611804359,0.13946413273967104,34.502586289383785,0.0
7,0.9899494,0.28284273,0.0701,0.004042135611804359,0.21867619584693904,54.099173518160285,0.0
