Tile Number, Tile x cohordinate [m], Tile y cohordinate [m], area_m2[m2], Tile z cohordinate [m],absorbedPARTile [umol^s-1],absorbedPARTilem2 [umol m^-2 m^-1],Thermal time[dd]
1,0.14142136,0.0,0.0701,0.004042135611804359,0.050248129478459545,12.431084531582403,0.0
2,0.28284273,0.07071068,0.0701,0.005716443181545683,0.0818841907925288,14.32432514275213,0.0
3,0.4242641,0.07071068,0.0701,0.004042135611804359,0.12239444198732377,30.279647627331435,0.0
4,0.56568545,0.14142136,0.0701,0.004042135611804359,0.059416711197523495,14.699336416127961,0.0
5,0.70710677,0.21213204,0.0701,0.005716443181545683,0.3028893265085856,52.985627056768294,0.0
6,0.8485281,0.21213204,0.0701,0.004042135611804359,0.19380602394650778,47.946442811203745,0.0
7,0.9899494,0.28284273,0.0701,0.004042135611804359,0.12997751002779803,32.15565297913834,0.0
