Tile Number, Tile x cohordinate [m], Tile y cohordinate [m], area_m2[m2], Tile z cohordinate [m],absorbedPARTile [umol^s-1],absorbedPARTilem2 [umol m^-2 m^-1],Thermal time[dd]
1,0.1118034,0.0,0.0701,0.00108033979058772,0.01043263783941673,9.656811616409342,0.0
2,0.22360681,0.0559017,0.0701,0.0012078565728149138,0.01335386222962115,11.05583438478952,0.0
3,0.3354102,0.0559017,0.0701,0.00108033979058772,0.0076663258965037106,7.096217285797761,0.0
4,0.44721362,0.1118034,0.0701,0.00108033979058772,0.02185013966309846,20.225247513295496,0.0
5,0.559017,0.1677051,0.0701,0.0012078565728149138,0.0317833808541508,26.313870015277992,0.0
6,0.6708204,0.1677051,0.0701,0.00108033979058772,0.029092633933423158,26.929151538143717,0.0
7,0.7826238,0.22360681,0.0701,0.00108033979058772,0.02334636625096977,21.61020676491886,0.0
