Tile Number, Tile x cohordinate [m], Tile y cohordinate [m], area_m2[m2], Tile z cohordinate [m],absorbedPARTile [umol^s-1],absorbedPARTilem2 [umol m^-2 m^-1],Thermal time[dd]
1,0.1118034,0.0,0.0701,0.00108033979058772,0.006452795373754455,5.972931322138977,0.0
2,0.22360681,0.0559017,0.0701,0.0012078565728149138,6.179376451122072E-4,0.5115985283518402,0.0
3,0.3354102,0.0559017,0.0701,0.00108033979058772,7.247958806687007E-4,0.6708962189334909,0.0
4,0.44721362,0.1118034,0.0701,0.00108033979058772,9.741944781132547E-4,0.9017482153307333,0.0
5,0.559017,0.1677051,0.0701,0.0012078565728149138,0.007831173730460089,6.483529507323467,0.0
6,0.6708204,0.1677051,0.0701,0.00108033979058772,0.003669734216659589,3.396833337651298,0.0
7,0.7826238,0.22360681,0.0701,0.00108033979058772,0.01017880438121793,9.421854558999922,0.0
