Tile Number, Tile x cohordinate [m], Tile y cohordinate [m], area_m2[m2], Tile z cohordinate [m],absorbedPARTile [umol^s-1],absorbedPARTilem2 [umol m^-2 m^-1],Thermal time[dd]
1,0.14142136,0.0,0.0701,0.004042135611804359,0.07753508977683306,19.18171412913639,0.0
2,0.28284273,0.07071068,0.0701,0.005716443181545683,0.06440110122352599,11.265939182502715,0.0
3,0.4242641,0.07071068,0.0701,0.004042135611804359,0.0304182294732051,7.525286728227008,0.0
4,0.56568545,0.14142136,0.0701,0.004042135611804359,0.02466751759541355,6.102595252711543,0.0
5,0.70710677,0.21213204,0.0701,0.005716443181545683,0.031330145626446,5.480706206892547,0.0
6,0.8485281,0.21213204,0.0701,0.004042135611804359,0.06632990765939413,16.40961957478346,0.0
7,0.9899494,0.28284273,0.0701,0.004042135611804359,0.05275820593525886,13.05206232596146,0.0
