Tile Number, Tile x cohordinate [m], Tile y cohordinate [m], area_m2[m2], Tile z cohordinate [m],absorbedPARTile [umol^s-1],absorbedPARTilem2 [umol m^-2 m^-1],Thermal time[dd]
1,0.14142136,0.0,0.0701,0.004042135611804359,0.06132211693435361,15.17072231700316,0.0
2,0.28284273,0.07071068,0.0701,0.005716443181545683,0.21899904792518612,38.31036904769347,0.0
3,0.4242641,0.07071068,0.0701,0.004042135611804359,0.07152796472548693,17.69558757915045,0.0
4,0.56568545,0.14142136,0.0701,0.004042135611804359,0.07779346807616751,19.24563536388663,0.0
5,0.70710677,0.21213204,0.0701,0.005716443181545683,0.06396758506791989,11.190102487929135,0.0
6,0.8485281,0.21213204,0.0701,0.004042135611804359,0.043101173727326476,10.662970732960304,0.0
7,0.9899494,0.28284273,0.0701,0.004042135611804359,0.09553408845272461,23.634557973199563,0.0
