Tile Number, Tile x cohordinate [m], Tile y cohordinate [m], area_m2[m2], Tile z cohordinate [m],absorbedPARTile [umol^s-1],absorbedPARTilem2 [umol m^-2 m^-1],Thermal time[dd]
1,0.14142136,0.0,0.0701,0.004042135611804359,0.03963481831647277,9.805415286099288,0.0
2,0.28284273,0.07071068,0.0701,0.005716443181545683,0.058977237764564754,10.317121309796304,0.0
3,0.4242641,0.07071068,0.0701,0.004042135611804359,0.03478634616350442,8.60593248329346,0.0
4,0.56568545,0.14142136,0.0701,0.004042135611804359,0.04730424157077849,11.70278439759285,0.0
5,0.70710677,0.21213204,0.0701,0.005716443181545683,0.1845594026809311,32.28570578235462,0.0
6,0.8485281,0.21213204,0.0701,0.004042135611804359,0.07017113105615139,17.359915103102605,0.0
7,0.9899494,0.28284273,0.0701,0.004042135611804359,0.041922448917154354,10.371361315718126,0.0
