Tile Number, Tile x cohordinate [m], Tile y cohordinate [m], area_m2[m2], Tile z cohordinate [m],absorbedPARTile [umol^s-1],absorbedPARTilem2 [umol m^-2 m^-1],Thermal time[dd]
1,0.14142136,0.0,0.0701,0.004042135611804359,0.13090309806602402,32.384637883930495,0.0
2,0.28284273,0.07071068,0.0701,0.005716443181545683,0.1748621463399251,30.58932640219888,0.0
3,0.4242641,0.07071068,0.0701,0.004042135611804359,0.18709588009421027,46.286393644940816,0.0
4,0.56568545,0.14142136,0.0701,0.004042135611804359,0.23051126869398753,57.027099244473426,0.0
5,0.70710677,0.21213204,0.0701,0.005716443181545683,0.19996172324768702,34.98009459679767,0.0
6,0.8485281,0.21213204,0.0701,0.004042135611804359,0.18648682957973478,46.135718216660564,0.0
7,0.9899494,0.28284273,0.0701,0.004042135611804359,0.3813049602750142,94.33255014044528,0.0
