Tile Number, Tile x cohordinate [m], Tile y cohordinate [m], area_m2[m2], Tile z cohordinate [m],absorbedPARTile [umol^s-1],absorbedPARTilem2 [umol m^-2 m^-1],Thermal time[dd]
1,0.1118034,0.0,0.0701,0.00108033979058772,0.01377503932480477,12.750654418931433,0.0
2,0.22360681,0.0559017,0.0701,0.0012078565728149138,0.03424413970539331,28.351163934627795,0.0
3,0.3354102,0.0559017,0.0701,0.00108033979058772,0.013176222879842596,12.196369137412358,0.0
4,0.44721362,0.1118034,0.0701,0.00108033979058772,0.019467424976123828,18.019724114330064,0.0
5,0.559017,0.1677051,0.0701,0.0012078565728149138,0.005786138543540607,4.790418559428784,0.0
6,0.6708204,0.1677051,0.0701,0.00108033979058772,0.009024498791703889,8.35338924876074,0.0
7,0.7826238,0.22360681,0.0701,0.00108033979058772,0.024802587828891873,22.958135991083804,0.0
