Tile Number, Tile x cohordinate [m], Tile y cohordinate [m], area_m2[m2], Tile z cohordinate [m],absorbedPARTile [umol^s-1],absorbedPARTilem2 [umol m^-2 m^-1],Thermal time[dd]
1,0.14142136,0.0,0.0701,0.004042135611804359,0.44101106218261715,109.10348007491892,0.0
2,0.28284273,0.07071068,0.0701,0.005716443181545683,0.20764178290138244,36.32359778746855,0.0
3,0.4242641,0.07071068,0.0701,0.004042135611804359,0.04252426090065266,10.520245975040494,0.0
4,0.56568545,0.14142136,0.0701,0.004042135611804359,0.08223177984453242,20.343646958402065,0.0
5,0.70710677,0.21213204,0.0701,0.005716443181545683,0.26913169756202693,47.08027159805614,0.0
6,0.8485281,0.21213204,0.0701,0.004042135611804359,0.18823249228789013,46.56758465455479,0.0
7,0.9899494,0.28284273,0.0701,0.004042135611804359,0.07396240714947235,18.297853969440784,0.0
