Tile Number, Tile x cohordinate [m], Tile y cohordinate [m], area_m2[m2], Tile z cohordinate [m],absorbedPARTile [umol^s-1],absorbedPARTilem2 [umol m^-2 m^-1],Thermal time[dd]
1,0.1118034,0.0,0.0701,0.00108033979058772,0.002878651702354779,2.6645799103527903,0.0
2,0.22360681,0.0559017,0.0701,0.0012078565728149138,0.006427448234742426,5.321367105502631,0.0
3,0.3354102,0.0559017,0.0701,0.00108033979058772,0.002731377915647991,2.528258182698319,0.0
4,0.44721362,0.1118034,0.0701,0.00108033979058772,8.960954622677082E-4,0.8294570560806798,0.0
5,0.559017,0.1677051,0.0701,0.0012078565728149138,0.0037542491506288777,3.1081911835604683,0.0
6,0.6708204,0.1677051,0.0701,0.00108033979058772,0.003357475324010668,3.107795670641877,0.0
7,0.7826238,0.22360681,0.0701,0.00108033979058772,0.009510410040461085,8.803165562648848,0.0
