Tile Number, Tile x cohordinate [m], Tile y cohordinate [m], area_m2[m2], Tile z cohordinate [m],absorbedPARTile [umol^s-1],absorbedPARTilem2 [umol m^-2 m^-1],Thermal time[dd]
1,0.1118034,0.0,0.0701,0.00108033979058772,0.00810919115378647,7.506148736199892,0.0
2,0.22360681,0.0559017,0.0701,0.0012078565728149138,0.010684465729334158,8.845806670931115,0.0
3,0.3354102,0.0559017,0.0701,0.00108033979058772,0.0031384944525692468,2.9050993769857,0.0
4,0.44721362,0.1118034,0.0701,0.00108033979058772,0.010363909536575082,9.593194314297145,0.0
5,0.559017,0.1677051,0.0701,0.0012078565728149138,0.020063560240266082,16.610879711908087,0.0
6,0.6708204,0.1677051,0.0701,0.00108033979058772,0.00927300491266955,8.5834151379585,0.0
7,0.7826238,0.22360681,0.0701,0.00108033979058772,0.01082336793557851,10.018484952489295,0.0
