Tile Number, Tile x cohordinate [m], Tile y cohordinate [m], area_m2[m2], Tile z cohordinate [m],absorbedPARTile [umol^s-1],absorbedPARTilem2 [umol m^-2 m^-1],Thermal time[dd]
1,0.1118034,0.0,0.0701,0.00108033979058772,0.0024334931601614996,2.252525715856162,0.0
2,0.22360681,0.0559017,0.0701,0.0012078565728149138,0.004078654877437438,3.3767708594176202,0.0
3,0.3354102,0.0559017,0.0701,0.00108033979058772,0.0028104439529121495,2.6014444505309102,0.0
4,0.44721362,0.1118034,0.0701,0.00108033979058772,7.485735392269845E-4,0.6929056448247176,0.0
5,0.559017,0.1677051,0.0701,0.0012078565728149138,5.635241675217668E-4,0.46654891003198484,0.0
6,0.6708204,0.1677051,0.0701,0.00108033979058772,0.0062033482586015655,5.742034416067243,0.0
7,0.7826238,0.22360681,0.0701,0.00108033979058772,0.004319421298821925,3.998206246270074,0.0
