Tile Number, Tile x cohordinate [m], Tile y cohordinate [m], area_m2[m2], Tile z cohordinate [m],absorbedPARTile [umol^s-1],absorbedPARTilem2 [umol m^-2 m^-1],Thermal time[dd]
1,0.1118034,0.0,0.0701,0.00108033979058772,0.006204811743336714,5.743389068323782,0.0
2,0.22360681,0.0559017,0.0701,0.0012078565728149138,0.010260387022870087,8.494706452570126,0.0
3,0.3354102,0.0559017,0.0701,0.00108033979058772,0.0020850247524141757,1.929971265133068,0.0
4,0.44721362,0.1118034,0.0701,0.00108033979058772,0.004785532015662137,4.429654500699952,0.0
5,0.559017,0.1677051,0.0701,0.0012078565728149138,0.00426458477147739,3.5307046113420246,0.0
6,0.6708204,0.1677051,0.0701,0.00108033979058772,0.0021919679673560017,2.028961616014847,0.0
7,0.7826238,0.22360681,0.0701,0.00108033979058772,0.0013649932318268501,1.263485103223195,0.0
