Tile Number, Tile x cohordinate [m], Tile y cohordinate [m], area_m2[m2], Tile z cohordinate [m],absorbedPARTile [umol^s-1],absorbedPARTilem2 [umol m^-2 m^-1],Thermal time[dd]
1,0.1118034,0.0,0.0701,0.00108033979058772,0.009994893255389565,9.251620038869627,0.0
2,0.22360681,0.0559017,0.0701,0.0012078565728149138,0.011757156074898242,9.73390081199637,0.0
3,0.3354102,0.0559017,0.0701,0.00108033979058772,0.009537311508611545,8.828066495100689,0.0
4,0.44721362,0.1118034,0.0701,0.00108033979058772,0.002304784605874439,2.133388611578033,0.0
5,0.559017,0.1677051,0.0701,0.0012078565728149138,6.658377382064093E-4,0.551255631829425,0.0
6,0.6708204,0.1677051,0.0701,0.00108033979058772,0.0015426431931622943,1.4279240722246054,0.0
7,0.7826238,0.22360681,0.0701,0.00108033979058772,0.002224603264232599,2.0591699793102904,0.0
