Tile Number, Tile x cohordinate [m], Tile y cohordinate [m], area_m2[m2], Tile z cohordinate [m],absorbedPARTile [umol^s-1],absorbedPARTilem2 [umol m^-2 m^-1],Thermal time[dd]
1,0.14142136,0.0,0.0701,0.004042135611804359,0.20541840262329103,50.81927534133245,0.0
2,0.28284273,0.07071068,0.0701,0.005716443181545683,0.268954094647522,47.04920281824595,0.0
3,0.4242641,0.07071068,0.0701,0.004042135611804359,0.17845692442970273,44.149168055755005,0.0
4,0.56568545,0.14142136,0.0701,0.004042135611804359,0.15297124264198306,37.84416391059641,0.0
5,0.70710677,0.21213204,0.0701,0.005716443181545683,0.21556742539367674,37.71006175476215,0.0
6,0.8485281,0.21213204,0.0701,0.004042135611804359,0.16359957475135803,40.47354924797518,0.0
7,0.9899494,0.28284273,0.0701,0.004042135611804359,0.17670441543699264,43.71560788830486,0.0
