Tile Number, Tile x cohordinate [m], Tile y cohordinate [m], area_m2[m2], Tile z cohordinate [m],absorbedPARTile [umol^s-1],absorbedPARTilem2 [umol m^-2 m^-1],Thermal time[dd]
1,0.14142136,0.0,0.0701,0.004042135611804359,0.14418758594230652,35.67114015700798,0.0
2,0.28284273,0.07071068,0.0701,0.005716443181545683,0.16280390376937867,28.479930369107198,0.0
3,0.4242641,0.07071068,0.0701,0.004042135611804359,0.21249511176589966,52.57001055218048,0.0
4,0.56568545,0.14142136,0.0701,0.004042135611804359,0.06108137592450381,15.111164441422051,0.0
5,0.70710677,0.21213204,0.0701,0.005716443181545683,0.10962290481163026,19.176768023431844,0.0
6,0.8485281,0.21213204,0.0701,0.004042135611804359,0.05036467958974838,12.45991832700195,0.0
7,0.9899494,0.28284273,0.0701,0.004042135611804359,0.06969456562621117,17.242015686628676,0.0
