Tile Number, Tile x cohordinate [m], Tile y cohordinate [m], area_m2[m2], Tile z cohordinate [m],absorbedPARTile [umol^s-1],absorbedPARTilem2 [umol m^-2 m^-1],Thermal time[dd]
1,0.1118034,0.0,0.0701,0.00108033979058772,0.004639222765169941,4.294225581236935,0.0
2,0.22360681,0.0559017,0.0701,0.0012078565728149138,0.015120314768632542,12.518303173525478,0.0
3,0.3354102,0.0559017,0.0701,0.00108033979058772,0.014049520620157385,13.004723830929388,0.0
4,0.44721362,0.1118034,0.0701,0.00108033979058772,0.02150154225019539,19.90257365092352,0.0
5,0.559017,0.1677051,0.0701,0.0012078565728149138,0.0047069869217007615,3.896975044587548,0.0
6,0.6708204,0.1677051,0.0701,0.00108033979058772,0.00707899290018082,6.552561482836571,0.0
7,0.7826238,0.22360681,0.0701,0.00108033979058772,0.004444302041302066,4.113800195107415,0.0
