Tile Number, Tile x cohordinate [m], Tile y cohordinate [m], area_m2[m2], Tile z cohordinate [m],absorbedPARTile [umol^s-1],absorbedPARTilem2 [umol m^-2 m^-1],Thermal time[dd]
1,0.14142136,0.0,0.0701,0.004042135611804359,0.1060504083610475,26.23623216681439,0.0
2,0.28284273,0.07071068,0.0701,0.005716443181545683,0.17605258875885008,30.797575199767277,0.0
3,0.4242641,0.07071068,0.0701,0.004042135611804359,0.20846491172434492,51.572963340358775,0.0
4,0.56568545,0.14142136,0.0701,0.004042135611804359,0.09309627532309722,23.031457690638984,0.0
5,0.70710677,0.21213204,0.0701,0.005716443181545683,0.10040251782920111,17.563809284998968,0.0
6,0.8485281,0.21213204,0.0701,0.004042135611804359,0.03688833162467803,9.125951023748936,0.0
7,0.9899494,0.28284273,0.0701,0.004042135611804359,0.0666152254277247,16.48020547187641,0.0
