Tile Number, Tile x cohordinate [m], Tile y cohordinate [m], area_m2[m2], Tile z cohordinate [m],absorbedPARTile [umol^s-1],absorbedPARTilem2 [umol m^-2 m^-1],Thermal time[dd]
1,0.14142136,0.0,0.0701,0.004042135611804359,0.15447284268478392,38.215650715347756,0.0
2,0.28284273,0.07071068,0.0701,0.005716443181545683,0.1732788872239876,30.312360627213355,0.0
3,0.4242641,0.07071068,0.0701,0.004042135611804359,0.25073442335220336,62.03018587995335,0.0
4,0.56568545,0.14142136,0.0701,0.004042135611804359,0.021616438623548152,5.347776695175955,0.0
5,0.70710677,0.21213204,0.0701,0.005716443181545683,0.025532315926988864,4.466468941633934,0.0
6,0.8485281,0.21213204,0.0701,0.004042135611804359,0.046741843143795134,11.563650414719795,0.0
7,0.9899494,0.28284273,0.0701,0.004042135611804359,0.028390308163818715,7.023591212751428,0.0
