Tile Number, Tile x cohordinate [m], Tile y cohordinate [m], area_m2[m2], Tile z cohordinate [m],absorbedPARTile [umol^s-1],absorbedPARTilem2 [umol m^-2 m^-1],Thermal time[dd]
1,0.14142136,0.0,0.0701,0.004042135611804359,0.0494752879240334,12.239888186717279,0.0
2,0.28284273,0.07071068,0.0701,0.005716443181545683,0.03299446191565037,5.771851633576269,0.0
3,0.4242641,0.07071068,0.0701,0.004042135611804359,0.10315747548790455,25.520538001409687,0.0
4,0.56568545,0.14142136,0.0701,0.004042135611804359,0.03918563629935123,9.694290360995396,0.0
5,0.70710677,0.21213204,0.0701,0.005716443181545683,0.23267661352565763,40.703039658787205,0.0
6,0.8485281,0.21213204,0.0701,0.004042135611804359,0.026282025367185626,6.502014749439258,0.0
7,0.9899494,0.28284273,0.0701,0.004042135611804359,0.011596228202497661,2.8688370000830448,0.0
