Tile Number, Tile x cohordinate [m], Tile y cohordinate [m], area_m2[m2], Tile z cohordinate [m],absorbedPARTile [umol^s-1],absorbedPARTilem2 [umol m^-2 m^-1],Thermal time[dd]
1,0.14142136,0.0,0.0701,0.004042135611804359,0.10700072584748865,26.4713349881215,0.0
2,0.28284273,0.07071068,0.0701,0.005716443181545683,0.1279241849053701,22.378283286073067,0.0
3,0.4242641,0.07071068,0.0701,0.004042135611804359,0.043460502059612875,10.751866397726484,0.0
4,0.56568545,0.14142136,0.0701,0.004042135611804359,0.07721705461021874,19.103034144801985,0.0
5,0.70710677,0.21213204,0.0701,0.005716443181545683,0.1733021702530702,30.316433619516992,0.0
6,0.8485281,0.21213204,0.0701,0.004042135611804359,0.22095646537440625,54.663298462609966,0.0
7,0.9899494,0.28284273,0.0701,0.004042135611804359,0.05705723205017758,14.115615488889532,0.0
