Tile Number, Tile x cohordinate [m], Tile y cohordinate [m], area_m2[m2], Tile z cohordinate [m],absorbedPARTile [umol^s-1],absorbedPARTilem2 [umol m^-2 m^-1],Thermal time[dd]
1,0.1118034,0.0,0.0701,0.00108033979058772,0.014590436947362423,13.50541475420897,0.0
2,0.22360681,0.0559017,0.0701,0.0012078565728149138,0.019845540004227755,16.430377952886953,0.0
3,0.3354102,0.0559017,0.0701,0.00108033979058772,0.01701153220235054,15.746464538805913,0.0
4,0.44721362,0.1118034,0.0701,0.00108033979058772,0.01319312548535943,12.212014775631086,0.0
5,0.559017,0.1677051,0.0701,0.0012078565728149138,0.017025594654692264,14.095708909389845,0.0
6,0.6708204,0.1677051,0.0701,0.00108033979058772,0.015841635779459604,14.663567812161704,0.0
7,0.7826238,0.22360681,0.0701,0.00108033979058772,0.01597546326792147,14.787443179548717,0.0
