Tile Number, Tile x cohordinate [m], Tile y cohordinate [m], area_m2[m2], Tile z cohordinate [m],absorbedPARTile [umol^s-1],absorbedPARTilem2 [umol m^-2 m^-1],Thermal time[dd]
1,0.1118034,0.0,0.0701,0.00108033979058772,0.0010111978445673203,0.9359998154073493,0.0
2,0.22360681,0.0559017,0.0701,0.0012078565728149138,7.414020051358734E-4,0.6138162608231155,0.0
3,0.3354102,0.0559017,0.0701,0.00108033979058772,2.6813924282216166E-4,0.24819898809456067,0.0
4,0.44721362,0.1118034,0.0701,0.00108033979058772,6.705421340266589E-4,0.6206770683340976,0.0
5,0.559017,0.1677051,0.0701,0.0012078565728149138,4.8116407742273675E-4,0.3983619315837991,0.0
6,0.6708204,0.1677051,0.0701,0.00108033979058772,5.923277493768561E-4,0.5482791197153087,0.0
7,0.7826238,0.22360681,0.0701,0.00108033979058772,2.601412960499756E-4,0.24079581101836034,0.0
