Tile Number, Tile x cohordinate [m], Tile y cohordinate [m], area_m2[m2], Tile z cohordinate [m],absorbedPARTile [umol^s-1],absorbedPARTilem2 [umol m^-2 m^-1],Thermal time[dd]
1,0.1118034,0.0,0.0701,0.00108033979058772,0.007324938801948301,6.78021754430005,0.0
2,0.22360681,0.0559017,0.0701,0.0012078565728149138,0.007023276658622313,5.814661125082544,0.0
3,0.3354102,0.0559017,0.0701,0.00108033979058772,0.00364790212686278,3.3766247977206048,0.0
4,0.44721362,0.1118034,0.0701,0.00108033979058772,0.011204579026354595,10.37134716685678,0.0
5,0.559017,0.1677051,0.0701,0.0012078565728149138,0.0048585179101907836,4.02242949994302,0.0
6,0.6708204,0.1677051,0.0701,0.00108033979058772,0.019899715915067093,18.419867608728335,0.0
7,0.7826238,0.22360681,0.0701,0.00108033979058772,0.005788336423826805,5.357885060104904,0.0
