Tile Number, Tile x cohordinate [m], Tile y cohordinate [m], area_m2[m2], Tile z cohordinate [m],absorbedPARTile [umol^s-1],absorbedPARTilem2 [umol m^-2 m^-1],Thermal time[dd]
1,0.1118034,0.0,0.0701,0.00108033979058772,0.0042516713221445665,3.935494516805308,0.0
2,0.22360681,0.0559017,0.0701,0.0012078565728149138,0.003901441913303454,3.230053965936643,0.0
3,0.3354102,0.0559017,0.0701,0.00108033979058772,0.007585161035884017,7.02108827423415,0.0
4,0.44721362,0.1118034,0.0701,0.00108033979058772,0.009782174595952332,9.054720265955115,0.0
5,0.559017,0.1677051,0.0701,0.0012078565728149138,0.016225757128934714,13.433513129063439,0.0
6,0.6708204,0.1677051,0.0701,0.00108033979058772,0.008874930118266811,8.214943294311807,0.0
7,0.7826238,0.22360681,0.0701,0.00108033979058772,0.013755933431738613,12.732969341298809,0.0
