Tile Number, Tile x cohordinate [m], Tile y cohordinate [m], area_m2[m2], Tile z cohordinate [m],absorbedPARTile [umol^s-1],absorbedPARTilem2 [umol m^-2 m^-1],Thermal time[dd]
1,0.1118034,0.0,0.0701,0.00108033979058772,0.012530737555849231,11.598885521963728,0.0
2,0.22360681,0.0559017,0.0701,0.0012078565728149138,0.04187299152577718,34.6671885290089,0.0
3,0.3354102,0.0559017,0.0701,0.00108033979058772,0.021978406488396166,20.343975737892247,0.0
4,0.44721362,0.1118034,0.0701,0.00108033979058772,0.020839958569892,19.290188838230954,0.0
5,0.559017,0.1677051,0.0701,0.0012078565728149138,0.006185197332944939,5.120804466485881,0.0
6,0.6708204,0.1677051,0.0701,0.00108033979058772,0.014965174361561893,13.85228470888833,0.0
7,0.7826238,0.22360681,0.0701,0.00108033979058772,0.010744629457944981,9.945601885217755,0.0
