Tile Number, Tile x cohordinate [m], Tile y cohordinate [m], area_m2[m2], Tile z cohordinate [m],absorbedPARTile [umol^s-1],absorbedPARTilem2 [umol m^-2 m^-1],Thermal time[dd]
1,0.1118034,0.0,0.0701,0.00108033979058772,0.005362914807929389,4.964100049496362,0.0
2,0.22360681,0.0559017,0.0701,0.0012078565728149138,0.004272765877415233,3.5374778542269616,0.0
3,0.3354102,0.0559017,0.0701,0.00108033979058772,0.0044992902297344055,4.164699170514425,0.0
4,0.44721362,0.1118034,0.0701,0.00108033979058772,0.011701582786342887,10.831391094071488,0.0
5,0.559017,0.1677051,0.0701,0.0012078565728149138,0.007432958953758673,6.153842369244336,0.0
6,0.6708204,0.1677051,0.0701,0.00108033979058772,0.0026098147504931336,2.4157350985594617,0.0
7,0.7826238,0.22360681,0.0701,0.00108033979058772,0.0068576001581142805,6.3476326780333165,0.0
