Tile Number, Tile x cohordinate [m], Tile y cohordinate [m], area_m2[m2], Tile z cohordinate [m],absorbedPARTile [umol^s-1],absorbedPARTilem2 [umol m^-2 m^-1],Thermal time[dd]
1,0.1118034,0.0,0.0701,0.00108033979058772,0.0015434649617316876,1.428684729729358,0.0
2,0.22360681,0.0559017,0.0701,0.0012078565728149138,0.003494698669367483,2.89330600008499,0.0
3,0.3354102,0.0559017,0.0701,0.00108033979058772,0.003249443838081583,3.007797978369232,0.0
4,0.44721362,0.1118034,0.0701,0.00108033979058772,0.0015983406791905685,1.47947959810038,0.0
5,0.559017,0.1677051,0.0701,0.0012078565728149138,0.0026214657081005408,2.170345194207294,0.0
6,0.6708204,0.1677051,0.0701,0.00108033979058772,0.001324653026284664,1.2261448090919935,0.0
7,0.7826238,0.22360681,0.0701,0.00108033979058772,0.0021085093262052,1.9517094015931244,0.0
