Tile Number, Tile x cohordinate [m], Tile y cohordinate [m], area_m2[m2], Tile z cohordinate [m],absorbedPARTile [umol^s-1],absorbedPARTilem2 [umol m^-2 m^-1],Thermal time[dd]
1,0.14142136,0.0,0.0701,0.004042135611804359,0.18171180210357665,44.95440518445712,0.0
2,0.28284273,0.07071068,0.0701,0.005716443181545683,0.27665404797973636,48.39618608872995,0.0
3,0.4242641,0.07071068,0.0701,0.004042135611804359,0.2150920666314697,53.21248154152237,0.0
4,0.56568545,0.14142136,0.0701,0.004042135611804359,0.18684172390304565,46.22351693431726,0.0
5,0.70710677,0.21213204,0.0701,0.005716443181545683,0.26982100075119014,47.20085412940859,0.0
6,0.8485281,0.21213204,0.0701,0.004042135611804359,0.24698927089782718,61.103657724035195,0.0
7,0.9899494,0.28284273,0.0701,0.004042135611804359,0.20650791895004272,51.08881511718013,0.0
