Tile Number, Tile x cohordinate [m], Tile y cohordinate [m], area_m2[m2], Tile z cohordinate [m],absorbedPARTile [umol^s-1],absorbedPARTilem2 [umol m^-2 m^-1],Thermal time[dd]
1,0.1118034,0.0,0.0701,0.00108033979058772,7.833637148688726E-4,0.7251086386836791,0.0
2,0.22360681,0.0559017,0.0701,0.0012078565728149138,0.0026892181859504154,2.226438342495569,0.0
3,0.3354102,0.0559017,0.0701,0.00108033979058772,0.001442292875343834,1.335036335706201,0.0
4,0.44721362,0.1118034,0.0701,0.00108033979058772,0.00263977443030604,2.4434668178517853,0.0
5,0.559017,0.1677051,0.0701,0.0012078565728149138,0.007263873705046417,6.0138545159529455,0.0
6,0.6708204,0.1677051,0.0701,0.00108033979058772,0.002209764617659696,2.045434813113338,0.0
7,0.7826238,0.22360681,0.0701,0.00108033979058772,0.007747374659081203,7.171238832984689,0.0
