Tile Number, Tile x cohordinate [m], Tile y cohordinate [m], area_m2[m2], Tile z cohordinate [m],absorbedPARTile [umol^s-1],absorbedPARTilem2 [umol m^-2 m^-1],Thermal time[dd]
1,0.1118034,0.0,0.0701,0.00108033979058772,0.002201999989533592,2.0382476038725494,0.0
2,0.22360681,0.0559017,0.0701,0.0012078565728149138,0.00161688059139844,1.3386362485326337,0.0
3,0.3354102,0.0559017,0.0701,0.00108033979058772,0.001855882417873794,1.717869168610524,0.0
4,0.44721362,0.1118034,0.0701,0.00108033979058772,0.0029546469875947946,2.7349237835509377,0.0
5,0.559017,0.1677051,0.0701,0.0012078565728149138,0.00608440579898403,5.037357858478431,0.0
6,0.6708204,0.1677051,0.0701,0.00108033979058772,0.008326503582696767,7.707300661551152,0.0
7,0.7826238,0.22360681,0.0701,0.00108033979058772,0.004716558995573181,4.365810679811495,0.0
