Tile Number, Tile x cohordinate [m], Tile y cohordinate [m], area_m2[m2], Tile z cohordinate [m],absorbedPARTile [umol^s-1],absorbedPARTilem2 [umol m^-2 m^-1],Thermal time[dd]
1,0.14142136,0.0,0.0701,0.004042135611804359,0.05039560412547349,12.467568870846844,0.0
2,0.28284273,0.07071068,0.0701,0.005716443181545683,0.10988629573402406,19.2228440385393,0.0
3,0.4242641,0.07071068,0.0701,0.004042135611804359,0.02885068671998322,7.137486094165116,0.0
4,0.56568545,0.14142136,0.0701,0.004042135611804359,0.1064282444368434,26.329706535831722,0.0
5,0.70710677,0.21213204,0.0701,0.005716443181545683,0.2559243299743652,44.769854583801745,0.0
6,0.8485281,0.21213204,0.0701,0.004042135611804359,0.11790672204332353,29.169412747805218,0.0
7,0.9899494,0.28284273,0.0701,0.004042135611804359,0.22714900113235473,56.195294504470674,0.0
