Tile Number, Tile x cohordinate [m], Tile y cohordinate [m], area_m2[m2], Tile z cohordinate [m],absorbedPARTile [umol^s-1],absorbedPARTilem2 [umol m^-2 m^-1],Thermal time[dd]
1,0.14142136,0.0,0.0701,0.004042135611804359,0.04014064767298687,9.930554421717826,0.0
2,0.28284273,0.07071068,0.0701,0.005716443181545683,0.0516168392147541,9.02953769948909,0.0
3,0.4242641,0.07071068,0.0701,0.004042135611804359,0.0669397893284088,16.56050062568972,0.0
4,0.56568545,0.14142136,0.0701,0.004042135611804359,0.043185013107436616,10.68371209054002,0.0
5,0.70710677,0.21213204,0.0701,0.005716443181545683,0.0804820042512391,14.079035108939431,0.0
6,0.8485281,0.21213204,0.0701,0.004042135611804359,0.17793824703426359,44.0208503927047,0.0
7,0.9899494,0.28284273,0.0701,0.004042135611804359,0.02179901263640765,5.392944406107354,0.0
