Tile Number, Tile x cohordinate [m], Tile y cohordinate [m], area_m2[m2], Tile z cohordinate [m],absorbedPARTile [umol^s-1],absorbedPARTilem2 [umol m^-2 m^-1],Thermal time[dd]
1,0.14142136,0.0,0.0701,0.004042135611804359,0.1442199692764282,35.67915159878819,0.0
2,0.28284273,0.07071068,0.0701,0.005716443181545683,0.23912630267700194,41.83130927444012,0.0
3,0.4242641,0.07071068,0.0701,0.004042135611804359,0.1358895174829865,33.61824800883588,0.0
4,0.56568545,0.14142136,0.0701,0.004042135611804359,0.2358257623165894,58.341872951491524,0.0
5,0.70710677,0.21213204,0.0701,0.005716443181545683,0.24670756966217042,43.157530273127385,0.0
6,0.8485281,0.21213204,0.0701,0.004042135611804359,0.09611441287365438,23.778126738986398,0.0
7,0.9899494,0.28284273,0.0701,0.004042135611804359,0.08141227467034579,20.14090631511602,0.0
