Tile Number, Tile x cohordinate [m], Tile y cohordinate [m], area_m2[m2], Tile z cohordinate [m],absorbedPARTile [umol^s-1],absorbedPARTilem2 [umol m^-2 m^-1],Thermal time[dd]
1,0.1118034,0.0,0.0701,0.00108033979058772,0.003909687684754693,3.618942594558855,0.0
2,0.22360681,0.0559017,0.0701,0.0012078565728149138,5.881078351330618E-4,0.4869020448036099,0.0
3,0.3354102,0.0559017,0.0701,0.00108033979058772,7.432346844222675E-4,0.6879638155491222,0.0
4,0.44721362,0.1118034,0.0701,0.00108033979058772,0.007743850822620327,7.167977047672718,0.0
5,0.559017,0.1677051,0.0701,0.0012078565728149138,0.0034967190359168564,2.894978687550411,0.0
6,0.6708204,0.1677051,0.0701,0.00108033979058772,0.03385319209417582,31.335689372099502,0.0
7,0.7826238,0.22360681,0.0701,0.00108033979058772,0.003937728215176855,3.6448978825769958,0.0
