Tile Number, Tile x cohordinate [m], Tile y cohordinate [m], area_m2[m2], Tile z cohordinate [m],absorbedPARTile [umol^s-1],absorbedPARTilem2 [umol m^-2 m^-1],Thermal time[dd]
1,0.14142136,0.0,0.0701,0.004042135611804359,0.162023716005675,40.08369128747504,0.0
2,0.28284273,0.07071068,0.0701,0.005716443181545683,0.2740791258425394,47.945744781885594,0.0
3,0.4242641,0.07071068,0.0701,0.004042135611804359,0.1598910921629111,39.556092995983796,0.0
4,0.56568545,0.14142136,0.0701,0.004042135611804359,0.07100933318027405,17.567281259169917,0.0
5,0.70710677,0.21213204,0.0701,0.005716443181545683,0.11707359808075926,20.480147245879465,0.0
6,0.8485281,0.21213204,0.0701,0.004042135611804359,0.031911898645761855,7.894811483456582,0.0
7,0.9899494,0.28284273,0.0701,0.004042135611804359,0.06541080033992629,16.182237960771364,0.0
