Tile Number, Tile x cohordinate [m], Tile y cohordinate [m], area_m2[m2], Tile z cohordinate [m],absorbedPARTile [umol^s-1],absorbedPARTilem2 [umol m^-2 m^-1],Thermal time[dd]
1,0.14142136,0.0,0.0701,0.004042135611804359,0.18312123504753108,45.30309040418068,0.0
2,0.28284273,0.07071068,0.0701,0.005716443181545683,0.14820496474567418,25.926080263357168,0.0
3,0.4242641,0.07071068,0.0701,0.004042135611804359,0.09170706073879242,22.687774371294665,0.0
4,0.56568545,0.14142136,0.0701,0.004042135611804359,0.08731233831873894,21.600546518963473,0.0
5,0.70710677,0.21213204,0.0701,0.005716443181545683,0.0993455047540283,17.37890180991286,0.0
6,0.8485281,0.21213204,0.0701,0.004042135611804359,0.12918866090302228,31.96049645780045,0.0
7,0.9899494,0.28284273,0.0701,0.004042135611804359,0.04890147790134072,12.097931043810702,0.0
