Tile Number, Tile x cohordinate [m], Tile y cohordinate [m], area_m2[m2], Tile z cohordinate [m],absorbedPARTile [umol^s-1],absorbedPARTilem2 [umol m^-2 m^-1],Thermal time[dd]
1,0.14142136,0.0,0.0701,0.004042135611804359,0.09301757355718612,23.01198734786244,0.0
2,0.28284273,0.07071068,0.0701,0.005716443181545683,0.24073475611724854,42.11268239215765,0.0
3,0.4242641,0.07071068,0.0701,0.004042135611804359,0.13331394965991972,32.98106804497092,0.0
4,0.56568545,0.14142136,0.0701,0.004042135611804359,0.08842715095794382,21.87634445012374,0.0
5,0.70710677,0.21213204,0.0701,0.005716443181545683,0.18822748059562686,32.92737715005707,0.0
6,0.8485281,0.21213204,0.0701,0.004042135611804359,0.15117390199279787,37.399512661406156,0.0
7,0.9899494,0.28284273,0.0701,0.004042135611804359,0.19139245379409792,47.349340095163875,0.0
