Tile Number, Tile x cohordinate [m], Tile y cohordinate [m], area_m2[m2], Tile z cohordinate [m],absorbedPARTile [umol^s-1],absorbedPARTilem2 [umol m^-2 m^-1],Thermal time[dd]
1,0.14142136,0.0,0.0701,0.004042135611804359,0.09641755920444488,23.853123315030313,0.0
2,0.28284273,0.07071068,0.0701,0.005716443181545683,0.09269436639589786,16.21539188828848,0.0
3,0.4242641,0.07071068,0.0701,0.004042135611804359,0.041981112167047856,10.385874250346589,0.0
4,0.56568545,0.14142136,0.0701,0.004042135611804359,0.029725936453459043,7.3540176056066935,0.0
5,0.70710677,0.21213204,0.0701,0.005716443181545683,0.03737837598362118,6.538747048914838,0.0
6,0.8485281,0.21213204,0.0701,0.004042135611804359,0.07883113313817978,19.502347449196673,0.0
7,0.9899494,0.28284273,0.0701,0.004042135611804359,0.08376092785356046,20.721948964045424,0.0
