Tile Number, Tile x cohordinate [m], Tile y cohordinate [m], area_m2[m2], Tile z cohordinate [m],absorbedPARTile [umol^s-1],absorbedPARTilem2 [umol m^-2 m^-1],Thermal time[dd]
1,0.14142136,0.0,0.0701,0.004042135611804359,0.02101795383247972,5.199715163217289,0.0
2,0.28284273,0.07071068,0.0701,0.005716443181545683,0.06094155120795726,10.660746424401463,0.0
3,0.4242641,0.07071068,0.0701,0.004042135611804359,0.0834629690063572,20.648235740190906,0.0
4,0.56568545,0.14142136,0.0701,0.004042135611804359,0.015139103869840168,3.745323097431226,0.0
5,0.70710677,0.21213204,0.0701,0.005716443181545683,0.11301710826349018,19.770529448861105,0.0
6,0.8485281,0.21213204,0.0701,0.004042135611804359,0.09836555015638708,24.335044541585262,0.0
7,0.9899494,0.28284273,0.0701,0.004042135611804359,0.03896300309982776,9.639212248605176,0.0
