Tile Number, Tile x cohordinate [m], Tile y cohordinate [m], area_m2[m2], Tile z cohordinate [m],absorbedPARTile [umol^s-1],absorbedPARTilem2 [umol m^-2 m^-1],Thermal time[dd]
1,0.1118034,0.0,0.0701,0.00108033979058772,0.013536375420518535,12.529738827035667,0.0
2,0.22360681,0.0559017,0.0701,0.0012078565728149138,0.013500502013150232,11.177239348615098,0.0
3,0.3354102,0.0559017,0.0701,0.00108033979058772,0.004615964138613492,4.272696589377999,0.0
4,0.44721362,0.1118034,0.0701,0.00108033979058772,0.008755987622157858,8.104845992384005,0.0
5,0.559017,0.1677051,0.0701,0.0012078565728149138,0.014427642117899413,11.944830572288684,0.0
6,0.6708204,0.1677051,0.0701,0.00108033979058772,0.01991173340838302,18.43099141757128,0.0
7,0.7826238,0.22360681,0.0701,0.00108033979058772,0.008061183761364445,7.46171142782684,0.0
