Tile Number, Tile x cohordinate [m], Tile y cohordinate [m], area_m2[m2], Tile z cohordinate [m],absorbedPARTile [umol^s-1],absorbedPARTilem2 [umol m^-2 m^-1],Thermal time[dd]
1,0.14142136,0.0,0.0701,0.004042135611804359,0.06927214110536972,17.137510404913776,0.0
2,0.28284273,0.07071068,0.0701,0.005716443181545683,0.13592992019933067,23.778758203729097,0.0
3,0.4242641,0.07071068,0.0701,0.004042135611804359,0.08735175264407904,21.610297385615496,0.0
4,0.56568545,0.14142136,0.0701,0.004042135611804359,0.06152611650201554,15.221190581122299,0.0
5,0.70710677,0.21213204,0.0701,0.005716443181545683,0.12243766532318595,21.41850473008283,0.0
6,0.8485281,0.21213204,0.0701,0.004042135611804359,0.06318407987372777,15.63136073149292,0.0
7,0.9899494,0.28284273,0.0701,0.004042135611804359,0.10651344763930638,26.350785294845686,0.0
