Tile Number, Tile x cohordinate [m], Tile y cohordinate [m], area_m2[m2], Tile z cohordinate [m],absorbedPARTile [umol^s-1],absorbedPARTilem2 [umol m^-2 m^-1],Thermal time[dd]
1,0.1118034,0.0,0.0701,0.00108033979058772,0.02981526815455914,27.598046850000053,0.0
2,0.22360681,0.0559017,0.0701,0.0012078565728149138,0.008087695030362012,6.6959067925702564,0.0
3,0.3354102,0.0559017,0.0701,0.00108033979058772,0.011049655264060237,10.227944356329846,0.0
4,0.44721362,0.1118034,0.0701,0.00108033979058772,0.007926976454210402,7.337484487077919,0.0
5,0.559017,0.1677051,0.0701,0.0012078565728149138,0.005092233142505646,4.215925348353389,0.0
6,0.6708204,0.1677051,0.0701,0.00108033979058772,0.00625530746571965,5.790129661258405,0.0
7,0.7826238,0.22360681,0.0701,0.00108033979058772,0.005708538053410472,5.284020919293316,0.0
