Tile Number, Tile x cohordinate [m], Tile y cohordinate [m], area_m2[m2], Tile z cohordinate [m],absorbedPARTile [umol^s-1],absorbedPARTilem2 [umol m^-2 m^-1],Thermal time[dd]
1,0.14142136,0.0,0.0701,0.004042135611804359,0.12153927822341916,30.068085263761233,0.0
2,0.28284273,0.07071068,0.0701,0.005716443181545683,0.28418666485870364,49.7138965320498,0.0
3,0.4242641,0.07071068,0.0701,0.004042135611804359,0.15609754181404112,38.617591492523204,0.0
4,0.56568545,0.14142136,0.0701,0.004042135611804359,0.16045520466735838,39.6956510312956,0.0
5,0.70710677,0.21213204,0.0701,0.005716443181545683,0.13704269927110674,23.973421045016217,0.0
6,0.8485281,0.21213204,0.0701,0.004042135611804359,0.09583009685281753,23.707788668188734,0.0
7,0.9899494,0.28284273,0.0701,0.004042135611804359,0.12716074485877993,31.458802244889785,0.0
