Tile Number, Tile x cohordinate [m], Tile y cohordinate [m], area_m2[m2], Tile z cohordinate [m],absorbedPARTile [umol^s-1],absorbedPARTilem2 [umol m^-2 m^-1],Thermal time[dd]
1,0.14142136,0.0,0.0701,0.004042135611804359,0.1906154783761597,47.157121057368805,0.0
2,0.28284273,0.07071068,0.0701,0.005716443181545683,0.27287459209564213,47.735030932619,0.0
3,0.4242641,0.07071068,0.0701,0.004042135611804359,0.17950600684280396,44.40870472494482,0.0
4,0.56568545,0.14142136,0.0701,0.004042135611804359,0.17550467635833744,43.418799667632705,0.0
5,0.70710677,0.21213204,0.0701,0.005716443181545683,0.3586915048178101,62.747322666613584,0.0
6,0.8485281,0.21213204,0.0701,0.004042135611804359,0.19265312452545166,47.6612224396533,0.0
7,0.9899494,0.28284273,0.0701,0.004042135611804359,0.24127330060516358,59.68956110739248,0.0
