Tile Number, Tile x cohordinate [m], Tile y cohordinate [m], area_m2[m2], Tile z cohordinate [m],absorbedPARTile [umol^s-1],absorbedPARTilem2 [umol m^-2 m^-1],Thermal time[dd]
1,0.14142136,0.0,0.0701,0.004042135611804359,0.13151711278556827,32.53654142663973,0.0
2,0.28284273,0.07071068,0.0701,0.005716443181545683,0.11271358095199585,19.717432216569144,0.0
3,0.4242641,0.07071068,0.0701,0.004042135611804359,0.04368413459422826,10.807191739598316,0.0
4,0.56568545,0.14142136,0.0701,0.004042135611804359,0.07947832206844091,19.662458091791425,0.0
5,0.70710677,0.21213204,0.0701,0.005716443181545683,0.20452100328636172,35.77766747452579,0.0
6,0.8485281,0.21213204,0.0701,0.004042135611804359,0.16047524880096437,39.7006098292012,0.0
7,0.9899494,0.28284273,0.0701,0.004042135611804359,0.1221603622719574,30.22173771587701,0.0
