Tile Number, Tile x cohordinate [m], Tile y cohordinate [m], area_m2[m2], Tile z cohordinate [m],absorbedPARTile [umol^s-1],absorbedPARTilem2 [umol m^-2 m^-1],Thermal time[dd]
1,0.14142136,0.0,0.0701,0.004042135611804359,0.019264606832915476,4.765947677919691,0.0
2,0.28284273,0.07071068,0.0701,0.005716443181545683,0.03656505883849199,6.396470266079873,0.0
3,0.4242641,0.07071068,0.0701,0.004042135611804359,0.016293643303672733,4.030949198262908,0.0
4,0.56568545,0.14142136,0.0701,0.004042135611804359,0.147822135573945,36.57030584086688,0.0
5,0.70710677,0.21213204,0.0701,0.005716443181545683,0.060510263631001725,10.585299583899689,0.0
6,0.8485281,0.21213204,0.0701,0.004042135611804359,0.011418017760253526,2.8247488102351577,0.0
7,0.9899494,0.28284273,0.0701,0.004042135611804359,0.021045823930635733,5.206610057607923,0.0
