Tile Number, Tile x cohordinate [m], Tile y cohordinate [m], area_m2[m2], Tile z cohordinate [m],absorbedPARTile [umol^s-1],absorbedPARTilem2 [umol m^-2 m^-1],Thermal time[dd]
1,0.1118034,0.0,0.0701,0.00108033979058772,0.013971435439168364,12.932445477702629,0.0
2,0.22360681,0.0559017,0.0701,0.0012078565728149138,0.008643778733220007,7.15629564615909,0.0
3,0.3354102,0.0559017,0.0701,0.00108033979058772,0.001355317127201665,1.2545285650030105,0.0
4,0.44721362,0.1118034,0.0701,0.00108033979058772,0.002430664413701008,2.2499073299694836,0.0
5,0.559017,0.1677051,0.0701,0.0012078565728149138,0.009726871297100634,8.05300191763011,0.0
6,0.6708204,0.1677051,0.0701,0.00108033979058772,0.0026995826897008453,2.4988274182072243,0.0
7,0.7826238,0.22360681,0.0701,0.00108033979058772,0.0016856807758117097,1.560324622399288,0.0
