Tile Number, Tile x cohordinate [m], Tile y cohordinate [m], area_m2[m2], Tile z cohordinate [m],absorbedPARTile [umol^s-1],absorbedPARTilem2 [umol m^-2 m^-1],Thermal time[dd]
1,0.14142136,0.0,0.0701,0.004042135611804359,0.07916684963008883,19.58540168689435,0.0
2,0.28284273,0.07071068,0.0701,0.005716443181545683,0.1555279395668793,27.20711719290206,0.0
3,0.4242641,0.07071068,0.0701,0.004042135611804359,0.2349258160411072,58.119231664332816,0.0
4,0.56568545,0.14142136,0.0701,0.004042135611804359,0.08481247344515086,20.982095008754943,0.0
5,0.70710677,0.21213204,0.0701,0.005716443181545683,0.14311711391685486,25.036042408132023,0.0
6,0.8485281,0.21213204,0.0701,0.004042135611804359,0.12571553540557862,31.101266132300978,0.0
7,0.9899494,0.28284273,0.0701,0.004042135611804359,0.1567938543534088,38.78985502008379,0.0
