Tile Number, Tile x cohordinate [m], Tile y cohordinate [m], area_m2[m2], Tile z cohordinate [m],absorbedPARTile [umol^s-1],absorbedPARTilem2 [umol m^-2 m^-1],Thermal time[dd]
1,0.1118034,0.0,0.0701,0.00108033979058772,0.0023881443486258205,2.2105492822092914,0.0
2,0.22360681,0.0559017,0.0701,0.0012078565728149138,0.002706064525781729,2.2403856440299337,0.0
3,0.3354102,0.0559017,0.0701,0.00108033979058772,0.005397702958546244,4.99630116892188,0.0
4,0.44721362,0.1118034,0.0701,0.00108033979058772,0.0031305848765319955,2.8977779989283867,0.0
5,0.559017,0.1677051,0.0701,0.0012078565728149138,0.001652671024597101,1.3682676087488976,0.0
6,0.6708204,0.1677051,0.0701,0.00108033979058772,0.0026713834237248593,2.4727251990520402,0.0
7,0.7826238,0.22360681,0.0701,0.00108033979058772,0.0033542654718196722,3.1048245200659554,0.0
