Tile Number, Tile x cohordinate [m], Tile y cohordinate [m], area_m2[m2], Tile z cohordinate [m],absorbedPARTile [umol^s-1],absorbedPARTilem2 [umol m^-2 m^-1],Thermal time[dd]
1,0.1118034,0.0,0.0701,0.00108033979058772,8.059415470843527E-4,0.7460074636757656,0.0
2,0.22360681,0.0559017,0.0701,0.0012078565728149138,0.0030947116479146065,2.5621515977699,0.0
3,0.3354102,0.0559017,0.0701,0.00108033979058772,3.6483229489390524E-4,0.3377014325237723,0.0
4,0.44721362,0.1118034,0.0701,0.00108033979058772,9.735986266285742E-4,0.9011966745193408,0.0
5,0.559017,0.1677051,0.0701,0.0012078565728149138,0.0010698900507389092,0.8857757409437503,0.0
6,0.6708204,0.1677051,0.0701,0.00108033979058772,7.442836523259279E-4,0.6889347766419185,0.0
7,0.7826238,0.22360681,0.0701,0.00108033979058772,0.002827342471840673,2.6170863060616876,0.0
