Tile Number, Tile x cohordinate [m], Tile y cohordinate [m], area_m2[m2], Tile z cohordinate [m],absorbedPARTile [umol^s-1],absorbedPARTilem2 [umol m^-2 m^-1],Thermal time[dd]
1,0.14142136,0.0,0.0701,0.004042135611804359,0.013068545272820207,3.233079373847769,0.0
2,0.28284273,0.07071068,0.0701,0.005716443181545683,0.057418171691052115,10.04438771934521,0.0
3,0.4242641,0.07071068,0.0701,0.004042135611804359,0.05891070143394637,14.574152648888829,0.0
4,0.56568545,0.14142136,0.0701,0.004042135611804359,0.10030335618563066,24.8144460796199,0.0
5,0.70710677,0.21213204,0.0701,0.005716443181545683,0.11622103507445046,20.33100502942901,0.0
6,0.8485281,0.21213204,0.0701,0.004042135611804359,0.048765918488184824,12.064394461623795,0.0
7,0.9899494,0.28284273,0.0701,0.004042135611804359,0.021455479556954635,5.3079563917394585,0.0
