Tile Number, Tile x cohordinate [m], Tile y cohordinate [m], area_m2[m2], Tile z cohordinate [m],absorbedPARTile [umol^s-1],absorbedPARTilem2 [umol m^-2 m^-1],Thermal time[dd]
1,0.1118034,0.0,0.0701,0.00108033979058772,0.007282528443780281,6.740961045060169,0.0
2,0.22360681,0.0559017,0.0701,0.0012078565728149138,0.007169141837678664,5.93542478389711,0.0
3,0.3354102,0.0559017,0.0701,0.00108033979058772,0.0035870232070944366,3.3202731569694808,0.0
4,0.44721362,0.1118034,0.0701,0.00108033979058772,0.010514814589339143,9.732877267826021,0.0
5,0.559017,0.1677051,0.0701,0.0012078565728149138,0.010743321354254485,8.894534000189392,0.0
6,0.6708204,0.1677051,0.0701,0.00108033979058772,0.010922530039997326,10.11027283745174,0.0
7,0.7826238,0.22360681,0.0701,0.00108033979058772,0.01545793960768357,14.308405320583661,0.0
