Tile Number, Tile x cohordinate [m], Tile y cohordinate [m], area_m2[m2], Tile z cohordinate [m],absorbedPARTile [umol^s-1],absorbedPARTilem2 [umol m^-2 m^-1],Thermal time[dd]
1,0.1118034,0.0,0.0701,0.00108033979058772,0.0035662504610006166,3.301045182331502,0.0
2,0.22360681,0.0559017,0.0701,0.0012078565728149138,0.0019430885899278103,1.608708048340074,0.0
3,0.3354102,0.0559017,0.0701,0.00108033979058772,0.001691763840731087,1.56595531838251,0.0
4,0.44721362,0.1118034,0.0701,0.00108033979058772,0.0013969394801174595,1.2930556592361604,0.0
5,0.559017,0.1677051,0.0701,0.0012078565728149138,0.0037473468184093897,3.102476653892925,0.0
6,0.6708204,0.1677051,0.0701,0.00108033979058772,0.005371234117571536,4.971800691196896,0.0
7,0.7826238,0.22360681,0.0701,0.00108033979058772,0.0019391771256987611,1.7949696406570583,0.0
