Tile Number, Tile x cohordinate [m], Tile y cohordinate [m], area_m2[m2], Tile z cohordinate [m],absorbedPARTile [umol^s-1],absorbedPARTilem2 [umol m^-2 m^-1],Thermal time[dd]
1,0.1118034,0.0,0.0701,0.00108033979058772,0.004489461089554085,4.155600977273785,0.0
2,0.22360681,0.0559017,0.0701,0.0012078565728149138,0.02855074944417119,23.637532871666686,0.0
3,0.3354102,0.0559017,0.0701,0.00108033979058772,0.006524370850692094,6.039184067396745,0.0
4,0.44721362,0.1118034,0.0701,0.00108033979058772,0.015531949329061424,14.376911286968173,0.0
5,0.559017,0.1677051,0.0701,0.0012078565728149138,2.5625571684806376E-4,0.21215740561883017,0.0
6,0.6708204,0.1677051,0.0701,0.00108033979058772,8.192436239013504E-4,0.7583203275847782,0.0
7,0.7826238,0.22360681,0.0701,0.00108033979058772,4.2222821397121994E-4,0.3908290869685749,0.0
