Tile Number, Tile x cohordinate [m], Tile y cohordinate [m], area_m2[m2], Tile z cohordinate [m],absorbedPARTile [umol^s-1],absorbedPARTilem2 [umol m^-2 m^-1],Thermal time[dd]
1,0.1118034,0.0,0.0701,0.00108033979058772,0.011277009663715837,10.438391478278318,0.0
2,0.22360681,0.0559017,0.0701,0.0012078565728149138,0.002539758186136673,2.102698485315817,0.0
3,0.3354102,0.0559017,0.0701,0.00108033979058772,0.005225680665393638,4.837071364881224,0.0
4,0.44721362,0.1118034,0.0701,0.00108033979058772,0.00528840531354274,4.89513147587184,0.0
5,0.559017,0.1677051,0.0701,0.0012078565728149138,0.01257732108902549,10.412925981529416,0.0
6,0.6708204,0.1677051,0.0701,0.00108033979058772,0.0026256970413702655,2.4304362981408376,0.0
7,0.7826238,0.22360681,0.0701,0.00108033979058772,0.0029792557687933706,2.757702525399545,0.0
