Tile Number, Tile x cohordinate [m], Tile y cohordinate [m], area_m2[m2], Tile z cohordinate [m],absorbedPARTile [umol^s-1],absorbedPARTilem2 [umol m^-2 m^-1],Thermal time[dd]
1,0.14142136,0.0,0.0701,0.004042135611804359,0.051822897182564734,12.820672574968762,0.0
2,0.28284273,0.07071068,0.0701,0.005716443181545683,0.06557243906713962,11.470845941201034,0.0
3,0.4242641,0.07071068,0.0701,0.004042135611804359,0.11816425455207827,29.233124739061193,0.0
4,0.56568545,0.14142136,0.0701,0.004042135611804359,0.07274908075649589,17.997684329057332,0.0
5,0.70710677,0.21213204,0.0701,0.005716443181545683,0.14358821650146486,25.118454245291684,0.0
6,0.8485281,0.21213204,0.0701,0.004042135611804359,0.11093231715181352,27.44398699238463,0.0
7,0.9899494,0.28284273,0.0701,0.004042135611804359,0.07991409368021013,19.77026536339721,0.0
