Tile Number, Tile x cohordinate [m], Tile y cohordinate [m], area_m2[m2], Tile z cohordinate [m],absorbedPARTile [umol^s-1],absorbedPARTilem2 [umol m^-2 m^-1],Thermal time[dd]
1,0.1118034,0.0,0.0701,0.00108033979058772,0.005140238042435893,4.757982708051077,0.0
2,0.22360681,0.0559017,0.0701,0.0012078565728149138,0.003155937484788064,2.6128412560053724,0.0
3,0.3354102,0.0559017,0.0701,0.00108033979058772,0.004438573466986286,4.108497627928376,0.0
4,0.44721362,0.1118034,0.0701,0.00108033979058772,0.004096944397080003,3.7922739056488965,0.0
5,0.559017,0.1677051,0.0701,0.0012078565728149138,0.015771332296682948,13.057288962652086,0.0
6,0.6708204,0.1677051,0.0701,0.00108033979058772,0.009634454362902225,8.917985292072736,0.0
7,0.7826238,0.22360681,0.0701,0.00108033979058772,0.008350018880795588,7.729067237496697,0.0
