Tile Number, Tile x cohordinate [m], Tile y cohordinate [m], area_m2[m2], Tile z cohordinate [m],absorbedPARTile [umol^s-1],absorbedPARTilem2 [umol m^-2 m^-1],Thermal time[dd]
1,0.1118034,0.0,0.0701,0.00108033979058772,0.0022415539334880276,2.0748601069933663,0.0
2,0.22360681,0.0559017,0.0701,0.0012078565728149138,0.024638280378735004,20.39834938457586,0.0
3,0.3354102,0.0559017,0.0701,0.00108033979058772,0.006073696182354823,5.622023955121238,0.0
4,0.44721362,0.1118034,0.0701,0.00108033979058772,0.00891750550485685,8.254352549585906,0.0
5,0.559017,0.1677051,0.0701,0.0012078565728149138,0.00276787284710447,2.2915575486367006,0.0
6,0.6708204,0.1677051,0.0701,0.00108033979058772,0.001438553227265827,1.3315747876723434,0.0
7,0.7826238,0.22360681,0.0701,0.00108033979058772,0.03832580005546415,35.47569050901511,0.0
