Tile Number, Tile x cohordinate [m], Tile y cohordinate [m], area_m2[m2], Tile z cohordinate [m],absorbedPARTile [umol^s-1],absorbedPARTilem2 [umol m^-2 m^-1],Thermal time[dd]
1,0.14142136,0.0,0.0701,0.004042135611804359,0.03098520696701096,7.665553544647045,0.0
2,0.28284273,0.07071068,0.0701,0.005716443181545683,0.10021846461081806,17.531612128036535,0.0
3,0.4242641,0.07071068,0.0701,0.004042135611804359,0.07325503331526617,18.12285394417186,0.0
4,0.56568545,0.14142136,0.0701,0.004042135611804359,0.12982378817984463,32.11762311999545,0.0
5,0.70710677,0.21213204,0.0701,0.005716443181545683,0.13726664980022713,24.012597596240127,0.0
6,0.8485281,0.21213204,0.0701,0.004042135611804359,0.037594635563578435,9.300686363364404,0.0
7,0.9899494,0.28284273,0.0701,0.004042135611804359,0.09836527676009287,24.33497690498905,0.0
