Tile Number, Tile x cohordinate [m], Tile y cohordinate [m], area_m2[m2], Tile z cohordinate [m],absorbedPARTile [umol^s-1],absorbedPARTilem2 [umol m^-2 m^-1],Thermal time[dd]
1,0.1118034,0.0,0.0701,0.00108033979058772,0.007474277338299449,6.918450475876056,0.0
2,0.22360681,0.0559017,0.0701,0.0012078565728149138,0.002083342368062395,1.7248259561208983,0.0
3,0.3354102,0.0559017,0.0701,0.00108033979058772,0.00119034387999851,1.1018236025083796,0.0
4,0.44721362,0.1118034,0.0701,0.00108033979058772,0.002184296914584087,2.021861023369137,0.0
5,0.559017,0.1677051,0.0701,0.0012078565728149138,0.0061594382318346545,5.099478175194314,0.0
6,0.6708204,0.1677051,0.0701,0.00108033979058772,0.0024640559944375507,2.2808157358501715,0.0
7,0.7826238,0.22360681,0.0701,0.00108033979058772,9.461924918014242E-4,0.8758286050786691,0.0
