Tile Number, Tile x cohordinate [m], Tile y cohordinate [m], area_m2[m2], Tile z cohordinate [m],absorbedPARTile [umol^s-1],absorbedPARTilem2 [umol m^-2 m^-1],Thermal time[dd]
1,0.14142136,0.0,0.0701,0.004042135611804359,0.05181552817440867,12.818849526742834,0.0
2,0.28284273,0.07071068,0.0701,0.005716443181545683,0.1732918745349121,30.314632548845747,0.0
3,0.4242641,0.07071068,0.0701,0.004042135611804359,0.12168502248760225,30.10414151673738,0.0
4,0.56568545,0.14142136,0.0701,0.004042135611804359,0.10071175362876893,24.915481146812006,0.0
5,0.70710677,0.21213204,0.0701,0.005716443181545683,0.08526201144172668,14.915220659758658,0.0
6,0.8485281,0.21213204,0.0701,0.004042135611804359,0.060287435894184116,14.914748460720878,0.0
7,0.9899494,0.28284273,0.0701,0.004042135611804359,0.05562215148504615,13.76058520219145,0.0
