Tile Number, Tile x cohordinate [m], Tile y cohordinate [m], area_m2[m2], Tile z cohordinate [m],absorbedPARTile [umol^s-1],absorbedPARTilem2 [umol m^-2 m^-1],Thermal time[dd]
1,0.14142136,0.0,0.0701,0.004042135611804359,0.10864977095062257,26.879298812570678,0.0
2,0.28284273,0.07071068,0.0701,0.005716443181545683,0.12733963877044677,22.276026320271253,0.0
3,0.4242641,0.07071068,0.0701,0.004042135611804359,0.0697375164110446,17.25264145205525,0.0
4,0.56568545,0.14142136,0.0701,0.004042135611804359,0.06818379612716675,16.868260413640687,0.0
5,0.70710677,0.21213204,0.0701,0.005716443181545683,0.20172278488586426,35.28816406976338,0.0
6,0.8485281,0.21213204,0.0701,0.004042135611804359,0.11976361851158143,29.62879774786191,0.0
7,0.9899494,0.28284273,0.0701,0.004042135611804359,0.05876056896780133,14.53701078118241,0.0
