Tile Number, Tile x cohordinate [m], Tile y cohordinate [m], area_m2[m2], Tile z cohordinate [m],absorbedPARTile [umol^s-1],absorbedPARTilem2 [umol m^-2 m^-1],Thermal time[dd]
1,0.1118034,0.0,0.0701,0.00108033979058772,0.01033049078715555,9.562260760140678,0.0
2,0.22360681,0.0559017,0.0701,0.0012078565728149138,0.00795968478000779,6.589925458995284,0.0
3,0.3354102,0.0559017,0.0701,0.00108033979058772,0.009003088123068397,8.333570790881073,0.0
4,0.44721362,0.1118034,0.0701,0.00108033979058772,0.009374730385785403,8.677575765940658,0.0
5,0.559017,0.1677051,0.0701,0.0012078565728149138,0.01248001355497992,10.33236382188591,0.0
6,0.6708204,0.1677051,0.0701,0.00108033979058772,0.006710236854215184,6.211228090159229,0.0
7,0.7826238,0.22360681,0.0701,0.00108033979058772,0.018425192207322794,17.054997296081478,0.0
