Tile Number, Tile x cohordinate [m], Tile y cohordinate [m], area_m2[m2], Tile z cohordinate [m],absorbedPARTile [umol^s-1],absorbedPARTilem2 [umol m^-2 m^-1],Thermal time[dd]
1,0.1118034,0.0,0.0701,0.00108033979058772,0.026126006584204192,24.18313831613226,0.0
2,0.22360681,0.0559017,0.0701,0.0012078565728149138,0.03505365420701981,29.02137140780478,0.0
3,0.3354102,0.0559017,0.0701,0.00108033979058772,0.025392592900747062,23.50426515988376,0.0
4,0.44721362,0.1118034,0.0701,0.00108033979058772,0.03613320878597915,33.446151942919904,0.0
5,0.559017,0.1677051,0.0701,0.0012078565728149138,0.023065445852267736,19.09617944000887,0.0
6,0.6708204,0.1677051,0.0701,0.00108033979058772,0.020734465775254972,19.192541046715622,0.0
7,0.7826238,0.22360681,0.0701,0.00108033979058772,0.02243463813684523,20.76627958379694,0.0
