Tile Number, Tile x cohordinate [m], Tile y cohordinate [m], area_m2[m2], Tile z cohordinate [m],absorbedPARTile [umol^s-1],absorbedPARTilem2 [umol m^-2 m^-1],Thermal time[dd]
1,0.14142136,0.0,0.0701,0.004042135611804359,0.0918022071736145,22.711313026094917,0.0
2,0.28284273,0.07071068,0.0701,0.005716443181545683,0.30698969934295656,53.702921483416,0.0
3,0.4242641,0.07071068,0.0701,0.004042135611804359,0.08085068886513712,20.00197336997468,0.0
4,0.56568545,0.14142136,0.0701,0.004042135611804359,0.06789173744374037,16.7960068547612,0.0
5,0.70710677,0.21213204,0.0701,0.005716443181545683,0.13273076331161499,23.219117044687497,0.0
6,0.8485281,0.21213204,0.0701,0.004042135611804359,0.06296263030056716,15.57657544113455,0.0
7,0.9899494,0.28284273,0.0701,0.004042135611804359,0.21754033242427823,53.81816774998573,0.0
