Tile Number, Tile x cohordinate [m], Tile y cohordinate [m], area_m2[m2], Tile z cohordinate [m],absorbedPARTile [umol^s-1],absorbedPARTilem2 [umol m^-2 m^-1],Thermal time[dd]
1,0.14142136,0.0,0.0701,0.004042135611804359,0.10783947621760367,26.678836776944618,0.0
2,0.28284273,0.07071068,0.0701,0.005716443181545683,0.15954923600495657,27.9105784729965,0.0
3,0.4242641,0.07071068,0.0701,0.004042135611804359,0.1547188548023383,38.276512631221124,0.0
4,0.56568545,0.14142136,0.0701,0.004042135611804359,0.0878735259525299,21.739380958894706,0.0
5,0.70710677,0.21213204,0.0701,0.005716443181545683,0.18918799534505207,33.09540379161034,0.0
6,0.8485281,0.21213204,0.0701,0.004042135611804359,0.10728971538809738,26.542829259556825,0.0
7,0.9899494,0.28284273,0.0701,0.004042135611804359,0.12098381359851361,29.930666661752085,0.0
