Tile Number, Tile x cohordinate [m], Tile y cohordinate [m], area_m2[m2], Tile z cohordinate [m],absorbedPARTile [umol^s-1],absorbedPARTilem2 [umol m^-2 m^-1],Thermal time[dd]
1,0.14142136,0.0,0.0701,0.004042135611804359,0.21932597342971805,54.259924577793576,0.0
2,0.28284273,0.07071068,0.0701,0.005716443181545683,0.2861952139883423,50.065259970091624,0.0
3,0.4242641,0.07071068,0.0701,0.004042135611804359,0.22400467103279117,55.41740617969971,0.0
4,0.56568545,0.14142136,0.0701,0.004042135611804359,0.2425713113713074,60.01068115154765,0.0
5,0.70710677,0.21213204,0.0701,0.005716443181545683,0.37118124680175774,64.93220259759376,0.0
6,0.8485281,0.21213204,0.0701,0.004042135611804359,0.2078215178359222,51.41379156825301,0.0
7,0.9899494,0.28284273,0.0701,0.004042135611804359,0.19699729956314085,48.7359451740917,0.0
