Tile Number, Tile x cohordinate [m], Tile y cohordinate [m], area_m2[m2], Tile z cohordinate [m],absorbedPARTile [umol^s-1],absorbedPARTilem2 [umol m^-2 m^-1],Thermal time[dd]
1,0.14142136,0.0,0.0701,0.004042135611804359,0.07238958856609821,17.908748126781525,0.0
2,0.28284273,0.07071068,0.0701,0.005716443181545683,0.062274432577452674,10.893912630583365,0.0
3,0.4242641,0.07071068,0.0701,0.004042135611804359,0.05221634112768612,12.918008236833348,0.0
4,0.56568545,0.14142136,0.0701,0.004042135611804359,0.11936474314411281,29.530118384828228,0.0
5,0.70710677,0.21213204,0.0701,0.005716443181545683,0.07095256648075939,12.41201289462906,0.0
6,0.8485281,0.21213204,0.0701,0.004042135611804359,0.0681000701816175,16.847547119087988,0.0
7,0.9899494,0.28284273,0.0701,0.004042135611804359,0.07892248005853057,19.52494612700551,0.0
