Tile Number, Tile x cohordinate [m], Tile y cohordinate [m], area_m2[m2], Tile z cohordinate [m],absorbedPARTile [umol^s-1],absorbedPARTilem2 [umol m^-2 m^-1],Thermal time[dd]
1,0.1118034,0.0,0.0701,0.00108033979058772,0.002642242192227173,2.4457510639219873,0.0
2,0.22360681,0.0559017,0.0701,0.0012078565728149138,0.005731012045518198,4.74477862231776,0.0
3,0.3354102,0.0559017,0.0701,0.00108033979058772,0.002406376711161388,2.2274257896696423,0.0
4,0.44721362,0.1118034,0.0701,0.00108033979058772,0.006535642330762148,6.049617340491243,0.0
5,0.559017,0.1677051,0.0701,0.0012078565728149138,0.005915999600776168,4.897932199838025,0.0
6,0.6708204,0.1677051,0.0701,0.00108033979058772,0.012132594004102647,11.230350034133563,0.0
7,0.7826238,0.22360681,0.0701,0.00108033979058772,0.023370354434760515,21.632411060270876,0.0
