Tile Number, Tile x cohordinate [m], Tile y cohordinate [m], area_m2[m2], Tile z cohordinate [m],absorbedPARTile [umol^s-1],absorbedPARTilem2 [umol m^-2 m^-1],Thermal time[dd]
1,0.14142136,0.0,0.0701,0.004042135611804359,0.14158618376199406,35.02756892879003,0.0
2,0.28284273,0.07071068,0.0701,0.005716443181545683,0.18190457800928753,31.821286809344603,0.0
3,0.4242641,0.07071068,0.0701,0.004042135611804359,0.17558099688464798,43.43768090607697,0.0
4,0.56568545,0.14142136,0.0701,0.004042135611804359,0.0904658171647489,22.380698188492016,0.0
5,0.70710677,0.21213204,0.0701,0.005716443181545683,0.15922072342199484,27.853110468412417,0.0
6,0.8485281,0.21213204,0.0701,0.004042135611804359,0.17239962491213479,42.650628645083415,0.0
7,0.9899494,0.28284273,0.0701,0.004042135611804359,0.19196204288975396,47.49025300614901,0.0
