Tile Number, Tile x cohordinate [m], Tile y cohordinate [m], area_m2[m2], Tile z cohordinate [m],absorbedPARTile [umol^s-1],absorbedPARTilem2 [umol m^-2 m^-1],Thermal time[dd]
1,0.14142136,0.0,0.0701,0.004042135611804359,0.01633438636199908,4.041028785451266,0.0
2,0.28284273,0.07071068,0.0701,0.005716443181545683,0.06512493341053241,11.392562007923802,0.0
3,0.4242641,0.07071068,0.0701,0.004042135611804359,0.010995077425071527,2.7201159191597384,0.0
4,0.56568545,0.14142136,0.0701,0.004042135611804359,0.02253071692669825,5.573963639641673,0.0
5,0.70710677,0.21213204,0.0701,0.005716443181545683,0.08394422809283157,14.68469560999532,0.0
6,0.8485281,0.21213204,0.0701,0.004042135611804359,0.023579169387327216,5.8333444623847654,0.0
7,0.9899494,0.28284273,0.0701,0.004042135611804359,0.04552886389189416,11.263566654947194,0.0
