Tile Number, Tile x cohordinate [m], Tile y cohordinate [m], area_m2[m2], Tile z cohordinate [m],absorbedPARTile [umol^s-1],absorbedPARTilem2 [umol m^-2 m^-1],Thermal time[dd]
1,0.14142136,0.0,0.0701,0.004042135611804359,0.08668049841182708,21.44423313228078,0.0
2,0.28284273,0.07071068,0.0701,0.005716443181545683,0.13469824051750182,23.563295608770563,0.0
3,0.4242641,0.07071068,0.0701,0.004042135611804359,0.09111935187517167,22.54237873887094,0.0
4,0.56568545,0.14142136,0.0701,0.004042135611804359,0.0460028266490984,11.380822185865085,0.0
5,0.70710677,0.21213204,0.0701,0.005716443181545683,0.0809253764280939,14.15659595626599,0.0
6,0.8485281,0.21213204,0.0701,0.004042135611804359,0.035627428744212396,8.814011246967727,0.0
7,0.9899494,0.28284273,0.0701,0.004042135611804359,0.11341101711450578,28.057202431137757,0.0
