Tile Number, Tile x cohordinate [m], Tile y cohordinate [m], area_m2[m2], Tile z cohordinate [m],absorbedPARTile [umol^s-1],absorbedPARTilem2 [umol m^-2 m^-1],Thermal time[dd]
1,0.14142136,0.0,0.0701,0.004042135611804359,0.11916618270089625,29.480995727330864,0.0
2,0.28284273,0.07071068,0.0701,0.005716443181545683,0.1937730751324972,33.89748992136443,0.0
3,0.4242641,0.07071068,0.0701,0.004042135611804359,0.16754989569044115,41.4508348510477,0.0
4,0.56568545,0.14142136,0.0701,0.004042135611804359,0.11424294425135455,28.26301619315486,0.0
5,0.70710677,0.21213204,0.0701,0.005716443181545683,0.09188919205697378,16.074539558727434,0.0
6,0.8485281,0.21213204,0.0701,0.004042135611804359,0.14774899743493397,36.55221190586939,0.0
7,0.9899494,0.28284273,0.0701,0.004042135611804359,0.10683927656839687,26.43139340906604,0.0
