Tile Number, Tile x cohordinate [m], Tile y cohordinate [m], area_m2[m2], Tile z cohordinate [m],absorbedPARTile [umol^s-1],absorbedPARTilem2 [umol m^-2 m^-1],Thermal time[dd]
1,0.1118034,0.0,0.0701,0.00108033979058772,0.004416818273905082,4.0883602662661085,0.0
2,0.22360681,0.0559017,0.0701,0.0012078565728149138,0.006167837276610498,5.106431852447789,0.0
3,0.3354102,0.0559017,0.0701,0.00108033979058772,0.002108762139792376,1.9519434146225236,0.0
4,0.44721362,0.1118034,0.0701,0.00108033979058772,0.001711028545101367,1.5837873972692829,0.0
5,0.559017,0.1677051,0.0701,0.0012078565728149138,0.0034041908364112173,2.818373400475637,0.0
6,0.6708204,0.1677051,0.0701,0.00108033979058772,0.006558841064488529,6.071090893468274,0.0
7,0.7826238,0.22360681,0.0701,0.00108033979058772,0.005858394156360441,5.422732928473729,0.0
