Tile Number, Tile x cohordinate [m], Tile y cohordinate [m], area_m2[m2], Tile z cohordinate [m],absorbedPARTile [umol^s-1],absorbedPARTilem2 [umol m^-2 m^-1],Thermal time[dd]
1,0.14142136,0.0,0.0701,0.004042135611804359,0.12756905895675658,31.559816692990992,0.0
2,0.28284273,0.07071068,0.0701,0.005716443181545683,0.07035224440350533,12.306996180880892,0.0
3,0.4242641,0.07071068,0.0701,0.004042135611804359,0.11652533271209717,28.827665348932143,0.0
4,0.56568545,0.14142136,0.0701,0.004042135611804359,0.03566575651310146,8.823493306099323,0.0
5,0.70710677,0.21213204,0.0701,0.005716443181545683,0.08323920565156938,14.561363247742825,0.0
6,0.8485281,0.21213204,0.0701,0.004042135611804359,0.05197088316855431,12.8572834164154,0.0
7,0.9899494,0.28284273,0.0701,0.004042135611804359,0.09331720490531922,23.086114338371637,0.0
