Tile Number, Tile x cohordinate [m], Tile y cohordinate [m], area_m2[m2], Tile z cohordinate [m],absorbedPARTile [umol^s-1],absorbedPARTilem2 [umol m^-2 m^-1],Thermal time[dd]
1,0.1118034,0.0,0.0701,0.00108033979058772,0.003286466310511119,3.0420672635997565,0.0
2,0.22360681,0.0559017,0.0701,0.0012078565728149138,0.015575104720054226,12.894829626796161,0.0
3,0.3354102,0.0559017,0.0701,0.00108033979058772,0.002768313026571927,2.562446603087651,0.0
4,0.44721362,0.1118034,0.0701,0.00108033979058772,0.0036103727994815176,3.3418863499579374,0.0
5,0.559017,0.1677051,0.0701,0.0012078565728149138,0.004822857767550552,3.99290600895673,0.0
6,0.6708204,0.1677051,0.0701,0.00108033979058772,0.004872164015828402,4.509844086347941,0.0
7,0.7826238,0.22360681,0.0701,0.00108033979058772,0.005064487728982862,4.687865589239947,0.0
