Tile Number, Tile x cohordinate [m], Tile y cohordinate [m], area_m2[m2], Tile z cohordinate [m],absorbedPARTile [umol^s-1],absorbedPARTilem2 [umol m^-2 m^-1],Thermal time[dd]
1,0.1118034,0.0,0.0701,0.00108033979058772,0.0054706600122253046,5.063832749554831,0.0
2,0.22360681,0.0559017,0.0701,0.0012078565728149138,0.004797804507475325,3.9721640925412407,0.0
3,0.3354102,0.0559017,0.0701,0.00108033979058772,0.002554754549736965,2.364769466046551,0.0
4,0.44721362,0.1118034,0.0701,0.00108033979058772,0.0018456323478715827,1.708381348119681,0.0
5,0.559017,0.1677051,0.0701,0.0012078565728149138,0.0011888164161128853,0.9842364092471217,0.0
6,0.6708204,0.1677051,0.0701,0.00108033979058772,0.004504940888309572,4.16992961618013,0.0
7,0.7826238,0.22360681,0.0701,0.00108033979058772,9.994359817125092E-4,0.9251126269900714,0.0
