Tile Number, Tile x cohordinate [m], Tile y cohordinate [m], area_m2[m2], Tile z cohordinate [m],absorbedPARTile [umol^s-1],absorbedPARTilem2 [umol m^-2 m^-1],Thermal time[dd]
1,0.14142136,0.0,0.0701,0.004042135611804359,0.11604009670609633,28.70762088417352,0.0
2,0.28284273,0.07071068,0.0701,0.005716443181545683,0.20919696304410304,36.59565159668705,0.0
3,0.4242641,0.07071068,0.0701,0.004042135611804359,0.08920415153004428,22.068569710907013,0.0
4,0.56568545,0.14142136,0.0701,0.004042135611804359,0.09387583243817334,23.22431542475348,0.0
5,0.70710677,0.21213204,0.0701,0.005716443181545683,0.0333206453162648,5.828912185086243,0.0
6,0.8485281,0.21213204,0.0701,0.004042135611804359,0.04724883863207561,11.6890780443124,0.0
7,0.9899494,0.28284273,0.0701,0.004042135611804359,0.027540231721730035,6.813287421951787,0.0
