Tile Number, Tile x cohordinate [m], Tile y cohordinate [m], area_m2[m2], Tile z cohordinate [m],absorbedPARTile [umol^s-1],absorbedPARTilem2 [umol m^-2 m^-1],Thermal time[dd]
1,0.14142136,0.0,0.0701,0.004042135611804359,0.07889469742952983,19.518072871956964,0.0
2,0.28284273,0.07071068,0.0701,0.005716443181545683,0.21985221983578998,38.45961778217895,0.0
3,0.4242641,0.07071068,0.0701,0.004042135611804359,0.2683224998528799,66.38137005331795,0.0
4,0.56568545,0.14142136,0.0701,0.004042135611804359,0.1805060313278198,44.65610475825776,0.0
5,0.70710677,0.21213204,0.0701,0.005716443181545683,0.09073542378959625,15.872706315443876,0.0
6,0.8485281,0.21213204,0.0701,0.004042135611804359,0.050374619695523384,12.462377449290173,0.0
7,0.9899494,0.28284273,0.0701,0.004042135611804359,0.13277922337032952,32.848779982188304,0.0
