Tile Number, Tile x cohordinate [m], Tile y cohordinate [m], area_m2[m2], Tile z cohordinate [m],absorbedPARTile [umol^s-1],absorbedPARTilem2 [umol m^-2 m^-1],Thermal time[dd]
1,0.14142136,0.0,0.0701,0.004042135611804359,0.15627997271645863,38.66272379879338,0.0
2,0.28284273,0.07071068,0.0701,0.005716443181545683,0.0723479552007993,12.65611375870213,0.0
3,0.4242641,0.07071068,0.0701,0.004042135611804359,0.02695131556881045,6.667593113428403,0.0
4,0.56568545,0.14142136,0.0701,0.004042135611804359,0.06511550937533478,16.109184755003312,0.0
5,0.70710677,0.21213204,0.0701,0.005716443181545683,0.1785425985052109,31.233162446466288,0.0
6,0.8485281,0.21213204,0.0701,0.004042135611804359,0.14029265461011725,34.70755760900668,0.0
7,0.9899494,0.28284273,0.0701,0.004042135611804359,0.12221347354031009,30.23487712371815,0.0
