Tile Number, Tile x cohordinate [m], Tile y cohordinate [m], area_m2[m2], Tile z cohordinate [m],absorbedPARTile [umol^s-1],absorbedPARTilem2 [umol m^-2 m^-1],Thermal time[dd]
1,0.1118034,0.0,0.0701,0.00108033979058772,0.0029263649600549508,2.7087449574202647,0.0
2,0.22360681,0.0559017,0.0701,0.0012078565728149138,0.0021139846658706483,1.7501951087983898,0.0
3,0.3354102,0.0559017,0.0701,0.00108033979058772,0.009866163503161083,9.13246331304131,0.0
4,0.44721362,0.1118034,0.0701,0.00108033979058772,0.001888389364056461,1.7479587260496543,0.0
5,0.559017,0.1677051,0.0701,0.0012078565728149138,0.005399300929415252,4.470150720653995,0.0
6,0.6708204,0.1677051,0.0701,0.00108033979058772,0.004863650881544563,4.501964033832975,0.0
7,0.7826238,0.22360681,0.0701,0.00108033979058772,0.003142520306340844,2.908825846941423,0.0
