Tile Number, Tile x cohordinate [m], Tile y cohordinate [m], area_m2[m2], Tile z cohordinate [m],absorbedPARTile [umol^s-1],absorbedPARTilem2 [umol m^-2 m^-1],Thermal time[dd]
1,0.14142136,0.0,0.0701,0.004042135611804359,0.21904433861961367,54.19024982237916,0.0
2,0.28284273,0.07071068,0.0701,0.005716443181545683,0.32741441600219723,57.27589789734722,0.0
3,0.4242641,0.07071068,0.0701,0.004042135611804359,0.22017464928573605,54.46988187203665,0.0
4,0.56568545,0.14142136,0.0701,0.004042135611804359,0.22768587287231443,56.32811333875022,0.0
5,0.70710677,0.21213204,0.0701,0.005716443181545683,0.3392153870822144,59.34028841173457,0.0
6,0.8485281,0.21213204,0.0701,0.004042135611804359,0.2355696500080872,58.27851230922255,0.0
7,0.9899494,0.28284273,0.0701,0.004042135611804359,0.19642365994163516,48.59403018741226,0.0
