Tile Number, Tile x cohordinate [m], Tile y cohordinate [m], area_m2[m2], Tile z cohordinate [m],absorbedPARTile [umol^s-1],absorbedPARTilem2 [umol m^-2 m^-1],Thermal time[dd]
1,0.1118034,0.0,0.0701,0.00108033979058772,0.0036421785741283467,3.371326878691519,0.0
2,0.22360681,0.0559017,0.0701,0.0012078565728149138,0.0033666585697233625,2.7872999538987924,0.0
3,0.3354102,0.0559017,0.0701,0.00108033979058772,0.0056551803211438,5.234631150693157,0.0
4,0.44721362,0.1118034,0.0701,0.00108033979058772,0.020020337654165752,18.53151927624031,0.0
5,0.559017,0.1677051,0.0701,0.0012078565728149138,0.005010417586881509,4.1481891970043385,0.0
6,0.6708204,0.1677051,0.0701,0.00108033979058772,0.006711099345970779,6.2120264424583,0.0
7,0.7826238,0.22360681,0.0701,0.00108033979058772,0.0020121015321152113,1.862471001850816,0.0
