Tile Number, Tile x cohordinate [m], Tile y cohordinate [m], area_m2[m2], Tile z cohordinate [m],absorbedPARTile [umol^s-1],absorbedPARTilem2 [umol m^-2 m^-1],Thermal time[dd]
1,0.1118034,0.0,0.0701,0.00108033979058772,0.0016739824600764553,1.5494962554010767,0.0
2,0.22360681,0.0559017,0.0701,0.0012078565728149138,0.001047399971889384,0.8671559152494529,0.0
3,0.3354102,0.0559017,0.0701,0.00108033979058772,0.005611708435123624,5.194392064436298,0.0
4,0.44721362,0.1118034,0.0701,0.00108033979058772,0.009385642738630491,8.687676618413334,0.0
5,0.559017,0.1677051,0.0701,0.0012078565728149138,0.002701153148480807,2.2363194515601803,0.0
6,0.6708204,0.1677051,0.0701,0.00108033979058772,0.015370738254366629,14.227688721901776,0.0
7,0.7826238,0.22360681,0.0701,0.00108033979058772,0.0025684491382639662,2.3774456524152408,0.0
