Tile Number, Tile x cohordinate [m], Tile y cohordinate [m], area_m2[m2], Tile z cohordinate [m],absorbedPARTile [umol^s-1],absorbedPARTilem2 [umol m^-2 m^-1],Thermal time[dd]
1,0.1118034,0.0,0.0701,0.00108033979058772,0.015135282424029707,14.009742634579721,0.0
2,0.22360681,0.0559017,0.0701,0.0012078565728149138,0.02833381368024558,23.45792896106326,0.0
3,0.3354102,0.0559017,0.0701,0.00108033979058772,0.02536000524976257,23.474100899279453,0.0
4,0.44721362,0.1118034,0.0701,0.00108033979058772,0.035376910669389965,32.7460961612313,0.0
5,0.559017,0.1677051,0.0701,0.0012078565728149138,0.031950617480769154,26.45232737054875,0.0
6,0.6708204,0.1677051,0.0701,0.00108033979058772,0.023004953602383374,21.294183369723296,0.0
7,0.7826238,0.22360681,0.0701,0.00108033979058772,0.01782816580889864,16.50236894375599,0.0
