Tile Number, Tile x cohordinate [m], Tile y cohordinate [m], area_m2[m2], Tile z cohordinate [m],absorbedPARTile [umol^s-1],absorbedPARTilem2 [umol m^-2 m^-1],Thermal time[dd]
1,0.1118034,0.0,0.0701,0.00108033979058772,0.01083400785662151,10.028333632632062,0.0
2,0.22360681,0.0559017,0.0701,0.0012078565728149138,0.01857997448702563,15.382599975198163,0.0
3,0.3354102,0.0559017,0.0701,0.00108033979058772,0.008394527655598965,7.770266103993285,0.0
4,0.44721362,0.1118034,0.0701,0.00108033979058772,0.013378550012544867,12.383650152575376,0.0
5,0.559017,0.1677051,0.0701,0.0012078565728149138,0.015555298286026685,12.878431625184612,0.0
6,0.6708204,0.1677051,0.0701,0.00108033979058772,0.008105902494585242,7.503104639120548,0.0
7,0.7826238,0.22360681,0.0701,0.00108033979058772,0.007365445229159595,6.817711698976384,0.0
