Tile Number, Tile x cohordinate [m], Tile y cohordinate [m], area_m2[m2], Tile z cohordinate [m],absorbedPARTile [umol^s-1],absorbedPARTilem2 [umol m^-2 m^-1],Thermal time[dd]
1,0.1118034,0.0,0.0701,0.00108033979058772,0.0063006280025383835,5.832079922846083,0.0
2,0.22360681,0.0559017,0.0701,0.0012078565728149138,0.004938601327733912,4.088731591884693,0.0
3,0.3354102,0.0559017,0.0701,0.00108033979058772,0.0075570532506395935,6.995070732818655,0.0
4,0.44721362,0.1118034,0.0701,0.00108033979058772,4.83108931240472E-4,0.4471823915489163,0.0
5,0.559017,0.1677051,0.0701,0.0012078565728149138,0.0010013773139002386,0.8290531644552179,0.0
6,0.6708204,0.1677051,0.0701,0.00108033979058772,0.0039219936093120075,3.630333385367939,0.0
7,0.7826238,0.22360681,0.0701,0.00108033979058772,0.002410298308020351,2.2310557558091193,0.0
