Tile Number, Tile x cohordinate [m], Tile y cohordinate [m], area_m2[m2], Tile z cohordinate [m],absorbedPARTile [umol^s-1],absorbedPARTilem2 [umol m^-2 m^-1],Thermal time[dd]
1,0.14142136,0.0,0.0701,0.004042135611804359,0.03039428853027133,7.519363883168604,0.0
2,0.28284273,0.07071068,0.0701,0.005716443181545683,0.14512712120205562,25.38766092708969,0.0
3,0.4242641,0.07071068,0.0701,0.004042135611804359,0.046486066616021476,11.50037284258028,0.0
4,0.56568545,0.14142136,0.0701,0.004042135611804359,0.013887816706851623,3.4357621912274916,0.0
5,0.70710677,0.21213204,0.0701,0.005716443181545683,0.090123877242205,15.76572606076987,0.0
6,0.8485281,0.21213204,0.0701,0.004042135611804359,0.11254508416813859,27.842975836701296,0.0
7,0.9899494,0.28284273,0.0701,0.004042135611804359,0.1222259803832074,30.237971241308063,0.0
