Tile Number, Tile x cohordinate [m], Tile y cohordinate [m], area_m2[m2], Tile z cohordinate [m],absorbedPARTile [umol^s-1],absorbedPARTilem2 [umol m^-2 m^-1],Thermal time[dd]
1,0.1118034,0.0,0.0701,0.00108033979058772,0.005158234415821261,4.774640775764734,0.0
2,0.22360681,0.0559017,0.0701,0.0012078565728149138,0.008045143893564997,6.660678158844442,0.0
3,0.3354102,0.0559017,0.0701,0.00108033979058772,0.0027707999133406718,2.564748551780471,0.0
4,0.44721362,0.1118034,0.0701,0.00108033979058772,0.007958669912310912,7.366821051718631,0.0
5,0.559017,0.1677051,0.0701,0.0012078565728149138,0.004997179470461084,4.137229190064463,0.0
6,0.6708204,0.1677051,0.0701,0.00108033979058772,0.003192055472686729,2.9546773158750415,0.0
7,0.7826238,0.22360681,0.0701,0.00108033979058772,0.008335886226658821,7.715985562397903,0.0
