Tile Number, Tile x cohordinate [m], Tile y cohordinate [m], area_m2[m2], Tile z cohordinate [m],absorbedPARTile [umol^s-1],absorbedPARTilem2 [umol m^-2 m^-1],Thermal time[dd]
1,0.14142136,0.0,0.0701,0.004042135611804359,0.14307459492828373,35.39579288494406,0.0
2,0.28284273,0.07071068,0.0701,0.005716443181545683,0.21370506449401855,37.384271601600055,0.0
3,0.4242641,0.07071068,0.0701,0.004042135611804359,0.11558410167921067,28.594810461496454,0.0
4,0.56568545,0.14142136,0.0701,0.004042135611804359,0.09773198791231154,24.17830505906386,0.0
5,0.70710677,0.21213204,0.0701,0.005716443181545683,0.1297818622930384,22.703254133971182,0.0
6,0.8485281,0.21213204,0.0701,0.004042135611804359,0.15662278929862974,38.747534556050006,0.0
7,0.9899494,0.28284273,0.0701,0.004042135611804359,0.12024819561347963,29.74867920371487,0.0
