Tile Number, Tile x cohordinate [m], Tile y cohordinate [m], area_m2[m2], Tile z cohordinate [m],absorbedPARTile [umol^s-1],absorbedPARTilem2 [umol m^-2 m^-1],Thermal time[dd]
1,0.14142136,0.0,0.0701,0.004042135611804359,0.2595064005737304,64.2003202010063,0.0
2,0.28284273,0.07071068,0.0701,0.005716443181545683,0.23386622111104335,40.9111424156249,0.0
3,0.4242641,0.07071068,0.0701,0.004042135611804359,0.09382068581480187,23.210672482341945,0.0
4,0.56568545,0.14142136,0.0701,0.004042135611804359,0.13360888053734105,33.05403216734228,0.0
5,0.70710677,0.21213204,0.0701,0.005716443181545683,0.1845916457303365,32.29134618642782,0.0
6,0.8485281,0.21213204,0.0701,0.004042135611804359,0.10077435913639865,24.930969372255728,0.0
7,0.9899494,0.28284273,0.0701,0.004042135611804359,0.0915310012828842,22.644218322508454,0.0
