Tile Number, Tile x cohordinate [m], Tile y cohordinate [m], area_m2[m2], Tile z cohordinate [m],absorbedPARTile [umol^s-1],absorbedPARTilem2 [umol m^-2 m^-1],Thermal time[dd]
1,0.1118034,0.0,0.0701,0.00108033979058772,0.022133069566386047,20.48713724998072,0.0
2,0.22360681,0.0559017,0.0701,0.0012078565728149138,0.020134666945761142,16.669749868427868,0.0
3,0.3354102,0.0559017,0.0701,0.00108033979058772,0.01351802297332533,12.51275116504904,0.0
4,0.44721362,0.1118034,0.0701,0.00108033979058772,0.018780395114120992,17.383785432825903,0.0
5,0.559017,0.1677051,0.0701,0.0012078565728149138,0.0038628703117094933,3.198120040616297,0.0
6,0.6708204,0.1677051,0.0701,0.00108033979058772,0.014192970100467503,13.137505647872445,0.0
7,0.7826238,0.22360681,0.0701,0.00108033979058772,0.009441102081365876,8.739011710593187,0.0
