Tile Number, Tile x cohordinate [m], Tile y cohordinate [m], area_m2[m2], Tile z cohordinate [m],absorbedPARTile [umol^s-1],absorbedPARTilem2 [umol m^-2 m^-1],Thermal time[dd]
1,0.14142136,0.0,0.0701,0.004042135611804359,0.009356779925099278,2.3148109869877738,0.0
2,0.28284273,0.07071068,0.0701,0.005716443181545683,0.14811128386833664,25.90969229721067,0.0
3,0.4242641,0.07071068,0.0701,0.004042135611804359,0.05628642572274246,13.92492264692151,0.0
4,0.56568545,0.14142136,0.0701,0.004042135611804359,0.09579641595129472,23.699456216050205,0.0
5,0.70710677,0.21213204,0.0701,0.005716443181545683,0.07737591245755486,13.535674194636707,0.0
6,0.8485281,0.21213204,0.0701,0.004042135611804359,0.02181206750370554,5.396174101632603,0.0
7,0.9899494,0.28284273,0.0701,0.004042135611804359,0.02276292264794513,5.631409936240126,0.0
