Tile Number, Tile x cohordinate [m], Tile y cohordinate [m], area_m2[m2], Tile z cohordinate [m],absorbedPARTile [umol^s-1],absorbedPARTilem2 [umol m^-2 m^-1],Thermal time[dd]
1,0.1118034,0.0,0.0701,0.00108033979058772,0.001688857386850153,1.5632650038108762,0.0
2,0.22360681,0.0559017,0.0701,0.0012078565728149138,0.0014781791065191037,1.2238035043135977,0.0
3,0.3354102,0.0559017,0.0701,0.00108033979058772,0.006398946282998682,5.923086735070237,0.0
4,0.44721362,0.1118034,0.0701,0.00108033979058772,0.0010954059641070835,1.0139457730342112,0.0
5,0.559017,0.1677051,0.0701,0.0012078565728149138,0.0015613119418816674,1.2926302485095766,0.0
6,0.6708204,0.1677051,0.0701,0.00108033979058772,0.0014086447369036769,1.3038904511120104,0.0
7,0.7826238,0.22360681,0.0701,0.00108033979058772,0.002627166230737996,2.431796230803256,0.0
