Tile Number, Tile x cohordinate [m], Tile y cohordinate [m], area_m2[m2], Tile z cohordinate [m],absorbedPARTile [umol^s-1],absorbedPARTilem2 [umol m^-2 m^-1],Thermal time[dd]
1,0.14142136,0.0,0.0701,0.004042135611804359,0.09067917994063694,22.43348285392109,0.0
2,0.28284273,0.07071068,0.0701,0.005716443181545683,0.09085862872102657,15.894259041066702,0.0
3,0.4242641,0.07071068,0.0701,0.004042135611804359,0.06944183952363878,17.17949277130779,0.0
4,0.56568545,0.14142136,0.0701,0.004042135611804359,0.052741449231067355,13.047916818289089,0.0
5,0.70710677,0.21213204,0.0701,0.005716443181545683,0.10933620378516119,19.126614279685278,0.0
6,0.8485281,0.21213204,0.0701,0.004042135611804359,0.04838583888171464,11.970365056632971,0.0
7,0.9899494,0.28284273,0.0701,0.004042135611804359,0.07524384014836846,18.61487277384554,0.0
