Tile Number, Tile x cohordinate [m], Tile y cohordinate [m], area_m2[m2], Tile z cohordinate [m],absorbedPARTile [umol^s-1],absorbedPARTilem2 [umol m^-2 m^-1],Thermal time[dd]
1,0.1118034,0.0,0.0701,0.00108033979058772,0.001966190065616362,1.8199737552448452,0.0
2,0.22360681,0.0559017,0.0701,0.0012078565728149138,0.0028143070889930137,2.3300010550377364,0.0
3,0.3354102,0.0559017,0.0701,0.00108033979058772,0.0018464314402233343,1.7091210157304766,0.0
4,0.44721362,0.1118034,0.0701,0.00108033979058772,0.005402673856834666,5.000902404877206,0.0
5,0.559017,0.1677051,0.0701,0.0012078565728149138,0.004903915335889301,4.060014612878009,0.0
6,0.6708204,0.1677051,0.0701,0.00108033979058772,0.004297619208998282,3.9780254753555986,0.0
7,0.7826238,0.22360681,0.0701,0.00108033979058772,0.002330477120382485,2.1571704945854795,0.0
