Tile Number, Tile x cohordinate [m], Tile y cohordinate [m], area_m2[m2], Tile z cohordinate [m],absorbedPARTile [umol^s-1],absorbedPARTilem2 [umol m^-2 m^-1],Thermal time[dd]
1,0.14142136,0.0,0.0701,0.004042135611804359,0.07878132236129759,19.490024563062736,0.0
2,0.28284273,0.07071068,0.0701,0.005716443181545683,0.2172484387045288,38.00412805743772,0.0
3,0.4242641,0.07071068,0.0701,0.004042135611804359,0.16305247579368592,40.3382002616437,0.0
4,0.56568545,0.14142136,0.0701,0.004042135611804359,0.18924921904258735,46.819116728770226,0.0
5,0.70710677,0.21213204,0.0701,0.005716443181545683,0.16896719557723996,29.558099365478608,0.0
6,0.8485281,0.21213204,0.0701,0.004042135611804359,0.05736697518077611,14.192244073465957,0.0
7,0.9899494,0.28284273,0.0701,0.004042135611804359,0.14406042193738938,35.63968054824429,0.0
