Tile Number, Tile x cohordinate [m], Tile y cohordinate [m], area_m2[m2], Tile z cohordinate [m],absorbedPARTile [umol^s-1],absorbedPARTilem2 [umol m^-2 m^-1],Thermal time[dd]
1,0.14142136,0.0,0.0701,0.004042135611804359,0.16010646533493042,39.60937502130486,0.0
2,0.28284273,0.07071068,0.0701,0.005716443181545683,0.25444791650176996,44.511579739513685,0.0
3,0.4242641,0.07071068,0.0701,0.004042135611804359,0.2425547120814514,60.0065745872336,0.0
4,0.56568545,0.14142136,0.0701,0.004042135611804359,0.2065282048127747,51.0938337174153,0.0
5,0.70710677,0.21213204,0.0701,0.005716443181545683,0.20914022158432008,36.58572558885649,0.0
6,0.8485281,0.21213204,0.0701,0.004042135611804359,0.17973402643722533,44.465115398984416,0.0
7,0.9899494,0.28284273,0.0701,0.004042135611804359,0.11166036213394165,27.624100935123707,0.0
