Tile Number, Tile x cohordinate [m], Tile y cohordinate [m], area_m2[m2], Tile z cohordinate [m],absorbedPARTile [umol^s-1],absorbedPARTilem2 [umol m^-2 m^-1],Thermal time[dd]
1,0.14142136,0.0,0.0701,0.004042135611804359,0.02904799757731885,7.186299611643209,0.0
2,0.28284273,0.07071068,0.0701,0.005716443181545683,0.022634931177411083,3.9596179754717284,0.0
3,0.4242641,0.07071068,0.0701,0.004042135611804359,0.012618955637678878,3.1218536065013245,0.0
4,0.56568545,0.14142136,0.0701,0.004042135611804359,0.05636591214200348,13.944587108209967,0.0
5,0.70710677,0.21213204,0.0701,0.005716443181545683,0.10650484264949085,18.631313085262356,0.0
6,0.8485281,0.21213204,0.0701,0.004042135611804359,0.06547592143519461,16.198348527442644,0.0
7,0.9899494,0.28284273,0.0701,0.004042135611804359,0.08500691220559001,21.030197986762737,0.0
