Tile Number, Tile x cohordinate [m], Tile y cohordinate [m], area_m2[m2], Tile z cohordinate [m],absorbedPARTile [umol^s-1],absorbedPARTilem2 [umol m^-2 m^-1],Thermal time[dd]
1,0.14142136,0.0,0.0701,0.004042135611804359,0.08271217693309585,20.462494304136953,0.0
2,0.28284273,0.07071068,0.0701,0.005716443181545683,0.2500218583932241,43.737311900582924,0.0
3,0.4242641,0.07071068,0.0701,0.004042135611804359,0.0394659499235535,9.763638262976631,0.0
4,0.56568545,0.14142136,0.0701,0.004042135611804359,0.1034209920925441,25.585730421938578,0.0
5,0.70710677,0.21213204,0.0701,0.005716443181545683,0.14756578225307065,25.81426554355605,0.0
6,0.8485281,0.21213204,0.0701,0.004042135611804359,0.1137115898492813,28.13156231503125,0.0
7,0.9899494,0.28284273,0.0701,0.004042135611804359,0.10848952651348907,26.839655304157567,0.0
