Tile Number, Tile x cohordinate [m], Tile y cohordinate [m], area_m2[m2], Tile z cohordinate [m],absorbedPARTile [umol^s-1],absorbedPARTilem2 [umol m^-2 m^-1],Thermal time[dd]
1,0.14142136,0.0,0.0701,0.004042135611804359,0.07308672034932137,18.08121433033672,0.0
2,0.28284273,0.07071068,0.0701,0.005716443181545683,0.16476990452682494,28.82385065222889,0.0
3,0.4242641,0.07071068,0.0701,0.004042135611804359,0.10600064323127749,26.223920573501022,0.0
4,0.56568545,0.14142136,0.0701,0.004042135611804359,0.0858519336454773,21.23925120046976,0.0
5,0.70710677,0.21213204,0.0701,0.005716443181545683,0.1506810085305786,26.35922438921812,0.0
6,0.8485281,0.21213204,0.0701,0.004042135611804359,0.028901430836394428,7.150039882875969,0.0
7,0.9899494,0.28284273,0.0701,0.004042135611804359,0.05436639662131309,13.449919013737542,0.0
