Tile Number, Tile x cohordinate [m], Tile y cohordinate [m], area_m2[m2], Tile z cohordinate [m],absorbedPARTile [umol^s-1],absorbedPARTilem2 [umol m^-2 m^-1],Thermal time[dd]
1,0.14142136,0.0,0.0701,0.004042135611804359,0.0077705450000160855,1.9223860222115137,0.0
2,0.28284273,0.07071068,0.0701,0.005716443181545683,0.05376541985616863,9.40539740336068,0.0
3,0.4242641,0.07071068,0.0701,0.004042135611804359,0.02978816591541156,7.369412799615224,0.0
4,0.56568545,0.14142136,0.0701,0.004042135611804359,0.08062233277354963,19.945479448563287,0.0
5,0.70710677,0.21213204,0.0701,0.005716443181545683,0.06889424348351066,12.051942317194898,0.0
6,0.8485281,0.21213204,0.0701,0.004042135611804359,0.026098085699344336,6.4565091836922495,0.0
7,0.9899494,0.28284273,0.0701,0.004042135611804359,0.30384495020446783,75.16941027835412,0.0
