Tile Number, Tile x cohordinate [m], Tile y cohordinate [m], area_m2[m2], Tile z cohordinate [m],absorbedPARTile [umol^s-1],absorbedPARTilem2 [umol m^-2 m^-1],Thermal time[dd]
1,0.1118034,0.0,0.0701,0.00108033979058772,0.005311882855787277,4.91686310368846,0.0
2,0.22360681,0.0559017,0.0701,0.0012078565728149138,0.009657122854138613,7.995256284140306,0.0
3,0.3354102,0.0559017,0.0701,0.00108033979058772,0.007831201469229646,7.2488318374067875,0.0
4,0.44721362,0.1118034,0.0701,0.00108033979058772,0.022564941927860082,20.88689329454804,0.0
5,0.559017,0.1677051,0.0701,0.0012078565728149138,0.006591460396557768,5.457154884868778,0.0
6,0.6708204,0.1677051,0.0701,0.00108033979058772,0.004828390177477151,4.469325502535123,0.0
7,0.7826238,0.22360681,0.0701,0.00108033979058772,0.008377013778590969,7.754054651670061,0.0
