Tile Number, Tile x cohordinate [m], Tile y cohordinate [m], area_m2[m2], Tile z cohordinate [m],absorbedPARTile [umol^s-1],absorbedPARTilem2 [umol m^-2 m^-1],Thermal time[dd]
1,0.14142136,0.0,0.0701,0.004042135611804359,0.06075771385713576,15.031092395738368,0.0
2,0.28284273,0.07071068,0.0701,0.005716443181545683,0.14686481437713625,25.691642462442026,0.0
3,0.4242641,0.07071068,0.0701,0.004042135611804359,0.15996784590618132,39.575081409694135,0.0
4,0.56568545,0.14142136,0.0701,0.004042135611804359,0.11412946478043555,28.234942055664867,0.0
5,0.70710677,0.21213204,0.0701,0.005716443181545683,0.15619166683799743,27.323225627822016,0.0
6,0.8485281,0.21213204,0.0701,0.004042135611804359,0.07111352609734536,17.593057959181426,0.0
7,0.9899494,0.28284273,0.0701,0.004042135611804359,0.06538930994514468,16.176921366563377,0.0
