Tile Number, Tile x cohordinate [m], Tile y cohordinate [m], area_m2[m2], Tile z cohordinate [m],absorbedPARTile [umol^s-1],absorbedPARTilem2 [umol m^-2 m^-1],Thermal time[dd]
1,0.14142136,0.0,0.0701,0.004042135611804359,0.08391148329197645,20.759195472543635,0.0
2,0.28284273,0.07071068,0.0701,0.005716443181545683,0.06302807185729979,11.025749728567664,0.0
3,0.4242641,0.07071068,0.0701,0.004042135611804359,0.10263996080509187,25.392507986458835,0.0
4,0.56568545,0.14142136,0.0701,0.004042135611804359,0.20782366220298767,51.41432207174706,0.0
5,0.70710677,0.21213204,0.0701,0.005716443181545683,0.17761155781661989,31.070291818871027,0.0
6,0.8485281,0.21213204,0.0701,0.004042135611804359,0.05733379503549933,14.184035505406072,0.0
7,0.9899494,0.28284273,0.0701,0.004042135611804359,0.14934378795562744,36.946753473459594,0.0
