Tile Number, Tile x cohordinate [m], Tile y cohordinate [m], area_m2[m2], Tile z cohordinate [m],absorbedPARTile [umol^s-1],absorbedPARTilem2 [umol m^-2 m^-1],Thermal time[dd]
1,0.14142136,0.0,0.0701,0.004042135611804359,0.13968421639229456,34.557033659229766,0.0
2,0.28284273,0.07071068,0.0701,0.005716443181545683,0.18990075546957652,33.22008973737911,0.0
3,0.4242641,0.07071068,0.0701,0.004042135611804359,0.1097078915455381,27.141071473494144,0.0
4,0.56568545,0.14142136,0.0701,0.004042135611804359,0.06995500645089744,17.30644717772603,0.0
5,0.70710677,0.21213204,0.0701,0.005716443181545683,0.16082235928220748,28.133290959908102,0.0
6,0.8485281,0.21213204,0.0701,0.004042135611804359,0.08328220206621786,20.603515088164425,0.0
7,0.9899494,0.28284273,0.0701,0.004042135611804359,0.055675974833968155,13.77390077447577,0.0
