Tile Number, Tile x cohordinate [m], Tile y cohordinate [m], area_m2[m2], Tile z cohordinate [m],absorbedPARTile [umol^s-1],absorbedPARTilem2 [umol m^-2 m^-1],Thermal time[dd]
1,0.14142136,0.0,0.0701,0.004042135611804359,0.13309265420475005,32.926320882475075,0.0
2,0.28284273,0.07071068,0.0701,0.005716443181545683,0.1716791536915143,30.03251291742806,0.0
3,0.4242641,0.07071068,0.0701,0.004042135611804359,0.11982513549983403,29.64401668016912,0.0
4,0.56568545,0.14142136,0.0701,0.004042135611804359,0.08829202397824719,21.842914849369617,0.0
5,0.70710677,0.21213204,0.0701,0.005716443181545683,0.12864362612355812,22.50413798196344,0.0
6,0.8485281,0.21213204,0.0701,0.004042135611804359,0.044471916370574564,11.002084205364612,0.0
7,0.9899494,0.28284273,0.0701,0.004042135611804359,0.051422462851350624,12.72160753369585,0.0
