Tile Number, Tile x cohordinate [m], Tile y cohordinate [m], area_m2[m2], Tile z cohordinate [m],absorbedPARTile [umol^s-1],absorbedPARTilem2 [umol m^-2 m^-1],Thermal time[dd]
1,0.14142136,0.0,0.0701,0.004042135611804359,0.026659839300116155,6.59548364044509,0.0
2,0.28284273,0.07071068,0.0701,0.005716443181545683,0.030120892933273913,5.269166853702454,0.0
3,0.4242641,0.07071068,0.0701,0.004042135611804359,0.08087684021744727,20.008443056997006,0.0
4,0.56568545,0.14142136,0.0701,0.004042135611804359,0.03928451064011038,9.718751277267083,0.0
5,0.70710677,0.21213204,0.0701,0.005716443181545683,0.06966268624406458,12.186369046570023,0.0
6,0.8485281,0.21213204,0.0701,0.004042135611804359,0.012899854183355274,3.1913462145316145,0.0
7,0.9899494,0.28284273,0.0701,0.004042135611804359,0.055938960592496395,13.838961866874609,0.0
