Tile Number, Tile x cohordinate [m], Tile y cohordinate [m], area_m2[m2], Tile z cohordinate [m],absorbedPARTile [umol^s-1],absorbedPARTilem2 [umol m^-2 m^-1],Thermal time[dd]
1,0.1118034,0.0,0.0701,0.00108033979058772,0.006179381294929283,5.719849762793253,0.0
2,0.22360681,0.0559017,0.0701,0.0012078565728149138,0.012345388541198583,10.220906040547193,0.0
3,0.3354102,0.0559017,0.0701,0.00108033979058772,0.007146174915115971,6.614747487203403,0.0
4,0.44721362,0.1118034,0.0701,0.00108033979058772,0.005718583512387369,5.293319344718738,0.0
5,0.559017,0.1677051,0.0701,0.0012078565728149138,0.004714408955157995,3.903119841597624,0.0
6,0.6708204,0.1677051,0.0701,0.00108033979058772,0.0032914357746577395,3.046667172063664,0.0
7,0.7826238,0.22360681,0.0701,0.00108033979058772,0.0019885574408588977,1.8406777739595195,0.0
