Tile Number, Tile x cohordinate [m], Tile y cohordinate [m], area_m2[m2], Tile z cohordinate [m],absorbedPARTile [umol^s-1],absorbedPARTilem2 [umol m^-2 m^-1],Thermal time[dd]
1,0.14142136,0.0,0.0701,0.004042135611804359,0.18528172775512694,45.837583284945616,0.0
2,0.28284273,0.07071068,0.0701,0.005716443181545683,0.16111902747680665,28.18518829977092,0.0
3,0.4242641,0.07071068,0.0701,0.004042135611804359,0.25401025953674317,62.84060801793736,0.0
4,0.56568545,0.14142136,0.0701,0.004042135611804359,0.16186870622779848,40.04534280222783,0.0
5,0.70710677,0.21213204,0.0701,0.005716443181545683,0.21647663354797364,37.86911313084022,0.0
6,0.8485281,0.21213204,0.0701,0.004042135611804359,0.15292595485115051,37.83295998396409,0.0
7,0.9899494,0.28284273,0.0701,0.004042135611804359,0.1287436676304245,31.850407802858182,0.0
