Tile Number, Tile x cohordinate [m], Tile y cohordinate [m], area_m2[m2], Tile z cohordinate [m],absorbedPARTile [umol^s-1],absorbedPARTilem2 [umol m^-2 m^-1],Thermal time[dd]
1,0.14142136,0.0,0.0701,0.004042135611804359,0.12133003951851527,30.01632086864969,0.0
2,0.28284273,0.07071068,0.0701,0.005716443181545683,0.25012174292043055,43.754785095720926,0.0
3,0.4242641,0.07071068,0.0701,0.004042135611804359,0.2222293031719049,54.978190865967626,0.0
4,0.56568545,0.14142136,0.0701,0.004042135611804359,0.11263532817760508,27.865301661001435,0.0
5,0.70710677,0.21213204,0.0701,0.005716443181545683,0.10150042380398115,17.755870316642632,0.0
6,0.8485281,0.21213204,0.0701,0.004042135611804359,0.1285541407632033,31.80351999764261,0.0
7,0.9899494,0.28284273,0.0701,0.004042135611804359,0.047607724540644575,11.777864256116107,0.0
