Tile Number, Tile x cohordinate [m], Tile y cohordinate [m], area_m2[m2], Tile z cohordinate [m],absorbedPARTile [umol^s-1],absorbedPARTilem2 [umol m^-2 m^-1],Thermal time[dd]
1,0.1118034,0.0,0.0701,0.00108033979058772,0.003962083697381196,3.6674421620865854,0.0
2,0.22360681,0.0559017,0.0701,0.0012078565728149138,0.004429387873286308,3.6671472201071063,0.0
3,0.3354102,0.0559017,0.0701,0.00108033979058772,0.009696804410654795,8.97569865993698,0.0
4,0.44721362,0.1118034,0.0701,0.00108033979058772,0.008084877627734077,7.483643292760504,0.0
5,0.559017,0.1677051,0.0701,0.0012078565728149138,0.006996096004925486,5.792157912111254,0.0
6,0.6708204,0.1677051,0.0701,0.00108033979058772,0.005874476934395753,5.437619705925999,0.0
7,0.7826238,0.22360681,0.0701,0.00108033979058772,0.004774704526077894,4.41963220060643,0.0
