Tile Number, Tile x cohordinate [m], Tile y cohordinate [m], area_m2[m2], Tile z cohordinate [m],absorbedPARTile [umol^s-1],absorbedPARTilem2 [umol m^-2 m^-1],Thermal time[dd]
1,0.14142136,0.0,0.0701,0.004042135611804359,0.047086583389445144,11.648937074732698,0.0
2,0.28284273,0.07071068,0.0701,0.005716443181545683,0.07780077414086264,13.609996928164325,0.0
3,0.4242641,0.07071068,0.0701,0.004042135611804359,0.068152874761342,16.86061065401005,0.0
4,0.56568545,0.14142136,0.0701,0.004042135611804359,0.053374244183555165,13.20446647749395,0.0
5,0.70710677,0.21213204,0.0701,0.005716443181545683,0.16656701642635663,29.138226539902067,0.0
6,0.8485281,0.21213204,0.0701,0.004042135611804359,0.052204211070325975,12.91500733371552,0.0
7,0.9899494,0.28284273,0.0701,0.004042135611804359,0.20214127142982483,50.00853282594135,0.0
