Tile Number, Tile x cohordinate [m], Tile y cohordinate [m], area_m2[m2], Tile z cohordinate [m],absorbedPARTile [umol^s-1],absorbedPARTilem2 [umol m^-2 m^-1],Thermal time[dd]
1,0.1118034,0.0,0.0701,0.00108033979058772,0.011560691224848953,10.70097697554931,0.0
2,0.22360681,0.0559017,0.0701,0.0012078565728149138,0.011445466669712464,9.47584914245138,0.0
3,0.3354102,0.0559017,0.0701,0.00108033979058772,0.007079875945738797,6.553378860448384,0.0
4,0.44721362,0.1118034,0.0701,0.00108033979058772,0.011731074542710319,10.858689687184853,0.0
5,0.559017,0.1677051,0.0701,0.0012078565728149138,0.015370958139034172,12.725814045298526,0.0
6,0.6708204,0.1677051,0.0701,0.00108033979058772,0.009689268327979767,8.968723000296666,0.0
7,0.7826238,0.22360681,0.0701,0.00108033979058772,0.00616284478256384,5.704542993099575,0.0
