Tile Number, Tile x cohordinate [m], Tile y cohordinate [m], area_m2[m2], Tile z cohordinate [m],absorbedPARTile [umol^s-1],absorbedPARTilem2 [umol m^-2 m^-1],Thermal time[dd]
1,0.1118034,0.0,0.0701,0.00108033979058772,0.0035514120854073933,3.287310266962745,0.0
2,0.22360681,0.0559017,0.0701,0.0012078565728149138,0.005897213291150345,4.882378772346182,0.0
3,0.3354102,0.0559017,0.0701,0.00108033979058772,0.004959842509368275,4.5910023425778395,0.0
4,0.44721362,0.1118034,0.0701,0.00108033979058772,0.005672205007352944,5.25038979103712,0.0
5,0.559017,0.1677051,0.0701,0.0012078565728149138,0.007565786265272496,6.263811809741951,0.0
6,0.6708204,0.1677051,0.0701,0.00108033979058772,0.009105279313372792,8.428162502854212,0.0
7,0.7826238,0.22360681,0.0701,0.00108033979058772,0.009031056318760113,8.35945912336256,0.0
