Tile Number, Tile x cohordinate [m], Tile y cohordinate [m], area_m2[m2], Tile z cohordinate [m],absorbedPARTile [umol^s-1],absorbedPARTilem2 [umol m^-2 m^-1],Thermal time[dd]
1,0.1118034,0.0,0.0701,0.00108033979058772,0.0024449441639368724,2.263125162322114,0.0
2,0.22360681,0.0559017,0.0701,0.0012078565728149138,7.590722464864497E-4,0.6284456810276979,0.0
3,0.3354102,0.0559017,0.0701,0.00108033979058772,0.003045017496034914,2.8185738621905077,0.0
4,0.44721362,0.1118034,0.0701,0.00108033979058772,0.0013787484566417732,1.2762174166441789,0.0
5,0.559017,0.1677051,0.0701,0.0012078565728149138,0.0013071897948437312,1.0822392527925075,0.0
6,0.6708204,0.1677051,0.0701,0.00108033979058772,0.0026971241113582295,2.496551672775985,0.0
7,0.7826238,0.22360681,0.0701,0.00108033979058772,4.626618844154274E-4,0.42825589545649606,0.0
