Tile Number, Tile x cohordinate [m], Tile y cohordinate [m], area_m2[m2], Tile z cohordinate [m],absorbedPARTile [umol^s-1],absorbedPARTilem2 [umol m^-2 m^-1],Thermal time[dd]
1,0.1118034,0.0,0.0701,0.00108033979058772,0.007111649842524877,6.582789881927834,0.0
2,0.22360681,0.0559017,0.0701,0.0012078565728149138,0.009184402748203148,7.603885225212516,0.0
3,0.3354102,0.0559017,0.0701,0.00108033979058772,0.0016603441046408192,1.536872120333149,0.0
4,0.44721362,0.1118034,0.0701,0.00108033979058772,0.0063799068411123,5.905463166955594,0.0
5,0.559017,0.1677051,0.0701,0.0012078565728149138,0.008830571081153777,7.31094343476072,0.0
6,0.6708204,0.1677051,0.0701,0.00108033979058772,0.007649357402164745,7.080510658598799,0.0
7,0.7826238,0.22360681,0.0701,0.00108033979058772,0.006980341771095136,6.461246574374283,0.0
