Tile Number, Tile x cohordinate [m], Tile y cohordinate [m], area_m2[m2], Tile z cohordinate [m],absorbedPARTile [umol^s-1],absorbedPARTilem2 [umol m^-2 m^-1],Thermal time[dd]
1,0.1118034,0.0,0.0701,0.00108033979058772,0.00998874998388242,9.245933613579483,0.0
2,0.22360681,0.0559017,0.0701,0.0012078565728149138,0.01627825771547798,13.476979040269198,0.0
3,0.3354102,0.0559017,0.0701,0.00108033979058772,0.022297402451020645,20.639249470660104,0.0
4,0.44721362,0.1118034,0.0701,0.00108033979058772,0.00837550901914829,7.752661794111922,0.0
5,0.559017,0.1677051,0.0701,0.0012078565728149138,0.00579138062188029,4.794758543544171,0.0
6,0.6708204,0.1677051,0.0701,0.00108033979058772,0.00800790964955398,7.412399061222734,0.0
7,0.7826238,0.22360681,0.0701,0.00108033979058772,0.01450530103720141,13.426610001386994,0.0
