Tile Number, Tile x cohordinate [m], Tile y cohordinate [m], area_m2[m2], Tile z cohordinate [m],absorbedPARTile [umol^s-1],absorbedPARTilem2 [umol m^-2 m^-1],Thermal time[dd]
1,0.1118034,0.0,0.0701,0.00108033979058772,0.0023607994310166497,2.1852378775499344,0.0
2,0.22360681,0.0559017,0.0701,0.0012078565728149138,0.012988539936050177,10.75337935677275,0.0
3,0.3354102,0.0559017,0.0701,0.00108033979058772,0.004811488472025395,4.453680697447863,0.0
4,0.44721362,0.1118034,0.0701,0.00108033979058772,0.014006351185656836,12.964764704294735,0.0
5,0.559017,0.1677051,0.0701,0.0012078565728149138,0.00951512896403335,7.877697715266235,0.0
6,0.6708204,0.1677051,0.0701,0.00108033979058772,0.014265800098635133,13.204919621514948,0.0
7,0.7826238,0.22360681,0.0701,0.00108033979058772,0.006599902523589348,6.1090988049222075,0.0
