Tile Number, Tile x cohordinate [m], Tile y cohordinate [m], area_m2[m2], Tile z cohordinate [m],absorbedPARTile [umol^s-1],absorbedPARTilem2 [umol m^-2 m^-1],Thermal time[dd]
1,0.1118034,0.0,0.0701,0.00108033979058772,0.009056500643260738,8.383011273086476,0.0
2,0.22360681,0.0559017,0.0701,0.0012078565728149138,0.00987765850769645,8.177840589695624,0.0
3,0.3354102,0.0559017,0.0701,0.00108033979058772,0.01419104784245973,13.135726339154465,0.0
4,0.44721362,0.1118034,0.0701,0.00108033979058772,0.007061874741597533,6.536716321219433,0.0
5,0.559017,0.1677051,0.0701,0.0012078565728149138,0.00931329788851497,7.71059917057064,0.0
6,0.6708204,0.1677051,0.0701,0.00108033979058772,0.006847383615505105,6.3381758916609305,0.0
7,0.7826238,0.22360681,0.0701,0.00108033979058772,0.00878003716563449,8.127107084390577,0.0
