Tile Number, Tile x cohordinate [m], Tile y cohordinate [m], area_m2[m2], Tile z cohordinate [m],absorbedPARTile [umol^s-1],absorbedPARTilem2 [umol m^-2 m^-1],Thermal time[dd]
1,0.14142136,0.0,0.0701,0.004042135611804359,0.06234797894913583,15.424514399531605,0.0
2,0.28284273,0.07071068,0.0701,0.005716443181545683,0.1269836625289154,22.21375398934342,0.0
3,0.4242641,0.07071068,0.0701,0.004042135611804359,0.04155421956329704,10.280263591836235,0.0
4,0.56568545,0.14142136,0.0701,0.004042135611804359,0.0380917534396547,9.42367033120173,0.0
5,0.70710677,0.21213204,0.0701,0.005716443181545683,0.1291157694001484,22.58673187148455,0.0
6,0.8485281,0.21213204,0.0701,0.004042135611804359,0.09662064994937063,23.903366741879392,0.0
7,0.9899494,0.28284273,0.0701,0.004042135611804359,0.07801962611819266,19.30158550107765,0.0
