Tile Number, Tile x cohordinate [m], Tile y cohordinate [m], area_m2[m2], Tile z cohordinate [m],absorbedPARTile [umol^s-1],absorbedPARTilem2 [umol m^-2 m^-1],Thermal time[dd]
1,0.14142136,0.0,0.0701,0.004042135611804359,0.31859473697865803,78.8184186716193,0.0
2,0.28284273,0.07071068,0.0701,0.005716443181545683,0.1699382257586797,29.727965513116445,0.0
3,0.4242641,0.07071068,0.0701,0.004042135611804359,0.18350862128690087,45.39892742613474,0.0
4,0.56568545,0.14142136,0.0701,0.004042135611804359,0.08794199571576516,21.75631996584819,0.0
5,0.70710677,0.21213204,0.0701,0.005716443181545683,0.24424762128550212,42.727201780646304,0.0
6,0.8485281,0.21213204,0.0701,0.004042135611804359,0.1276213694294562,31.572757988811663,0.0
7,0.9899494,0.28284273,0.0701,0.004042135611804359,0.11649933436902167,28.82123351547273,0.0
