Tile Number, Tile x cohordinate [m], Tile y cohordinate [m], area_m2[m2], Tile z cohordinate [m],absorbedPARTile [umol^s-1],absorbedPARTilem2 [umol m^-2 m^-1],Thermal time[dd]
1,0.1118034,0.0,0.0701,0.00108033979058772,0.0160028374161911,14.812781641121758,0.0
2,0.22360681,0.0559017,0.0701,0.0012078565728149138,0.014665440168838967,12.141706638778402,0.0
3,0.3354102,0.0559017,0.0701,0.00108033979058772,0.013295914294548185,12.307159664382095,0.0
4,0.44721362,0.1118034,0.0701,0.00108033979058772,0.017436944510218152,16.140240933579065,0.0
5,0.559017,0.1677051,0.0701,0.0012078565728149138,0.023095874540269973,19.121371742379115,0.0
6,0.6708204,0.1677051,0.0701,0.00108033979058772,0.013056760089276656,12.085790232879969,0.0
7,0.7826238,0.22360681,0.0701,0.00108033979058772,0.026489888724302052,24.519960252404648,0.0
