Tile Number, Tile x cohordinate [m], Tile y cohordinate [m], area_m2[m2], Tile z cohordinate [m],absorbedPARTile [umol^s-1],absorbedPARTilem2 [umol m^-2 m^-1],Thermal time[dd]
1,0.1118034,0.0,0.0701,0.00108033979058772,0.001564299195284122,1.4479696192927611,0.0
2,0.22360681,0.0559017,0.0701,0.0012078565728149138,7.478783884751319E-4,0.6191781419313709,0.0
3,0.3354102,0.0559017,0.0701,0.00108033979058772,0.001266820091654733,1.172612637886424,0.0
4,0.44721362,0.1118034,0.0701,0.00108033979058772,0.008995579813021794,8.326620838549392,0.0
5,0.559017,0.1677051,0.0701,0.0012078565728149138,0.0020512790600614637,1.6982803308185432,0.0
6,0.6708204,0.1677051,0.0701,0.00108033979058772,0.005248781752702543,4.858454532945725,0.0
7,0.7826238,0.22360681,0.0701,0.00108033979058772,0.00782219143835359,7.240491840162815,0.0
