Tile Number, Tile x cohordinate [m], Tile y cohordinate [m], area_m2[m2], Tile z cohordinate [m],absorbedPARTile [umol^s-1],absorbedPARTilem2 [umol m^-2 m^-1],Thermal time[dd]
1,0.1118034,0.0,0.0701,0.00108033979058772,0.020175774444078625,18.67539696293397,0.0
2,0.22360681,0.0559017,0.0701,0.0012078565728149138,0.007329632670630965,6.068297209783138,0.0
3,0.3354102,0.0559017,0.0701,0.00108033979058772,0.0012033466942837578,1.113859458633029,0.0
4,0.44721362,0.1118034,0.0701,0.00108033979058772,0.0013630345999240945,1.2616721255657766,0.0
5,0.559017,0.1677051,0.0701,0.0012078565728149138,0.020957302392608453,17.350820341000745,0.0
6,0.6708204,0.1677051,0.0701,0.00108033979058772,0.004152875116468531,3.8440453204165603,0.0
7,0.7826238,0.22360681,0.0701,0.00108033979058772,0.02577430647577246,23.85759249110956,0.0
