Tile Number, Tile x cohordinate [m], Tile y cohordinate [m], area_m2[m2], Tile z cohordinate [m],absorbedPARTile [umol^s-1],absorbedPARTilem2 [umol m^-2 m^-1],Thermal time[dd]
1,0.14142136,0.0,0.0701,0.004042135611804359,0.20620755797897342,51.014507622351864,0.0
2,0.28284273,0.07071068,0.0701,0.005716443181545683,0.3105123308428956,54.319149334907834,0.0
3,0.4242641,0.07071068,0.0701,0.004042135611804359,0.2142633313482666,53.00745742486905,0.0
4,0.56568545,0.14142136,0.0701,0.004042135611804359,0.27352197283111573,67.66768834581947,0.0
5,0.70710677,0.21213204,0.0701,0.005716443181545683,0.3814058268664551,66.72082880098283,0.0
6,0.8485281,0.21213204,0.0701,0.004042135611804359,0.17822629962127684,44.092112867464834,0.0
7,0.9899494,0.28284273,0.0701,0.004042135611804359,0.18046524086578372,44.646013443677184,0.0
