Tile Number, Tile x cohordinate [m], Tile y cohordinate [m], area_m2[m2], Tile z cohordinate [m],absorbedPARTile [umol^s-1],absorbedPARTilem2 [umol m^-2 m^-1],Thermal time[dd]
1,0.1118034,0.0,0.0701,0.00108033979058772,0.011862250050273316,10.980110289023129,0.0
2,0.22360681,0.0559017,0.0701,0.0012078565728149138,0.015091560245889426,12.494496934117347,0.0
3,0.3354102,0.0559017,0.0701,0.00108033979058772,0.011075010847024289,10.25141436380801,0.0
4,0.44721362,0.1118034,0.0701,0.00108033979058772,0.004527441602025143,4.190757057612543,0.0
5,0.559017,0.1677051,0.0701,0.0012078565728149138,0.004399923107714579,3.6427529615213694,0.0
6,0.6708204,0.1677051,0.0701,0.00108033979058772,0.003685661151764243,3.4115758614789073,0.0
7,0.7826238,0.22360681,0.0701,0.00108033979058772,0.012989896651204586,12.023899114312822,0.0
