Tile Number, Tile x cohordinate [m], Tile y cohordinate [m], area_m2[m2], Tile z cohordinate [m],absorbedPARTile [umol^s-1],absorbedPARTilem2 [umol m^-2 m^-1],Thermal time[dd]
1,0.14142136,0.0,0.0701,0.004042135611804359,0.13161848322674435,32.56161986311773,0.0
2,0.28284273,0.07071068,0.0701,0.005716443181545683,0.10226894383449159,17.89031056315666,0.0
3,0.4242641,0.07071068,0.0701,0.004042135611804359,0.3056824700281779,75.62400161327714,0.0
4,0.56568545,0.14142136,0.0701,0.004042135611804359,0.12093551540619532,29.918717979927248,0.0
5,0.70710677,0.21213204,0.0701,0.005716443181545683,0.2525396672003428,44.17776214685615,0.0
6,0.8485281,0.21213204,0.0701,0.004042135611804359,0.13214964928311504,32.69302714564915,0.0
7,0.9899494,0.28284273,0.0701,0.004042135611804359,0.19301197938804623,47.75000097086997,0.0
