Tile Number, Tile x cohordinate [m], Tile y cohordinate [m], area_m2[m2], Tile z cohordinate [m],absorbedPARTile [umol^s-1],absorbedPARTilem2 [umol m^-2 m^-1],Thermal time[dd]
1,0.1118034,0.0,0.0701,0.00108033979058772,0.007478081700158901,6.921971925231709,0.0
2,0.22360681,0.0559017,0.0701,0.0012078565728149138,0.002302962451453014,1.9066522493527127,0.0
3,0.3354102,0.0559017,0.0701,0.00108033979058772,0.002782402824435828,2.5754886089330857,0.0
4,0.44721362,0.1118034,0.0701,0.00108033979058772,0.002467896811596747,2.2843709294963364,0.0
5,0.559017,0.1677051,0.0701,0.0012078565728149138,0.010778405981164177,8.923581014296314,0.0
6,0.6708204,0.1677051,0.0701,0.00108033979058772,0.004341607986979686,4.018743014748898,0.0
7,0.7826238,0.22360681,0.0701,0.00108033979058772,0.008934409579547022,8.269999547722461,0.0
