Tile Number, Tile x cohordinate [m], Tile y cohordinate [m], area_m2[m2], Tile z cohordinate [m],absorbedPARTile [umol^s-1],absorbedPARTilem2 [umol m^-2 m^-1],Thermal time[dd]
1,0.14142136,0.0,0.0701,0.004042135611804359,0.24089492237487792,59.59595261262039,0.0
2,0.28284273,0.07071068,0.0701,0.005716443181545683,0.45826802554748525,80.16663701423742,0.0
3,0.4242641,0.07071068,0.0701,0.004042135611804359,0.2845139868310547,70.38704639205591,0.0
4,0.56568545,0.14142136,0.0701,0.004042135611804359,0.2523491027862549,62.42964784489488,0.0
5,0.70710677,0.21213204,0.0701,0.005716443181545683,0.31415122516296384,54.95571550105388,0.0
6,0.8485281,0.21213204,0.0701,0.004042135611804359,0.13427028399055485,33.21765939728535,0.0
7,0.9899494,0.28284273,0.0701,0.004042135611804359,0.21703811314041135,53.69392172459256,0.0
