Tile Number, Tile x cohordinate [m], Tile y cohordinate [m], area_m2[m2], Tile z cohordinate [m],absorbedPARTile [umol^s-1],absorbedPARTilem2 [umol m^-2 m^-1],Thermal time[dd]
1,0.1118034,0.0,0.0701,0.00108033979058772,0.0019184182385127433,1.7757544943050714,0.0
2,0.22360681,0.0559017,0.0701,0.0012078565728149138,0.0025473264840342237,2.108964376538243,0.0
3,0.3354102,0.0559017,0.0701,0.00108033979058772,0.003999955018184076,3.70249717082812,0.0
4,0.44721362,0.1118034,0.0701,0.00108033979058772,0.0027211252256900257,2.5187679370855123,0.0
5,0.559017,0.1677051,0.0701,0.0012078565728149138,0.006282232309266947,5.201140972082624,0.0
6,0.6708204,0.1677051,0.0701,0.00108033979058772,0.0026295960985879014,2.434045400806134,0.0
7,0.7826238,0.22360681,0.0701,0.00108033979058772,0.003416956841687914,3.1628538275249882,0.0
