Tile Number, Tile x cohordinate [m], Tile y cohordinate [m], area_m2[m2], Tile z cohordinate [m],absorbedPARTile [umol^s-1],absorbedPARTilem2 [umol m^-2 m^-1],Thermal time[dd]
1,0.1118034,0.0,0.0701,0.00108033979058772,0.009095333264302884,8.41895609468841,0.0
2,0.22360681,0.0559017,0.0701,0.0012078565728149138,0.0036892532565329043,3.0543802464352927,0.0
3,0.3354102,0.0559017,0.0701,0.00108033979058772,0.014609445281125458,13.523009527565135,0.0
4,0.44721362,0.1118034,0.0701,0.00108033979058772,0.006439468939284268,5.960595911940915,0.0
5,0.559017,0.1677051,0.0701,0.0012078565728149138,0.003816952177301841,3.160103826240247,0.0
6,0.6708204,0.1677051,0.0701,0.00108033979058772,0.0016515738331001472,1.5287540526501093,0.0
7,0.7826238,0.22360681,0.0701,0.00108033979058772,9.39365693690622E-4,0.8695094838445171,0.0
