Tile Number, Tile x cohordinate [m], Tile y cohordinate [m], area_m2[m2], Tile z cohordinate [m],absorbedPARTile [umol^s-1],absorbedPARTilem2 [umol m^-2 m^-1],Thermal time[dd]
1,0.14142136,0.0,0.0701,0.004042135611804359,0.14132697667055127,34.963442655864945,0.0
2,0.28284273,0.07071068,0.0701,0.005716443181545683,0.09456733634114267,16.54303792372732,0.0
3,0.4242641,0.07071068,0.0701,0.004042135611804359,0.0843289174539565,20.86246616953881,0.0
4,0.56568545,0.14142136,0.0701,0.004042135611804359,0.03721389822016955,9.206494238217239,0.0
5,0.70710677,0.21213204,0.0701,0.005716443181545683,0.09000493392105699,15.744918835477753,0.0
6,0.8485281,0.21213204,0.0701,0.004042135611804359,0.25298899199612934,62.587952580640454,0.0
7,0.9899494,0.28284273,0.0701,0.004042135611804359,0.09517055577305655,23.544622178218706,0.0
