Tile Number, Tile x cohordinate [m], Tile y cohordinate [m], area_m2[m2], Tile z cohordinate [m],absorbedPARTile [umol^s-1],absorbedPARTilem2 [umol m^-2 m^-1],Thermal time[dd]
1,0.1118034,0.0,0.0701,0.00108033979058772,0.020277086188926954,18.769174629674556,0.0
2,0.22360681,0.0559017,0.0701,0.0012078565728149138,0.013632848116150793,11.286810390392127,0.0
3,0.3354102,0.0559017,0.0701,0.00108033979058772,0.011168526240954027,10.33797545759024,0.0
4,0.44721362,0.1118034,0.0701,0.00108033979058772,0.010825694192305911,10.020638216441684,0.0
5,0.559017,0.1677051,0.0701,0.0012078565728149138,0.01212156584965162,10.035600353941255,0.0
6,0.6708204,0.1677051,0.0701,0.00108033979058772,0.015404801101195992,14.25921847497218,0.0
7,0.7826238,0.22360681,0.0701,0.00108033979058772,0.012865026695910099,11.908315150468859,0.0
