Tile Number, Tile x cohordinate [m], Tile y cohordinate [m], area_m2[m2], Tile z cohordinate [m],absorbedPARTile [umol^s-1],absorbedPARTilem2 [umol m^-2 m^-1],Thermal time[dd]
1,0.14142136,0.0,0.0701,0.004042135611804359,0.13700668309738162,33.89462805188358,0.0
2,0.28284273,0.07071068,0.0701,0.005716443181545683,0.08490368824149133,14.852537766068378,0.0
3,0.4242641,0.07071068,0.0701,0.004042135611804359,0.07944762436614035,19.65486366516929,0.0
4,0.56568545,0.14142136,0.0701,0.004042135611804359,0.04976379063392654,12.311262019166298,0.0
5,0.70710677,0.21213204,0.0701,0.005716443181545683,0.12006413744596481,21.003294117147224,0.0
6,0.8485281,0.21213204,0.0701,0.004042135611804359,0.01043671903834045,2.581981417907359,0.0
7,0.9899494,0.28284273,0.0701,0.004042135611804359,0.078652853566339,19.458242157103022,0.0
