Tile Number, Tile x cohordinate [m], Tile y cohordinate [m], area_m2[m2], Tile z cohordinate [m],absorbedPARTile [umol^s-1],absorbedPARTilem2 [umol m^-2 m^-1],Thermal time[dd]
1,0.1118034,0.0,0.0701,0.00108033979058772,0.008662493359663088,8.018304458591283,0.0
2,0.22360681,0.0559017,0.0701,0.0012078565728149138,0.003395555337480953,2.8112239597848943,0.0
3,0.3354102,0.0559017,0.0701,0.00108033979058772,0.03237936396034779,29.97146290680728,0.0
4,0.44721362,0.1118034,0.0701,0.00108033979058772,0.0022605941685873514,2.0924844093334345,0.0
5,0.559017,0.1677051,0.0701,0.0012078565728149138,0.01309081586551356,10.838054914918724,0.0
6,0.6708204,0.1677051,0.0701,0.00108033979058772,0.006507714429441217,6.023766305877644,0.0
7,0.7826238,0.22360681,0.0701,0.00108033979058772,0.0016896022430243746,1.5639544685336522,0.0
