Tile Number, Tile x cohordinate [m], Tile y cohordinate [m], area_m2[m2], Tile z cohordinate [m],absorbedPARTile [umol^s-1],absorbedPARTilem2 [umol m^-2 m^-1],Thermal time[dd]
1,0.14142136,0.0,0.0701,0.004042135611804359,0.029730684556580022,7.355192257715622,0.0
2,0.28284273,0.07071068,0.0701,0.005716443181545683,0.0456695868737386,7.989161340949407,0.0
3,0.4242641,0.07071068,0.0701,0.004042135611804359,0.09659849744915563,23.897886346775795,0.0
4,0.56568545,0.14142136,0.0701,0.004042135611804359,0.19280223356030982,47.69811111662463,0.0
5,0.70710677,0.21213204,0.0701,0.005716443181545683,0.19975549918289184,34.944019006042055,0.0
6,0.8485281,0.21213204,0.0701,0.004042135611804359,0.09350146922454536,23.131700220915512,0.0
7,0.9899494,0.28284273,0.0701,0.004042135611804359,0.0641759008443805,15.87673126477149,0.0
