Tile Number, Tile x cohordinate [m], Tile y cohordinate [m], area_m2[m2], Tile z cohordinate [m],absorbedPARTile [umol^s-1],absorbedPARTilem2 [umol m^-2 m^-1],Thermal time[dd]
1,0.1118034,0.0,0.0701,0.00108033979058772,0.003807287188047462,3.524157141315923,0.0
2,0.22360681,0.0559017,0.0701,0.0012078565728149138,0.007158082524538571,5.926268636231068,0.0
3,0.3354102,0.0559017,0.0701,0.00108033979058772,0.002924756489816642,2.7072561015507293,0.0
4,0.44721362,0.1118034,0.0701,0.00108033979058772,0.006549637342960196,6.062571609435123,0.0
5,0.559017,0.1677051,0.0701,0.0012078565728149138,0.005114452552152341,4.234321083531542,0.0
6,0.6708204,0.1677051,0.0701,0.00108033979058772,0.007258097661922828,6.7183470655786195,0.0
7,0.7826238,0.22360681,0.0701,0.00108033979058772,0.0059395824557909324,5.497883635813984,0.0
