Tile Number, Tile x cohordinate [m], Tile y cohordinate [m], area_m2[m2], Tile z cohordinate [m],absorbedPARTile [umol^s-1],absorbedPARTilem2 [umol m^-2 m^-1],Thermal time[dd]
1,0.14142136,0.0,0.0701,0.004042135611804359,0.1398919052798907,34.60841463887568,0.0
2,0.28284273,0.07071068,0.0701,0.005716443181545683,0.1523563880884806,26.65230515722271,0.0
3,0.4242641,0.07071068,0.0701,0.004042135611804359,0.09387014149474303,23.22290751963182,0.0
4,0.56568545,0.14142136,0.0701,0.004042135611804359,0.1200064700030486,29.68887774388133,0.0
5,0.70710677,0.21213204,0.0701,0.005716443181545683,0.2569104574824016,44.942361766453345,0.0
6,0.8485281,0.21213204,0.0701,0.004042135611804359,0.15686206562080382,38.80673007672361,0.0
7,0.9899494,0.28284273,0.0701,0.004042135611804359,0.1798390241394043,44.49109119798343,0.0
