Tile Number, Tile x cohordinate [m], Tile y cohordinate [m], area_m2[m2], Tile z cohordinate [m],absorbedPARTile [umol^s-1],absorbedPARTilem2 [umol m^-2 m^-1],Thermal time[dd]
1,0.1118034,0.0,0.0701,0.00108033979058772,0.0015116085845297506,1.3991973615147641,0.0
2,0.22360681,0.0559017,0.0701,0.0012078565728149138,0.01028276404602309,8.51323267799841,0.0
3,0.3354102,0.0559017,0.0701,0.00108033979058772,0.002460472824057869,2.277499029003956,0.0
4,0.44721362,0.1118034,0.0701,0.00108033979058772,0.007078411710758651,6.55202351373904,0.0
5,0.559017,0.1677051,0.0701,0.0012078565728149138,0.005431146913669822,4.496516420830096,0.0
6,0.6708204,0.1677051,0.0701,0.00108033979058772,0.008654145487734658,8.0105773786474,0.0
7,0.7826238,0.22360681,0.0701,0.00108033979058772,0.010710626998752653,9.914128029039755,0.0
