Tile Number, Tile x cohordinate [m], Tile y cohordinate [m], area_m2[m2], Tile z cohordinate [m],absorbedPARTile [umol^s-1],absorbedPARTilem2 [umol m^-2 m^-1],Thermal time[dd]
1,0.1118034,0.0,0.0701,0.00108033979058772,0.0211971754444392,19.62084117341234,0.0
2,0.22360681,0.0559017,0.0701,0.0012078565728149138,0.025979484040055574,21.508749155133792,0.0
3,0.3354102,0.0559017,0.0701,0.00108033979058772,0.01655306818207286,15.322094332069137,0.0
4,0.44721362,0.1118034,0.0701,0.00108033979058772,0.03429927673169076,31.74860079256312,0.0
5,0.559017,0.1677051,0.0701,0.0012078565728149138,0.03852569144667029,31.895915718607252,0.0
6,0.6708204,0.1677051,0.0701,0.00108033979058772,0.028782392058541176,26.641980892773702,0.0
7,0.7826238,0.22360681,0.0701,0.00108033979058772,0.02247825079051673,20.80664896947677,0.0
