Tile Number, Tile x cohordinate [m], Tile y cohordinate [m], area_m2[m2], Tile z cohordinate [m],absorbedPARTile [umol^s-1],absorbedPARTilem2 [umol m^-2 m^-1],Thermal time[dd]
1,0.1118034,0.0,0.0701,0.00108033979058772,0.013734721617681609,12.71333495011762,0.0
2,0.22360681,0.0559017,0.0701,0.0012078565728149138,0.011174562048110367,9.251563720076476,0.0
3,0.3354102,0.0559017,0.0701,0.00108033979058772,0.016852324641183615,15.599096495386618,0.0
4,0.44721362,0.1118034,0.0701,0.00108033979058772,0.010205662578715496,9.446715438633872,0.0
5,0.559017,0.1677051,0.0701,0.0012078565728149138,0.00590016278555289,4.884820696717774,0.0
6,0.6708204,0.1677051,0.0701,0.00108033979058772,0.0035968658521908915,3.329383850829142,0.0
7,0.7826238,0.22360681,0.0701,0.00108033979058772,0.01437263779183626,13.303812297811733,0.0
