Tile Number, Tile x cohordinate [m], Tile y cohordinate [m], area_m2[m2], Tile z cohordinate [m],absorbedPARTile [umol^s-1],absorbedPARTilem2 [umol m^-2 m^-1],Thermal time[dd]
1,0.1118034,0.0,0.0701,0.00108033979058772,0.009468746997182028,8.76460080400343,0.0
2,0.22360681,0.0559017,0.0701,0.0012078565728149138,0.004569719793043821,3.7833298223431227,0.0
3,0.3354102,0.0559017,0.0701,0.00108033979058772,0.020034283446157874,18.544427985253552,0.0
4,0.44721362,0.1118034,0.0701,0.00108033979058772,0.016007472694526577,14.817072215601991,0.0
5,0.559017,0.1677051,0.0701,0.0012078565728149138,0.011822479368037134,9.78798280700233,0.0
6,0.6708204,0.1677051,0.0701,0.00108033979058772,0.0073905081481139365,6.840910806491166,0.0
7,0.7826238,0.22360681,0.0701,0.00108033979058772,0.009539431818172447,8.83002912720901,0.0
