Tile Number, Tile x cohordinate [m], Tile y cohordinate [m], area_m2[m2], Tile z cohordinate [m],absorbedPARTile [umol^s-1],absorbedPARTilem2 [umol m^-2 m^-1],Thermal time[dd]
1,0.14142136,0.0,0.0701,0.004042135611804359,0.08021000546256005,19.843472155738805,0.0
2,0.28284273,0.07071068,0.0701,0.005716443181545683,0.114447964804252,20.020834838999683,0.0
3,0.4242641,0.07071068,0.0701,0.004042135611804359,0.16783279253280162,41.52082182563962,0.0
4,0.56568545,0.14142136,0.0701,0.004042135611804359,0.12494683910228041,30.911095297593363,0.0
5,0.70710677,0.21213204,0.0701,0.005716443181545683,0.22905450410257974,40.06940974101402,0.0
6,0.8485281,0.21213204,0.0701,0.004042135611804359,0.12966648700877428,32.07870775787573,0.0
7,0.9899494,0.28284273,0.0701,0.004042135611804359,0.14603846535652082,36.12903657414182,0.0
