Tile Number, Tile x cohordinate [m], Tile y cohordinate [m], area_m2[m2], Tile z cohordinate [m],absorbedPARTile [umol^s-1],absorbedPARTilem2 [umol m^-2 m^-1],Thermal time[dd]
1,0.1118034,0.0,0.0701,0.00108033979058772,0.01472845330208549,13.633167481568929,0.0
2,0.22360681,0.0559017,0.0701,0.0012078565728149138,0.01858918121495515,15.390222343728281,0.0
3,0.3354102,0.0559017,0.0701,0.00108033979058772,0.015822457821020482,14.645816028319057,0.0
4,0.44721362,0.1118034,0.0701,0.00108033979058772,0.016237099656058553,15.029622899685426,0.0
5,0.559017,0.1677051,0.0701,0.0012078565728149138,0.009525668572213635,7.8864235925082005,0.0
6,0.6708204,0.1677051,0.0701,0.00108033979058772,0.010176423876837057,9.419651081536985,0.0
7,0.7826238,0.22360681,0.0701,0.00108033979058772,0.013869221792866815,12.83783297967926,0.0
