Tile Number, Tile x cohordinate [m], Tile y cohordinate [m], area_m2[m2], Tile z cohordinate [m],absorbedPARTile [umol^s-1],absorbedPARTilem2 [umol m^-2 m^-1],Thermal time[dd]
1,0.1118034,0.0,0.0701,0.00108033979058772,0.003536311815166573,3.2733329328199328,0.0
2,0.22360681,0.0559017,0.0701,0.0012078565728149138,0.004651163140950651,3.850757818133241,0.0
3,0.3354102,0.0559017,0.0701,0.00108033979058772,0.003159793029266061,2.9248140786771257,0.0
4,0.44721362,0.1118034,0.0701,0.00108033979058772,0.006961809880960251,6.444092813773831,0.0
5,0.559017,0.1677051,0.0701,0.0012078565728149138,0.0025795415027827875,2.1356356051208607,0.0
6,0.6708204,0.1677051,0.0701,0.00108033979058772,0.0036387362539752246,3.3681405477027755,0.0
7,0.7826238,0.22360681,0.0701,0.00108033979058772,0.0034408381750553885,3.1849592184173137,0.0
