Tile Number, Tile x cohordinate [m], Tile y cohordinate [m], area_m2[m2], Tile z cohordinate [m],absorbedPARTile [umol^s-1],absorbedPARTilem2 [umol m^-2 m^-1],Thermal time[dd]
1,0.14142136,0.0,0.0701,0.004042135611804359,0.06777743328665733,16.76772869488224,0.0
2,0.28284273,0.07071068,0.0701,0.005716443181545683,0.2847166447009277,49.80660800059636,0.0
3,0.4242641,0.07071068,0.0701,0.004042135611804359,0.10836729127044678,26.809415041390203,0.0
4,0.56568545,0.14142136,0.0701,0.004042135611804359,0.054947640231398344,13.593715181384129,0.0
5,0.70710677,0.21213204,0.0701,0.005716443181545683,0.18907876923950195,33.07629643725007,0.0
6,0.8485281,0.21213204,0.0701,0.004042135611804359,0.1009648840754223,24.978104094422704,0.0
7,0.9899494,0.28284273,0.0701,0.004042135611804359,0.05423789043948651,13.418127358491908,0.0
