Tile Number, Tile x cohordinate [m], Tile y cohordinate [m], area_m2[m2], Tile z cohordinate [m],absorbedPARTile [umol^s-1],absorbedPARTilem2 [umol m^-2 m^-1],Thermal time[dd]
1,0.14142136,0.0,0.0701,0.004042135611804359,0.05186976896679163,12.832268372024659,0.0
2,0.28284273,0.07071068,0.0701,0.005716443181545683,0.06622982129214287,11.58584441212531,0.0
3,0.4242641,0.07071068,0.0701,0.004042135611804359,0.03689203982203648,9.126868409436746,0.0
4,0.56568545,0.14142136,0.0701,0.004042135611804359,0.05599473220090567,13.852759426819507,0.0
5,0.70710677,0.21213204,0.0701,0.005716443181545683,0.09194158543798446,16.083704939952565,0.0
6,0.8485281,0.21213204,0.0701,0.004042135611804359,0.03854503991497517,9.53581067453824,0.0
7,0.9899494,0.28284273,0.0701,0.004042135611804359,0.03900035586499743,9.648453097690147,0.0
