Tile Number, Tile x cohordinate [m], Tile y cohordinate [m], area_m2[m2], Tile z cohordinate [m],absorbedPARTile [umol^s-1],absorbedPARTilem2 [umol m^-2 m^-1],Thermal time[dd]
1,0.1118034,0.0,0.0701,0.00108033979058772,0.005095058719044974,4.716163158512556,0.0
2,0.22360681,0.0559017,0.0701,0.0012078565728149138,0.0032417147330785325,2.683857343694132,0.0
3,0.3354102,0.0559017,0.0701,0.00108033979058772,0.00254467761247176,2.3554419032251137,0.0
4,0.44721362,0.1118034,0.0701,0.00108033979058772,0.008268858893238192,7.653942736608653,0.0
5,0.559017,0.1677051,0.0701,0.0012078565728149138,0.0024141992440445993,1.9987466213958665,0.0
6,0.6708204,0.1677051,0.0701,0.00108033979058772,0.002114436044657266,1.9571953778606854,0.0
7,0.7826238,0.22360681,0.0701,0.00108033979058772,0.001750060299982701,1.6199165440630894,0.0
