Tile Number, Tile x cohordinate [m], Tile y cohordinate [m], area_m2[m2], Tile z cohordinate [m],absorbedPARTile [umol^s-1],absorbedPARTilem2 [umol m^-2 m^-1],Thermal time[dd]
1,0.14142136,0.0,0.0701,0.004042135611804359,0.3157467940039062,78.11385473605145,0.0
2,0.28284273,0.07071068,0.0701,0.005716443181545683,0.11354831557250974,19.863455643025762,0.0
3,0.4242641,0.07071068,0.0701,0.004042135611804359,0.0514293811757815,12.723319085483146,0.0
4,0.56568545,0.14142136,0.0701,0.004042135611804359,0.024437723695125237,6.0457456260891105,0.0
5,0.70710677,0.21213204,0.0701,0.005716443181545683,0.12196030775909902,21.334998684640453,0.0
6,0.8485281,0.21213204,0.0701,0.004042135611804359,0.09230681369401456,22.836149639425365,0.0
7,0.9899494,0.28284273,0.0701,0.004042135611804359,0.17034404793325428,42.142091283576406,0.0
