Tile Number, Tile x cohordinate [m], Tile y cohordinate [m], area_m2[m2], Tile z cohordinate [m],absorbedPARTile [umol^s-1],absorbedPARTilem2 [umol m^-2 m^-1],Thermal time[dd]
1,0.1118034,0.0,0.0701,0.00108033979058772,0.0010260891133623178,0.9497836905591629,0.0
2,0.22360681,0.0559017,0.0701,0.0012078565728149138,0.001431554038049006,1.1852020101300311,0.0
3,0.3354102,0.0559017,0.0701,0.00108033979058772,7.034223000060559E-4,0.6511120909685131,0.0
4,0.44721362,0.1118034,0.0701,0.00108033979058772,0.003031819138909087,2.8063570048269124,0.0
5,0.559017,0.1677051,0.0701,0.0012078565728149138,0.0022129916952497598,1.8321643024985783,0.0
6,0.6708204,0.1677051,0.0701,0.00108033979058772,0.0018881383823431655,1.7477264086662883,0.0
7,0.7826238,0.22360681,0.0701,0.00108033979058772,0.009910488315723205,9.173491897703556,0.0
