Tile Number, Tile x cohordinate [m], Tile y cohordinate [m], area_m2[m2], Tile z cohordinate [m],absorbedPARTile [umol^s-1],absorbedPARTilem2 [umol m^-2 m^-1],Thermal time[dd]
1,0.14142136,0.0,0.0701,0.004042135611804359,0.10464736888730675,25.88912865310658,0.0
2,0.28284273,0.07071068,0.0701,0.005716443181545683,0.03777867888336493,6.608773617364962,0.0
3,0.4242641,0.07071068,0.0701,0.004042135611804359,0.05046761875171209,12.485384855552624,0.0
4,0.56568545,0.14142136,0.0701,0.004042135611804359,0.17771660193462374,43.966016730273246,0.0
5,0.70710677,0.21213204,0.0701,0.005716443181545683,0.08238934827938038,14.412694338562975,0.0
6,0.8485281,0.21213204,0.0701,0.004042135611804359,0.19237742977019545,47.59301721802464,0.0
7,0.9899494,0.28284273,0.0701,0.004042135611804359,0.011735556049697646,2.9033058701509122,0.0
