Tile Number, Tile x cohordinate [m], Tile y cohordinate [m], area_m2[m2], Tile z cohordinate [m],absorbedPARTile [umol^s-1],absorbedPARTilem2 [umol m^-2 m^-1],Thermal time[dd]
1,0.1118034,0.0,0.0701,0.00108033979058772,0.018002808318119644,16.664024110716007,0.0
2,0.22360681,0.0559017,0.0701,0.0012078565728149138,0.017129901852547025,14.182066180776523,0.0
3,0.3354102,0.0559017,0.0701,0.00108033979058772,0.010589584624181782,9.802087006737853,0.0
4,0.44721362,0.1118034,0.0701,0.00108033979058772,0.012021695215764665,11.127698267250432,0.0
5,0.559017,0.1677051,0.0701,0.0012078565728149138,0.014714705503312069,12.18249404316226,0.0
6,0.6708204,0.1677051,0.0701,0.00108033979058772,0.01274886129973084,11.800788428606598,0.0
7,0.7826238,0.22360681,0.0701,0.00108033979058772,0.010271021731990316,9.507214138991156,0.0
