Tile Number, Tile x cohordinate [m], Tile y cohordinate [m], area_m2[m2], Tile z cohordinate [m],absorbedPARTile [umol^s-1],absorbedPARTilem2 [umol m^-2 m^-1],Thermal time[dd]
1,0.1118034,0.0,0.0701,0.00108033979058772,0.009889420425588116,9.153990727498924,0.0
2,0.22360681,0.0559017,0.0701,0.0012078565728149138,0.028945566615974274,23.96440708892823,0.0
3,0.3354102,0.0559017,0.0701,0.00108033979058772,0.008115702031818573,7.512175430846177,0.0
4,0.44721362,0.1118034,0.0701,0.00108033979058772,0.008925325337934121,8.261590858445212,0.0
5,0.559017,0.1677051,0.0701,0.0012078565728149138,0.005834901117607021,4.830789722002145,0.0
6,0.6708204,0.1677051,0.0701,0.00108033979058772,0.007189852931493819,6.655177374872435,0.0
7,0.7826238,0.22360681,0.0701,0.00108033979058772,0.011146886643230876,10.317945095002763,0.0
