Tile Number, Tile x cohordinate [m], Tile y cohordinate [m], area_m2[m2], Tile z cohordinate [m],absorbedPARTile [umol^s-1],absorbedPARTilem2 [umol m^-2 m^-1],Thermal time[dd]
1,0.1118034,0.0,0.0701,0.00108033979058772,0.003991356631724044,3.6945382059404577,0.0
2,0.22360681,0.0559017,0.0701,0.0012078565728149138,0.00559255040255445,4.6301444463070585,0.0
3,0.3354102,0.0559017,0.0701,0.00108033979058772,0.010694015371916622,9.898751730785486,0.0
4,0.44721362,0.1118034,0.0701,0.00108033979058772,0.003323920352612107,3.07673602469446,0.0
5,0.559017,0.1677051,0.0701,0.0012078565728149138,0.009258471280410045,7.665207516181451,0.0
6,0.6708204,0.1677051,0.0701,0.00108033979058772,0.004621731648211542,4.278035196405434,0.0
7,0.7826238,0.22360681,0.0701,0.00108033979058772,0.016055853998688027,14.861855629656498,0.0
