Tile Number, Tile x cohordinate [m], Tile y cohordinate [m], area_m2[m2], Tile z cohordinate [m],absorbedPARTile [umol^s-1],absorbedPARTilem2 [umol m^-2 m^-1],Thermal time[dd]
1,0.14142136,0.0,0.0701,0.004042135611804359,0.12356081990852358,30.568202498621158,0.0
2,0.28284273,0.07071068,0.0701,0.005716443181545683,0.2715287185618082,47.49959195577781,0.0
3,0.4242641,0.07071068,0.0701,0.004042135611804359,0.2102302119908015,52.00968799187747,0.0
4,0.56568545,0.14142136,0.0701,0.004042135611804359,0.2233912804152608,55.26565703606903,0.0
5,0.70710677,0.21213204,0.0701,0.005716443181545683,0.2404845697307587,42.06891629870683,0.0
6,0.8485281,0.21213204,0.0701,0.004042135611804359,0.17077118896808618,42.24776340243964,0.0
7,0.9899494,0.28284273,0.0701,0.004042135611804359,0.20606463957219917,50.979150469475336,0.0
