Tile Number, Tile x cohordinate [m], Tile y cohordinate [m], area_m2[m2], Tile z cohordinate [m],absorbedPARTile [umol^s-1],absorbedPARTilem2 [umol m^-2 m^-1],Thermal time[dd]
1,0.1118034,0.0,0.0701,0.00108033979058772,0.003830213403587913,3.5453784420031624,0.0
2,0.22360681,0.0559017,0.0701,0.0012078565728149138,0.027922537253782756,23.117427915062127,0.0
3,0.3354102,0.0559017,0.0701,0.00108033979058772,0.0033146310530138795,3.068137526630093,0.0
4,0.44721362,0.1118034,0.0701,0.00108033979058772,0.025633841470570864,23.727573207893876,0.0
5,0.559017,0.1677051,0.0701,0.0012078565728149138,0.0020355925343738613,1.6852932543388874,0.0
6,0.6708204,0.1677051,0.0701,0.00108033979058772,0.006764141661796249,6.261124250654937,0.0
7,0.7826238,0.22360681,0.0701,0.00108033979058772,0.003264992092720429,3.0221899824167613,0.0
