Tile Number, Tile x cohordinate [m], Tile y cohordinate [m], area_m2[m2], Tile z cohordinate [m],absorbedPARTile [umol^s-1],absorbedPARTilem2 [umol m^-2 m^-1],Thermal time[dd]
1,0.1118034,0.0,0.0701,0.00108033979058772,0.0012579181416803597,1.1643726840756599,0.0
2,0.22360681,0.0559017,0.0701,0.0012078565728149138,0.01272667371778667,10.536576944833039,0.0
3,0.3354102,0.0559017,0.0701,0.00108033979058772,0.004066294037407087,3.763902869110251,0.0
4,0.44721362,0.1118034,0.0701,0.00108033979058772,0.001942198225140013,1.7977660751377398,0.0
5,0.559017,0.1677051,0.0701,0.0012078565728149138,0.003474170228502304,2.876310239721376,0.0
6,0.6708204,0.1677051,0.0701,0.00108033979058772,0.002623036806899881,2.427973892799887,0.0
7,0.7826238,0.22360681,0.0701,0.00108033979058772,7.514746220387866E-4,0.6955909877483768,0.0
