Tile Number, Tile x cohordinate [m], Tile y cohordinate [m], area_m2[m2], Tile z cohordinate [m],absorbedPARTile [umol^s-1],absorbedPARTilem2 [umol m^-2 m^-1],Thermal time[dd]
1,0.14142136,0.0,0.0701,0.004042135611804359,0.11311498738973937,27.983966460552825,0.0
2,0.28284273,0.07071068,0.0701,0.005716443181545683,0.14590353973731993,25.52348289025917,0.0
3,0.4242641,0.07071068,0.0701,0.004042135611804359,0.06009056664966544,14.866044195593366,0.0
4,0.56568545,0.14142136,0.0701,0.004042135611804359,0.2804892046989441,69.39133953839247,0.0
5,0.70710677,0.21213204,0.0701,0.005716443181545683,0.21244175135599774,37.16327524111857,0.0
6,0.8485281,0.21213204,0.0701,0.004042135611804359,0.1432214160777489,35.432115552851684,0.0
7,0.9899494,0.28284273,0.0701,0.004042135611804359,0.11266918823499679,27.873678435222676,0.0
