Tile Number, Tile x cohordinate [m], Tile y cohordinate [m], area_m2[m2], Tile z cohordinate [m],absorbedPARTile [umol^s-1],absorbedPARTilem2 [umol m^-2 m^-1],Thermal time[dd]
1,0.1118034,0.0,0.0701,0.00108033979058772,0.006854317031105804,6.34459370174356,0.0
2,0.22360681,0.0559017,0.0701,0.0012078565728149138,0.016947659892431396,14.03118571680644,0.0
3,0.3354102,0.0559017,0.0701,0.00108033979058772,0.031220683805950666,28.89894834750665,0.0
4,0.44721362,0.1118034,0.0701,0.00108033979058772,0.017351076523457604,16.060758545252117,0.0
5,0.559017,0.1677051,0.0701,0.0012078565728149138,0.006005991615638238,4.972437747009361,0.0
6,0.6708204,0.1677051,0.0701,0.00108033979058772,0.027319176451443095,25.287577750497444,0.0
7,0.7826238,0.22360681,0.0701,0.00108033979058772,0.0031504658478449248,2.9161805158829033,0.0
