Tile Number, Tile x cohordinate [m], Tile y cohordinate [m], area_m2[m2], Tile z cohordinate [m],absorbedPARTile [umol^s-1],absorbedPARTilem2 [umol m^-2 m^-1],Thermal time[dd]
1,0.14142136,0.0,0.0701,0.004042135611804359,0.11970608741556803,29.61456490128314,0.0
2,0.28284273,0.07071068,0.0701,0.005716443181545683,0.17127832082576752,29.96239363993034,0.0
3,0.4242641,0.07071068,0.0701,0.004042135611804359,0.10553112722065448,26.107765140899538,0.0
4,0.56568545,0.14142136,0.0701,0.004042135611804359,0.14030630511207182,34.710934660957804,0.0
5,0.70710677,0.21213204,0.0701,0.005716443181545683,0.10247919297768525,17.927090276785652,0.0
6,0.8485281,0.21213204,0.0701,0.004042135611804359,0.08572095425536062,21.206847688392088,0.0
7,0.9899494,0.28284273,0.0701,0.004042135611804359,0.07967375713333091,19.710807549518492,0.0
