Tile Number, Tile x cohordinate [m], Tile y cohordinate [m], area_m2[m2], Tile z cohordinate [m],absorbedPARTile [umol^s-1],absorbedPARTilem2 [umol m^-2 m^-1],Thermal time[dd]
1,0.1118034,0.0,0.0701,0.00108033979058772,0.00390519536829825,3.614784350554902,0.0
2,0.22360681,0.0559017,0.0701,0.0012078565728149138,0.004875451868754472,4.036449342153444,0.0
3,0.3354102,0.0559017,0.0701,0.00108033979058772,0.0037107798385007424,3.434826589588102,0.0
4,0.44721362,0.1118034,0.0701,0.00108033979058772,0.005705508315351769,5.281216488608545,0.0
5,0.559017,0.1677051,0.0701,0.0012078565728149138,0.00823669100811492,6.819262479914551,0.0
6,0.6708204,0.1677051,0.0701,0.00108033979058772,0.002551563847529039,2.361816041359499,0.0
7,0.7826238,0.22360681,0.0701,0.00108033979058772,0.007717136453208405,7.143249300305949,0.0
