Tile Number, Tile x cohordinate [m], Tile y cohordinate [m], area_m2[m2], Tile z cohordinate [m],absorbedPARTile [umol^s-1],absorbedPARTilem2 [umol m^-2 m^-1],Thermal time[dd]
1,0.1118034,0.0,0.0701,0.00108033979058772,0.006801004298044715,6.295245585969646,0.0
2,0.22360681,0.0559017,0.0701,0.0012078565728149138,0.021893920422938463,18.126258461229884,0.0
3,0.3354102,0.0559017,0.0701,0.00108033979058772,0.0109363815602215,10.123094285245159,0.0
4,0.44721362,0.1118034,0.0701,0.00108033979058772,0.012805161507730336,11.852901854854526,0.0
5,0.559017,0.1677051,0.0701,0.0012078565728149138,0.008734236235462519,7.231186576322843,0.0
6,0.6708204,0.1677051,0.0701,0.00108033979058772,0.002485201693144366,2.3003889283688994,0.0
7,0.7826238,0.22360681,0.0701,0.00108033979058772,0.002373226840929496,2.1967411194198703,0.0
