Tile Number, Tile x cohordinate [m], Tile y cohordinate [m], area_m2[m2], Tile z cohordinate [m],absorbedPARTile [umol^s-1],absorbedPARTilem2 [umol m^-2 m^-1],Thermal time[dd]
1,0.14142136,0.0,0.0701,0.004042135611804359,0.16288460416450498,40.296669831865266,0.0
2,0.28284273,0.07071068,0.0701,0.005716443181545683,0.14463088002389277,25.300851496399492,0.0
3,0.4242641,0.07071068,0.0701,0.004042135611804359,0.16738162979520158,41.40920688222147,0.0
4,0.56568545,0.14142136,0.0701,0.004042135611804359,0.294552133506012,72.87042340831499,0.0
5,0.70710677,0.21213204,0.0701,0.005716443181545683,0.3006623872707367,52.59605977390995,0.0
6,0.8485281,0.21213204,0.0701,0.004042135611804359,0.09393094258988699,23.237949344296585,0.0
7,0.9899494,0.28284273,0.0701,0.004042135611804359,0.15901627627574008,39.33966881550448,0.0
