Tile Number, Tile x cohordinate [m], Tile y cohordinate [m], area_m2[m2], Tile z cohordinate [m],absorbedPARTile [umol^s-1],absorbedPARTilem2 [umol m^-2 m^-1],Thermal time[dd]
1,0.14142136,0.0,0.0701,0.004042135611804359,0.12858586575401307,31.8113685692534,0.0
2,0.28284273,0.07071068,0.0701,0.005716443181545683,0.11212467085033417,19.6144118448172,0.0
3,0.4242641,0.07071068,0.0701,0.004042135611804359,0.060733650814340116,15.025139343909682,0.0
4,0.56568545,0.14142136,0.0701,0.004042135611804359,0.07477120832556963,18.497946508081824,0.0
5,0.70710677,0.21213204,0.0701,0.005716443181545683,0.16298682085456853,28.51192877779958,0.0
6,0.8485281,0.21213204,0.0701,0.004042135611804359,0.10680462727195739,26.422821381858864,0.0
7,0.9899494,0.28284273,0.0701,0.004042135611804359,0.24722797613739014,61.162711962311086,0.0
