Tile Number, Tile x cohordinate [m], Tile y cohordinate [m], area_m2[m2], Tile z cohordinate [m],absorbedPARTile [umol^s-1],absorbedPARTilem2 [umol m^-2 m^-1],Thermal time[dd]
1,0.1118034,0.0,0.0701,0.00108033979058772,0.0059866032696024645,5.541407732789023,0.0
2,0.22360681,0.0559017,0.0701,0.0012078565728149138,0.003033091909957659,2.5111358237584684,0.0
3,0.3354102,0.0559017,0.0701,0.00108033979058772,0.005200790608332258,4.814032264333202,0.0
4,0.44721362,0.1118034,0.0701,0.00108033979058772,0.003956569686323959,3.662338202105404,0.0
5,0.559017,0.1677051,0.0701,0.0012078565728149138,0.003234789761337162,2.6781240704750844,0.0
6,0.6708204,0.1677051,0.0701,0.00108033979058772,0.004372424043360627,4.047267425910479,0.0
7,0.7826238,0.22360681,0.0701,0.00108033979058772,0.008155082906903347,7.548627735415418,0.0
