Tile Number, Tile x cohordinate [m], Tile y cohordinate [m], area_m2[m2], Tile z cohordinate [m],absorbedPARTile [umol^s-1],absorbedPARTilem2 [umol m^-2 m^-1],Thermal time[dd]
1,0.14142136,0.0,0.0701,0.004042135611804359,0.08396940139548681,20.77352406244577,0.0
2,0.28284273,0.07071068,0.0701,0.005716443181545683,0.16844276743939718,29.466359078522586,0.0
3,0.4242641,0.07071068,0.0701,0.004042135611804359,0.161318148263518,39.90913807849895,0.0
4,0.56568545,0.14142136,0.0701,0.004042135611804359,0.11407618321364921,28.221760517017145,0.0
5,0.70710677,0.21213204,0.0701,0.005716443181545683,0.13392911335363786,23.428749154019307,0.0
6,0.8485281,0.21213204,0.0701,0.004042135611804359,0.07019678998720139,17.366262968071574,0.0
7,0.9899494,0.28284273,0.0701,0.004042135611804359,0.08249682749133153,20.409218149538027,0.0
