Tile Number, Tile x cohordinate [m], Tile y cohordinate [m], area_m2[m2], Tile z cohordinate [m],absorbedPARTile [umol^s-1],absorbedPARTilem2 [umol m^-2 m^-1],Thermal time[dd]
1,0.1118034,0.0,0.0701,0.00108033979058772,0.002336251847761094,2.162515782641071,0.0
2,0.22360681,0.0559017,0.0701,0.0012078565728149138,0.0020046198275114105,1.6596505517535391,0.0
3,0.3354102,0.0559017,0.0701,0.00108033979058772,0.006455802669922531,5.9757149798310065,0.0
4,0.44721362,0.1118034,0.0701,0.00108033979058772,0.0022749353468493223,2.105759101598698,0.0
5,0.559017,0.1677051,0.0701,0.0012078565728149138,0.0026885333029122017,2.2258713190147783,0.0
6,0.6708204,0.1677051,0.0701,0.00108033979058772,0.013630064771134808,12.616460941163579,0.0
7,0.7826238,0.22360681,0.0701,0.00108033979058772,0.001318229792790096,1.2201992412710825,0.0
