Tile Number, Tile x cohordinate [m], Tile y cohordinate [m], area_m2[m2], Tile z cohordinate [m],absorbedPARTile [umol^s-1],absorbedPARTilem2 [umol m^-2 m^-1],Thermal time[dd]
1,0.1118034,0.0,0.0701,0.00108033979058772,0.003846392723549402,3.5603545820124896,0.0
2,0.22360681,0.0559017,0.0701,0.0012078565728149138,0.003697492776348107,3.0612018509209977,0.0
3,0.3354102,0.0559017,0.0701,0.00108033979058772,0.003135526658660313,2.9023522839555347,0.0
4,0.44721362,0.1118034,0.0701,0.00108033979058772,0.014632219920579238,13.544090524166574,0.0
5,0.559017,0.1677051,0.0701,0.0012078565728149138,0.0055004300649597404,4.553876833356935,0.0
6,0.6708204,0.1677051,0.0701,0.00108033979058772,0.018857516016535163,17.45517121634149,0.0
7,0.7826238,0.22360681,0.0701,0.00108033979058772,0.0035442547359429226,3.2806851759248805,0.0
