Tile Number, Tile x cohordinate [m], Tile y cohordinate [m], area_m2[m2], Tile z cohordinate [m],absorbedPARTile [umol^s-1],absorbedPARTilem2 [umol m^-2 m^-1],Thermal time[dd]
1,0.1118034,0.0,0.0701,0.00108033979058772,0.002330094755902056,2.1568165647536244,0.0
2,0.22360681,0.0559017,0.0701,0.0012078565728149138,0.008577869573275892,7.101728604485828,0.0
3,0.3354102,0.0559017,0.0701,0.00108033979058772,0.00600702329065552,5.560309212889044,0.0
4,0.44721362,0.1118034,0.0701,0.00108033979058772,0.005332728171135839,4.936158250946918,0.0
5,0.559017,0.1677051,0.0701,0.0012078565728149138,0.00464475684395344,3.845453962409476,0.0
6,0.6708204,0.1677051,0.0701,0.00108033979058772,0.003634167516867418,3.3639115660919794,0.0
7,0.7826238,0.22360681,0.0701,0.00108033979058772,6.349965385027522E-4,0.5877748316178425,0.0
