Tile Number, Tile x cohordinate [m], Tile y cohordinate [m], area_m2[m2], Tile z cohordinate [m],absorbedPARTile [umol^s-1],absorbedPARTilem2 [umol m^-2 m^-1],Thermal time[dd]
1,0.14142136,0.0,0.0701,0.004042135611804359,0.09853502928325653,24.37697265660805,0.0
2,0.28284273,0.07071068,0.0701,0.005716443181545683,0.33723356251190184,58.99360000648453,0.0
3,0.4242641,0.07071068,0.0701,0.004042135611804359,0.11656206526144029,28.83675276035789,0.0
4,0.56568545,0.14142136,0.0701,0.004042135611804359,0.1694315290912628,41.916339619202105,0.0
5,0.70710677,0.21213204,0.0701,0.005716443181545683,0.05113341958731652,8.944971193344466,0.0
6,0.8485281,0.21213204,0.0701,0.004042135611804359,0.09601822768301012,23.75433110225334,0.0
7,0.9899494,0.28284273,0.0701,0.004042135611804359,0.1954815486968994,48.360957540867574,0.0
