Tile Number, Tile x cohordinate [m], Tile y cohordinate [m], area_m2[m2], Tile z cohordinate [m],absorbedPARTile [umol^s-1],absorbedPARTilem2 [umol m^-2 m^-1],Thermal time[dd]
1,0.1118034,0.0,0.0701,0.00108033979058772,0.004345834763401603,4.022655465682152,0.0
2,0.22360681,0.0559017,0.0701,0.0012078565728149138,0.005976663482090956,4.94815660783492,0.0
3,0.3354102,0.0559017,0.0701,0.00108033979058772,0.008517848032716177,7.884415724503074,0.0
4,0.44721362,0.1118034,0.0701,0.00108033979058772,0.011133182449286618,10.305260017526534,0.0
5,0.559017,0.1677051,0.0701,0.0012078565728149138,0.013011095647516187,10.772053520554833,0.0
6,0.6708204,0.1677051,0.0701,0.00108033979058772,0.019928883856503533,18.44686646750458,0.0
7,0.7826238,0.22360681,0.0701,0.00108033979058772,0.006525564257140143,6.040288725818518,0.0
