Tile Number, Tile x cohordinate [m], Tile y cohordinate [m], area_m2[m2], Tile z cohordinate [m],absorbedPARTile [umol^s-1],absorbedPARTilem2 [umol m^-2 m^-1],Thermal time[dd]
1,0.1118034,0.0,0.0701,0.00108033979058772,0.007692235758858044,7.120200353514111,0.0
2,0.22360681,0.0559017,0.0701,0.0012078565728149138,0.004683483582951366,3.8775163279829585,0.0
3,0.3354102,0.0559017,0.0701,0.00108033979058772,0.0013053130633713446,1.2082430682861696,0.0
4,0.44721362,0.1118034,0.0701,0.00108033979058772,0.002794846107770766,2.5870065437933474,0.0
5,0.559017,0.1677051,0.0701,0.0012078565728149138,0.0024126376360627593,1.9974537460520658,0.0
6,0.6708204,0.1677051,0.0701,0.00108033979058772,0.014015068476223646,12.972833730949828,0.0
7,0.7826238,0.22360681,0.0701,0.00108033979058772,0.0018025123265990616,1.6684679600836232,0.0
