Tile Number, Tile x cohordinate [m], Tile y cohordinate [m], area_m2[m2], Tile z cohordinate [m],absorbedPARTile [umol^s-1],absorbedPARTilem2 [umol m^-2 m^-1],Thermal time[dd]
1,0.1118034,0.0,0.0701,0.00108033979058772,0.0023073963949678798,2.1358061741969387,0.0
2,0.22360681,0.0559017,0.0701,0.0012078565728149138,0.001347300692761843,1.1154475813481348,0.0
3,0.3354102,0.0559017,0.0701,0.00108033979058772,0.004828370789167547,4.469307556042942,0.0
4,0.44721362,0.1118034,0.0701,0.00108033979058772,0.0012769948791659775,1.1820307742911833,0.0
5,0.559017,0.1677051,0.0701,0.0012078565728149138,0.018146815804206507,15.023982327566669,0.0
6,0.6708204,0.1677051,0.0701,0.00108033979058772,0.0010076366758335672,0.9327034740481037,0.0
7,0.7826238,0.22360681,0.0701,0.00108033979058772,0.006053298573629074,5.603143220649121,0.0
