Tile Number, Tile x cohordinate [m], Tile y cohordinate [m], area_m2[m2], Tile z cohordinate [m],absorbedPARTile [umol^s-1],absorbedPARTilem2 [umol m^-2 m^-1],Thermal time[dd]
1,0.14142136,0.0,0.0701,0.004042135611804359,0.060734068239395825,15.025242612353841,0.0
2,0.28284273,0.07071068,0.0701,0.005716443181545683,0.17432962181835177,30.4961697828359,0.0
3,0.4242641,0.07071068,0.0701,0.004042135611804359,0.05499635384193154,13.605766635172799,0.0
4,0.56568545,0.14142136,0.0701,0.004042135611804359,0.14702864304768248,36.37400056997363,0.0
5,0.70710677,0.21213204,0.0701,0.005716443181545683,0.05556448822766045,9.720115544406799,0.0
6,0.8485281,0.21213204,0.0701,0.004042135611804359,0.12362218683443864,30.58338430641005,0.0
7,0.9899494,0.28284273,0.0701,0.004042135611804359,0.08147394263943832,20.1561625991735,0.0
