Tile Number, Tile x cohordinate [m], Tile y cohordinate [m], area_m2[m2], Tile z cohordinate [m],absorbedPARTile [umol^s-1],absorbedPARTilem2 [umol m^-2 m^-1],Thermal time[dd]
1,0.14142136,0.0,0.0701,0.004042135611804359,0.08967533438882545,22.185137511701516,0.0
2,0.28284273,0.07071068,0.0701,0.005716443181545683,0.1318056440280656,23.05728227188053,0.0
3,0.4242641,0.07071068,0.0701,0.004042135611804359,0.10879475551445286,26.915167120256072,0.0
4,0.56568545,0.14142136,0.0701,0.004042135611804359,0.15099503635198078,37.355262379378324,0.0
5,0.70710677,0.21213204,0.0701,0.005716443181545683,0.1840950635826111,32.20447710858436,0.0
6,0.8485281,0.21213204,0.0701,0.004042135611804359,0.060939980168578274,15.07618398319284,0.0
7,0.9899494,0.28284273,0.0701,0.004042135611804359,0.058414626273655144,14.451426642655262,0.0
