Tile Number, Tile x cohordinate [m], Tile y cohordinate [m], area_m2[m2], Tile z cohordinate [m],absorbedPARTile [umol^s-1],absorbedPARTilem2 [umol m^-2 m^-1],Thermal time[dd]
1,0.1118034,0.0,0.0701,0.00108033979058772,0.02269534149857521,21.007595662313452,0.0
2,0.22360681,0.0559017,0.0701,0.0012078565728149138,0.023827706620793348,19.727264939464458,0.0
3,0.3354102,0.0559017,0.0701,0.00108033979058772,0.01132111380216308,10.479215799322022,0.0
4,0.44721362,0.1118034,0.0701,0.00108033979058772,0.009229020756891816,8.542701877037317,0.0
5,0.559017,0.1677051,0.0701,0.0012078565728149138,0.005051334669585974,4.182064976319019,0.0
6,0.6708204,0.1677051,0.0701,0.00108033979058772,0.006908388919240386,6.394644517797614,0.0
7,0.7826238,0.22360681,0.0701,0.00108033979058772,0.019475881112956558,18.027551408026365,0.0
