Tile Number, Tile x cohordinate [m], Tile y cohordinate [m], area_m2[m2], Tile z cohordinate [m],absorbedPARTile [umol^s-1],absorbedPARTilem2 [umol m^-2 m^-1],Thermal time[dd]
1,0.14142136,0.0,0.0701,0.004042135611804359,0.09740525454294202,24.097473191766944,0.0
2,0.28284273,0.07071068,0.0701,0.005716443181545683,0.35539218485961915,62.17015958575902,0.0
3,0.4242641,0.07071068,0.0701,0.004042135611804359,0.12302558266876225,30.43578802984424,0.0
4,0.56568545,0.14142136,0.0701,0.004042135611804359,0.060164218426232326,14.884265201427956,0.0
5,0.70710677,0.21213204,0.0701,0.005716443181545683,0.0785693574482727,13.744448243956507,0.0
6,0.8485281,0.21213204,0.0701,0.004042135611804359,0.06144823585068703,15.201923377146988,0.0
7,0.9899494,0.28284273,0.0701,0.004042135611804359,0.13792698398262027,34.12230494687717,0.0
