Tile Number, Tile x cohordinate [m], Tile y cohordinate [m], area_m2[m2], Tile z cohordinate [m],absorbedPARTile [umol^s-1],absorbedPARTilem2 [umol m^-2 m^-1],Thermal time[dd]
1,0.1118034,0.0,0.0701,0.00108033979058772,0.010710520973194092,9.914029888103464,0.0
2,0.22360681,0.0559017,0.0701,0.0012078565728149138,0.014924614789209008,12.356280642185142,0.0
3,0.3354102,0.0559017,0.0701,0.00108033979058772,0.006686640252340447,6.1893862566173015,0.0
4,0.44721362,0.1118034,0.0701,0.00108033979058772,0.010849907670385963,10.04305105200602,0.0
5,0.559017,0.1677051,0.0701,0.0012078565728149138,0.008209729453084244,6.796940661548451,0.0
6,0.6708204,0.1677051,0.0701,0.00108033979058772,0.007351995286747514,6.805261965541347,0.0
7,0.7826238,0.22360681,0.0701,0.00108033979058772,0.020356011852948663,18.84223096316272,0.0
