Tile Number, Tile x cohordinate [m], Tile y cohordinate [m], area_m2[m2], Tile z cohordinate [m],absorbedPARTile [umol^s-1],absorbedPARTilem2 [umol m^-2 m^-1],Thermal time[dd]
1,0.1118034,0.0,0.0701,0.00108033979058772,0.003451718530300935,3.1950304528014764,0.0
2,0.22360681,0.0559017,0.0701,0.0012078565728149138,0.01751811494134388,14.503472792732214,0.0
3,0.3354102,0.0559017,0.0701,0.00108033979058772,0.0058037694184033045,5.372170375438984,0.0
4,0.44721362,0.1118034,0.0701,0.00108033979058772,0.020423658079328635,18.904846657751893,0.0
5,0.559017,0.1677051,0.0701,0.0012078565728149138,0.0015361460897377651,1.2717951156715335,0.0
6,0.6708204,0.1677051,0.0701,0.00108033979058772,0.0029965591366025624,2.77371912310329,0.0
7,0.7826238,0.22360681,0.0701,0.00108033979058772,0.003606598114711904,3.3383923707464893,0.0
