Tile Number, Tile x cohordinate [m], Tile y cohordinate [m], area_m2[m2], Tile z cohordinate [m],absorbedPARTile [umol^s-1],absorbedPARTilem2 [umol m^-2 m^-1],Thermal time[dd]
1,0.14142136,0.0,0.0701,0.004042135611804359,0.09682655000854493,23.95430517614988,0.0
2,0.28284273,0.07071068,0.0701,0.005716443181545683,0.23811589557464602,41.65455476638907,0.0
3,0.4242641,0.07071068,0.0701,0.004042135611804359,0.14097134741386413,34.8754621201183,0.0
4,0.56568545,0.14142136,0.0701,0.004042135611804359,0.17386670010604857,43.01357421020237,0.0
5,0.70710677,0.21213204,0.0701,0.005716443181545683,0.28369560621063233,49.62799370183247,0.0
6,0.8485281,0.21213204,0.0701,0.004042135611804359,0.16038352292320252,39.67791739961176,0.0
7,0.9899494,0.28284273,0.0701,0.004042135611804359,0.16421279463985444,40.62525615427135,0.0
