Tile Number, Tile x cohordinate [m], Tile y cohordinate [m], area_m2[m2], Tile z cohordinate [m],absorbedPARTile [umol^s-1],absorbedPARTilem2 [umol m^-2 m^-1],Thermal time[dd]
1,0.14142136,0.0,0.0701,0.004042135611804359,0.0877827290100503,21.716918342298065,0.0
2,0.28284273,0.07071068,0.0701,0.005716443181545683,0.10202812929618835,17.848183924151368,0.0
3,0.4242641,0.07071068,0.0701,0.004042135611804359,0.05050791499114514,12.495353902438476,0.0
4,0.56568545,0.14142136,0.0701,0.004042135611804359,0.11226908052885055,27.774694199023923,0.0
5,0.70710677,0.21213204,0.0701,0.005716443181545683,0.15131029394774437,26.469307774494702,0.0
6,0.8485281,0.21213204,0.0701,0.004042135611804359,0.07932300484961509,19.62403354750542,0.0
7,0.9899494,0.28284273,0.0701,0.004042135611804359,0.08714747565181376,21.559760488320727,0.0
