Tile Number, Tile x cohordinate [m], Tile y cohordinate [m], area_m2[m2], Tile z cohordinate [m],absorbedPARTile [umol^s-1],absorbedPARTilem2 [umol m^-2 m^-1],Thermal time[dd]
1,0.14142136,0.0,0.0701,0.004042135611804359,0.11590888319049834,28.675159450862175,0.0
2,0.28284273,0.07071068,0.0701,0.005716443181545683,0.20079402741867064,35.1256928551116,0.0
3,0.4242641,0.07071068,0.0701,0.004042135611804359,0.06865438482902765,16.984681223592393,0.0
4,0.56568545,0.14142136,0.0701,0.004042135611804359,0.09052932577024461,22.396409834907406,0.0
5,0.70710677,0.21213204,0.0701,0.005716443181545683,0.13276372453533178,23.22488308183157,0.0
6,0.8485281,0.21213204,0.0701,0.004042135611804359,0.06770967531230927,16.750965780211544,0.0
7,0.9899494,0.28284273,0.0701,0.004042135611804359,0.1646820971772766,40.74135877488894,0.0
