Tile Number, Tile x cohordinate [m], Tile y cohordinate [m], area_m2[m2], Tile z cohordinate [m],absorbedPARTile [umol^s-1],absorbedPARTilem2 [umol m^-2 m^-1],Thermal time[dd]
1,0.14142136,0.0,0.0701,0.004042135611804359,0.03424951969461203,8.473124848803245,0.0
2,0.28284273,0.07071068,0.0701,0.005716443181545683,0.1668944502358246,29.195505830375037,0.0
3,0.4242641,0.07071068,0.0701,0.004042135611804359,0.029468057254590996,7.290219845305195,0.0
4,0.56568545,0.14142136,0.0701,0.004042135611804359,0.02479801940182805,6.1348806134583205,0.0
5,0.70710677,0.21213204,0.0701,0.005716443181545683,0.1092850385272217,19.117663738883145,0.0
6,0.8485281,0.21213204,0.0701,0.004042135611804359,0.04333573858862564,10.721000666595918,0.0
7,0.9899494,0.28284273,0.0701,0.004042135611804359,0.15706343039611823,38.85654650908831,0.0
