Tile Number, Tile x cohordinate [m], Tile y cohordinate [m], area_m2[m2], Tile z cohordinate [m],absorbedPARTile [umol^s-1],absorbedPARTilem2 [umol m^-2 m^-1],Thermal time[dd]
1,0.14142136,0.0,0.0701,0.004042135611804359,0.20724147320493058,51.27029202081138,0.0
2,0.28284273,0.07071068,0.0701,0.005716443181545683,0.15784813905377384,27.61299885973727,0.0
3,0.4242641,0.07071068,0.0701,0.004042135611804359,0.10073125500559013,24.920305669958694,0.0
4,0.56568545,0.14142136,0.0701,0.004042135611804359,0.07837943909282587,19.39060106344088,0.0
5,0.70710677,0.21213204,0.0701,0.005716443181545683,0.1403592747516314,24.5536027025951,0.0
6,0.8485281,0.21213204,0.0701,0.004042135611804359,0.10438544509636559,25.824330285091353,0.0
7,0.9899494,0.28284273,0.0701,0.004042135611804359,0.02605430188145858,6.445677330906833,0.0
