Tile Number, Tile x cohordinate [m], Tile y cohordinate [m], area_m2[m2], Tile z cohordinate [m],absorbedPARTile [umol^s-1],absorbedPARTilem2 [umol m^-2 m^-1],Thermal time[dd]
1,0.14142136,0.0,0.0701,0.004042135611804359,0.061433456227854885,15.19826698749272,0.0
2,0.28284273,0.07071068,0.0701,0.005716443181545683,0.13688526640625795,23.94588069171453,0.0
3,0.4242641,0.07071068,0.0701,0.004042135611804359,0.01633559887558966,4.041328754009233,0.0
4,0.56568545,0.14142136,0.0701,0.004042135611804359,0.1380646654415548,34.15636651040622,0.0
5,0.70710677,0.21213204,0.0701,0.005716443181545683,0.11285473549281186,19.74212493830767,0.0
6,0.8485281,0.21213204,0.0701,0.004042135611804359,0.04540488032200115,11.232893866649112,0.0
7,0.9899494,0.28284273,0.0701,0.004042135611804359,0.13604983691901265,33.657910071523226,0.0
