Tile Number, Tile x cohordinate [m], Tile y cohordinate [m], area_m2[m2], Tile z cohordinate [m],absorbedPARTile [umol^s-1],absorbedPARTilem2 [umol m^-2 m^-1],Thermal time[dd]
1,0.1118034,0.0,0.0701,0.00108033979058772,0.04220177739783942,39.063429640855,0.0
2,0.22360681,0.0559017,0.0701,0.0012078565728149138,0.008119737368933075,6.7224350570117775,0.0
3,0.3354102,0.0559017,0.0701,0.00108033979058772,0.012094426159229111,11.195020552422283,0.0
4,0.44721362,0.1118034,0.0701,0.00108033979058772,0.005912989480148602,5.473268254732942,0.0
5,0.559017,0.1677051,0.0701,0.0012078565728149138,0.0025365633275096443,2.100053420745292,0.0
6,0.6708204,0.1677051,0.0701,0.00108033979058772,9.072773146866449E-4,0.8398073667110543,0.0
7,0.7826238,0.22360681,0.0701,0.00108033979058772,0.00591582005834724,5.475888336140013,0.0
