Tile Number, Tile x cohordinate [m], Tile y cohordinate [m], area_m2[m2], Tile z cohordinate [m],absorbedPARTile [umol^s-1],absorbedPARTilem2 [umol m^-2 m^-1],Thermal time[dd]
1,0.1118034,0.0,0.0701,0.00108033979058772,0.007517580524411776,6.958533407644004,0.0
2,0.22360681,0.0559017,0.0701,0.0012078565728149138,0.005805906010313331,4.806784299548619,0.0
3,0.3354102,0.0559017,0.0701,0.00108033979058772,0.004296583172752655,3.9770664842542303,0.0
4,0.44721362,0.1118034,0.0701,0.00108033979058772,0.008684837911865115,8.03898735150766,0.0
5,0.559017,0.1677051,0.0701,0.0012078565728149138,0.010320063788365802,8.54411361467766,0.0
6,0.6708204,0.1677051,0.0701,0.00108033979058772,0.00982065406503156,9.090338197845131,0.0
7,0.7826238,0.22360681,0.0701,0.00108033979058772,0.014299302256653058,13.235930381564526,0.0
