Tile Number, Tile x cohordinate [m], Tile y cohordinate [m], area_m2[m2], Tile z cohordinate [m],absorbedPARTile [umol^s-1],absorbedPARTilem2 [umol m^-2 m^-1],Thermal time[dd]
1,0.14142136,0.0,0.0701,0.004042135611804359,0.08815569907230378,21.809188888878513,0.0
2,0.28284273,0.07071068,0.0701,0.005716443181545683,0.09227238208633899,16.141572505123587,0.0
3,0.4242641,0.07071068,0.0701,0.004042135611804359,0.015102300575406697,3.7362181840963067,0.0
4,0.56568545,0.14142136,0.0701,0.004042135611804359,0.09992097130037307,24.719846362544374,0.0
5,0.70710677,0.21213204,0.0701,0.005716443181545683,0.2182100609924317,38.172348445074434,0.0
6,0.8485281,0.21213204,0.0701,0.004042135611804359,0.03333245300401493,8.246248074080755,0.0
7,0.9899494,0.28284273,0.0701,0.004042135611804359,0.09884095714971541,24.452657367819985,0.0
