Tile Number, Tile x cohordinate [m], Tile y cohordinate [m], area_m2[m2], Tile z cohordinate [m],absorbedPARTile [umol^s-1],absorbedPARTilem2 [umol m^-2 m^-1],Thermal time[dd]
1,0.14142136,0.0,0.0701,0.004042135611804359,0.17409219341049195,43.069359895320126,0.0
2,0.28284273,0.07071068,0.0701,0.005716443181545683,0.10029161775043487,17.544409095887623,0.0
3,0.4242641,0.07071068,0.0701,0.004042135611804359,0.11337638099157334,28.048633662976865,0.0
4,0.56568545,0.14142136,0.0701,0.004042135611804359,0.06987063569927514,17.28557436203526,0.0
5,0.70710677,0.21213204,0.0701,0.005716443181545683,0.0981180076557541,17.16417089082721,0.0
6,0.8485281,0.21213204,0.0701,0.004042135611804359,0.1466473535501862,36.2796718452315,0.0
7,0.9899494,0.28284273,0.0701,0.004042135611804359,0.15178557022750855,37.5508356979031,0.0
