Tile Number, Tile x cohordinate [m], Tile y cohordinate [m], area_m2[m2], Tile z cohordinate [m],absorbedPARTile [umol^s-1],absorbedPARTilem2 [umol m^-2 m^-1],Thermal time[dd]
1,0.1118034,0.0,0.0701,0.00108033979058772,0.001796872174319103,1.6632472394093523,0.0
2,0.22360681,0.0559017,0.0701,0.0012078565728149138,0.003448635219538124,2.8551694772013105,0.0
3,0.3354102,0.0559017,0.0701,0.00108033979058772,9.114213013809525E-4,0.8436431845994736,0.0
4,0.44721362,0.1118034,0.0701,0.00108033979058772,6.924553755365404E-4,0.6409607251065288,0.0
5,0.559017,0.1677051,0.0701,0.0012078565728149138,0.0021923570293012544,1.8150805970215147,0.0
6,0.6708204,0.1677051,0.0701,0.00108033979058772,6.876708134210151E-4,0.6365319683790529,0.0
7,0.7826238,0.22360681,0.0701,0.00108033979058772,0.007099821563259661,6.57184121617631,0.0
