Tile Number, Tile x cohordinate [m], Tile y cohordinate [m], area_m2[m2], Tile z cohordinate [m],absorbedPARTile [umol^s-1],absorbedPARTilem2 [umol m^-2 m^-1],Thermal time[dd]
1,0.1118034,0.0,0.0701,0.00108033979058772,0.002333289319526617,2.1597735637019118,0.0
2,0.22360681,0.0559017,0.0701,0.0012078565728149138,0.0026261113133292614,2.17419135055837,0.0
3,0.3354102,0.0559017,0.0701,0.00108033979058772,0.012176252801092182,11.270762131669825,0.0
4,0.44721362,0.1118034,0.0701,0.00108033979058772,0.0032704243175327,3.0272182382114643,0.0
5,0.559017,0.1677051,0.0701,0.0012078565728149138,0.003379164817758246,2.7976540375841905,0.0
6,0.6708204,0.1677051,0.0701,0.00108033979058772,0.009487692356487309,8.782137286016164,0.0
7,0.7826238,0.22360681,0.0701,0.00108033979058772,6.935032459307324E-4,0.6419306703064755,0.0
