Tile Number, Tile x cohordinate [m], Tile y cohordinate [m], area_m2[m2], Tile z cohordinate [m],absorbedPARTile [umol^s-1],absorbedPARTilem2 [umol m^-2 m^-1],Thermal time[dd]
1,0.14142136,0.0,0.0701,0.004042135611804359,0.19042625929779056,47.11030939726108,0.0
2,0.28284273,0.07071068,0.0701,0.005716443181545683,0.17115569556060797,29.940942317619392,0.0
3,0.4242641,0.07071068,0.0701,0.004042135611804359,0.08451300039834977,20.90800718104166,0.0
4,0.56568545,0.14142136,0.0701,0.004042135611804359,0.16567457671859742,40.98689223458347,0.0
5,0.70710677,0.21213204,0.0701,0.005716443181545683,0.06805623730457307,11.90534658409238,0.0
6,0.8485281,0.21213204,0.0701,0.004042135611804359,0.11884576395050048,29.40172605872795,0.0
7,0.9899494,0.28284273,0.0701,0.004042135611804359,0.18358534213356018,45.41790770142171,0.0
