Tile Number, Tile x cohordinate [m], Tile y cohordinate [m], area_m2[m2], Tile z cohordinate [m],absorbedPARTile [umol^s-1],absorbedPARTilem2 [umol m^-2 m^-1],Thermal time[dd]
1,0.1118034,0.0,0.0701,0.00108033979058772,0.010066065703874527,9.317499727005748,0.0
2,0.22360681,0.0559017,0.0701,0.0012078565728149138,0.019140085113122502,15.846322770357137,0.0
3,0.3354102,0.0559017,0.0701,0.00108033979058772,0.014764593205211458,13.66661983002525,0.0
4,0.44721362,0.1118034,0.0701,0.00108033979058772,0.009238750747130119,8.551708293650934,0.0
5,0.559017,0.1677051,0.0701,0.0012078565728149138,0.006590210298891551,5.4561199129239695,0.0
6,0.6708204,0.1677051,0.0701,0.00108033979058772,0.005679685111097572,5.257313634636881,0.0
7,0.7826238,0.22360681,0.0701,0.00108033979058772,0.014055175227634905,13.009957931836144,0.0
