Tile Number, Tile x cohordinate [m], Tile y cohordinate [m], area_m2[m2], Tile z cohordinate [m],absorbedPARTile [umol^s-1],absorbedPARTilem2 [umol m^-2 m^-1],Thermal time[dd]
1,0.1118034,0.0,0.0701,0.00108033979058772,0.009498139420217011,8.791807450737227,0.0
2,0.22360681,0.0559017,0.0701,0.0012078565728149138,0.021497185204934998,17.79779626883657,0.0
3,0.3354102,0.0559017,0.0701,0.00108033979058772,0.013364023168796226,12.370203601892708,0.0
4,0.44721362,0.1118034,0.0701,0.00108033979058772,0.021889163723992404,20.26136953826758,0.0
5,0.559017,0.1677051,0.0701,0.0012078565728149138,0.007446173195165396,6.16478260975313,0.0
6,0.6708204,0.1677051,0.0701,0.00108033979058772,0.006839202408616769,6.330603082661749,0.0
7,0.7826238,0.22360681,0.0701,0.00108033979058772,0.01215468327920159,11.250796633704729,0.0
