Tile Number, Tile x cohordinate [m], Tile y cohordinate [m], area_m2[m2], Tile z cohordinate [m],absorbedPARTile [umol^s-1],absorbedPARTilem2 [umol m^-2 m^-1],Thermal time[dd]
1,0.1118034,0.0,0.0701,0.00108033979058772,0.005166445303837726,4.782241058646102,0.0
2,0.22360681,0.0559017,0.0701,0.0012078565728149138,0.003477119168289669,2.8787517049199236,0.0
3,0.3354102,0.0559017,0.0701,0.00108033979058772,8.348113463273616E-4,0.7727303516916771,0.0
4,0.44721362,0.1118034,0.0701,0.00108033979058772,0.0022271352515495705,2.0615136746356235,0.0
5,0.559017,0.1677051,0.0701,0.0012078565728149138,0.002180022927988554,1.8048690358226913,0.0
6,0.6708204,0.1677051,0.0701,0.00108033979058772,0.009251485873701101,8.563496368737992,0.0
7,0.7826238,0.22360681,0.0701,0.00108033979058772,7.374034487965247E-4,0.6825662214990406,0.0
