Tile Number, Tile x cohordinate [m], Tile y cohordinate [m], area_m2[m2], Tile z cohordinate [m],absorbedPARTile [umol^s-1],absorbedPARTilem2 [umol m^-2 m^-1],Thermal time[dd]
1,0.1118034,0.0,0.0701,0.00108033979058772,0.008858568232222764,8.199798164801075,0.0
2,0.22360681,0.0559017,0.0701,0.0012078565728149138,0.013035221207232002,10.792027381904605,0.0
3,0.3354102,0.0559017,0.0701,0.00108033979058772,0.005224826729876392,4.836280932533286,0.0
4,0.44721362,0.1118034,0.0701,0.00108033979058772,0.007799821324755785,7.219785286731477,0.0
5,0.559017,0.1677051,0.0701,0.0012078565728149138,0.011059461696070062,9.156270657447308,0.0
6,0.6708204,0.1677051,0.0701,0.00108033979058772,0.006048836369912594,5.5990128500422465,0.0
7,0.7826238,0.22360681,0.0701,0.00108033979058772,0.004214580303579177,3.9011617828927574,0.0
