Tile Number, Tile x cohordinate [m], Tile y cohordinate [m], area_m2[m2], Tile z cohordinate [m],absorbedPARTile [umol^s-1],absorbedPARTilem2 [umol m^-2 m^-1],Thermal time[dd]
1,0.1118034,0.0,0.0701,0.00108033979058772,0.007980630488178184,7.387148522814854,0.0
2,0.22360681,0.0559017,0.0701,0.0012078565728149138,0.005065389221726359,4.193700920897795,0.0
3,0.3354102,0.0559017,0.0701,0.00108033979058772,0.018016335431512737,16.676545276289044,0.0
4,0.44721362,0.1118034,0.0701,0.00108033979058772,0.0054187206262977525,5.015755851545459,0.0
5,0.559017,0.1677051,0.0701,0.0012078565728149138,0.0017763940246511762,1.4706994726296716,0.0
6,0.6708204,0.1677051,0.0701,0.00108033979058772,0.0016502218047254628,1.5275025682685621,0.0
7,0.7826238,0.22360681,0.0701,0.00108033979058772,0.002032719805700177,1.8815559913741111,0.0
