Tile Number, Tile x cohordinate [m], Tile y cohordinate [m], area_m2[m2], Tile z cohordinate [m],absorbedPARTile [umol^s-1],absorbedPARTilem2 [umol m^-2 m^-1],Thermal time[dd]
1,0.1118034,0.0,0.0701,0.00108033979058772,0.005943234901482048,5.501264466292448,0.0
2,0.22360681,0.0559017,0.0701,0.0012078565728149138,0.0018608308859901716,1.5406058367124658,0.0
3,0.3354102,0.0559017,0.0701,0.00108033979058772,0.0012001424808217073,1.1108935274602938,0.0
4,0.44721362,0.1118034,0.0701,0.00108033979058772,9.38981448581284E-4,0.8691538132372825,0.0
5,0.559017,0.1677051,0.0701,0.0012078565728149138,0.0031903938486163314,2.641368123022345,0.0
6,0.6708204,0.1677051,0.0701,0.00108033979058772,0.007185168937852117,6.650841707814247,0.0
7,0.7826238,0.22360681,0.0701,0.00108033979058772,0.012715422513071893,11.769836327285997,0.0
