Tile Number, Tile x cohordinate [m], Tile y cohordinate [m], area_m2[m2], Tile z cohordinate [m],absorbedPARTile [umol^s-1],absorbedPARTilem2 [umol m^-2 m^-1],Thermal time[dd]
1,0.1118034,0.0,0.0701,0.00108033979058772,0.007152875650069029,6.620949920004118,0.0
2,0.22360681,0.0559017,0.0701,0.0012078565728149138,0.007665442679403276,6.346318637434688,0.0
3,0.3354102,0.0559017,0.0701,0.00108033979058772,0.004719231837912846,4.368284755433768,0.0
4,0.44721362,0.1118034,0.0701,0.00108033979058772,0.01425858063845315,13.198237038641595,0.0
5,0.559017,0.1677051,0.0701,0.0012078565728149138,0.009611772502088087,7.95771014408426,0.0
6,0.6708204,0.1677051,0.0701,0.00108033979058772,0.011885770690889854,11.001881810188468,0.0
7,0.7826238,0.22360681,0.0701,0.00108033979058772,0.01074911446411753,9.949753362569254,0.0
