Tile Number, Tile x cohordinate [m], Tile y cohordinate [m], area_m2[m2], Tile z cohordinate [m],absorbedPARTile [umol^s-1],absorbedPARTilem2 [umol m^-2 m^-1],Thermal time[dd]
1,0.1118034,0.0,0.0701,0.00108033979058772,0.002664349825419831,2.466214656381755,0.0
2,0.22360681,0.0559017,0.0701,0.0012078565728149138,0.007193251534794742,5.955385512396431,0.0
3,0.3354102,0.0559017,0.0701,0.00108033979058772,0.001085189585888949,1.004489138827878,0.0
4,0.44721362,0.1118034,0.0701,0.00108033979058772,0.0018788476604071497,1.7391265940367062,0.0
5,0.559017,0.1677051,0.0701,0.0012078565728149138,0.018187973169007013,15.058057039520744,0.0
6,0.6708204,0.1677051,0.0701,0.00108033979058772,0.001740902455571251,1.6114397254813468,0.0
7,0.7826238,0.22360681,0.0701,0.00108033979058772,0.0010501550674468592,0.9720599727938931,0.0
