Tile Number, Tile x cohordinate [m], Tile y cohordinate [m], area_m2[m2], Tile z cohordinate [m],absorbedPARTile [umol^s-1],absorbedPARTilem2 [umol m^-2 m^-1],Thermal time[dd]
1,0.1118034,0.0,0.0701,0.00108033979058772,0.007934835414626078,7.344759013559444,0.0
2,0.22360681,0.0559017,0.0701,0.0012078565728149138,0.02816875752377239,23.32127684508518,0.0
3,0.3354102,0.0559017,0.0701,0.00108033979058772,0.001648494747265799,1.5259039439517403,0.0
4,0.44721362,0.1118034,0.0701,0.00108033979058772,0.008329274947476463,7.709865932962833,0.0
5,0.559017,0.1677051,0.0701,0.0012078565728149138,0.02673150431378633,22.131356417168366,0.0
6,0.6708204,0.1677051,0.0701,0.00108033979058772,0.011269864903652288,10.431778040426822,0.0
7,0.7826238,0.22360681,0.0701,0.00108033979058772,0.010886535742235293,10.07695526637306,0.0
