Tile Number, Tile x cohordinate [m], Tile y cohordinate [m], area_m2[m2], Tile z cohordinate [m],absorbedPARTile [umol^s-1],absorbedPARTilem2 [umol m^-2 m^-1],Thermal time[dd]
1,0.1118034,0.0,0.0701,0.00108033979058772,0.003444014651120755,3.187899474893138,0.0
2,0.22360681,0.0559017,0.0701,0.0012078565728149138,0.0016928804973050484,1.401557548641545,0.0
3,0.3354102,0.0559017,0.0701,0.00108033979058772,0.010018253034439583,9.273242660986794,0.0
4,0.44721362,0.1118034,0.0701,0.00108033979058772,0.0035148709395176553,3.2534865142803975,0.0
5,0.559017,0.1677051,0.0701,0.0012078565728149138,0.008118567653514498,6.721466634564193,0.0
6,0.6708204,0.1677051,0.0701,0.00108033979058772,0.016252214206317856,15.04361345190889,0.0
7,0.7826238,0.22360681,0.0701,0.00108033979058772,0.0013078646399786648,1.2106048961384346,0.0
