Tile Number, Tile x cohordinate [m], Tile y cohordinate [m], area_m2[m2], Tile z cohordinate [m],absorbedPARTile [umol^s-1],absorbedPARTilem2 [umol m^-2 m^-1],Thermal time[dd]
1,0.1118034,0.0,0.0701,0.00108033979058772,0.0021940269610198865,2.0308674920011094,0.0
2,0.22360681,0.0559017,0.0701,0.0012078565728149138,0.001620048616715784,1.341259097460765,0.0
3,0.3354102,0.0559017,0.0701,0.00108033979058772,0.00288277886067666,2.6684001513157156,0.0
4,0.44721362,0.1118034,0.0701,0.00108033979058772,0.0010419606088387173,0.9644748975430001,0.0
5,0.559017,0.1677051,0.0701,0.0012078565728149138,0.0010159897200831337,0.8411509635745626,0.0
6,0.6708204,0.1677051,0.0701,0.00108033979058772,0.006739204745098139,6.238041775201039,0.0
7,0.7826238,0.22360681,0.0701,0.00108033979058772,0.0016734871596697858,1.5490377881568034,0.0
