Tile Number, Tile x cohordinate [m], Tile y cohordinate [m], area_m2[m2], Tile z cohordinate [m],absorbedPARTile [umol^s-1],absorbedPARTilem2 [umol m^-2 m^-1],Thermal time[dd]
1,0.1118034,0.0,0.0701,0.00108033979058772,0.010638720145668723,9.8475685505216,0.0
2,0.22360681,0.0559017,0.0701,0.0012078565728149138,0.012279090029061288,10.166016649182797,0.0
3,0.3354102,0.0559017,0.0701,0.00108033979058772,0.01964068775375024,18.18010215384683,0.0
4,0.44721362,0.1118034,0.0701,0.00108033979058772,0.02298476418089487,21.275495340582463,0.0
5,0.559017,0.1677051,0.0701,0.0012078565728149138,0.012177362277817204,10.081794934838845,0.0
6,0.6708204,0.1677051,0.0701,0.00108033979058772,0.006585657417124501,6.095913040046235,0.0
7,0.7826238,0.22360681,0.0701,0.00108033979058772,0.01215994593837016,11.255667933655372,0.0
