Tile Number, Tile x cohordinate [m], Tile y cohordinate [m], area_m2[m2], Tile z cohordinate [m],absorbedPARTile [umol^s-1],absorbedPARTilem2 [umol m^-2 m^-1],Thermal time[dd]
1,0.14142136,0.0,0.0701,0.004042135611804359,0.0492901883665612,12.194095671262911,0.0
2,0.28284273,0.07071068,0.0701,0.005716443181545683,0.21474724814001717,37.56658490602738,0.0
3,0.4242641,0.07071068,0.0701,0.004042135611804359,0.1370629491954406,33.908547945588936,0.0
4,0.56568545,0.14142136,0.0701,0.004042135611804359,0.05549556256629435,13.72926786628067,0.0
5,0.70710677,0.21213204,0.0701,0.005716443181545683,0.09663919819002179,16.905476905989516,0.0
6,0.8485281,0.21213204,0.0701,0.004042135611804359,0.06375103367558604,15.771621686667848,0.0
7,0.9899494,0.28284273,0.0701,0.004042135611804359,0.08473070552207729,20.961866117167343,0.0
