Tile Number, Tile x cohordinate [m], Tile y cohordinate [m], area_m2[m2], Tile z cohordinate [m],absorbedPARTile [umol^s-1],absorbedPARTilem2 [umol m^-2 m^-1],Thermal time[dd]
1,0.14142136,0.0,0.0701,0.004042135611804359,0.1042324980096181,25.78649209720354,0.0
2,0.28284273,0.07071068,0.0701,0.005716443181545683,0.16143387777760823,28.240266307336537,0.0
3,0.4242641,0.07071068,0.0701,0.004042135611804359,0.1814912054988543,44.899830913351984,0.0
4,0.56568545,0.14142136,0.0701,0.004042135611804359,0.22620128591620123,55.96083546915631,0.0
5,0.70710677,0.21213204,0.0701,0.005716443181545683,0.4438205883410136,77.63928972018714,0.0
6,0.8485281,0.21213204,0.0701,0.004042135611804359,0.2611373634583791,64.60381059353192,0.0
7,0.9899494,0.28284273,0.0701,0.004042135611804359,0.14183684713363648,35.08958153690501,0.0
