Tile Number, Tile x cohordinate [m], Tile y cohordinate [m], area_m2[m2], Tile z cohordinate [m],absorbedPARTile [umol^s-1],absorbedPARTilem2 [umol m^-2 m^-1],Thermal time[dd]
1,0.1118034,0.0,0.0701,0.00108033979058772,0.02114443103575647,19.572019118404963,0.0
2,0.22360681,0.0559017,0.0701,0.0012078565728149138,0.002189624013053468,1.8128178977000073,0.0
3,0.3354102,0.0559017,0.0701,0.00108033979058772,0.0013876144061070726,1.2844240471344586,0.0
4,0.44721362,0.1118034,0.0701,0.00108033979058772,0.004328207890068845,4.006339420039541,0.0
5,0.559017,0.1677051,0.0701,0.0012078565728149138,0.0047524308336910105,3.934598644121673,0.0
6,0.6708204,0.1677051,0.0701,0.00108033979058772,0.00810349316238269,7.500874477625486,0.0
7,0.7826238,0.22360681,0.0701,0.00108033979058772,0.003807110203828783,3.5239933185814274,0.0
