Tile Number, Tile x cohordinate [m], Tile y cohordinate [m], area_m2[m2], Tile z cohordinate [m],absorbedPARTile [umol^s-1],absorbedPARTilem2 [umol m^-2 m^-1],Thermal time[dd]
1,0.14142136,0.0,0.0701,0.004042135611804359,0.07648299154751963,18.92143136518336,0.0
2,0.28284273,0.07071068,0.0701,0.005716443181545683,0.05845643881953359,10.226015891883215,0.0
3,0.4242641,0.07071068,0.0701,0.004042135611804359,0.05193671893532473,12.84883139092427,0.0
4,0.56568545,0.14142136,0.0701,0.004042135611804359,0.11220255936909813,27.75823726483345,0.0
5,0.70710677,0.21213204,0.0701,0.005716443181545683,0.06446009908777822,11.276259912085525,0.0
6,0.8485281,0.21213204,0.0701,0.004042135611804359,0.04240874476187899,10.491667978192412,0.0
7,0.9899494,0.28284273,0.0701,0.004042135611804359,0.011871064303849111,2.9368297959083107,0.0
