Tile Number, Tile x cohordinate [m], Tile y cohordinate [m], area_m2[m2], Tile z cohordinate [m],absorbedPARTile [umol^s-1],absorbedPARTilem2 [umol m^-2 m^-1],Thermal time[dd]
1,0.14142136,0.0,0.0701,0.004042135611804359,0.04763340079513878,11.784216406800814,0.0
2,0.28284273,0.07071068,0.0701,0.005716443181545683,0.02561739691510588,4.481352495168006,0.0
3,0.4242641,0.07071068,0.0701,0.004042135611804359,0.02235301905203149,5.5300022559246536,0.0
4,0.56568545,0.14142136,0.0701,0.004042135611804359,0.14969483730571745,37.03360096790407,0.0
5,0.70710677,0.21213204,0.0701,0.005716443181545683,0.0775383947842908,13.564097870264321,0.0
6,0.8485281,0.21213204,0.0701,0.004042135611804359,0.055672933428633206,13.773148349117731,0.0
7,0.9899494,0.28284273,0.0701,0.004042135611804359,0.05987978750812591,14.813898705737959,0.0
