Tile Number, Tile x cohordinate [m], Tile y cohordinate [m], area_m2[m2], Tile z cohordinate [m],absorbedPARTile [umol^s-1],absorbedPARTilem2 [umol m^-2 m^-1],Thermal time[dd]
1,0.1118034,0.0,0.0701,0.00108033979058772,0.008039964301282657,7.442069959219779,0.0
2,0.22360681,0.0559017,0.0701,0.0012078565728149138,0.006205376947314022,5.137511428904485,0.0
3,0.3354102,0.0559017,0.0701,0.00108033979058772,0.00757913202733609,7.0155076147042,0.0
4,0.44721362,0.1118034,0.0701,0.00108033979058772,0.008090041333004358,7.488422997549005,0.0
5,0.559017,0.1677051,0.0701,0.0012078565728149138,0.010069319314305904,8.336519037884873,0.0
6,0.6708204,0.1677051,0.0701,0.00108033979058772,0.013707022904803138,12.687696060279633,0.0
7,0.7826238,0.22360681,0.0701,0.00108033979058772,0.010236025368628091,9.474820290623148,0.0
