Tile Number, Tile x cohordinate [m], Tile y cohordinate [m], area_m2[m2], Tile z cohordinate [m],absorbedPARTile [umol^s-1],absorbedPARTilem2 [umol m^-2 m^-1],Thermal time[dd]
1,0.1118034,0.0,0.0701,0.00108033979058772,0.0059189388187682575,5.478775169012587,0.0
2,0.22360681,0.0559017,0.0701,0.0012078565728149138,0.0036867676167255834,3.0523223532522237,0.0
3,0.3354102,0.0559017,0.0701,0.00108033979058772,0.003639598863815866,3.3689390093054645,0.0
4,0.44721362,0.1118034,0.0701,0.00108033979058772,0.01411289166441421,13.063382268588478,0.0
5,0.559017,0.1677051,0.0701,0.0012078565728149138,0.024523349276043428,20.303196445660497,0.0
6,0.6708204,0.1677051,0.0701,0.00108033979058772,0.01653436238195617,15.304779594354518,0.0
7,0.7826238,0.22360681,0.0701,0.00108033979058772,0.005803567425457216,5.371983403758548,0.0
