Tile Number, Tile x cohordinate [m], Tile y cohordinate [m], area_m2[m2], Tile z cohordinate [m],absorbedPARTile [umol^s-1],absorbedPARTilem2 [umol m^-2 m^-1],Thermal time[dd]
1,0.14142136,0.0,0.0701,0.004042135611804359,0.04556281992274999,11.271967172425299,0.0
2,0.28284273,0.07071068,0.0701,0.005716443181545683,0.10986714783363345,19.21949442064186,0.0
3,0.4242641,0.07071068,0.0701,0.004042135611804359,0.05577282748648465,13.797861537255141,0.0
4,0.56568545,0.14142136,0.0701,0.004042135611804359,0.05288274944206953,13.082873639279835,0.0
5,0.70710677,0.21213204,0.0701,0.005716443181545683,0.3325606416281128,58.1761474865549,0.0
6,0.8485281,0.21213204,0.0701,0.004042135611804359,0.17147957727516172,42.423014402185125,0.0
7,0.9899494,0.28284273,0.0701,0.004042135611804359,0.12602523791225434,31.177884666763624,0.0
