Tile Number, Tile x cohordinate [m], Tile y cohordinate [m], area_m2[m2], Tile z cohordinate [m],absorbedPARTile [umol^s-1],absorbedPARTilem2 [umol m^-2 m^-1],Thermal time[dd]
1,0.14142136,0.0,0.0701,0.004042135611804359,0.10253913001300811,25.367563055915365,0.0
2,0.28284273,0.07071068,0.0701,0.005716443181545683,0.0491827006628108,8.603724221660535,0.0
3,0.4242641,0.07071068,0.0701,0.004042135611804359,0.06402270137794615,15.83883063966951,0.0
4,0.56568545,0.14142136,0.0701,0.004042135611804359,0.18003023559967044,44.538395761370104,0.0
5,0.70710677,0.21213204,0.0701,0.005716443181545683,0.19079251037048342,33.376087946857645,0.0
6,0.8485281,0.21213204,0.0701,0.004042135611804359,0.0723854984125972,17.907736247445,0.0
7,0.9899494,0.28284273,0.0701,0.004042135611804359,0.07920161140042604,19.59400153946627,0.0
