Tile Number, Tile x cohordinate [m], Tile y cohordinate [m], area_m2[m2], Tile z cohordinate [m],absorbedPARTile [umol^s-1],absorbedPARTilem2 [umol m^-2 m^-1],Thermal time[dd]
1,0.14142136,0.0,0.0701,0.004042135611804359,0.14112804780647276,34.91422885326575,0.0
2,0.28284273,0.07071068,0.0701,0.005716443181545683,0.23989960088775633,41.96658538691,0.0
3,0.4242641,0.07071068,0.0701,0.004042135611804359,0.1987027794203949,49.15787061673976,0.0
4,0.56568545,0.14142136,0.0701,0.004042135611804359,0.19406392101043704,48.01024499121377,0.0
5,0.70710677,0.21213204,0.0701,0.005716443181545683,0.3580228160507203,62.63034629759298,0.0
6,0.8485281,0.21213204,0.0701,0.004042135611804359,0.24346027136734008,60.230604499353355,0.0
7,0.9899494,0.28284273,0.0701,0.004042135611804359,0.2657869541357422,65.75409131736137,0.0
