Tile Number, Tile x cohordinate [m], Tile y cohordinate [m], area_m2[m2], Tile z cohordinate [m],absorbedPARTile [umol^s-1],absorbedPARTilem2 [umol m^-2 m^-1],Thermal time[dd]
1,0.14142136,0.0,0.0701,0.004042135611804359,0.12819354012859663,31.714309572946913,0.0
2,0.28284273,0.07071068,0.0701,0.005716443181545683,0.09012067153596083,15.765165273906018,0.0
3,0.4242641,0.07071068,0.0701,0.004042135611804359,0.07126303143707712,17.630044679591087,0.0
4,0.56568545,0.14142136,0.0701,0.004042135611804359,0.031241629593709856,7.72899095776848,0.0
5,0.70710677,0.21213204,0.0701,0.005716443181545683,0.18078989157601993,31.62629030577292,0.0
6,0.8485281,0.21213204,0.0701,0.004042135611804359,0.16424714460026427,40.63375412754803,0.0
7,0.9899494,0.28284273,0.0701,0.004042135611804359,0.07922377511600256,19.59948470918274,0.0
