Tile Number, Tile x cohordinate [m], Tile y cohordinate [m], area_m2[m2], Tile z cohordinate [m],absorbedPARTile [umol^s-1],absorbedPARTilem2 [umol m^-2 m^-1],Thermal time[dd]
1,0.1118034,0.0,0.0701,0.00108033979058772,0.01375316841914773,12.730409949693527,0.0
2,0.22360681,0.0559017,0.0701,0.0012078565728149138,0.024523022839796543,20.30292618489094,0.0
3,0.3354102,0.0559017,0.0701,0.00108033979058772,0.008383277356461143,7.759852436704682,0.0
4,0.44721362,0.1118034,0.0701,0.00108033979058772,0.01966591366565168,18.20345213328961,0.0
5,0.559017,0.1677051,0.0701,0.0012078565728149138,0.01473384006391898,12.198335792122831,0.0
6,0.6708204,0.1677051,0.0701,0.00108033979058772,0.02234688811534316,20.685055118803078,0.0
7,0.7826238,0.22360681,0.0701,0.00108033979058772,0.012253233544607013,11.342018179244405,0.0
