Tile Number, Tile x cohordinate [m], Tile y cohordinate [m], area_m2[m2], Tile z cohordinate [m],absorbedPARTile [umol^s-1],absorbedPARTilem2 [umol m^-2 m^-1],Thermal time[dd]
1,0.1118034,0.0,0.0701,0.00108033979058772,0.01728276060766011,15.997522962898596,0.0
2,0.22360681,0.0559017,0.0701,0.0012078565728149138,0.024740889875957964,20.48330110776252,0.0
3,0.3354102,0.0559017,0.0701,0.00108033979058772,0.012746353774456085,11.798467376196418,0.0
4,0.44721362,0.1118034,0.0701,0.00108033979058772,0.015272308151033448,14.136578402546018,0.0
5,0.559017,0.1677051,0.0701,0.0012078565728149138,0.011972225430314561,9.911959498976977,0.0
6,0.6708204,0.1677051,0.0701,0.00108033979058772,0.0118457551927229,10.96484207647174,0.0
7,0.7826238,0.22360681,0.0701,0.00108033979058772,0.02228068336141169,20.623773701134056,0.0
