Tile Number, Tile x cohordinate [m], Tile y cohordinate [m], area_m2[m2], Tile z cohordinate [m],absorbedPARTile [umol^s-1],absorbedPARTilem2 [umol m^-2 m^-1],Thermal time[dd]
1,0.14142136,0.0,0.0701,0.004042135611804359,0.10661878362373352,26.376844782835036,0.0
2,0.28284273,0.07071068,0.0701,0.005716443181545683,0.12154715182891848,21.262723684774393,0.0
3,0.4242641,0.07071068,0.0701,0.004042135611804359,0.09357103440534353,23.148910227575115,0.0
4,0.56568545,0.14142136,0.0701,0.004042135611804359,0.08998631492906571,22.262072223968985,0.0
5,0.70710677,0.21213204,0.0701,0.005716443181545683,0.29114613510437015,50.931344169443214,0.0
6,0.8485281,0.21213204,0.0701,0.004042135611804359,0.11210331594486239,27.733685039533064,0.0
7,0.9899494,0.28284273,0.0701,0.004042135611804359,0.16592070821662905,41.04778368446775,0.0
