Tile Number, Tile x cohordinate [m], Tile y cohordinate [m], area_m2[m2], Tile z cohordinate [m],absorbedPARTile [umol^s-1],absorbedPARTilem2 [umol m^-2 m^-1],Thermal time[dd]
1,0.1118034,0.0,0.0701,0.00108033979058772,0.003183319126925593,2.9465906510708293,0.0
2,0.22360681,0.0559017,0.0701,0.0012078565728149138,0.005635566184050547,4.665757765358549,0.0
3,0.3354102,0.0559017,0.0701,0.00108033979058772,0.0011542664053623456,1.0684290400286085,0.0
4,0.44721362,0.1118034,0.0701,0.00108033979058772,0.014756072349058513,13.658732629880275,0.0
5,0.559017,0.1677051,0.0701,0.0012078565728149138,0.02463768795699193,20.397858910991157,0.0
6,0.6708204,0.1677051,0.0701,0.00108033979058772,0.028115556553387145,26.024734808751134,0.0
7,0.7826238,0.22360681,0.0701,0.00108033979058772,0.006596639592248121,6.1060785224428855,0.0
