Tile Number, Tile x cohordinate [m], Tile y cohordinate [m], area_m2[m2], Tile z cohordinate [m],absorbedPARTile [umol^s-1],absorbedPARTilem2 [umol m^-2 m^-1],Thermal time[dd]
1,0.14142136,0.0,0.0701,0.004042135611804359,0.06917255949323974,17.11287451396564,0.0
2,0.28284273,0.07071068,0.0701,0.005716443181545683,0.13249557977609633,23.17797545925586,0.0
3,0.4242641,0.07071068,0.0701,0.004042135611804359,0.09814811363754321,24.28125205668968,0.0
4,0.56568545,0.14142136,0.0701,0.004042135611804359,0.07411380307867178,18.33530841029559,0.0
5,0.70710677,0.21213204,0.0701,0.005716443181545683,0.11005200459098816,19.251832143852592,0.0
6,0.8485281,0.21213204,0.0701,0.004042135611804359,0.15144627936997412,37.466897183682164,0.0
7,0.9899494,0.28284273,0.0701,0.004042135611804359,0.07594355522205923,18.78797806790034,0.0
