Tile Number, Tile x cohordinate [m], Tile y cohordinate [m], area_m2[m2], Tile z cohordinate [m],absorbedPARTile [umol^s-1],absorbedPARTilem2 [umol m^-2 m^-1],Thermal time[dd]
1,0.1118034,0.0,0.0701,0.00108033979058772,0.0011024446347576667,1.020461010843562,0.0
2,0.22360681,0.0559017,0.0701,0.0012078565728149138,0.0028282141356021093,2.3415148778889754,0.0
3,0.3354102,0.0559017,0.0701,0.00108033979058772,0.002329228276539991,2.156014521387626,0.0
4,0.44721362,0.1118034,0.0701,0.00108033979058772,0.0018121569436462313,1.6773953523089182,0.0
5,0.559017,0.1677051,0.0701,0.0012078565728149138,0.0048967595587286715,4.054090252882225,0.0
6,0.6708204,0.1677051,0.0701,0.00108033979058772,0.004904757994215895,4.540014203816041,0.0
7,0.7826238,0.22360681,0.0701,0.00108033979058772,0.0020210857148110026,1.8707870731221552,0.0
