Tile Number, Tile x cohordinate [m], Tile y cohordinate [m], area_m2[m2], Tile z cohordinate [m],absorbedPARTile [umol^s-1],absorbedPARTilem2 [umol m^-2 m^-1],Thermal time[dd]
1,0.1118034,0.0,0.0701,0.00108033979058772,0.006980343132673282,6.4612478346982645,0.0
2,0.22360681,0.0559017,0.0701,0.0012078565728149138,0.0014492254343403668,1.1998323865249514,0.0
3,0.3354102,0.0559017,0.0701,0.00108033979058772,0.0277809228332226,25.71498622494446,0.0
4,0.44721362,0.1118034,0.0701,0.00108033979058772,0.012652959148461679,11.712018069406009,0.0
5,0.559017,0.1677051,0.0701,0.0012078565728149138,0.0020770330683864547,1.719602405727629,0.0
6,0.6708204,0.1677051,0.0701,0.00108033979058772,0.009012169802173103,8.341977108211813,0.0
7,0.7826238,0.22360681,0.0701,0.00108033979058772,0.017698274098895895,16.382136669489686,0.0
