Tile Number, Tile x cohordinate [m], Tile y cohordinate [m], area_m2[m2], Tile z cohordinate [m],absorbedPARTile [umol^s-1],absorbedPARTilem2 [umol m^-2 m^-1],Thermal time[dd]
1,0.14142136,0.0,0.0701,0.004042135611804359,0.11760937805786133,29.095851637041427,0.0
2,0.28284273,0.07071068,0.0701,0.005716443181545683,0.1192156999180603,20.85487358694,0.0
3,0.4242641,0.07071068,0.0701,0.004042135611804359,0.11088868708290102,27.43319317616899,0.0
4,0.56568545,0.14142136,0.0701,0.004042135611804359,0.16849958938880924,41.68578335094332,0.0
5,0.70710677,0.21213204,0.0701,0.005716443181545683,0.34234970875518805,59.888587690400044,0.0
6,0.8485281,0.21213204,0.0701,0.004042135611804359,0.18307944552230837,45.29275192738622,0.0
7,0.9899494,0.28284273,0.0701,0.004042135611804359,0.11915850219951629,29.47909561755782,0.0
