Tile Number, Tile x cohordinate [m], Tile y cohordinate [m], area_m2[m2], Tile z cohordinate [m],absorbedPARTile [umol^s-1],absorbedPARTilem2 [umol m^-2 m^-1],Thermal time[dd]
1,0.1118034,0.0,0.0701,0.00108033979058772,0.004374119128557152,4.048836455591042,0.0
2,0.22360681,0.0559017,0.0701,0.0012078565728149138,0.0031029991969042927,2.5690129662272256,0.0
3,0.3354102,0.0559017,0.0701,0.00108033979058772,0.0019841290136509413,1.8365786680610436,0.0
4,0.44721362,0.1118034,0.0701,0.00108033979058772,0.007916341199249673,7.327640126022826,0.0
5,0.559017,0.1677051,0.0701,0.0012078565728149138,0.00484533513624019,4.011515311746097,0.0
6,0.6708204,0.1677051,0.0701,0.00108033979058772,0.006720916420790259,6.221113467582256,0.0
7,0.7826238,0.22360681,0.0701,0.00108033979058772,0.003817355055765491,3.5334763090497634,0.0
