Tile Number, Tile x cohordinate [m], Tile y cohordinate [m], area_m2[m2], Tile z cohordinate [m],absorbedPARTile [umol^s-1],absorbedPARTilem2 [umol m^-2 m^-1],Thermal time[dd]
1,0.1118034,0.0,0.0701,0.00108033979058772,0.014201549818139411,13.145447332281977,0.0
2,0.22360681,0.0559017,0.0701,0.0012078565728149138,0.010064091173000387,8.33219059241942,0.0
3,0.3354102,0.0559017,0.0701,0.00108033979058772,0.019410195541264372,17.966750563454628,0.0
4,0.44721362,0.1118034,0.0701,0.00108033979058772,0.008925799047177451,8.262029340159444,0.0
5,0.559017,0.1677051,0.0701,0.0012078565728149138,0.01279710960740882,10.59489172425921,0.0
6,0.6708204,0.1677051,0.0701,0.00108033979058772,0.01363955484725349,12.625245284942602,0.0
7,0.7826238,0.22360681,0.0701,0.00108033979058772,0.010323213040892162,9.555524225647739,0.0
