Tile Number, Tile x cohordinate [m], Tile y cohordinate [m], area_m2[m2], Tile z cohordinate [m],absorbedPARTile [umol^s-1],absorbedPARTilem2 [umol m^-2 m^-1],Thermal time[dd]
1,0.14142136,0.0,0.0701,0.004042135611804359,0.061382071623535955,15.18555474593188,0.0
2,0.28284273,0.07071068,0.0701,0.005716443181545683,0.054912501156988744,9.6060608691541,0.0
3,0.4242641,0.07071068,0.0701,0.004042135611804359,0.21102206225506467,52.20558697704529,0.0
4,0.56568545,0.14142136,0.0701,0.004042135611804359,0.041549361889726626,10.279061832658183,0.0
5,0.70710677,0.21213204,0.0701,0.005716443181545683,0.11834322428653042,20.70224797625493,0.0
6,0.8485281,0.21213204,0.0701,0.004042135611804359,0.08719458061279356,21.571413971900604,0.0
7,0.9899494,0.28284273,0.0701,0.004042135611804359,0.11654884614434316,28.83348243042177,0.0
