Tile Number, Tile x cohordinate [m], Tile y cohordinate [m], area_m2[m2], Tile z cohordinate [m],absorbedPARTile [umol^s-1],absorbedPARTilem2 [umol m^-2 m^-1],Thermal time[dd]
1,0.1118034,0.0,0.0701,0.00108033979058772,0.011016830616565047,10.197560723531009,0.0
2,0.22360681,0.0559017,0.0701,0.0012078565728149138,0.0104324962355043,8.637197884506545,0.0
3,0.3354102,0.0559017,0.0701,0.00108033979058772,0.014475390422733821,13.398923698680957,0.0
4,0.44721362,0.1118034,0.0701,0.00108033979058772,0.01109429813782398,10.269267349477637,0.0
5,0.559017,0.1677051,0.0701,0.0012078565728149138,0.011215925103603228,9.285808726001695,0.0
6,0.6708204,0.1677051,0.0701,0.00108033979058772,0.006664114626797587,6.168535755933063,0.0
7,0.7826238,0.22360681,0.0701,0.00108033979058772,0.006557962066747813,6.070277262656585,0.0
