Tile Number, Tile x cohordinate [m], Tile y cohordinate [m], area_m2[m2], Tile z cohordinate [m],absorbedPARTile [umol^s-1],absorbedPARTilem2 [umol m^-2 m^-1],Thermal time[dd]
1,0.14142136,0.0,0.0701,0.004042135611804359,0.07695503183910368,19.038211289688004,0.0
2,0.28284273,0.07071068,0.0701,0.005716443181545683,0.15687191986816407,27.442224979090422,0.0
3,0.4242641,0.07071068,0.0701,0.004042135611804359,0.03630914090375662,8.98266272851461,0.0
4,0.56568545,0.14142136,0.0701,0.004042135611804359,0.06580955202055455,16.280886724425848,0.0
5,0.70710677,0.21213204,0.0701,0.005716443181545683,0.14799249986761093,25.88891294246974,0.0
6,0.8485281,0.21213204,0.0701,0.004042135611804359,0.0869649886140293,21.514614294498944,0.0
7,0.9899494,0.28284273,0.0701,0.004042135611804359,0.07907535544230461,19.562766576009643,0.0
