Tile Number, Tile x cohordinate [m], Tile y cohordinate [m], area_m2[m2], Tile z cohordinate [m],absorbedPARTile [umol^s-1],absorbedPARTilem2 [umol m^-2 m^-1],Thermal time[dd]
1,0.1118034,0.0,0.0701,0.00108033979058772,0.0015364600934358026,1.4222007805525212,0.0
2,0.22360681,0.0559017,0.0701,0.0012078565728149138,0.004173751455367345,3.4555025400411603,0.0
3,0.3354102,0.0559017,0.0701,0.00108033979058772,0.0036465163741458374,3.375342096917565,0.0
4,0.44721362,0.1118034,0.0701,0.00108033979058772,0.0017486358117964741,1.6185979883654862,0.0
5,0.559017,0.1677051,0.0701,0.0012078565728149138,0.0014139205211874068,1.1706029946024636,0.0
6,0.6708204,0.1677051,0.0701,0.00108033979058772,0.002499378376785969,2.313511358705276,0.0
7,0.7826238,0.22360681,0.0701,0.00108033979058772,0.002373723889963496,2.1972012052542813,0.0
