Tile Number, Tile x cohordinate [m], Tile y cohordinate [m], area_m2[m2], Tile z cohordinate [m],absorbedPARTile [umol^s-1],absorbedPARTilem2 [umol m^-2 m^-1],Thermal time[dd]
1,0.1118034,0.0,0.0701,0.00108033979058772,0.0016597540800597802,1.5363259731059715,0.0
2,0.22360681,0.0559017,0.0701,0.0012078565728149138,0.004119200911913029,3.410339443128763,0.0
3,0.3354102,0.0559017,0.0701,0.00108033979058772,0.01443918553225444,13.365411195675133,0.0
4,0.44721362,0.1118034,0.0701,0.00108033979058772,0.002658191674650018,2.460514458329749,0.0
5,0.559017,0.1677051,0.0701,0.0012078565728149138,0.003561455766371936,2.9485750597622293,0.0
6,0.6708204,0.1677051,0.0701,0.00108033979058772,0.002829530755238768,2.619111857112533,0.0
7,0.7826238,0.22360681,0.0701,0.00108033979058772,0.007630918705638619,7.0634431612366075,0.0
