Tile Number, Tile x cohordinate [m], Tile y cohordinate [m], area_m2[m2], Tile z cohordinate [m],absorbedPARTile [umol^s-1],absorbedPARTilem2 [umol m^-2 m^-1],Thermal time[dd]
1,0.1118034,0.0,0.0701,0.00108033979058772,0.0169289322376607,15.670007145114155,0.0
2,0.22360681,0.0559017,0.0701,0.0012078565728149138,0.007151082329213596,5.920473084439136,0.0
3,0.3354102,0.0559017,0.0701,0.00108033979058772,0.008949185708963171,8.283676845869659,0.0
4,0.44721362,0.1118034,0.0701,0.00108033979058772,0.011892814054428935,11.008401391898264,0.0
5,0.559017,0.1677051,0.0701,0.0012078565728149138,0.014537689868623397,12.035940521268401,0.0
6,0.6708204,0.1677051,0.0701,0.00108033979058772,0.003205943601522916,2.967532649870128,0.0
7,0.7826238,0.22360681,0.0701,0.00108033979058772,0.00495772238874773,4.589039885359272,0.0
