Tile Number, Tile x cohordinate [m], Tile y cohordinate [m], area_m2[m2], Tile z cohordinate [m],absorbedPARTile [umol^s-1],absorbedPARTilem2 [umol m^-2 m^-1],Thermal time[dd]
1,0.1118034,0.0,0.0701,0.00108033979058772,0.0088499192253362,8.191792343889992,0.0
2,0.22360681,0.0559017,0.0701,0.0012078565728149138,0.010220735310565417,8.461878289692923,0.0
3,0.3354102,0.0559017,0.0701,0.00108033979058772,0.03246232949715878,30.048258686740418,0.0
4,0.44721362,0.1118034,0.0701,0.00108033979058772,0.022253720033094972,20.59881550876566,0.0
5,0.559017,0.1677051,0.0701,0.0012078565728149138,0.03798968343255197,31.452147786071063,0.0
6,0.6708204,0.1677051,0.0701,0.00108033979058772,0.01274243156041754,11.794836838774104,0.0
7,0.7826238,0.22360681,0.0701,0.00108033979058772,0.015963725632893045,14.776578417248295,0.0
