Tile Number, Tile x cohordinate [m], Tile y cohordinate [m], area_m2[m2], Tile z cohordinate [m],absorbedPARTile [umol^s-1],absorbedPARTilem2 [umol m^-2 m^-1],Thermal time[dd]
1,0.1118034,0.0,0.0701,0.00108033979058772,0.007744549172931313,7.168623464954642,0.0
2,0.22360681,0.0559017,0.0701,0.0012078565728149138,0.017474869137850176,14.467669035508857,0.0
3,0.3354102,0.0559017,0.0701,0.00108033979058772,0.013884493641231356,12.851969132487472,0.0
4,0.44721362,0.1118034,0.0701,0.00108033979058772,0.011800587248295469,10.923033059696696,0.0
5,0.559017,0.1677051,0.0701,0.0012078565728149138,0.009304703759164831,7.70348398028765,0.0
6,0.6708204,0.1677051,0.0701,0.00108033979058772,0.011611431584239306,10.747944012987364,0.0
7,0.7826238,0.22360681,0.0701,0.00108033979058772,0.006080460090322122,5.628284863056157,0.0
