Tile Number, Tile x cohordinate [m], Tile y cohordinate [m], area_m2[m2], Tile z cohordinate [m],absorbedPARTile [umol^s-1],absorbedPARTilem2 [umol m^-2 m^-1],Thermal time[dd]
1,0.14142136,0.0,0.0701,0.004042135611804359,0.15106829121246337,37.37338519056473,0.0
2,0.28284273,0.07071068,0.0701,0.005716443181545683,0.21236129849365237,37.14920130391841,0.0
3,0.4242641,0.07071068,0.0701,0.004042135611804359,0.14955815971237185,36.9997877546743,0.0
4,0.56568545,0.14142136,0.0701,0.004042135611804359,0.12283751792655943,30.389261945550185,0.0
5,0.70710677,0.21213204,0.0701,0.005716443181545683,0.1993620333343506,34.87518846998224,0.0
6,0.8485281,0.21213204,0.0701,0.004042135611804359,0.1462073102950287,36.170807794784395,0.0
7,0.9899494,0.28284273,0.0701,0.004042135611804359,0.1320947992365265,32.67945757454709,0.0
