Tile Number, Tile x cohordinate [m], Tile y cohordinate [m], area_m2[m2], Tile z cohordinate [m],absorbedPARTile [umol^s-1],absorbedPARTilem2 [umol m^-2 m^-1],Thermal time[dd]
1,0.14142136,0.0,0.0701,0.004042135611804359,0.028068374739241973,6.943946822880739,0.0
2,0.28284273,0.07071068,0.0701,0.005716443181545683,0.10575968945523698,18.50096049177215,0.0
3,0.4242641,0.07071068,0.0701,0.004042135611804359,0.0346506070889992,8.572351453971034,0.0
4,0.56568545,0.14142136,0.0701,0.004042135611804359,0.06584783137854734,16.29035680699334,0.0
5,0.70710677,0.21213204,0.0701,0.005716443181545683,0.10776791769255599,18.852267794852175,0.0
6,0.8485281,0.21213204,0.0701,0.004042135611804359,0.06873502193310377,17.004630357372225,0.0
7,0.9899494,0.28284273,0.0701,0.004042135611804359,0.1480686047416349,36.63128082819045,0.0
