Tile Number, Tile x cohordinate [m], Tile y cohordinate [m], area_m2[m2], Tile z cohordinate [m],absorbedPARTile [umol^s-1],absorbedPARTilem2 [umol m^-2 m^-1],Thermal time[dd]
1,0.1118034,0.0,0.0701,0.00108033979058772,0.0024323178198411123,2.2514377800690815,0.0
2,0.22360681,0.0559017,0.0701,0.0012078565728149138,0.0031064940460455766,2.571906396804947,0.0
3,0.3354102,0.0559017,0.0701,0.00108033979058772,0.006767533054699813,6.264263441614218,0.0
4,0.44721362,0.1118034,0.0701,0.00108033979058772,0.003667454917768307,3.3947235395015496,0.0
5,0.559017,0.1677051,0.0701,0.0012078565728149138,0.004575729256649637,3.78830513459548,0.0
6,0.6708204,0.1677051,0.0701,0.00108033979058772,0.0025592093075131627,2.3688929444327114,0.0
7,0.7826238,0.22360681,0.0701,0.00108033979058772,0.003840026200332236,3.5544615071922956,0.0
