Tile Number, Tile x cohordinate [m], Tile y cohordinate [m], area_m2[m2], Tile z cohordinate [m],absorbedPARTile [umol^s-1],absorbedPARTilem2 [umol m^-2 m^-1],Thermal time[dd]
1,0.14142136,0.0,0.0701,0.004042135611804359,0.03349051828564023,8.285352472548658,0.0
2,0.28284273,0.07071068,0.0701,0.005716443181545683,0.09658099895489217,16.895295883755708,0.0
3,0.4242641,0.07071068,0.0701,0.004042135611804359,0.1697100607052207,41.98524666258395,0.0
4,0.56568545,0.14142136,0.0701,0.004042135611804359,0.028711296177546523,7.103001713673371,0.0
5,0.70710677,0.21213204,0.0701,0.005716443181545683,0.23644526783008576,41.362305251873906,0.0
6,0.8485281,0.21213204,0.0701,0.004042135611804359,0.07542469491264235,18.659615153033844,0.0
7,0.9899494,0.28284273,0.0701,0.004042135611804359,0.1251299377834658,30.956392808307914,0.0
