Tile Number, Tile x cohordinate [m], Tile y cohordinate [m], area_m2[m2], Tile z cohordinate [m],absorbedPARTile [umol^s-1],absorbedPARTilem2 [umol m^-2 m^-1],Thermal time[dd]
1,0.1118034,0.0,0.0701,0.00108033979058772,0.010323020487352398,9.55534599140936,0.0
2,0.22360681,0.0559017,0.0701,0.0012078565728149138,0.011753093525152438,9.730537374782681,0.0
3,0.3354102,0.0559017,0.0701,0.00108033979058772,0.00877856804391583,8.125747214346484,0.0
4,0.44721362,0.1118034,0.0701,0.00108033979058772,0.007166912645813674,6.633943050375636,0.0
5,0.559017,0.1677051,0.0701,0.0012078565728149138,0.005918054365655107,4.899633366123149,0.0
6,0.6708204,0.1677051,0.0701,0.00108033979058772,0.012625498256453928,11.686599314818796,0.0
7,0.7826238,0.22360681,0.0701,0.00108033979058772,0.005265194898219325,4.87364711000322,0.0
