Tile Number, Tile x cohordinate [m], Tile y cohordinate [m], area_m2[m2], Tile z cohordinate [m],absorbedPARTile [umol^s-1],absorbedPARTilem2 [umol m^-2 m^-1],Thermal time[dd]
1,0.14142136,0.0,0.0701,0.004042135611804359,0.11188783815422457,27.68037713219602,0.0
2,0.28284273,0.07071068,0.0701,0.005716443181545683,0.07019742931320767,12.279913765228192,0.0
3,0.4242641,0.07071068,0.0701,0.004042135611804359,0.1291182851365199,31.9430859171207,0.0
4,0.56568545,0.14142136,0.0701,0.004042135611804359,0.10256020407259986,25.372776651305436,0.0
5,0.70710677,0.21213204,0.0701,0.005716443181545683,0.19531255464143754,34.16679715665896,0.0
6,0.8485281,0.21213204,0.0701,0.004042135611804359,0.1226623349600792,30.345922734968372,0.0
7,0.9899494,0.28284273,0.0701,0.004042135611804359,0.14907003156905177,36.87902779256551,0.0
