Tile Number, Tile x cohordinate [m], Tile y cohordinate [m], area_m2[m2], Tile z cohordinate [m],absorbedPARTile [umol^s-1],absorbedPARTilem2 [umol m^-2 m^-1],Thermal time[dd]
1,0.14142136,0.0,0.0701,0.004042135611804359,0.10397304149619538,25.722304118783164,0.0
2,0.28284273,0.07071068,0.0701,0.005716443181545683,0.11341299861940915,19.83978411357937,0.0
3,0.4242641,0.07071068,0.0701,0.004042135611804359,0.03729887104863606,9.227516004092278,0.0
4,0.56568545,0.14142136,0.0701,0.004042135611804359,0.07575395166251536,18.74107128946615,0.0
5,0.70710677,0.21213204,0.0701,0.005716443181545683,0.046511600420860076,8.136458098807463,0.0
6,0.8485281,0.21213204,0.0701,0.004042135611804359,0.05240567697864756,12.96484878577696,0.0
7,0.9899494,0.28284273,0.0701,0.004042135611804359,0.02600439170057645,6.433329852822134,0.0
