Tile Number, Tile x cohordinate [m], Tile y cohordinate [m], area_m2[m2], Tile z cohordinate [m],absorbedPARTile [umol^s-1],absorbedPARTilem2 [umol m^-2 m^-1],Thermal time[dd]
1,0.14142136,0.0,0.0701,0.004042135611804359,0.29280364523681635,72.43785794364094,0.0
2,0.28284273,0.07071068,0.0701,0.005716443181545683,0.15952692225952145,27.906675041312415,0.0
3,0.4242641,0.07071068,0.0701,0.004042135611804359,0.06803754893375397,16.83207973900283,0.0
4,0.56568545,0.14142136,0.0701,0.004042135611804359,0.13718274081817627,33.93818367141314,0.0
5,0.70710677,0.21213204,0.0701,0.005716443181545683,0.13784752289089203,24.1142120218921,0.0
6,0.8485281,0.21213204,0.0701,0.004042135611804359,0.22023848876983648,54.485675375825586,0.0
7,0.9899494,0.28284273,0.0701,0.004042135611804359,0.06996965366876604,17.31007081118994,0.0
