Tile Number, Tile x cohordinate [m], Tile y cohordinate [m], area_m2[m2], Tile z cohordinate [m],absorbedPARTile [umol^s-1],absorbedPARTilem2 [umol m^-2 m^-1],Thermal time[dd]
1,0.14142136,0.0,0.0701,0.004042135611804359,0.07652903808386897,18.93282300088575,0.0
2,0.28284273,0.07071068,0.0701,0.005716443181545683,0.10836342467455864,18.956442184956344,0.0
3,0.4242641,0.07071068,0.0701,0.004042135611804359,0.0864448385066544,21.385932291387544,0.0
4,0.56568545,0.14142136,0.0701,0.004042135611804359,0.08283654935152902,20.493263291221396,0.0
5,0.70710677,0.21213204,0.0701,0.005716443181545683,0.17050716306772234,29.827491965313037,0.0
6,0.8485281,0.21213204,0.0701,0.004042135611804359,0.07836067763753038,19.385959592422267,0.0
7,0.9899494,0.28284273,0.0701,0.004042135611804359,0.024732162524442866,6.118588018723779,0.0
