Tile Number, Tile x cohordinate [m], Tile y cohordinate [m], area_m2[m2], Tile z cohordinate [m],absorbedPARTile [umol^s-1],absorbedPARTilem2 [umol m^-2 m^-1],Thermal time[dd]
1,0.1118034,0.0,0.0701,0.00108033979058772,0.00341856613878678,3.1643434487653486,0.0
2,0.22360681,0.0559017,0.0701,0.0012078565728149138,0.004359270128416091,3.609095836815126,0.0
3,0.3354102,0.0559017,0.0701,0.00108033979058772,0.005471445776572982,5.06456008030255,0.0
4,0.44721362,0.1118034,0.0701,0.00108033979058772,0.002021702218621959,1.8713577304434235,0.0
5,0.559017,0.1677051,0.0701,0.0012078565728149138,0.0034562003628547527,2.8614327567055966,0.0
6,0.6708204,0.1677051,0.0701,0.00108033979058772,0.0034351895408289436,3.1797306465590354,0.0
7,0.7826238,0.22360681,0.0701,0.00108033979058772,9.5761176962441E-4,0.8863986849021417,0.0
