Tile Number, Tile x cohordinate [m], Tile y cohordinate [m], area_m2[m2], Tile z cohordinate [m],absorbedPARTile [umol^s-1],absorbedPARTilem2 [umol m^-2 m^-1],Thermal time[dd]
1,0.1118034,0.0,0.0701,0.00108033979058772,0.001753175318228222,1.6227999130481625,0.0
2,0.22360681,0.0559017,0.0701,0.0012078565728149138,0.004271444740693555,3.5363840681339664,0.0
3,0.3354102,0.0559017,0.0701,0.00108033979058772,0.0017928067554781278,1.6594841466524306,0.0
4,0.44721362,0.1118034,0.0701,0.00108033979058772,0.0011560896022437457,1.0701166543304093,0.0
5,0.559017,0.1677051,0.0701,0.0012078565728149138,0.0013505949456005374,1.118174935665558,0.0
6,0.6708204,0.1677051,0.0701,0.00108033979058772,0.006571810726903258,6.08309606307114,0.0
7,0.7826238,0.22360681,0.0701,0.00108033979058772,3.975526533708483E-4,0.3679885317882942,0.0
