Tile Number, Tile x cohordinate [m], Tile y cohordinate [m], area_m2[m2], Tile z cohordinate [m],absorbedPARTile [umol^s-1],absorbedPARTilem2 [umol m^-2 m^-1],Thermal time[dd]
1,0.14142136,0.0,0.0701,0.004042135611804359,0.05920935084043981,14.648036712951718,0.0
2,0.28284273,0.07071068,0.0701,0.005716443181545683,0.054382140026822096,9.513282700400703,0.0
3,0.4242641,0.07071068,0.0701,0.004042135611804359,0.1426691927711868,35.295498833474575,0.0
4,0.56568545,0.14142136,0.0701,0.004042135611804359,0.09780155085982681,24.19551451322273,0.0
5,0.70710677,0.21213204,0.0701,0.005716443181545683,0.13103288076200484,22.922099739400284,0.0
6,0.8485281,0.21213204,0.0701,0.004042135611804359,0.01756324778026921,4.345041697507322,0.0
7,0.9899494,0.28284273,0.0701,0.004042135611804359,0.04280293556068019,10.589188407158236,0.0
