Tile Number, Tile x cohordinate [m], Tile y cohordinate [m], area_m2[m2], Tile z cohordinate [m],absorbedPARTile [umol^s-1],absorbedPARTilem2 [umol m^-2 m^-1],Thermal time[dd]
1,0.1118034,0.0,0.0701,0.00108033979058772,0.0062445944513756044,5.780213323419716,0.0
2,0.22360681,0.0559017,0.0701,0.0012078565728149138,0.0028574997422943357,2.3657608085328565,0.0
3,0.3354102,0.0559017,0.0701,0.00108033979058772,0.004670523392566833,4.323198528146412,0.0
4,0.44721362,0.1118034,0.0701,0.00108033979058772,0.0028507821449049097,2.638782880850889,0.0
5,0.559017,0.1677051,0.0701,0.0012078565728149138,0.00959940753085159,7.947473025278273,0.0
6,0.6708204,0.1677051,0.0701,0.00108033979058772,0.0049073659814439724,4.542428247296433,0.0
7,0.7826238,0.22360681,0.0701,0.00108033979058772,0.005287534057538745,4.894325011080312,0.0
