Tile Number, Tile x cohordinate [m], Tile y cohordinate [m], area_m2[m2], Tile z cohordinate [m],absorbedPARTile [umol^s-1],absorbedPARTilem2 [umol m^-2 m^-1],Thermal time[dd]
1,0.14142136,0.0,0.0701,0.004042135611804359,0.26844321211151123,66.41123353891669,0.0
2,0.28284273,0.07071068,0.0701,0.005716443181545683,0.33579820519042963,58.742507276986935,0.0
3,0.4242641,0.07071068,0.0701,0.004042135611804359,0.2121517759747314,52.48507134574574,0.0
4,0.56568545,0.14142136,0.0701,0.004042135611804359,0.30115158369598394,74.50308762935185,0.0
5,0.70710677,0.21213204,0.0701,0.005716443181545683,0.4866665666711426,85.13450605828494,0.0
6,0.8485281,0.21213204,0.0701,0.004042135611804359,0.2706849599899292,66.9658284594511,0.0
7,0.9899494,0.28284273,0.0701,0.004042135611804359,0.3150698014697265,77.9463708613881,0.0
