Tile Number, Tile x cohordinate [m], Tile y cohordinate [m], area_m2[m2], Tile z cohordinate [m],absorbedPARTile [umol^s-1],absorbedPARTilem2 [umol m^-2 m^-1],Thermal time[dd]
1,0.1118034,0.0,0.0701,0.00108033979058772,0.013665130428870917,12.6489189308087,0.0
2,0.22360681,0.0559017,0.0701,0.0012078565728149138,0.00836056007721033,6.9218152762343435,0.0
3,0.3354102,0.0559017,0.0701,0.00108033979058772,0.014309175101320732,13.245069029195287,0.0
4,0.44721362,0.1118034,0.0701,0.00108033979058772,0.007391447868405373,6.84178064420299,0.0
5,0.559017,0.1677051,0.0701,0.0012078565728149138,0.011540038174526417,9.55414610828529,0.0
6,0.6708204,0.1677051,0.0701,0.00108033979058772,0.004319830104191364,3.9985846507063454,0.0
7,0.7826238,0.22360681,0.0701,0.00108033979058772,0.01220353490158363,11.296015390625143,0.0
