Tile Number, Tile x cohordinate [m], Tile y cohordinate [m], area_m2[m2], Tile z cohordinate [m],absorbedPARTile [umol^s-1],absorbedPARTilem2 [umol m^-2 m^-1],Thermal time[dd]
1,0.14142136,0.0,0.0701,0.004042135611804359,0.059818145847836734,14.798648930319944,0.0
2,0.28284273,0.07071068,0.0701,0.005716443181545683,0.11048368830993653,19.327348283038926,0.0
3,0.4242641,0.07071068,0.0701,0.004042135611804359,0.06083733019094944,15.05078899710453,0.0
4,0.56568545,0.14142136,0.0701,0.004042135611804359,0.18867142253440858,46.67617335336951,0.0
5,0.70710677,0.21213204,0.0701,0.005716443181545683,0.2290180694252014,40.06303607889209,0.0
6,0.8485281,0.21213204,0.0701,0.004042135611804359,0.12502230169853215,30.929764289309368,0.0
7,0.9899494,0.28284273,0.0701,0.004042135611804359,0.08649402472755433,21.398100666133875,0.0
