Tile Number, Tile x cohordinate [m], Tile y cohordinate [m], area_m2[m2], Tile z cohordinate [m],absorbedPARTile [umol^s-1],absorbedPARTilem2 [umol m^-2 m^-1],Thermal time[dd]
1,0.1118034,0.0,0.0701,0.00108033979058772,0.004687410985394305,4.338830270098899,0.0
2,0.22360681,0.0559017,0.0701,0.0012078565728149138,0.0030071830079179576,2.489685510349716,0.0
3,0.3354102,0.0559017,0.0701,0.00108033979058772,0.0032695660103482472,3.026423759296654,0.0
4,0.44721362,0.1118034,0.0701,0.00108033979058772,0.0016299083246945542,1.5086997062358143,0.0
5,0.559017,0.1677051,0.0701,0.0012078565728149138,0.0019195494317819047,1.5892196763961703,0.0
6,0.6708204,0.1677051,0.0701,0.00108033979058772,0.005620994891303,5.202987930533504,0.0
7,0.7826238,0.22360681,0.0701,0.00108033979058772,0.005491953073731475,5.08354234619441,0.0
