Tile Number, Tile x cohordinate [m], Tile y cohordinate [m], area_m2[m2], Tile z cohordinate [m],absorbedPARTile [umol^s-1],absorbedPARTilem2 [umol m^-2 m^-1],Thermal time[dd]
1,0.1118034,0.0,0.0701,0.00108033979058772,0.0030630479328694195,2.8352634602147524,0.0
2,0.22360681,0.0559017,0.0701,0.0012078565728149138,0.002964670084669068,2.454488514112147,0.0
3,0.3354102,0.0559017,0.0701,0.00108033979058772,0.0023978805404179593,2.2195614391963465,0.0
4,0.44721362,0.1118034,0.0701,0.00108033979058772,0.006637007148645189,6.1434441334744925,0.0
5,0.559017,0.1677051,0.0701,0.0012078565728149138,0.009250243126556874,7.658395321721976,0.0
6,0.6708204,0.1677051,0.0701,0.00108033979058772,0.012040786338184293,11.14536967266006,0.0
7,0.7826238,0.22360681,0.0701,0.00108033979058772,0.007169949030683413,6.636753633579358,0.0
