Tile Number, Tile x cohordinate [m], Tile y cohordinate [m], area_m2[m2], Tile z cohordinate [m],absorbedPARTile [umol^s-1],absorbedPARTilem2 [umol m^-2 m^-1],Thermal time[dd]
1,0.14142136,0.0,0.0701,0.004042135611804359,0.061406684672626256,15.191643866004553,0.0
2,0.28284273,0.07071068,0.0701,0.005716443181545683,0.05725633357550382,10.016076738126896,0.0
3,0.4242641,0.07071068,0.0701,0.004042135611804359,0.04112307694692613,10.173601505806307,0.0
4,0.56568545,0.14142136,0.0701,0.004042135611804359,0.11212841971216678,27.73989556033575,0.0
5,0.70710677,0.21213204,0.0701,0.005716443181545683,0.07425352973215818,12.989463443259588,0.0
6,0.8485281,0.21213204,0.0701,0.004042135611804359,0.06949959619956492,17.193781424998047,0.0
7,0.9899494,0.28284273,0.0701,0.004042135611804359,0.07645212234852194,18.913794511311476,0.0
