Tile Number, Tile x cohordinate [m], Tile y cohordinate [m], area_m2[m2], Tile z cohordinate [m],absorbedPARTile [umol^s-1],absorbedPARTilem2 [umol m^-2 m^-1],Thermal time[dd]
1,0.14142136,0.0,0.0701,0.004042135611804359,0.15253620993907926,37.73653944059264,0.0
2,0.28284273,0.07071068,0.0701,0.005716443181545683,0.23106530347686768,40.42116682324644,0.0
3,0.4242641,0.07071068,0.0701,0.004042135611804359,0.15442815069778446,38.20459418699454,0.0
4,0.56568545,0.14142136,0.0701,0.004042135611804359,0.14838903237197879,36.71055269363903,0.0
5,0.70710677,0.21213204,0.0701,0.005716443181545683,0.20041119969856264,35.05872328890584,0.0
6,0.8485281,0.21213204,0.0701,0.004042135611804359,0.1352137191884613,33.4510595818688,0.0
7,0.9899494,0.28284273,0.0701,0.004042135611804359,0.22733602727111818,56.241563644530515,0.0
