Tile Number, Tile x cohordinate [m], Tile y cohordinate [m], area_m2[m2], Tile z cohordinate [m],absorbedPARTile [umol^s-1],absorbedPARTilem2 [umol m^-2 m^-1],Thermal time[dd]
1,0.1118034,0.0,0.0701,0.00108033979058772,8.615418966985784E-4,0.79747307671588,0.0
2,0.22360681,0.0559017,0.0701,0.0012078565728149138,5.682443622439151E-4,0.4704568199845282,0.0
3,0.3354102,0.0559017,0.0701,0.00108033979058772,0.011035019921655415,10.214397375525909,0.0
4,0.44721362,0.1118034,0.0701,0.00108033979058772,0.010399312842638784,9.625964842951321,0.0
5,0.559017,0.1677051,0.0701,0.0012078565728149138,0.0035564659727750922,2.944443945431978,0.0
6,0.6708204,0.1677051,0.0701,0.00108033979058772,0.0011235902201152757,1.0400340984423309,0.0
7,0.7826238,0.22360681,0.0701,0.00108033979058772,0.0013871273475997649,1.283973208878244,0.0
