Tile Number, Tile x cohordinate [m], Tile y cohordinate [m], area_m2[m2], Tile z cohordinate [m],absorbedPARTile [umol^s-1],absorbedPARTilem2 [umol m^-2 m^-1],Thermal time[dd]
1,0.14142136,0.0,0.0701,0.004042135611804359,0.2262862378171285,55.98185205768421,0.0
2,0.28284273,0.07071068,0.0701,0.005716443181545683,0.20692016763642632,36.19736277698411,0.0
3,0.4242641,0.07071068,0.0701,0.004042135611804359,0.099872921348389,24.707959093882792,0.0
4,0.56568545,0.14142136,0.0701,0.004042135611804359,0.15733356331478754,38.923375765850615,0.0
5,0.70710677,0.21213204,0.0701,0.005716443181545683,0.2116557745850563,37.02578121800315,0.0
6,0.8485281,0.21213204,0.0701,0.004042135611804359,0.2127526636213939,52.633727329703255,0.0
7,0.9899494,0.28284273,0.0701,0.004042135611804359,0.21521246411816278,53.24226715443982,0.0
