Tile Number, Tile x cohordinate [m], Tile y cohordinate [m], area_m2[m2], Tile z cohordinate [m],absorbedPARTile [umol^s-1],absorbedPARTilem2 [umol m^-2 m^-1],Thermal time[dd]
1,0.1118034,0.0,0.0701,0.00108033979058772,0.009195042178248318,8.511250125524013,0.0
2,0.22360681,0.0559017,0.0701,0.0012078565728149138,0.007796113437802197,6.4545026398567575,0.0
3,0.3354102,0.0559017,0.0701,0.00108033979058772,0.007250332885052412,6.711159718654934,0.0
4,0.44721362,0.1118034,0.0701,0.00108033979058772,0.011801389109793605,10.92377529052548,0.0
5,0.559017,0.1677051,0.0701,0.0012078565728149138,0.008955330580971465,7.414233430134041,0.0
6,0.6708204,0.1677051,0.0701,0.00108033979058772,0.011249334280543165,10.412774183225604,0.0
7,0.7826238,0.22360681,0.0701,0.00108033979058772,0.011325954585048762,10.483696595945323,0.0
