Tile Number, Tile x cohordinate [m], Tile y cohordinate [m], area_m2[m2], Tile z cohordinate [m],absorbedPARTile [umol^s-1],absorbedPARTilem2 [umol m^-2 m^-1],Thermal time[dd]
1,0.1118034,0.0,0.0701,0.00108033979058772,0.009474272506285006,8.769715406974754,0.0
2,0.22360681,0.0559017,0.0701,0.0012078565728149138,0.008131337945135085,6.732039323332054,0.0
3,0.3354102,0.0559017,0.0701,0.00108033979058772,0.007605879107947984,7.040265640692804,0.0
4,0.44721362,0.1118034,0.0701,0.00108033979058772,0.011824786375377774,10.94543261147951,0.0
5,0.559017,0.1677051,0.0701,0.0012078565728149138,0.019140517239788477,15.846680533584744,0.0
6,0.6708204,0.1677051,0.0701,0.00108033979058772,0.005597650928048866,5.181379948065845,0.0
7,0.7826238,0.22360681,0.0701,0.00108033979058772,0.010283133939903492,9.518425618952092,0.0
