Tile Number, Tile x cohordinate [m], Tile y cohordinate [m], area_m2[m2], Tile z cohordinate [m],absorbedPARTile [umol^s-1],absorbedPARTilem2 [umol m^-2 m^-1],Thermal time[dd]
1,0.14142136,0.0,0.0701,0.004042135611804359,0.11981425163892108,29.641324078545072,0.0
2,0.28284273,0.07071068,0.0701,0.005716443181545683,0.18078426433588665,31.625305910414728,0.0
3,0.4242641,0.07071068,0.0701,0.004042135611804359,0.09269233504551129,22.931525299353964,0.0
4,0.56568545,0.14142136,0.0701,0.004042135611804359,0.18075678819990162,44.71814049781819,0.0
5,0.70710677,0.21213204,0.0701,0.005716443181545683,0.13506274094640414,23.627059109487064,0.0
6,0.8485281,0.21213204,0.0701,0.004042135611804359,0.13552458615886573,33.52796619764304,0.0
7,0.9899494,0.28284273,0.0701,0.004042135611804359,0.18673787876939776,46.19782627382961,0.0
