Tile Number, Tile x cohordinate [m], Tile y cohordinate [m], area_m2[m2], Tile z cohordinate [m],absorbedPARTile [umol^s-1],absorbedPARTilem2 [umol m^-2 m^-1],Thermal time[dd]
1,0.14142136,0.0,0.0701,0.004042135611804359,0.04424026355525652,10.944774694362176,0.0
2,0.28284273,0.07071068,0.0701,0.005716443181545683,0.10370323440465928,18.141216681632216,0.0
3,0.4242641,0.07071068,0.0701,0.004042135611804359,0.031482193144148594,7.788504930960328,0.0
4,0.56568545,0.14142136,0.0701,0.004042135611804359,0.07205348186218703,17.82559735298521,0.0
5,0.70710677,0.21213204,0.0701,0.005716443181545683,0.0610924477898866,10.68714335989738,0.0
6,0.8485281,0.21213204,0.0701,0.004042135611804359,0.07660913880338248,18.952639436356048,0.0
7,0.9899494,0.28284273,0.0701,0.004042135611804359,0.07879468004562033,19.493329173695724,0.0
