Tile Number, Tile x cohordinate [m], Tile y cohordinate [m], area_m2[m2], Tile z cohordinate [m],absorbedPARTile [umol^s-1],absorbedPARTilem2 [umol m^-2 m^-1],Thermal time[dd]
1,0.14142136,0.0,0.0701,0.004042135611804359,0.11398738495813708,28.1997923635359,0.0
2,0.28284273,0.07071068,0.0701,0.005716443181545683,0.19121831603139244,33.45057581411812,0.0
3,0.4242641,0.07071068,0.0701,0.004042135611804359,0.04415998758061877,10.924914901829903,0.0
4,0.56568545,0.14142136,0.0701,0.004042135611804359,0.07369460324670761,18.231600897182975,0.0
5,0.70710677,0.21213204,0.0701,0.005716443181545683,0.09173278220344416,16.047178164839263,0.0
6,0.8485281,0.21213204,0.0701,0.004042135611804359,0.07413565652767838,18.34071482193175,0.0
7,0.9899494,0.28284273,0.0701,0.004042135611804359,0.03239125182248772,8.013400571691523,0.0
