Tile Number, Tile x cohordinate [m], Tile y cohordinate [m], area_m2[m2], Tile z cohordinate [m],absorbedPARTile [umol^s-1],absorbedPARTilem2 [umol m^-2 m^-1],Thermal time[dd]
1,0.14142136,0.0,0.0701,0.004042135611804359,0.07827249056053637,19.364142640824586,0.0
2,0.28284273,0.07071068,0.0701,0.005716443181545683,0.20005196146759036,34.99588032527209,0.0
3,0.4242641,0.07071068,0.0701,0.004042135611804359,0.08240464594337224,20.386412989886754,0.0
4,0.56568545,0.14142136,0.0701,0.004042135611804359,0.09714977067907334,24.03426802291447,0.0
5,0.70710677,0.21213204,0.0701,0.005716443181545683,0.04951290328735591,8.661487871898693,0.0
6,0.8485281,0.21213204,0.0701,0.004042135611804359,0.08444505226015091,20.891197220979848,0.0
7,0.9899494,0.28284273,0.0701,0.004042135611804359,0.0958158888252741,23.70427368776553,0.0
