Tile Number, Tile x cohordinate [m], Tile y cohordinate [m], area_m2[m2], Tile z cohordinate [m],absorbedPARTile [umol^s-1],absorbedPARTilem2 [umol m^-2 m^-1],Thermal time[dd]
1,0.14142136,0.0,0.0701,0.004042135611804359,0.11314939890708925,27.992479662645646,0.0
2,0.28284273,0.07071068,0.0701,0.005716443181545683,0.062134904606027594,10.869504451057413,0.0
3,0.4242641,0.07071068,0.0701,0.004042135611804359,0.2568356298510742,63.539587613297805,0.0
4,0.56568545,0.14142136,0.0701,0.004042135611804359,0.08455681611381055,20.918846925094982,0.0
5,0.70710677,0.21213204,0.0701,0.005716443181545683,0.0968861683830476,16.948680378005665,0.0
6,0.8485281,0.21213204,0.0701,0.004042135611804359,0.06336860402610646,15.677010895193469,0.0
7,0.9899494,0.28284273,0.0701,0.004042135611804359,0.08382459752295494,20.737700456699095,0.0
