Tile Number, Tile x cohordinate [m], Tile y cohordinate [m], area_m2[m2], Tile z cohordinate [m],absorbedPARTile [umol^s-1],absorbedPARTilem2 [umol m^-2 m^-1],Thermal time[dd]
1,0.14142136,0.0,0.0701,0.004042135611804359,0.1145396579148591,28.336421366063473,0.0
2,0.28284273,0.07071068,0.0701,0.005716443181545683,0.08740153709309896,15.289496338432292,0.0
3,0.4242641,0.07071068,0.0701,0.004042135611804359,0.08347515935920712,20.651251560049673,0.0
4,0.56568545,0.14142136,0.0701,0.004042135611804359,0.02862510988990826,7.081679745309279,0.0
5,0.70710677,0.21213204,0.0701,0.005716443181545683,0.0952213120220136,16.657440474422152,0.0
6,0.8485281,0.21213204,0.0701,0.004042135611804359,0.028297992623354876,7.000752904161719,0.0
7,0.9899494,0.28284273,0.0701,0.004042135611804359,0.13596288931849998,33.63639975894026,0.0
