Tile Number, Tile x cohordinate [m], Tile y cohordinate [m], area_m2[m2], Tile z cohordinate [m],absorbedPARTile [umol^s-1],absorbedPARTilem2 [umol m^-2 m^-1],Thermal time[dd]
1,0.1118034,0.0,0.0701,0.00108033979058772,3.679401290836274E-4,0.3405781516974977,0.0
2,0.22360681,0.0559017,0.0701,0.0012078565728149138,7.563098860061111E-4,0.6261586872384428,0.0
3,0.3354102,0.0559017,0.0701,0.00108033979058772,0.0014700365122982722,1.360716808827852,0.0
4,0.44721362,0.1118034,0.0701,0.00108033979058772,2.8041212597361393E-4,0.2595591946317795,0.0
5,0.559017,0.1677051,0.0701,0.0012078565728149138,4.144706340937507E-4,0.3431455716036098,0.0
6,0.6708204,0.1677051,0.0701,0.00108033979058772,0.001039112944573715,0.9618390006799834,0.0
7,0.7826238,0.22360681,0.0701,0.00108033979058772,0.001642579038303174,1.520428158449656,0.0
