Tile Number, Tile x cohordinate [m], Tile y cohordinate [m], area_m2[m2], Tile z cohordinate [m],absorbedPARTile [umol^s-1],absorbedPARTilem2 [umol m^-2 m^-1],Thermal time[dd]
1,0.14142136,0.0,0.0701,0.004042135611804359,0.03014260702610493,7.457099395200559,0.0
2,0.28284273,0.07071068,0.0701,0.005716443181545683,0.07329538182570458,12.821850842902293,0.0
3,0.4242641,0.07071068,0.0701,0.004042135611804359,0.07607191297815323,18.81973300351387,0.0
4,0.56568545,0.14142136,0.0701,0.004042135611804359,0.04724048478971005,11.687011354035812,0.0
5,0.70710677,0.21213204,0.0701,0.005716443181545683,0.17377056006320657,30.398370900315733,0.0
6,0.8485281,0.21213204,0.0701,0.004042135611804359,0.05730189485040665,14.176143591785083,0.0
7,0.9899494,0.28284273,0.0701,0.004042135611804359,0.23191556659988405,57.374514086715614,0.0
