Tile Number, Tile x cohordinate [m], Tile y cohordinate [m], area_m2[m2], Tile z cohordinate [m],absorbedPARTile [umol^s-1],absorbedPARTilem2 [umol m^-2 m^-1],Thermal time[dd]
1,0.1118034,0.0,0.0701,0.00108033979058772,0.003968774534899316,3.6736354334780614,0.0
2,0.22360681,0.0559017,0.0701,0.0012078565728149138,0.005832493859836866,4.8287967223163095,0.0
3,0.3354102,0.0559017,0.0701,0.00108033979058772,0.0034231275035780757,3.1685656063041487,0.0
4,0.44721362,0.1118034,0.0701,0.00108033979058772,0.013066847829759917,12.09512779553493,0.0
5,0.559017,0.1677051,0.0701,0.0012078565728149138,0.006933475572916679,5.7403136506168035,0.0
6,0.6708204,0.1677051,0.0701,0.00108033979058772,0.0071438020293303536,6.612551061776616,0.0
7,0.7826238,0.22360681,0.0701,0.00108033979058772,0.008036758369691437,7.439102437687062,0.0
