Tile Number, Tile x cohordinate [m], Tile y cohordinate [m], area_m2[m2], Tile z cohordinate [m],absorbedPARTile [umol^s-1],absorbedPARTilem2 [umol m^-2 m^-1],Thermal time[dd]
1,0.14142136,0.0,0.0701,0.004042135611804359,0.19972852507003783,49.41163391123374,0.0
2,0.28284273,0.07071068,0.0701,0.005716443181545683,0.08875129594135285,15.525614988681681,0.0
3,0.4242641,0.07071068,0.0701,0.004042135611804359,0.0658872417344284,16.30010669162511,0.0
4,0.56568545,0.14142136,0.0701,0.004042135611804359,0.16535225440261841,40.9071516353226,0.0
5,0.70710677,0.21213204,0.0701,0.005716443181545683,0.16273303019023896,28.467532173780338,0.0
6,0.8485281,0.21213204,0.0701,0.004042135611804359,0.12075597818279267,29.874301552413453,0.0
7,0.9899494,0.28284273,0.0701,0.004042135611804359,0.09970289419581413,24.66589540060186,0.0
