Tile Number, Tile x cohordinate [m], Tile y cohordinate [m], area_m2[m2], Tile z cohordinate [m],absorbedPARTile [umol^s-1],absorbedPARTilem2 [umol m^-2 m^-1],Thermal time[dd]
1,0.1118034,0.0,0.0701,0.00108033979058772,0.0028197372856105865,2.6100466817727876,0.0
2,0.22360681,0.0559017,0.0701,0.0012078565728149138,0.002095430007633283,1.734833468472069,0.0
3,0.3354102,0.0559017,0.0701,0.00108033979058772,0.0028280483263630426,2.6177396695020785,0.0
4,0.44721362,0.1118034,0.0701,0.00108033979058772,0.005878657653961284,5.441489525034723,0.0
5,0.559017,0.1677051,0.0701,0.0012078565728149138,0.004797582783362308,3.9719805242948056,0.0
6,0.6708204,0.1677051,0.0701,0.00108033979058772,0.015088976857440978,13.96688059525454,0.0
7,0.7826238,0.22360681,0.0701,0.00108033979058772,0.003534063424026691,3.271251743957437,0.0
