Tile Number, Tile x cohordinate [m], Tile y cohordinate [m], area_m2[m2], Tile z cohordinate [m],absorbedPARTile [umol^s-1],absorbedPARTilem2 [umol m^-2 m^-1],Thermal time[dd]
1,0.1118034,0.0,0.0701,0.00108033979058772,0.0036224442018244134,3.3530600588669914,0.0
2,0.22360681,0.0559017,0.0701,0.0012078565728149138,0.02405123106837105,19.912323706050277,0.0
3,0.3354102,0.0559017,0.0701,0.00108033979058772,0.017846776384316393,16.519595538184795,0.0
4,0.44721362,0.1118034,0.0701,0.00108033979058772,0.011986375051641462,11.095004697661563,0.0
5,0.559017,0.1677051,0.0701,0.0012078565728149138,0.01711848182465613,14.172611392726415,0.0
6,0.6708204,0.1677051,0.0701,0.00108033979058772,0.0013156384840503986,1.2178006359783091,0.0
7,0.7826238,0.22360681,0.0701,0.00108033979058772,8.649252019034351E-4,0.8006047814205786,0.0
