Tile Number, Tile x cohordinate [m], Tile y cohordinate [m], area_m2[m2], Tile z cohordinate [m],absorbedPARTile [umol^s-1],absorbedPARTilem2 [umol m^-2 m^-1],Thermal time[dd]
1,0.1118034,0.0,0.0701,0.00108033979058772,0.004283684868709967,3.9651273664367976,0.0
2,0.22360681,0.0559017,0.0701,0.0012078565728149138,0.0026540162689045487,2.1972942223755547,0.0
3,0.3354102,0.0559017,0.0701,0.00108033979058772,0.01561656659352354,14.455235963333267,0.0
4,0.44721362,0.1118034,0.0701,0.00108033979058772,0.008848641565100188,8.190609697238314,0.0
5,0.559017,0.1677051,0.0701,0.0012078565728149138,0.00749292301195818,6.20348738467838,0.0
6,0.6708204,0.1677051,0.0701,0.00108033979058772,0.014953967792536169,13.841911519709,0.0
7,0.7826238,0.22360681,0.0701,0.00108033979058772,0.0037758670596878233,3.49507358016842,0.0
