Tile Number, Tile x cohordinate [m], Tile y cohordinate [m], area_m2[m2], Tile z cohordinate [m],absorbedPARTile [umol^s-1],absorbedPARTilem2 [umol m^-2 m^-1],Thermal time[dd]
1,0.14142136,0.0,0.0701,0.004042135611804359,0.07719645913824912,19.097938949106553,0.0
2,0.28284273,0.07071068,0.0701,0.005716443181545683,0.11350151098625559,19.855267931757112,0.0
3,0.4242641,0.07071068,0.0701,0.004042135611804359,0.03125166706575685,7.731474167885844,0.0
4,0.56568545,0.14142136,0.0701,0.004042135611804359,0.07843006286235901,19.403125079059087,0.0
5,0.70710677,0.21213204,0.0701,0.005716443181545683,0.1936363013109604,33.87356353616422,0.0
6,0.8485281,0.21213204,0.0701,0.004042135611804359,0.03545521316168953,8.771406149301052,0.0
7,0.9899494,0.28284273,0.0701,0.004042135611804359,0.08463436434745791,20.938031890938507,0.0
