Tile Number, Tile x cohordinate [m], Tile y cohordinate [m], area_m2[m2], Tile z cohordinate [m],absorbedPARTile [umol^s-1],absorbedPARTilem2 [umol m^-2 m^-1],Thermal time[dd]
1,0.1118034,0.0,0.0701,0.00108033979058772,0.0023209646846490037,2.148365453971076,0.0
2,0.22360681,0.0559017,0.0701,0.0012078565728149138,0.0056409164881363405,4.670187350961849,0.0
3,0.3354102,0.0559017,0.0701,0.00108033979058772,0.002207438665160936,2.0432818307655394,0.0
4,0.44721362,0.1118034,0.0701,0.00108033979058772,0.007751119579292346,7.174705261087929,0.0
5,0.559017,0.1677051,0.0701,0.0012078565728149138,0.00833802038570968,6.903154375587737,0.0
6,0.6708204,0.1677051,0.0701,0.00108033979058772,0.0041465330475073305,3.8381748813042966,0.0
7,0.7826238,0.22360681,0.0701,0.00108033979058772,0.009489955193795476,8.784231846753332,0.0
