Tile Number, Tile x cohordinate [m], Tile y cohordinate [m], area_m2[m2], Tile z cohordinate [m],absorbedPARTile [umol^s-1],absorbedPARTilem2 [umol m^-2 m^-1],Thermal time[dd]
1,0.14142136,0.0,0.0701,0.004042135611804359,0.04800582565876732,11.876352074525801,0.0
2,0.28284273,0.07071068,0.0701,0.005716443181545683,0.05058608552760183,8.849223882939695,0.0
3,0.4242641,0.07071068,0.0701,0.004042135611804359,0.037534633322237734,9.285842170318164,0.0
4,0.56568545,0.14142136,0.0701,0.004042135611804359,0.0490625683668773,12.137783854554145,0.0
5,0.70710677,0.21213204,0.0701,0.005716443181545683,0.45862444999059043,80.22898775083807,0.0
6,0.8485281,0.21213204,0.0701,0.004042135611804359,0.07384891156851339,18.269775846423954,0.0
7,0.9899494,0.28284273,0.0701,0.004042135611804359,0.1206367002508126,29.844792910587646,0.0
