Tile Number, Tile x cohordinate [m], Tile y cohordinate [m], area_m2[m2], Tile z cohordinate [m],absorbedPARTile [umol^s-1],absorbedPARTilem2 [umol m^-2 m^-1],Thermal time[dd]
1,0.1118034,0.0,0.0701,0.00108033979058772,0.0028831379931778915,2.6687325768214314,0.0
2,0.22360681,0.0559017,0.0701,0.0012078565728149138,0.0028472674060155837,2.3572893256523146,0.0
3,0.3354102,0.0559017,0.0701,0.00108033979058772,0.0030437934014920505,2.81744079780324,0.0
4,0.44721362,0.1118034,0.0701,0.00108033979058772,0.002088734823134035,1.933405435337834,0.0
5,0.559017,0.1677051,0.0701,0.0012078565728149138,0.0044806759589652275,3.7096092862441417,0.0
6,0.6708204,0.1677051,0.0701,0.00108033979058772,0.0010794953013182414,0.9992183114267974,0.0
7,0.7826238,0.22360681,0.0701,0.00108033979058772,0.002655241271844387,2.4577834631083046,0.0
