Tile Number, Tile x cohordinate [m], Tile y cohordinate [m], area_m2[m2], Tile z cohordinate [m],absorbedPARTile [umol^s-1],absorbedPARTilem2 [umol m^-2 m^-1],Thermal time[dd]
1,0.1118034,0.0,0.0701,0.00108033979058772,0.01769021783812761,16.37467951495509,0.0
2,0.22360681,0.0559017,0.0701,0.0012078565728149138,0.014517607854077217,12.019314362999147,0.0
3,0.3354102,0.0559017,0.0701,0.00108033979058772,0.031411432677665344,29.075512122512016,0.0
4,0.44721362,0.1118034,0.0701,0.00108033979058772,0.019072629633995662,17.654287845511906,0.0
5,0.559017,0.1677051,0.0701,0.0012078565728149138,0.007350918023606427,6.08591962742322,0.0
6,0.6708204,0.1677051,0.0701,0.00108033979058772,0.008445288533687182,7.81725213425012,0.0
7,0.7826238,0.22360681,0.0701,0.00108033979058772,0.004498070478431741,4.163570126381004,0.0
