Tile Number, Tile x cohordinate [m], Tile y cohordinate [m], area_m2[m2], Tile z cohordinate [m],absorbedPARTile [umol^s-1],absorbedPARTilem2 [umol m^-2 m^-1],Thermal time[dd]
1,0.14142136,0.0,0.0701,0.004042135611804359,0.1356340245651245,33.55504060008,0.0
2,0.28284273,0.07071068,0.0701,0.005716443181545683,0.16745723021987916,29.293955157374622,0.0
3,0.4242641,0.07071068,0.0701,0.004042135611804359,0.20376932221084595,50.411302781572395,0.0
4,0.56568545,0.14142136,0.0701,0.004042135611804359,0.0698336289611584,17.27641911795867,0.0
5,0.70710677,0.21213204,0.0701,0.005716443181545683,0.11481463977673531,20.084978741219693,0.0
6,0.8485281,0.21213204,0.0701,0.004042135611804359,0.05898718627481938,14.593074537765997,0.0
7,0.9899494,0.28284273,0.0701,0.004042135611804359,0.07214467838392258,17.848158823082652,0.0
