Tile Number, Tile x cohordinate [m], Tile y cohordinate [m], area_m2[m2], Tile z cohordinate [m],absorbedPARTile [umol^s-1],absorbedPARTilem2 [umol m^-2 m^-1],Thermal time[dd]
1,0.14142136,0.0,0.0701,0.004042135611804359,0.05338965605414629,13.208279281435045,0.0
2,0.28284273,0.07071068,0.0701,0.005716443181545683,0.20943316568267822,36.63697145784437,0.0
3,0.4242641,0.07071068,0.0701,0.004042135611804359,0.061359709425091745,15.180022472749629,0.0
4,0.56568545,0.14142136,0.0701,0.004042135611804359,0.06896817132267319,17.062310111828893,0.0
5,0.70710677,0.21213204,0.0701,0.005716443181545683,0.10619618760128022,18.577318837719222,0.0
6,0.8485281,0.21213204,0.0701,0.004042135611804359,0.06328539506771327,15.656425500148783,0.0
7,0.9899494,0.28284273,0.0701,0.004042135611804359,0.07770295222667456,19.223242288001543,0.0
