Tile Number, Tile x cohordinate [m], Tile y cohordinate [m], area_m2[m2], Tile z cohordinate [m],absorbedPARTile [umol^s-1],absorbedPARTilem2 [umol m^-2 m^-1],Thermal time[dd]
1,0.14142136,0.0,0.0701,0.004042135611804359,0.10540897327423096,26.077544990425913,0.0
2,0.28284273,0.07071068,0.0701,0.005716443181545683,0.13243692276473998,23.16771435641735,0.0
3,0.4242641,0.07071068,0.0701,0.004042135611804359,0.09112912479505061,22.544796500375625,0.0
4,0.56568545,0.14142136,0.0701,0.004042135611804359,0.11955179288972854,29.576393365081113,0.0
5,0.70710677,0.21213204,0.0701,0.005716443181545683,0.19502021858200075,34.11565765432287,0.0
6,0.8485281,0.21213204,0.0701,0.004042135611804359,0.2499902685044861,61.84608645351548,0.0
7,0.9899494,0.28284273,0.0701,0.004042135611804359,0.12465219925743101,30.83820317492708,0.0
