Tile Number, Tile x cohordinate [m], Tile y cohordinate [m], area_m2[m2], Tile z cohordinate [m],absorbedPARTile [umol^s-1],absorbedPARTilem2 [umol m^-2 m^-1],Thermal time[dd]
1,0.14142136,0.0,0.0701,0.004042135611804359,0.09749010018650055,24.118463492861924,0.0
2,0.28284273,0.07071068,0.0701,0.005716443181545683,0.1582051071137237,27.675444693381216,0.0
3,0.4242641,0.07071068,0.0701,0.004042135611804359,0.08480376864566805,20.97994149380176,0.0
4,0.56568545,0.14142136,0.0701,0.004042135611804359,0.07389557735840797,18.28132068172297,0.0
5,0.70710677,0.21213204,0.0701,0.005716443181545683,0.1951536801990509,34.13900462250074,0.0
6,0.8485281,0.21213204,0.0701,0.004042135611804359,0.06581333167824745,16.281821788969914,0.0
7,0.9899494,0.28284273,0.0701,0.004042135611804359,0.13797139605773928,34.13329222671739,0.0
