Tile Number, Tile x cohordinate [m], Tile y cohordinate [m], area_m2[m2], Tile z cohordinate [m],absorbedPARTile [umol^s-1],absorbedPARTilem2 [umol m^-2 m^-1],Thermal time[dd]
1,0.1118034,0.0,0.0701,0.00108033979058772,0.010530095453019143,9.74702176552307,0.0
2,0.22360681,0.0559017,0.0701,0.0012078565728149138,0.013137987112016677,10.877108596924348,0.0
3,0.3354102,0.0559017,0.0701,0.00108033979058772,0.014426378020227282,13.353556118097929,0.0
4,0.44721362,0.1118034,0.0701,0.00108033979058772,0.022682233232562094,20.995462196410116,0.0
5,0.559017,0.1677051,0.0701,0.0012078565728149138,0.02717411871095062,22.497802572387585,0.0
6,0.6708204,0.1677051,0.0701,0.00108033979058772,0.01882589027386758,17.42589733145535,0.0
7,0.7826238,0.22360681,0.0701,0.00108033979058772,0.024048685921965837,22.26029822421242,0.0
