Tile Number, Tile x cohordinate [m], Tile y cohordinate [m], area_m2[m2], Tile z cohordinate [m],absorbedPARTile [umol^s-1],absorbedPARTilem2 [umol m^-2 m^-1],Thermal time[dd]
1,0.14142136,0.0,0.0701,0.004042135611804359,0.0504473786063528,12.480377565520053,0.0
2,0.28284273,0.07071068,0.0701,0.005716443181545683,0.06910524542086721,12.088853720082227,0.0
3,0.4242641,0.07071068,0.0701,0.004042135611804359,0.07156237408786029,17.70410024811506,0.0
4,0.56568545,0.14142136,0.0701,0.004042135611804359,0.036243058228730266,8.966314272803878,0.0
5,0.70710677,0.21213204,0.0701,0.005716443181545683,0.09128645624452116,15.969100600740685,0.0
6,0.8485281,0.21213204,0.0701,0.004042135611804359,0.07602820105337234,18.8089189366495,0.0
7,0.9899494,0.28284273,0.0701,0.004042135611804359,0.0562983094481936,13.927862609008987,0.0
