Tile Number, Tile x cohordinate [m], Tile y cohordinate [m], area_m2[m2], Tile z cohordinate [m],absorbedPARTile [umol^s-1],absorbedPARTilem2 [umol m^-2 m^-1],Thermal time[dd]
1,0.14142136,0.0,0.0701,0.004042135611804359,0.033957096542798285,8.40078112264033,0.0
2,0.28284273,0.07071068,0.0701,0.005716443181545683,0.05636653696829974,9.860421100705956,0.0
3,0.4242641,0.07071068,0.0701,0.004042135611804359,0.09387522985086558,23.224166348283607,0.0
4,0.56568545,0.14142136,0.0701,0.004042135611804359,0.0648001624682951,16.03116982989324,0.0
5,0.70710677,0.21213204,0.0701,0.005716443181545683,0.12149029970275402,21.25277831763631,0.0
6,0.8485281,0.21213204,0.0701,0.004042135611804359,0.039537097943878184,9.781239854599859,0.0
7,0.9899494,0.28284273,0.0701,0.004042135611804359,0.0495160640872401,12.249975963853608,0.0
