Tile Number, Tile x cohordinate [m], Tile y cohordinate [m], area_m2[m2], Tile z cohordinate [m],absorbedPARTile [umol^s-1],absorbedPARTilem2 [umol m^-2 m^-1],Thermal time[dd]
1,0.14142136,0.0,0.0701,0.004042135611804359,0.08966156527620553,22.181731116186306,0.0
2,0.28284273,0.07071068,0.0701,0.005716443181545683,0.17098741318925223,29.91150401726175,0.0
3,0.4242641,0.07071068,0.0701,0.004042135611804359,0.04850626449634731,12.000157628233238,0.0
4,0.56568545,0.14142136,0.0701,0.004042135611804359,0.08719435442883372,21.571358015351503,0.0
5,0.70710677,0.21213204,0.0701,0.005716443181545683,0.13282339593269032,23.23532163522281,0.0
6,0.8485281,0.21213204,0.0701,0.004042135611804359,0.06800892632190067,16.82499867725673,0.0
7,0.9899494,0.28284273,0.0701,0.004042135611804359,0.09528374311165612,23.572624043932716,0.0
