Tile Number, Tile x cohordinate [m], Tile y cohordinate [m], area_m2[m2], Tile z cohordinate [m],absorbedPARTile [umol^s-1],absorbedPARTilem2 [umol m^-2 m^-1],Thermal time[dd]
1,0.14142136,0.0,0.0701,0.004042135611804359,0.15479151386775966,38.29448804629853,0.0
2,0.28284273,0.07071068,0.0701,0.005716443181545683,0.11292817388244471,19.754971806071513,0.0
3,0.4242641,0.07071068,0.0701,0.004042135611804359,0.0864425539805909,21.385367113401724,0.0
4,0.56568545,0.14142136,0.0701,0.004042135611804359,0.1383100044155995,34.217061894630405,0.0
5,0.70710677,0.21213204,0.0701,0.005716443181545683,0.25641007763468426,44.85482834193988,0.0
6,0.8485281,0.21213204,0.0701,0.004042135611804359,0.1487993671516101,36.812067046208746,0.0
7,0.9899494,0.28284273,0.0701,0.004042135611804359,0.14748953628338973,36.4880227800057,0.0
