Tile Number, Tile x cohordinate [m], Tile y cohordinate [m], area_m2[m2], Tile z cohordinate [m],absorbedPARTile [umol^s-1],absorbedPARTilem2 [umol m^-2 m^-1],Thermal time[dd]
1,0.14142136,0.0,0.0701,0.004042135611804359,0.07477773675157547,18.499561601347562,0.0
2,0.28284273,0.07071068,0.0701,0.005716443181545683,0.16850704386154178,29.47760320710102,0.0
3,0.4242641,0.07071068,0.0701,0.004042135611804359,0.07332455468177795,18.140053111440952,0.0
4,0.56568545,0.14142136,0.0701,0.004042135611804359,0.06282740844369829,15.543122368339569,0.0
5,0.70710677,0.21213204,0.0701,0.005716443181545683,0.05508924909385979,9.636980084347497,0.0
6,0.8485281,0.21213204,0.0701,0.004042135611804359,0.14585595877975463,36.08388554649366,0.0
7,0.9899494,0.28284273,0.0701,0.004042135611804359,0.07487761794648858,18.524271607271515,0.0
