Tile Number, Tile x cohordinate [m], Tile y cohordinate [m], area_m2[m2], Tile z cohordinate [m],absorbedPARTile [umol^s-1],absorbedPARTilem2 [umol m^-2 m^-1],Thermal time[dd]
1,0.1118034,0.0,0.0701,0.00108033979058772,0.0027225239394735286,2.520062635101534,0.0
2,0.22360681,0.0559017,0.0701,0.0012078565728149138,0.0027513580775894064,2.2778847584339896,0.0
3,0.3354102,0.0559017,0.0701,0.00108033979058772,0.006328633528192053,5.858002809235776,0.0
4,0.44721362,0.1118034,0.0701,0.00108033979058772,0.006416767526146117,5.939582696158314,0.0
5,0.559017,0.1677051,0.0701,0.0012078565728149138,0.006009046531026727,4.974966950771832,0.0
6,0.6708204,0.1677051,0.0701,0.00108033979058772,0.00803352063898295,7.436105481787914,0.0
7,0.7826238,0.22360681,0.0701,0.00108033979058772,0.006176282190510491,5.7169811241984405,0.0
