Tile Number, Tile x cohordinate [m], Tile y cohordinate [m], area_m2[m2], Tile z cohordinate [m],absorbedPARTile [umol^s-1],absorbedPARTilem2 [umol m^-2 m^-1],Thermal time[dd]
1,0.14142136,0.0,0.0701,0.004042135611804359,0.13170156737564406,32.5821743810456,0.0
2,0.28284273,0.07071068,0.0701,0.005716443181545683,0.2007550363861084,35.11887199967336,0.0
3,0.4242641,0.07071068,0.0701,0.004042135611804359,0.04261507359500769,10.542712488556228,0.0
4,0.56568545,0.14142136,0.0701,0.004042135611804359,0.09854641875391405,24.379790343037044,0.0
5,0.70710677,0.21213204,0.0701,0.005716443181545683,0.0388844160642008,6.802204592836826,0.0
6,0.8485281,0.21213204,0.0701,0.004042135611804359,0.07167454280299457,17.731850112520082,0.0
7,0.9899494,0.28284273,0.0701,0.004042135611804359,0.023194967506979226,5.738295231669697,0.0
