Tile Number, Tile x cohordinate [m], Tile y cohordinate [m], area_m2[m2], Tile z cohordinate [m],absorbedPARTile [umol^s-1],absorbedPARTilem2 [umol m^-2 m^-1],Thermal time[dd]
1,0.1118034,0.0,0.0701,0.00108033979058772,0.016798071372158344,15.548877786885882,0.0
2,0.22360681,0.0559017,0.0701,0.0012078565728149138,0.003618878099826947,2.9961157485719845,0.0
3,0.3354102,0.0559017,0.0701,0.00108033979058772,0.0021434251915323746,1.9840287381864565,0.0
4,0.44721362,0.1118034,0.0701,0.00108033979058772,5.958592789970335E-4,0.5515480260824955,0.0
5,0.559017,0.1677051,0.0701,0.0012078565728149138,0.00173334907754955,1.4350620069980446,0.0
6,0.6708204,0.1677051,0.0701,0.00108033979058772,0.00256549206687455,2.3747084845212325,0.0
7,0.7826238,0.22360681,0.0701,0.00108033979058772,0.004041805980533483,3.741235873886201,0.0
