Tile Number, Tile x cohordinate [m], Tile y cohordinate [m], area_m2[m2], Tile z cohordinate [m],absorbedPARTile [umol^s-1],absorbedPARTilem2 [umol m^-2 m^-1],Thermal time[dd]
1,0.14142136,0.0,0.0701,0.004042135611804359,0.0709429858753872,17.550867335625863,0.0
2,0.28284273,0.07071068,0.0701,0.005716443181545683,0.23355421654342653,40.856562223413064,0.0
3,0.4242641,0.07071068,0.0701,0.004042135611804359,0.1937865553495389,47.94162639759505,0.0
4,0.56568545,0.14142136,0.0701,0.004042135611804359,0.1009900150497651,24.984321346082794,0.0
5,0.70710677,0.21213204,0.0701,0.005716443181545683,0.10876643171648026,19.02694179968577,0.0
6,0.8485281,0.21213204,0.0701,0.004042135611804359,0.022883850735625624,5.6613268166454604,0.0
7,0.9899494,0.28284273,0.0701,0.004042135611804359,0.051183089737362866,12.662388067310628,0.0
