Tile Number, Tile x cohordinate [m], Tile y cohordinate [m], area_m2[m2], Tile z cohordinate [m],absorbedPARTile [umol^s-1],absorbedPARTilem2 [umol m^-2 m^-1],Thermal time[dd]
1,0.1118034,0.0,0.0701,0.00108033979058772,0.004365536022178317,4.040891634476783,0.0
2,0.22360681,0.0559017,0.0701,0.0012078565728149138,0.00657086225496063,5.440101418372228,0.0
3,0.3354102,0.0559017,0.0701,0.00108033979058772,7.222216717160158E-4,0.6685134417969713,0.0
4,0.44721362,0.1118034,0.0701,0.00108033979058772,0.0031699803245890793,2.934243792746508,0.0
5,0.559017,0.1677051,0.0701,0.0012078565728149138,0.002436107348968057,2.01688462338761,0.0
6,0.6708204,0.1677051,0.0701,0.00108033979058772,0.005989278078104468,5.543883628359386,0.0
7,0.7826238,0.22360681,0.0701,0.00108033979058772,0.0030000754793559612,2.7769739719795736,0.0
