Tile Number, Tile x cohordinate [m], Tile y cohordinate [m], area_m2[m2], Tile z cohordinate [m],absorbedPARTile [umol^s-1],absorbedPARTilem2 [umol m^-2 m^-1],Thermal time[dd]
1,0.14142136,0.0,0.0701,0.004042135611804359,0.0881346751515771,21.80398769754161,0.0
2,0.28284273,0.07071068,0.0701,0.005716443181545683,0.06924197886315288,12.112773041580441,0.0
3,0.4242641,0.07071068,0.0701,0.004042135611804359,0.07445381565668481,18.419425473815203,0.0
4,0.56568545,0.14142136,0.0701,0.004042135611804359,0.04134093225134419,10.227497595730123,0.0
5,0.70710677,0.21213204,0.0701,0.005716443181545683,0.16274161278627267,28.46903356122724,0.0
6,0.8485281,0.21213204,0.0701,0.004042135611804359,0.037936100719641985,9.38516278594319,0.0
7,0.9899494,0.28284273,0.0701,0.004042135611804359,0.030361087447882573,7.511150135393344,0.0
