Tile Number, Tile x cohordinate [m], Tile y cohordinate [m], area_m2[m2], Tile z cohordinate [m],absorbedPARTile [umol^s-1],absorbedPARTilem2 [umol m^-2 m^-1],Thermal time[dd]
1,0.14142136,0.0,0.0701,0.004042135611804359,0.04981112364507467,12.322971920984017,0.0
2,0.28284273,0.07071068,0.0701,0.005716443181545683,0.1566496183235725,27.403336891247754,0.0
3,0.4242641,0.07071068,0.0701,0.004042135611804359,0.04830252325668137,11.949753272904102,0.0
4,0.56568545,0.14142136,0.0701,0.004042135611804359,0.08823982347896894,21.830000760310902,0.0
5,0.70710677,0.21213204,0.0701,0.005716443181545683,0.09792082551644646,17.129677039835357,0.0
6,0.8485281,0.21213204,0.0701,0.004042135611804359,0.053031388492548216,13.119646044946933,0.0
7,0.9899494,0.28284273,0.0701,0.004042135611804359,0.09770140474323331,24.17073896727097,0.0
