Tile Number, Tile x cohordinate [m], Tile y cohordinate [m], area_m2[m2], Tile z cohordinate [m],absorbedPARTile [umol^s-1],absorbedPARTilem2 [umol m^-2 m^-1],Thermal time[dd]
1,0.1118034,0.0,0.0701,0.00108033979058772,0.01166368761944115,10.796314012553347,0.0
2,0.22360681,0.0559017,0.0701,0.0012078565728149138,0.009422212281503932,7.80077079809686,0.0
3,0.3354102,0.0559017,0.0701,0.00108033979058772,0.01059050614423402,9.802939997676692,0.0
4,0.44721362,0.1118034,0.0701,0.00108033979058772,0.026081589129666686,24.142023978842747,0.0
5,0.559017,0.1677051,0.0701,0.0012078565728149138,0.043012435010911225,35.61054845334045,0.0
6,0.6708204,0.1677051,0.0701,0.00108033979058772,0.035778225371716016,33.11756697608274,0.0
7,0.7826238,0.22360681,0.0701,0.00108033979058772,0.03078417243570611,28.494898275438963,0.0
