Tile Number, Tile x cohordinate [m], Tile y cohordinate [m], area_m2[m2], Tile z cohordinate [m],absorbedPARTile [umol^s-1],absorbedPARTilem2 [umol m^-2 m^-1],Thermal time[dd]
1,0.14142136,0.0,0.0701,0.004042135611804359,0.07087349624757766,17.533676020320506,0.0
2,0.28284273,0.07071068,0.0701,0.005716443181545683,0.11767716885948183,20.58573226781602,0.0
3,0.4242641,0.07071068,0.0701,0.004042135611804359,0.07870497851348844,19.471137555020206,0.0
4,0.56568545,0.14142136,0.0701,0.004042135611804359,0.06198337386075755,15.33431329709617,0.0
5,0.70710677,0.21213204,0.0701,0.005716443181545683,0.12971371339708965,22.69133257824423,0.0
6,0.8485281,0.21213204,0.0701,0.004042135611804359,0.10638186889654995,26.31823350653552,0.0
7,0.9899494,0.28284273,0.0701,0.004042135611804359,0.08063239624007344,19.94796908955762,0.0
