Tile Number, Tile x cohordinate [m], Tile y cohordinate [m], area_m2[m2], Tile z cohordinate [m],absorbedPARTile [umol^s-1],absorbedPARTilem2 [umol m^-2 m^-1],Thermal time[dd]
1,0.1118034,0.0,0.0701,0.00108033979058772,0.010376902828217889,9.605221355933496,0.0
2,0.22360681,0.0559017,0.0701,0.0012078565728149138,0.0178671529443986,14.79244584707532,0.0
3,0.3354102,0.0559017,0.0701,0.00108033979058772,0.003878117329314516,3.5897199780124422,0.0
4,0.44721362,0.1118034,0.0701,0.00108033979058772,0.008886972695874209,8.226090322045412,0.0
5,0.559017,0.1677051,0.0701,0.0012078565728149138,0.0099422185861828,8.231290709469276,0.0
6,0.6708204,0.1677051,0.0701,0.00108033979058772,0.01138746864709593,10.540636146430364,0.0
7,0.7826238,0.22360681,0.0701,0.00108033979058772,0.014766625676929171,13.668501156377774,0.0
