Tile Number, Tile x cohordinate [m], Tile y cohordinate [m], area_m2[m2], Tile z cohordinate [m],absorbedPARTile [umol^s-1],absorbedPARTilem2 [umol m^-2 m^-1],Thermal time[dd]
1,0.14142136,0.0,0.0701,0.004042135611804359,0.10855213021210669,26.855143082062593,0.0
2,0.28284273,0.07071068,0.0701,0.005716443181545683,0.12169718407970428,21.288969419407103,0.0
3,0.4242641,0.07071068,0.0701,0.004042135611804359,0.07181768712875784,17.767263156393536,0.0
4,0.56568545,0.14142136,0.0701,0.004042135611804359,0.16554284164634708,40.95430177129827,0.0
5,0.70710677,0.21213204,0.0701,0.005716443181545683,0.06438538087047294,11.26318915900842,0.0
6,0.8485281,0.21213204,0.0701,0.004042135611804359,0.10913404590252876,26.999105518335806,0.0
7,0.9899494,0.28284273,0.0701,0.004042135611804359,0.029439722440629524,7.2832099830237995,0.0
