Tile Number, Tile x cohordinate [m], Tile y cohordinate [m], area_m2[m2], Tile z cohordinate [m],absorbedPARTile [umol^s-1],absorbedPARTilem2 [umol m^-2 m^-1],Thermal time[dd]
1,0.14142136,0.0,0.0701,0.004042135611804359,0.03560969837517273,8.809624860477404,0.0
2,0.28284273,0.07071068,0.0701,0.005716443181545683,0.1270025841502031,22.21706402334302,0.0
3,0.4242641,0.07071068,0.0701,0.004042135611804359,0.11872060682555834,29.370762939980363,0.0
4,0.56568545,0.14142136,0.0701,0.004042135611804359,0.12565164002099036,31.085458799068103,0.0
5,0.70710677,0.21213204,0.0701,0.005716443181545683,0.2585222402947108,45.22431730438513,0.0
6,0.8485281,0.21213204,0.0701,0.004042135611804359,0.13625285152858096,33.70813466294353,0.0
7,0.9899494,0.28284273,0.0701,0.004042135611804359,0.166497326811409,41.19043565118951,0.0
