Tile Number, Tile x cohordinate [m], Tile y cohordinate [m], area_m2[m2], Tile z cohordinate [m],absorbedPARTile [umol^s-1],absorbedPARTilem2 [umol m^-2 m^-1],Thermal time[dd]
1,0.1118034,0.0,0.0701,0.00108033979058772,0.006114080172680538,5.659404777967489,0.0
2,0.22360681,0.0559017,0.0701,0.0012078565728149138,0.013502113926591435,11.178573872496065,0.0
3,0.3354102,0.0559017,0.0701,0.00108033979058772,0.015503663055349375,14.350728530433159,0.0
4,0.44721362,0.1118034,0.0701,0.00108033979058772,0.006760706048379233,6.25794412765387,0.0
5,0.559017,0.1677051,0.0701,0.0012078565728149138,0.005582336936408071,4.621688586251939,0.0
6,0.6708204,0.1677051,0.0701,0.00108033979058772,0.005103964028535835,4.724406222008362,0.0
7,0.7826238,0.22360681,0.0701,0.00108033979058772,0.005255495154637484,4.8646686907444385,0.0
