Tile Number, Tile x cohordinate [m], Tile y cohordinate [m], area_m2[m2], Tile z cohordinate [m],absorbedPARTile [umol^s-1],absorbedPARTilem2 [umol m^-2 m^-1],Thermal time[dd]
1,0.1118034,0.0,0.0701,0.00108033979058772,0.0025139822856953646,2.327029243575045,0.0
2,0.22360681,0.0559017,0.0701,0.0012078565728149138,0.0017726150186625868,1.467570784941379,0.0
3,0.3354102,0.0559017,0.0701,0.00108033979058772,0.0026361851421607273,2.4401444481894035,0.0
4,0.44721362,0.1118034,0.0701,0.00108033979058772,0.008413339914826087,7.787679383954851,0.0
5,0.559017,0.1677051,0.0701,0.0012078565728149138,0.006100091490891949,5.050344244661156,0.0
6,0.6708204,0.1677051,0.0701,0.00108033979058772,0.007817032318719979,7.235716379998745,0.0
7,0.7826238,0.22360681,0.0701,0.00108033979058772,0.003475872735052465,3.2173884229160365,0.0
