Tile Number, Tile x cohordinate [m], Tile y cohordinate [m], area_m2[m2], Tile z cohordinate [m],absorbedPARTile [umol^s-1],absorbedPARTilem2 [umol m^-2 m^-1],Thermal time[dd]
1,0.1118034,0.0,0.0701,0.00108033979058772,0.013630382796216011,12.616755316214812,0.0
2,0.22360681,0.0559017,0.0701,0.0012078565728149138,0.0078820257891774,6.52563058112795,0.0
3,0.3354102,0.0559017,0.0701,0.00108033979058772,0.0033582392068349388,3.1085027470921993,0.0
4,0.44721362,0.1118034,0.0701,0.00108033979058772,0.003384871243802491,3.133154284691369,0.0
5,0.559017,0.1677051,0.0701,0.0012078565728149138,0.005661644765658128,4.687348558665079,0.0
6,0.6708204,0.1677051,0.0701,0.00108033979058772,0.003156418317607154,2.9216903284567706,0.0
7,0.7826238,0.22360681,0.0701,0.00108033979058772,0.001463404367679999,1.3545778656212288,0.0
