Tile Number, Tile x cohordinate [m], Tile y cohordinate [m], area_m2[m2], Tile z cohordinate [m],absorbedPARTile [umol^s-1],absorbedPARTilem2 [umol m^-2 m^-1],Thermal time[dd]
1,0.14142136,0.0,0.0701,0.004042135611804359,0.07748994501777648,19.170545587703803,0.0
2,0.28284273,0.07071068,0.0701,0.005716443181545683,0.16950686778686527,29.652506358163766,0.0
3,0.4242641,0.07071068,0.0701,0.004042135611804359,0.098582325842762,24.388673540508965,0.0
4,0.56568545,0.14142136,0.0701,0.004042135611804359,0.07372313244005203,18.238658847752745,0.0
5,0.70710677,0.21213204,0.0701,0.005716443181545683,0.15202168874795913,26.593754878685527,0.0
6,0.8485281,0.21213204,0.0701,0.004042135611804359,0.07867995425158501,19.464946703374768,0.0
7,0.9899494,0.28284273,0.0701,0.004042135611804359,0.21048351021026612,52.07235244547099,0.0
