Tile Number, Tile x cohordinate [m], Tile y cohordinate [m], area_m2[m2], Tile z cohordinate [m],absorbedPARTile [umol^s-1],absorbedPARTilem2 [umol m^-2 m^-1],Thermal time[dd]
1,0.1118034,0.0,0.0701,0.00108033979058772,0.00274891296498477,2.5444892328637856,0.0
2,0.22360681,0.0559017,0.0701,0.0012078565728149138,0.005468416788872027,4.527372630119372,0.0
3,0.3354102,0.0559017,0.0701,0.00108033979058772,0.006231735603964788,5.768310728029963,0.0
4,0.44721362,0.1118034,0.0701,0.00108033979058772,0.0010305216472793373,0.9538865977700582,0.0
5,0.559017,0.1677051,0.0701,0.0012078565728149138,0.002582355761263005,2.1379655659320678,0.0
6,0.6708204,0.1677051,0.0701,0.00108033979058772,0.002135576334723658,1.9767635639541468,0.0
7,0.7826238,0.22360681,0.0701,0.00108033979058772,0.011079308715910986,10.255392620393708,0.0
