Tile Number, Tile x cohordinate [m], Tile y cohordinate [m], area_m2[m2], Tile z cohordinate [m],absorbedPARTile [umol^s-1],absorbedPARTilem2 [umol m^-2 m^-1],Thermal time[dd]
1,0.1118034,0.0,0.0701,0.00108033979058772,4.53161569490668E-4,0.41946207428326027,0.0
2,0.22360681,0.0559017,0.0701,0.0012078565728149138,6.448998217274295E-4,0.5339208613357862,0.0
3,0.3354102,0.0559017,0.0701,0.00108033979058772,8.101376082770683E-4,0.749891483526995,0.0
4,0.44721362,0.1118034,0.0701,0.00108033979058772,8.830046665794989E-4,0.8173397613163281,0.0
5,0.559017,0.1677051,0.0701,0.0012078565728149138,0.0017782126551563787,1.472205140228072,0.0
6,0.6708204,0.1677051,0.0701,0.00108033979058772,0.001101789460094948,1.0198545584399508,0.0
7,0.7826238,0.22360681,0.0701,0.00108033979058772,6.99589684761019E-4,0.6475644892987164,0.0
