Tile Number, Tile x cohordinate [m], Tile y cohordinate [m], area_m2[m2], Tile z cohordinate [m],absorbedPARTile [umol^s-1],absorbedPARTilem2 [umol m^-2 m^-1],Thermal time[dd]
1,0.1118034,0.0,0.0701,0.00108033979058772,0.0017217990490366426,1.593756949468611,0.0
2,0.22360681,0.0559017,0.0701,0.0012078565728149138,0.0057659121210482354,4.773672843962556,0.0
3,0.3354102,0.0559017,0.0701,0.00108033979058772,0.0015070891724676125,1.3950140368779114,0.0
4,0.44721362,0.1118034,0.0701,0.00108033979058772,8.609524660327937E-4,0.7969274792372718,0.0
5,0.559017,0.1677051,0.0701,0.0012078565728149138,0.014819815660288014,12.269516094738288,0.0
6,0.6708204,0.1677051,0.0701,0.00108033979058772,9.066386383330987E-4,0.8392161857149357,0.0
7,0.7826238,0.22360681,0.0701,0.00108033979058772,0.002228516520812148,2.0627922253977187,0.0
