Tile Number, Tile x cohordinate [m], Tile y cohordinate [m], area_m2[m2], Tile z cohordinate [m],absorbedPARTile [umol^s-1],absorbedPARTilem2 [umol m^-2 m^-1],Thermal time[dd]
1,0.14142136,0.0,0.0701,0.004042135611804359,0.09217429879245759,22.803366251067494,0.0
2,0.28284273,0.07071068,0.0701,0.005716443181545683,0.23285826849182126,40.73481728000979,0.0
3,0.4242641,0.07071068,0.0701,0.004042135611804359,0.06383935057813167,15.793470756324915,0.0
4,0.56568545,0.14142136,0.0701,0.004042135611804359,0.11522220953193664,28.505280524347096,0.0
5,0.70710677,0.21213204,0.0701,0.005716443181545683,0.2003247496932221,35.04360024777782,0.0
6,0.8485281,0.21213204,0.0701,0.004042135611804359,0.0988559070498657,24.456355883056986,0.0
7,0.9899494,0.28284273,0.0701,0.004042135611804359,0.19194942602005008,47.48713166858997,0.0
