Tile Number, Tile x cohordinate [m], Tile y cohordinate [m], area_m2[m2], Tile z cohordinate [m],absorbedPARTile [umol^s-1],absorbedPARTilem2 [umol m^-2 m^-1],Thermal time[dd]
1,0.14142136,0.0,0.0701,0.004042135611804359,0.08626039516475677,21.340302119713197,0.0
2,0.28284273,0.07071068,0.0701,0.005716443181545683,0.17104021243530274,29.92074039806248,0.0
3,0.4242641,0.07071068,0.0701,0.004042135611804359,0.14229928176696777,35.203985079423674,0.0
4,0.56568545,0.14142136,0.0701,0.004042135611804359,0.22059320360427856,54.5734296890174,0.0
5,0.70710677,0.21213204,0.0701,0.005716443181545683,0.18616999975967408,32.567453895227054,0.0
6,0.8485281,0.21213204,0.0701,0.004042135611804359,0.13386153868339534,33.11653827062997,0.0
7,0.9899494,0.28284273,0.0701,0.004042135611804359,0.1554074127268219,38.446857713774214,0.0
