Tile Number, Tile x cohordinate [m], Tile y cohordinate [m], area_m2[m2], Tile z cohordinate [m],absorbedPARTile [umol^s-1],absorbedPARTilem2 [umol m^-2 m^-1],Thermal time[dd]
1,0.14142136,0.0,0.0701,0.004042135611804359,0.09053450200273516,22.397690403643256,0.0
2,0.28284273,0.07071068,0.0701,0.005716443181545683,0.04119874609694772,7.207059492858966,0.0
3,0.4242641,0.07071068,0.0701,0.004042135611804359,0.018816192972865995,4.655012790247945,0.0
4,0.56568545,0.14142136,0.0701,0.004042135611804359,0.02943488614792887,7.2820135133441255,0.0
5,0.70710677,0.21213204,0.0701,0.005716443181545683,0.20179110416290286,35.30011543092782,0.0
6,0.8485281,0.21213204,0.0701,0.004042135611804359,0.04544462964721085,11.242727610250792,0.0
7,0.9899494,0.28284273,0.0701,0.004042135611804359,0.09903118078508852,24.499717549278913,0.0
