Tile Number, Tile x cohordinate [m], Tile y cohordinate [m], area_m2[m2], Tile z cohordinate [m],absorbedPARTile [umol^s-1],absorbedPARTilem2 [umol m^-2 m^-1],Thermal time[dd]
1,0.1118034,0.0,0.0701,0.00108033979058772,0.004018271338211775,3.719451392256671,0.0
2,0.22360681,0.0559017,0.0701,0.0012078565728149138,0.005599635515514421,4.636010302501771,0.0
3,0.3354102,0.0559017,0.0701,0.00108033979058772,0.004165328781519555,3.855572864953496,0.0
4,0.44721362,0.1118034,0.0701,0.00108033979058772,0.0047147381509979325,4.364125242885898,0.0
5,0.559017,0.1677051,0.0701,0.0012078565728149138,0.0016811227534043196,1.391823161160979,0.0
6,0.6708204,0.1677051,0.0701,0.00108033979058772,0.005075628140304036,4.698177540552147,0.0
7,0.7826238,0.22360681,0.0701,0.00108033979058772,9.823758516805713E-4,0.9093211786137629,0.0
