Tile Number, Tile x cohordinate [m], Tile y cohordinate [m], area_m2[m2], Tile z cohordinate [m],absorbedPARTile [umol^s-1],absorbedPARTilem2 [umol m^-2 m^-1],Thermal time[dd]
1,0.14142136,0.0,0.0701,0.004042135611804359,0.05432936218232632,13.440756916632582,0.0
2,0.28284273,0.07071068,0.0701,0.005716443181545683,0.16057332907165528,28.08972712088384,0.0
3,0.4242641,0.07071068,0.0701,0.004042135611804359,0.10661195673118593,26.375155850744864,0.0
4,0.56568545,0.14142136,0.0701,0.004042135611804359,0.0650199111144638,16.08553432116042,0.0
5,0.70710677,0.21213204,0.0701,0.005716443181545683,0.15377829403617857,26.901044784739394,0.0
6,0.8485281,0.21213204,0.0701,0.004042135611804359,0.03805368095919743,9.414251428890267,0.0
7,0.9899494,0.28284273,0.0701,0.004042135611804359,0.08034423910205842,19.876680749509475,0.0
