Tile Number, Tile x cohordinate [m], Tile y cohordinate [m], area_m2[m2], Tile z cohordinate [m],absorbedPARTile [umol^s-1],absorbedPARTilem2 [umol m^-2 m^-1],Thermal time[dd]
1,0.14142136,0.0,0.0701,0.004042135611804359,0.0340703409785533,8.428797113846638,0.0
2,0.28284273,0.07071068,0.0701,0.005716443181545683,0.1292402544678116,22.60850853639833,0.0
3,0.4242641,0.07071068,0.0701,0.004042135611804359,0.04722556539773644,11.683320386337936,0.0
4,0.56568545,0.14142136,0.0701,0.004042135611804359,0.1264221678488493,31.276082741918696,0.0
5,0.70710677,0.21213204,0.0701,0.005716443181545683,0.11034147233209611,19.302469879926388,0.0
6,0.8485281,0.21213204,0.0701,0.004042135611804359,0.06703314104801299,16.583595278756672,0.0
7,0.9899494,0.28284273,0.0701,0.004042135611804359,0.05305103175955801,13.124505670871514,0.0
