Tile Number, Tile x cohordinate [m], Tile y cohordinate [m], area_m2[m2], Tile z cohordinate [m],absorbedPARTile [umol^s-1],absorbedPARTilem2 [umol m^-2 m^-1],Thermal time[dd]
1,0.1118034,0.0,0.0701,0.00108033979058772,0.017619966331623646,16.309652282675007,0.0
2,0.22360681,0.0559017,0.0701,0.0012078565728149138,0.023557150580241683,19.50326811182694,0.0
3,0.3354102,0.0559017,0.0701,0.00108033979058772,0.03046532334482759,28.199760492255894,0.0
4,0.44721362,0.1118034,0.0701,0.00108033979058772,0.028753088383291964,26.61485639407013,0.0
5,0.559017,0.1677051,0.0701,0.0012078565728149138,0.027105897365319133,22.441321242429265,0.0
6,0.6708204,0.1677051,0.0701,0.00108033979058772,0.02439964435761333,22.58515753116858,0.0
7,0.7826238,0.22360681,0.0701,0.00108033979058772,0.0305879827370885,28.313298282245267,0.0
