Tile Number, Tile x cohordinate [m], Tile y cohordinate [m], area_m2[m2], Tile z cohordinate [m],absorbedPARTile [umol^s-1],absorbedPARTilem2 [umol m^-2 m^-1],Thermal time[dd]
1,0.1118034,0.0,0.0701,0.00108033979058772,0.006153978651223532,5.696336194259476,0.0
2,0.22360681,0.0559017,0.0701,0.0012078565728149138,0.0066681052938620455,5.520610181655926,0.0
3,0.3354102,0.0559017,0.0701,0.00108033979058772,0.012037957571165263,11.142751267743686,0.0
4,0.44721362,0.1118034,0.0701,0.00108033979058772,0.01729192204842113,16.006003110386303,0.0
5,0.559017,0.1677051,0.0701,0.0012078565728149138,0.012825016905319427,10.617996535325947,0.0
6,0.6708204,0.1677051,0.0701,0.00108033979058772,0.013215382690452339,12.232616817032154,0.0
7,0.7826238,0.22360681,0.0701,0.00108033979058772,0.004310456766870916,3.9899083644100233,0.0
