Tile Number, Tile x cohordinate [m], Tile y cohordinate [m], area_m2[m2], Tile z cohordinate [m],absorbedPARTile [umol^s-1],absorbedPARTilem2 [umol m^-2 m^-1],Thermal time[dd]
1,0.1118034,0.0,0.0701,0.00108033979058772,0.006493062589537739,6.010204054416456,0.0
2,0.22360681,0.0559017,0.0701,0.0012078565728149138,0.007124619756976145,5.898564380348732,0.0
3,0.3354102,0.0559017,0.0701,0.00108033979058772,0.008916113900728828,8.253064432513717,0.0
4,0.44721362,0.1118034,0.0701,0.00108033979058772,0.006541466716258877,6.055008593824197,0.0
5,0.559017,0.1677051,0.0701,0.0012078565728149138,0.029131289725299703,24.11816964112646,0.0
6,0.6708204,0.1677051,0.0701,0.00108033979058772,0.009816338287812674,9.086343364685707,0.0
7,0.7826238,0.22360681,0.0701,0.00108033979058772,0.011034173306519053,10.213613719176546,0.0
