Tile Number, Tile x cohordinate [m], Tile y cohordinate [m], area_m2[m2], Tile z cohordinate [m],absorbedPARTile [umol^s-1],absorbedPARTilem2 [umol m^-2 m^-1],Thermal time[dd]
1,0.1118034,0.0,0.0701,0.00108033979058772,0.006715978232809288,6.2165425094226165,0.0
2,0.22360681,0.0559017,0.0701,0.0012078565728149138,0.004797643634170838,3.972030903462249,0.0
3,0.3354102,0.0559017,0.0701,0.00108033979058772,0.010129910025771923,9.37659624687258,0.0
4,0.44721362,0.1118034,0.0701,0.00108033979058772,0.016131284080267545,14.931676330732854,0.0
5,0.559017,0.1677051,0.0701,0.0012078565728149138,0.024995427283151492,20.6940359027062,0.0
6,0.6708204,0.1677051,0.0701,0.00108033979058772,0.01023386258087363,9.472818339224798,0.0
7,0.7826238,0.22360681,0.0701,0.00108033979058772,0.007706246689090977,7.133169356743466,0.0
