Tile Number, Tile x cohordinate [m], Tile y cohordinate [m], area_m2[m2], Tile z cohordinate [m],absorbedPARTile [umol^s-1],absorbedPARTilem2 [umol m^-2 m^-1],Thermal time[dd]
1,0.1118034,0.0,0.0701,0.00108033979058772,0.006603579670502729,6.112502499709179,0.0
2,0.22360681,0.0559017,0.0701,0.0012078565728149138,0.005663217016282752,4.688650245189796,0.0
3,0.3354102,0.0559017,0.0701,0.00108033979058772,0.008863375447687534,8.204247890254727,0.0
4,0.44721362,0.1118034,0.0701,0.00108033979058772,0.002433647136506813,2.252668241704654,0.0
5,0.559017,0.1677051,0.0701,0.0012078565728149138,0.002961856244875123,2.452158899936693,0.0
6,0.6708204,0.1677051,0.0701,0.00108033979058772,0.0070614069529092325,6.53628331977639,0.0
7,0.7826238,0.22360681,0.0701,0.00108033979058772,0.006880689272288335,6.369004763348709,0.0
