Tile Number, Tile x cohordinate [m], Tile y cohordinate [m], area_m2[m2], Tile z cohordinate [m],absorbedPARTile [umol^s-1],absorbedPARTilem2 [umol m^-2 m^-1],Thermal time[dd]
1,0.14142136,0.0,0.0701,0.004042135611804359,0.14248399140252271,35.24968113054466,0.0
2,0.28284273,0.07071068,0.0701,0.005716443181545683,0.09317738203471106,16.299887723106277,0.0
3,0.4242641,0.07071068,0.0701,0.004042135611804359,0.06258440846602967,15.483005637728409,0.0
4,0.56568545,0.14142136,0.0701,0.004042135611804359,0.09131703426103374,22.591284170268334,0.0
5,0.70710677,0.21213204,0.0701,0.005716443181545683,0.060522250526442445,10.587396498897359,0.0
6,0.8485281,0.21213204,0.0701,0.004042135611804359,0.013079710472084824,3.235841576885196,0.0
7,0.9899494,0.28284273,0.0701,0.004042135611804359,0.07312434424551592,18.09052225560392,0.0
