Tile Number, Tile x cohordinate [m], Tile y cohordinate [m], area_m2[m2], Tile z cohordinate [m],absorbedPARTile [umol^s-1],absorbedPARTilem2 [umol m^-2 m^-1],Thermal time[dd]
1,0.1118034,0.0,0.0701,0.00108033979058772,0.004267968253361761,3.950579521874249,0.0
2,0.22360681,0.0559017,0.0701,0.0012078565728149138,0.003378717877618498,2.79728401009102,0.0
3,0.3354102,0.0559017,0.0701,0.00108033979058772,0.0015532643683314929,1.4377554005360622,0.0
4,0.44721362,0.1118034,0.0701,0.00108033979058772,0.0018049103972761658,1.6706876975199343,0.0
5,0.559017,0.1677051,0.0701,0.0012078565728149138,0.004844298225064547,4.010656839640235,0.0
6,0.6708204,0.1677051,0.0701,0.00108033979058772,0.0033512044210436674,3.1019911052434397,0.0
7,0.7826238,0.22360681,0.0701,0.00108033979058772,0.0018062400814723497,1.6719184993544762,0.0
