Tile Number, Tile x cohordinate [m], Tile y cohordinate [m], area_m2[m2], Tile z cohordinate [m],absorbedPARTile [umol^s-1],absorbedPARTilem2 [umol m^-2 m^-1],Thermal time[dd]
1,0.1118034,0.0,0.0701,0.00108033979058772,0.007453963671689452,6.899647441139229,0.0
2,0.22360681,0.0559017,0.0701,0.0012078565728149138,0.011726556164430527,9.708566752343573,0.0
3,0.3354102,0.0559017,0.0701,0.00108033979058772,0.018577036296089068,17.19554945392033,0.0
4,0.44721362,0.1118034,0.0701,0.00108033979058772,0.00919326367550457,8.509603881666996,0.0
5,0.559017,0.1677051,0.0701,0.0012078565728149138,0.005061669155786789,4.190621030434559,0.0
6,0.6708204,0.1677051,0.0701,0.00108033979058772,0.009795758844773248,9.067294318062855,0.0
7,0.7826238,0.22360681,0.0701,0.00108033979058772,0.01421951908892922,13.162080312892671,0.0
