Tile Number, Tile x cohordinate [m], Tile y cohordinate [m], area_m2[m2], Tile z cohordinate [m],absorbedPARTile [umol^s-1],absorbedPARTilem2 [umol m^-2 m^-1],Thermal time[dd]
1,0.14142136,0.0,0.0701,0.004042135611804359,0.117648299606781,29.10548059377559,0.0
2,0.28284273,0.07071068,0.0701,0.005716443181545683,0.15248128279754639,26.674153482326155,0.0
3,0.4242641,0.07071068,0.0701,0.004042135611804359,0.1465539293209076,36.256559253707906,0.0
4,0.56568545,0.14142136,0.0701,0.004042135611804359,0.09152864925026417,22.643636443807218,0.0
5,0.70710677,0.21213204,0.0701,0.005716443181545683,0.2910305941616822,50.911132135663024,0.0
6,0.8485281,0.21213204,0.0701,0.004042135611804359,0.06401440906329155,15.836779170977964,0.0
7,0.9899494,0.28284273,0.0701,0.004042135611804359,0.05836540030311582,14.4392484340876,0.0
