Tile Number, Tile x cohordinate [m], Tile y cohordinate [m], area_m2[m2], Tile z cohordinate [m],absorbedPARTile [umol^s-1],absorbedPARTilem2 [umol m^-2 m^-1],Thermal time[dd]
1,0.1118034,0.0,0.0701,0.00108033979058772,0.006155782890921691,5.698006261134619,0.0
2,0.22360681,0.0559017,0.0701,0.0012078565728149138,0.004969443488003627,4.114266213265969,0.0
3,0.3354102,0.0559017,0.0701,0.00108033979058772,0.006328995279729526,5.858337659012323,0.0
4,0.44721362,0.1118034,0.0701,0.00108033979058772,0.006894163586624526,6.3814770562824545,0.0
5,0.559017,0.1677051,0.0701,0.0012078565728149138,0.007312534737879504,6.054141611232547,0.0
6,0.6708204,0.1677051,0.0701,0.00108033979058772,0.009681966825507935,8.961964476232806,0.0
7,0.7826238,0.22360681,0.0701,0.00108033979058772,0.005935340700338355,5.49395731977015,0.0
