Tile Number, Tile x cohordinate [m], Tile y cohordinate [m], area_m2[m2], Tile z cohordinate [m],absorbedPARTile [umol^s-1],absorbedPARTilem2 [umol m^-2 m^-1],Thermal time[dd]
1,0.14142136,0.0,0.0701,0.004042135611804359,0.07459983917525807,18.455550812645207,0.0
2,0.28284273,0.07071068,0.0701,0.005716443181545683,0.07080262464440763,12.385782976550663,0.0
3,0.4242641,0.07071068,0.0701,0.004042135611804359,0.10183534686800814,25.19345134552527,0.0
4,0.56568545,0.14142136,0.0701,0.004042135611804359,0.05847895189760824,14.467340414515176,0.0
5,0.70710677,0.21213204,0.0701,0.005716443181545683,0.07789222280395029,13.625994404249257,0.0
6,0.8485281,0.21213204,0.0701,0.004042135611804359,0.0744680350502079,18.4229432661133,0.0
7,0.9899494,0.28284273,0.0701,0.004042135611804359,0.11195440717570088,27.696845907088658,0.0
