Tile Number, Tile x cohordinate [m], Tile y cohordinate [m], area_m2[m2], Tile z cohordinate [m],absorbedPARTile [umol^s-1],absorbedPARTilem2 [umol m^-2 m^-1],Thermal time[dd]
1,0.14142136,0.0,0.0701,0.004042135611804359,0.08185494445103954,20.250420152158256,0.0
2,0.28284273,0.07071068,0.0701,0.005716443181545683,0.16642106717831298,29.11269506107712,0.0
3,0.4242641,0.07071068,0.0701,0.004042135611804359,0.09511949901631475,23.53199104417345,0.0
4,0.56568545,0.14142136,0.0701,0.004042135611804359,0.02684094034844997,6.640286948826169,0.0
5,0.70710677,0.21213204,0.0701,0.005716443181545683,0.17227424295983515,30.136614235226862,0.0
6,0.8485281,0.21213204,0.0701,0.004042135611804359,0.09489090454709302,23.475438149571357,0.0
7,0.9899494,0.28284273,0.0701,0.004042135611804359,0.12689397092516821,31.392803980795765,0.0
