Tile Number, Tile x cohordinate [m], Tile y cohordinate [m], area_m2[m2], Tile z cohordinate [m],absorbedPARTile [umol^s-1],absorbedPARTilem2 [umol m^-2 m^-1],Thermal time[dd]
1,0.14142136,0.0,0.0701,0.004042135611804359,0.1255128331776619,31.051118822219458,0.0
2,0.28284273,0.07071068,0.0701,0.005716443181545683,0.10273071724338531,17.97109041073469,0.0
3,0.4242641,0.07071068,0.0701,0.004042135611804359,0.050840582917272455,12.577653943326718,0.0
4,0.56568545,0.14142136,0.0701,0.004042135611804359,0.06970438323963166,17.244444505046303,0.0
5,0.70710677,0.21213204,0.0701,0.005716443181545683,0.1464451054958725,25.61822112894243,0.0
6,0.8485281,0.21213204,0.0701,0.004042135611804359,0.04650274420585957,11.504498777838213,0.0
7,0.9899494,0.28284273,0.0701,0.004042135611804359,0.016372878361591178,4.050551474269446,0.0
