Tile Number, Tile x cohordinate [m], Tile y cohordinate [m], area_m2[m2], Tile z cohordinate [m],absorbedPARTile [umol^s-1],absorbedPARTilem2 [umol m^-2 m^-1],Thermal time[dd]
1,0.14142136,0.0,0.0701,0.004042135611804359,0.03431062562231243,8.488242087206121,0.0
2,0.28284273,0.07071068,0.0701,0.005716443181545683,0.06565183143781188,11.484734362401223,0.0
3,0.4242641,0.07071068,0.0701,0.004042135611804359,0.0310114756143427,7.672052249751106,0.0
4,0.56568545,0.14142136,0.0701,0.004042135611804359,0.22573111746261593,55.84451862609635,0.0
5,0.70710677,0.21213204,0.0701,0.005716443181545683,0.29333002414249415,51.313380510707695,0.0
6,0.8485281,0.21213204,0.0701,0.004042135611804359,0.19690192868850706,48.71235099423408,0.0
7,0.9899494,0.28284273,0.0701,0.004042135611804359,0.08837336965031742,21.863039278602688,0.0
