Tile Number, Tile x cohordinate [m], Tile y cohordinate [m], area_m2[m2], Tile z cohordinate [m],absorbedPARTile [umol^s-1],absorbedPARTilem2 [umol m^-2 m^-1],Thermal time[dd]
1,0.1118034,0.0,0.0701,0.00108033979058772,0.0013776824729435228,1.27523070514143,0.0
2,0.22360681,0.0559017,0.0701,0.0012078565728149138,0.02686826097520565,22.244579017017788,0.0
3,0.3354102,0.0559017,0.0701,0.00108033979058772,0.00806905402019336,7.468996412511736,0.0
4,0.44721362,0.1118034,0.0701,0.00108033979058772,0.017595056932378898,16.28659527833085,0.0
5,0.559017,0.1677051,0.0701,0.0012078565728149138,0.01897482443095598,15.709501324925599,0.0
6,0.6708204,0.1677051,0.0701,0.00108033979058772,0.02555304179340787,23.65278222281034,0.0
7,0.7826238,0.22360681,0.0701,0.00108033979058772,0.008645086455931145,8.002192024444549,0.0
