Tile Number, Tile x cohordinate [m], Tile y cohordinate [m], area_m2[m2], Tile z cohordinate [m],absorbedPARTile [umol^s-1],absorbedPARTilem2 [umol m^-2 m^-1],Thermal time[dd]
1,0.1118034,0.0,0.0701,0.00108033979058772,0.004082100060285628,3.778533472385488,0.0
2,0.22360681,0.0559017,0.0701,0.0012078565728149138,0.008423632764091344,6.974033965357361,0.0
3,0.3354102,0.0559017,0.0701,0.00108033979058772,0.007482488504565022,6.926051016314455,0.0
4,0.44721362,0.1118034,0.0701,0.00108033979058772,0.01714367484438701,15.86878035387423,0.0
5,0.559017,0.1677051,0.0701,0.0012078565728149138,0.017391849367868827,14.398935899596973,0.0
6,0.6708204,0.1677051,0.0701,0.00108033979058772,0.012522249825645834,11.591028984347188,0.0
7,0.7826238,0.22360681,0.0701,0.00108033979058772,0.009104878616846416,8.427791604244472,0.0
