Tile Number, Tile x cohordinate [m], Tile y cohordinate [m], area_m2[m2], Tile z cohordinate [m],absorbedPARTile [umol^s-1],absorbedPARTilem2 [umol m^-2 m^-1],Thermal time[dd]
1,0.1118034,0.0,0.0701,0.00108033979058772,0.0068933476338360914,6.3807217820663755,0.0
2,0.22360681,0.0559017,0.0701,0.0012078565728149138,0.012311760513021797,10.193064963275564,0.0
3,0.3354102,0.0559017,0.0701,0.00108033979058772,0.008865135250717238,8.205876825007511,0.0
4,0.44721362,0.1118034,0.0701,0.00108033979058772,0.004393403925392292,4.066687132760536,0.0
5,0.559017,0.1677051,0.0701,0.0012078565728149138,0.004519358450591694,3.741635018849394,0.0
6,0.6708204,0.1677051,0.0701,0.00108033979058772,0.014673764837542623,13.582545940994999,0.0
7,0.7826238,0.22360681,0.0701,0.00108033979058772,0.0040912913902188585,3.7870412863282015,0.0
