Tile Number, Tile x cohordinate [m], Tile y cohordinate [m], area_m2[m2], Tile z cohordinate [m],absorbedPARTile [umol^s-1],absorbedPARTilem2 [umol m^-2 m^-1],Thermal time[dd]
1,0.14142136,0.0,0.0701,0.004042135611804359,0.06525138088356972,16.142798547632673,0.0
2,0.28284273,0.07071068,0.0701,0.005716443181545683,0.11238387110687256,19.659754770182953,0.0
3,0.4242641,0.07071068,0.0701,0.004042135611804359,0.16758778629875185,41.46020875928572,0.0
4,0.56568545,0.14142136,0.0701,0.004042135611804359,0.0605815632842207,14.987513805153569,0.0
5,0.70710677,0.21213204,0.0701,0.005716443181545683,0.05931156887083053,10.375607171659691,0.0
6,0.8485281,0.21213204,0.0701,0.004042135611804359,0.07134231074660541,17.649657903179325,0.0
7,0.9899494,0.28284273,0.0701,0.004042135611804359,0.03409059134222243,8.433806931827506,0.0
