Tile Number, Tile x cohordinate [m], Tile y cohordinate [m], area_m2[m2], Tile z cohordinate [m],absorbedPARTile [umol^s-1],absorbedPARTilem2 [umol m^-2 m^-1],Thermal time[dd]
1,0.1118034,0.0,0.0701,0.00108033979058772,0.014119568585926891,13.069562658842408,0.0
2,0.22360681,0.0559017,0.0701,0.0012078565728149138,0.007573010103823293,6.269792518638506,0.0
3,0.3354102,0.0559017,0.0701,0.00108033979058772,0.001573894881202014,1.4568517191667942,0.0
4,0.44721362,0.1118034,0.0701,0.00108033979058772,0.0020417925075499823,1.8899539990461878,0.0
5,0.559017,0.1677051,0.0701,0.0012078565728149138,0.002828520898178741,2.3417688505737595,0.0
6,0.6708204,0.1677051,0.0701,0.00108033979058772,0.005642687793925904,5.223067633985973,0.0
7,0.7826238,0.22360681,0.0701,0.00108033979058772,0.004389508317569581,4.0630812229748825,0.0
