Tile Number, Tile x cohordinate [m], Tile y cohordinate [m], area_m2[m2], Tile z cohordinate [m],absorbedPARTile [umol^s-1],absorbedPARTilem2 [umol m^-2 m^-1],Thermal time[dd]
1,0.1118034,0.0,0.0701,0.00108033979058772,0.0173482656379652,16.05815669209731,0.0
2,0.22360681,0.0559017,0.0701,0.0012078565728149138,0.012946336069103481,10.718438232224875,0.0
3,0.3354102,0.0559017,0.0701,0.00108033979058772,0.02177221083078265,20.153113881826258,0.0
4,0.44721362,0.1118034,0.0701,0.00108033979058772,0.01154213119574836,10.683797168545723,0.0
5,0.559017,0.1677051,0.0701,0.0012078565728149138,0.02934855937485516,24.29804997993946,0.0
6,0.6708204,0.1677051,0.0701,0.00108033979058772,0.017009396493007544,15.744487652124889,0.0
7,0.7826238,0.22360681,0.0701,0.00108033979058772,0.01982566750338614,18.351325829256645,0.0
