Tile Number, Tile x cohordinate [m], Tile y cohordinate [m], area_m2[m2], Tile z cohordinate [m],absorbedPARTile [umol^s-1],absorbedPARTilem2 [umol m^-2 m^-1],Thermal time[dd]
1,0.14142136,0.0,0.0701,0.004042135611804359,0.05578527596745492,13.800941216455888,0.0
2,0.28284273,0.07071068,0.0701,0.005716443181545683,0.06483199067828059,11.341316377914302,0.0
3,0.4242641,0.07071068,0.0701,0.004042135611804359,0.06071039309831262,15.019385525072042,0.0
4,0.56568545,0.14142136,0.0701,0.004042135611804359,0.045747860287427305,11.317745043938796,0.0
5,0.70710677,0.21213204,0.0701,0.005716443181545683,0.09301958589054107,16.27228381991707,0.0
6,0.8485281,0.21213204,0.0701,0.004042135611804359,0.14927247302837374,36.929110590067594,0.0
7,0.9899494,0.28284273,0.0701,0.004042135611804359,0.09891460848759175,24.470878265125172,0.0
