Tile Number, Tile x cohordinate [m], Tile y cohordinate [m], area_m2[m2], Tile z cohordinate [m],absorbedPARTile [umol^s-1],absorbedPARTilem2 [umol m^-2 m^-1],Thermal time[dd]
1,0.1118034,0.0,0.0701,0.00108033979058772,0.002050081977259696,1.8976270198697605,0.0
2,0.22360681,0.0559017,0.0701,0.0012078565728149138,0.012283082679458449,10.169322215826242,0.0
3,0.3354102,0.0559017,0.0701,0.00108033979058772,0.0013860762634584293,1.2830002889224181,0.0
4,0.44721362,0.1118034,0.0701,0.00108033979058772,0.002316031470237421,2.1437990995198537,0.0
5,0.559017,0.1677051,0.0701,0.0012078565728149138,0.0030595668586327696,2.533054774460877,0.0
6,0.6708204,0.1677051,0.0701,0.00108033979058772,0.011165423736075547,10.335103671411936,0.0
7,0.7826238,0.22360681,0.0701,0.00108033979058772,0.0044351568924342,4.105335127961373,0.0
