Tile Number, Tile x cohordinate [m], Tile y cohordinate [m], area_m2[m2], Tile z cohordinate [m],absorbedPARTile [umol^s-1],absorbedPARTilem2 [umol m^-2 m^-1],Thermal time[dd]
1,0.1118034,0.0,0.0701,0.00108033979058772,0.012824953157875836,11.871221693036857,0.0
2,0.22360681,0.0559017,0.0701,0.0012078565728149138,0.0071483451206967984,5.918206914284165,0.0
3,0.3354102,0.0559017,0.0701,0.00108033979058772,0.006330824294541591,5.86003065859264,0.0
4,0.44721362,0.1118034,0.0701,0.00108033979058772,0.013193285467044279,12.21216286023025,0.0
5,0.559017,0.1677051,0.0701,0.0012078565728149138,0.010781679530219397,8.92629122768497,0.0
6,0.6708204,0.1677051,0.0701,0.00108033979058772,0.0060028562285240365,5.556452035575214,0.0
7,0.7826238,0.22360681,0.0701,0.00108033979058772,0.00426295306092346,3.945937285716704,0.0
