Tile Number, Tile x cohordinate [m], Tile y cohordinate [m], area_m2[m2], Tile z cohordinate [m],absorbedPARTile [umol^s-1],absorbedPARTilem2 [umol m^-2 m^-1],Thermal time[dd]
1,0.14142136,0.0,0.0701,0.004042135611804359,0.034456477253177166,8.524324902052511,0.0
2,0.28284273,0.07071068,0.0701,0.005716443181545683,0.20067418915191657,35.104729073447345,0.0
3,0.4242641,0.07071068,0.0701,0.004042135611804359,0.04035819532054671,9.984374399188281,0.0
4,0.56568545,0.14142136,0.0701,0.004042135611804359,0.09053455844726561,22.39770436768006,0.0
5,0.70710677,0.21213204,0.0701,0.005716443181545683,0.14437864425803187,25.25672689691512,0.0
6,0.8485281,0.21213204,0.0701,0.004042135611804359,0.02036840445322454,5.039020559761066,0.0
7,0.9899494,0.28284273,0.0701,0.004042135611804359,0.020375008443573563,5.0406543471901015,0.0
