Tile Number, Tile x cohordinate [m], Tile y cohordinate [m], area_m2[m2], Tile z cohordinate [m],absorbedPARTile [umol^s-1],absorbedPARTilem2 [umol m^-2 m^-1],Thermal time[dd]
1,0.1118034,0.0,0.0701,0.00108033979058772,0.012115972535649836,11.21496462613728,0.0
2,0.22360681,0.0559017,0.0701,0.0012078565728149138,0.014218828046955167,11.771950715818965,0.0
3,0.3354102,0.0559017,0.0701,0.00108033979058772,0.010031169943549221,9.285199000299826,0.0
4,0.44721362,0.1118034,0.0701,0.00108033979058772,0.012278011828560082,11.364953818724636,0.0
5,0.559017,0.1677051,0.0701,0.0012078565728149138,0.023795489237210754,19.700591753005316,0.0
6,0.6708204,0.1677051,0.0701,0.00108033979058772,0.026716907497695536,24.730096707038037,0.0
7,0.7826238,0.22360681,0.0701,0.00108033979058772,0.01517479321654208,14.046315195228328,0.0
