Tile Number, Tile x cohordinate [m], Tile y cohordinate [m], area_m2[m2], Tile z cohordinate [m],absorbedPARTile [umol^s-1],absorbedPARTilem2 [umol m^-2 m^-1],Thermal time[dd]
1,0.1118034,0.0,0.0701,0.00108033979058772,0.012958155484244602,11.994518388696195,0.0
2,0.22360681,0.0559017,0.0701,0.0012078565728149138,0.003705607749671888,3.0679203417637217,0.0
3,0.3354102,0.0559017,0.0701,0.00108033979058772,0.004832375231596459,4.473014206916862,0.0
4,0.44721362,0.1118034,0.0701,0.00108033979058772,0.002446413569502141,2.264485295104476,0.0
5,0.559017,0.1677051,0.0701,0.0012078565728149138,0.002695124952377242,2.231328630431877,0.0
6,0.6708204,0.1677051,0.0701,0.00108033979058772,0.011505832477534188,10.650197815332577,0.0
7,0.7826238,0.22360681,0.0701,0.00108033979058772,0.015294649789562603,14.157258598465674,0.0
