Tile Number, Tile x cohordinate [m], Tile y cohordinate [m], area_m2[m2], Tile z cohordinate [m],absorbedPARTile [umol^s-1],absorbedPARTilem2 [umol m^-2 m^-1],Thermal time[dd]
1,0.14142136,0.0,0.0701,0.004042135611804359,0.15381052534090678,38.05179739435997,0.0
2,0.28284273,0.07071068,0.0701,0.005716443181545683,0.2506528963208517,43.847701859441386,0.0
3,0.4242641,0.07071068,0.0701,0.004042135611804359,0.24015958949101762,59.41403568689606,0.0
4,0.56568545,0.14142136,0.0701,0.004042135611804359,0.017276113403628005,4.27400638246181,0.0
5,0.70710677,0.21213204,0.0701,0.005716443181545683,0.1199970032203287,20.99155006170855,0.0
6,0.8485281,0.21213204,0.0701,0.004042135611804359,0.17141587333057726,42.40725443005593,0.0
7,0.9899494,0.28284273,0.0701,0.004042135611804359,0.17970271882807415,44.4573700850816,0.0
