Tile Number, Tile x cohordinate [m], Tile y cohordinate [m], area_m2[m2], Tile z cohordinate [m],absorbedPARTile [umol^s-1],absorbedPARTilem2 [umol m^-2 m^-1],Thermal time[dd]
1,0.1118034,0.0,0.0701,0.00108033979058772,0.04772423448599826,44.17520756135031,0.0
2,0.22360681,0.0559017,0.0701,0.0012078565728149138,0.0016630223994018682,1.3768376451569817,0.0
3,0.3354102,0.0559017,0.0701,0.00108033979058772,0.01241344288715538,11.490313506274072,0.0
4,0.44721362,0.1118034,0.0701,0.00108033979058772,8.607093759082577E-4,0.7967024665823147,0.0
5,0.559017,0.1677051,0.0701,0.0012078565728149138,0.014777902438478931,12.234815599040026,0.0
6,0.6708204,0.1677051,0.0701,0.00108033979058772,0.013167474769748937,12.188271583133716,0.0
7,0.7826238,0.22360681,0.0701,0.00108033979058772,0.0033213802548673166,3.074384822075691,0.0
