Tile Number, Tile x cohordinate [m], Tile y cohordinate [m], area_m2[m2], Tile z cohordinate [m],absorbedPARTile [umol^s-1],absorbedPARTilem2 [umol m^-2 m^-1],Thermal time[dd]
1,0.14142136,0.0,0.0701,0.004042135611804359,0.14147321377678712,34.99962083499599,0.0
2,0.28284273,0.07071068,0.0701,0.005716443181545683,0.22118688038164772,38.693095226714114,0.0
3,0.4242641,0.07071068,0.0701,0.004042135611804359,0.09252631512425064,22.89045297096008,0.0
4,0.56568545,0.14142136,0.0701,0.004042135611804359,0.11701939643240769,28.949893737031665,0.0
5,0.70710677,0.21213204,0.0701,0.005716443181545683,0.07571472070202181,13.245075354977836,0.0
6,0.8485281,0.21213204,0.0701,0.004042135611804359,0.14476966313843725,35.81514254882059,0.0
7,0.9899494,0.28284273,0.0701,0.004042135611804359,0.07028658597419025,17.3884779543097,0.0
