Tile Number, Tile x cohordinate [m], Tile y cohordinate [m], area_m2[m2], Tile z cohordinate [m],absorbedPARTile [umol^s-1],absorbedPARTilem2 [umol m^-2 m^-1],Thermal time[dd]
1,0.1118034,0.0,0.0701,0.00108033979058772,8.348439658898952E-4,0.7727605454907187,0.0
2,0.22360681,0.0559017,0.0701,0.0012078565728149138,6.291991611160896E-4,0.520922082370872,0.0
3,0.3354102,0.0559017,0.0701,0.00108033979058772,6.219719596005545E-4,0.5757188294084707,0.0
4,0.44721362,0.1118034,0.0701,0.00108033979058772,6.672931171421685E-4,0.6176696655587884,0.0
5,0.559017,0.1677051,0.0701,0.0012078565728149138,0.0010072231332889433,0.8338929935543642,0.0
6,0.6708204,0.1677051,0.0701,0.00108033979058772,9.691196939825897E-4,0.8970508190347919,0.0
7,0.7826238,0.22360681,0.0701,0.00108033979058772,0.0028838159780140643,2.669360143113148,0.0
