Tile Number, Tile x cohordinate [m], Tile y cohordinate [m], area_m2[m2], Tile z cohordinate [m],absorbedPARTile [umol^s-1],absorbedPARTilem2 [umol m^-2 m^-1],Thermal time[dd]
1,0.14142136,0.0,0.0701,0.004042135611804359,0.042335080192342896,10.473443807454307,0.0
2,0.28284273,0.07071068,0.0701,0.005716443181545683,0.0801026480150541,14.012672823137367,0.0
3,0.4242641,0.07071068,0.0701,0.004042135611804359,0.08092719130012989,20.020899611531092,0.0
4,0.56568545,0.14142136,0.0701,0.004042135611804359,0.06852080873699984,16.951635303104784,0.0
5,0.70710677,0.21213204,0.0701,0.005716443181545683,0.1613089496074438,28.21841212875085,0.0
6,0.8485281,0.21213204,0.0701,0.004042135611804359,0.14147073531518978,34.99900767852739,0.0
7,0.9899494,0.28284273,0.0701,0.004042135611804359,0.07467187095284462,18.47337104049115,0.0
