Tile Number, Tile x cohordinate [m], Tile y cohordinate [m], area_m2[m2], Tile z cohordinate [m],absorbedPARTile [umol^s-1],absorbedPARTilem2 [umol m^-2 m^-1],Thermal time[dd]
1,0.14142136,0.0,0.0701,0.004042135611804359,0.21965004755310055,54.34009856365296,0.0
2,0.28284273,0.07071068,0.0701,0.005716443181545683,0.11656520014024735,20.39121118470192,0.0
3,0.4242641,0.07071068,0.0701,0.004042135611804359,0.11767830933374405,29.112904819443678,0.0
4,0.56568545,0.14142136,0.0701,0.004042135611804359,0.052074259607571366,12.882858124674858,0.0
5,0.70710677,0.21213204,0.0701,0.005716443181545683,0.07722653675380706,13.50954331237236,0.0
6,0.8485281,0.21213204,0.0701,0.004042135611804359,0.16451905049087526,40.70102200688808,0.0
7,0.9899494,0.28284273,0.0701,0.004042135611804359,0.0858806827144623,21.246363546948444,0.0
