Tile Number, Tile x cohordinate [m], Tile y cohordinate [m], area_m2[m2], Tile z cohordinate [m],absorbedPARTile [umol^s-1],absorbedPARTilem2 [umol m^-2 m^-1],Thermal time[dd]
1,0.1118034,0.0,0.0701,0.00108033979058772,0.0013912153282743265,1.2877571856512717,0.0
2,0.22360681,0.0559017,0.0701,0.0012078565728149138,4.847696874556031E-4,0.4013470625289936,0.0
3,0.3354102,0.0559017,0.0701,0.00108033979058772,8.01062053853299E-4,0.7414908354134676,0.0
4,0.44721362,0.1118034,0.0701,0.00108033979058772,0.002072970754160979,1.918813666053394,0.0
5,0.559017,0.1677051,0.0701,0.0012078565728149138,0.0028336864764156103,2.346045499269582,0.0
6,0.6708204,0.1677051,0.0701,0.00108033979058772,0.0029129845127373447,2.6963595510562843,0.0
7,0.7826238,0.22360681,0.0701,0.00108033979058772,0.0029550226118341687,2.735271474381773,0.0
