Tile Number, Tile x cohordinate [m], Tile y cohordinate [m], area_m2[m2], Tile z cohordinate [m],absorbedPARTile [umol^s-1],absorbedPARTilem2 [umol m^-2 m^-1],Thermal time[dd]
1,0.1118034,0.0,0.0701,0.00108033979058772,0.006939224993185028,6.423187457910805,0.0
2,0.22360681,0.0559017,0.0701,0.0012078565728149138,0.010991730857183636,9.100195424335334,0.0
3,0.3354102,0.0559017,0.0701,0.00108033979058772,0.007862862504159738,7.278138390035816,0.0
4,0.44721362,0.1118034,0.0701,0.00108033979058772,0.008016731225628694,7.420564618162847,0.0
5,0.559017,0.1677051,0.0701,0.0012078565728149138,0.00643269625684256,5.325712010533784,0.0
6,0.6708204,0.1677051,0.0701,0.00108033979058772,0.012082532360564552,11.184011239641082,0.0
7,0.7826238,0.22360681,0.0701,0.00108033979058772,0.009558288149476088,8.847483201813983,0.0
