Tile Number, Tile x cohordinate [m], Tile y cohordinate [m], area_m2[m2], Tile z cohordinate [m],absorbedPARTile [umol^s-1],absorbedPARTilem2 [umol m^-2 m^-1],Thermal time[dd]
1,0.14142136,0.0,0.0701,0.004042135611804359,0.06909418318675993,17.09348468789179,0.0
2,0.28284273,0.07071068,0.0701,0.005716443181545683,0.1945842644995117,34.03939448356374,0.0
3,0.4242641,0.07071068,0.0701,0.004042135611804359,0.13998104493253707,34.630467251951316,0.0
4,0.56568545,0.14142136,0.0701,0.004042135611804359,0.12571978164093017,31.10231662534707,0.0
5,0.70710677,0.21213204,0.0701,0.005716443181545683,0.29692082259597785,51.94153307681311,0.0
6,0.8485281,0.21213204,0.0701,0.004042135611804359,0.1310932236161518,32.43167379969061,0.0
7,0.9899494,0.28284273,0.0701,0.004042135611804359,0.14505336700355528,35.88532917598112,0.0
