Tile Number, Tile x cohordinate [m], Tile y cohordinate [m], area_m2[m2], Tile z cohordinate [m],absorbedPARTile [umol^s-1],absorbedPARTilem2 [umol m^-2 m^-1],Thermal time[dd]
1,0.1118034,0.0,0.0701,0.00108033979058772,0.01307685447222819,12.104390291052965,0.0
2,0.22360681,0.0559017,0.0701,0.0012078565728149138,0.03342970302941369,27.676881329962594,0.0
3,0.3354102,0.0559017,0.0701,0.00108033979058772,0.007116494296637551,6.587274076766235,0.0
4,0.44721362,0.1118034,0.0701,0.00108033979058772,0.006684762027864676,6.18764770686459,0.0
5,0.559017,0.1677051,0.0701,0.0012078565728149138,0.004465735810752892,3.6972401452810577,0.0
6,0.6708204,0.1677051,0.0701,0.00108033979058772,0.022899685763602483,21.196743805154796,0.0
7,0.7826238,0.22360681,0.0701,0.00108033979058772,0.01029655664593177,9.530850141445129,0.0
