Tile Number, Tile x cohordinate [m], Tile y cohordinate [m], area_m2[m2], Tile z cohordinate [m],absorbedPARTile [umol^s-1],absorbedPARTilem2 [umol m^-2 m^-1],Thermal time[dd]
1,0.1118034,0.0,0.0701,0.00108033979058772,0.002633262385944922,2.4374390436108904,0.0
2,0.22360681,0.0559017,0.0701,0.0012078565728149138,0.0028355925302745505,2.347623545787554,0.0
3,0.3354102,0.0559017,0.0701,0.00108033979058772,0.009393348963542995,8.694809767612911,0.0
4,0.44721362,0.1118034,0.0701,0.00108033979058772,0.0036215392481081547,3.3522224023036187,0.0
5,0.559017,0.1677051,0.0701,0.0012078565728149138,0.0018369552822625813,1.5208389171419177,0.0
6,0.6708204,0.1677051,0.0701,0.00108033979058772,0.005507261828900796,5.0977126612218635,0.0
7,0.7826238,0.22360681,0.0701,0.00108033979058772,0.004369126063567168,4.044214701367523,0.0
