Tile Number, Tile x cohordinate [m], Tile y cohordinate [m], area_m2[m2], Tile z cohordinate [m],absorbedPARTile [umol^s-1],absorbedPARTilem2 [umol m^-2 m^-1],Thermal time[dd]
1,0.1118034,0.0,0.0701,0.00108033979058772,0.004225216835748993,3.9110073261769025,0.0
2,0.22360681,0.0559017,0.0701,0.0012078565728149138,0.00394392801959468,3.265228760069867,0.0
3,0.3354102,0.0559017,0.0701,0.00108033979058772,0.01264113465917383,11.701072911789055,0.0
4,0.44721362,0.1118034,0.0701,0.00108033979058772,0.003290536980016213,3.0458352165535945,0.0
5,0.559017,0.1677051,0.0701,0.0012078565728149138,0.0035748737815504005,2.959684007198922,0.0
6,0.6708204,0.1677051,0.0701,0.00108033979058772,0.003578849045218747,3.3127068690784807,0.0
7,0.7826238,0.22360681,0.0701,0.00108033979058772,0.004516820157354874,4.180925479841543,0.0
