Tile Number, Tile x cohordinate [m], Tile y cohordinate [m], area_m2[m2], Tile z cohordinate [m],absorbedPARTile [umol^s-1],absorbedPARTilem2 [umol m^-2 m^-1],Thermal time[dd]
1,0.1118034,0.0,0.0701,0.00108033979058772,0.02201507585311584,20.377918174373022,0.0
2,0.22360681,0.0559017,0.0701,0.0012078565728149138,0.019437162655838502,16.09227709092987,0.0
3,0.3354102,0.0559017,0.0701,0.00108033979058772,0.01580420543931145,14.628920990417045,0.0
4,0.44721362,0.1118034,0.0701,0.00108033979058772,0.015091252087617293,13.968986627260524,0.0
5,0.559017,0.1677051,0.0701,0.0012078565728149138,0.03261761500308097,27.004543202563784,0.0
6,0.6708204,0.1677051,0.0701,0.00108033979058772,0.029692792837806348,27.484679446688762,0.0
7,0.7826238,0.22360681,0.0701,0.00108033979058772,0.015722390725027544,14.55319045175069,0.0
