Tile Number, Tile x cohordinate [m], Tile y cohordinate [m], area_m2[m2], Tile z cohordinate [m],absorbedPARTile [umol^s-1],absorbedPARTilem2 [umol m^-2 m^-1],Thermal time[dd]
1,0.14142136,0.0,0.0701,0.004042135611804359,0.13614120233174962,33.680513324237005,0.0
2,0.28284273,0.07071068,0.0701,0.005716443181545683,0.160710196684138,28.113669913304932,0.0
3,0.4242641,0.07071068,0.0701,0.004042135611804359,0.11909104995119572,29.46240833766459,0.0
4,0.56568545,0.14142136,0.0701,0.004042135611804359,0.0642586940724814,15.897213810646276,0.0
5,0.70710677,0.21213204,0.0701,0.005716443181545683,0.3667136425855001,64.15066693382991,0.0
6,0.8485281,0.21213204,0.0701,0.004042135611804359,0.07770141703947794,19.222862491937274,0.0
7,0.9899494,0.28284273,0.0701,0.004042135611804359,0.11603556660169762,28.706500163635226,0.0
