Tile Number, Tile x cohordinate [m], Tile y cohordinate [m], area_m2[m2], Tile z cohordinate [m],absorbedPARTile [umol^s-1],absorbedPARTilem2 [umol m^-2 m^-1],Thermal time[dd]
1,0.1118034,0.0,0.0701,0.00108033979058772,0.008426924958165624,7.800254171496599,0.0
2,0.22360681,0.0559017,0.0701,0.0012078565728149138,0.00833987745452106,6.904691866754468,0.0
3,0.3354102,0.0559017,0.0701,0.00108033979058772,0.005405364064695817,5.003392554628784,0.0
4,0.44721362,0.1118034,0.0701,0.00108033979058772,0.008935538735264087,8.271044733438014,0.0
5,0.559017,0.1677051,0.0701,0.0012078565728149138,0.010227302079563664,8.467315002251386,0.0
6,0.6708204,0.1677051,0.0701,0.00108033979058772,0.02314910537213564,21.427615250144775,0.0
7,0.7826238,0.22360681,0.0701,0.00108033979058772,0.014665465529693363,13.574863813648061,0.0
