Tile Number, Tile x cohordinate [m], Tile y cohordinate [m], area_m2[m2], Tile z cohordinate [m],absorbedPARTile [umol^s-1],absorbedPARTilem2 [umol m^-2 m^-1],Thermal time[dd]
1,0.1118034,0.0,0.0701,0.00108033979058772,0.0016695993117955001,1.5454390612486975,0.0
2,0.22360681,0.0559017,0.0701,0.0012078565728149138,0.004600345623765019,3.808685341707334,0.0
3,0.3354102,0.0559017,0.0701,0.00108033979058772,0.008221905563306344,7.610481105054469,0.0
4,0.44721362,0.1118034,0.0701,0.00108033979058772,0.004638158445942936,4.293240410426532,0.0
5,0.559017,0.1677051,0.0701,0.0012078565728149138,0.007384046508225016,6.113347126154616,0.0
6,0.6708204,0.1677051,0.0701,0.00108033979058772,0.004342756685830483,4.019806290267216,0.0
7,0.7826238,0.22360681,0.0701,0.00108033979058772,0.007312380877671557,6.768593493805796,0.0
