Tile Number, Tile x cohordinate [m], Tile y cohordinate [m], area_m2[m2], Tile z cohordinate [m],absorbedPARTile [umol^s-1],absorbedPARTilem2 [umol m^-2 m^-1],Thermal time[dd]
1,0.1118034,0.0,0.0701,0.00108033979058772,0.007460960535349692,6.9061239809475365,0.0
2,0.22360681,0.0559017,0.0701,0.0012078565728149138,0.005718966238540103,4.734805743708488,0.0
3,0.3354102,0.0559017,0.0701,0.00108033979058772,0.00692210807771462,6.407343446962087,0.0
4,0.44721362,0.1118034,0.0701,0.00108033979058772,0.004007671270576738,3.7096396018113054,0.0
5,0.559017,0.1677051,0.0701,0.0012078565728149138,0.007929340129398893,6.564802732264427,0.0
6,0.6708204,0.1677051,0.0701,0.00108033979058772,0.011785394525043593,10.908970147838556,0.0
7,0.7826238,0.22360681,0.0701,0.00108033979058772,0.0067481237505521525,6.246297516155615,0.0
