Tile Number, Tile x cohordinate [m], Tile y cohordinate [m], area_m2[m2], Tile z cohordinate [m],absorbedPARTile [umol^s-1],absorbedPARTilem2 [umol m^-2 m^-1],Thermal time[dd]
1,0.1118034,0.0,0.0701,0.00108033979058772,7.801989780471381E-4,0.7221792484591344,0.0
2,0.22360681,0.0559017,0.0701,0.0012078565728149138,0.0012271448073897908,1.0159689776162129,0.0
3,0.3354102,0.0559017,0.0701,0.00108033979058772,4.6550141196452955E-4,0.43088426069291613,0.0
4,0.44721362,0.1118034,0.0701,0.00108033979058772,3.7126161764935414E-4,0.3436526367758635,0.0
5,0.559017,0.1677051,0.0701,0.0012078565728149138,6.125841647651513E-4,0.5071663130809662,0.0
6,0.6708204,0.1677051,0.0701,0.00108033979058772,4.2060353432895735E-4,0.38932522711224327,0.0
7,0.7826238,0.22360681,0.0701,0.00108033979058772,3.9889352757843574E-4,0.3692296914857057,0.0
