Tile Number, Tile x cohordinate [m], Tile y cohordinate [m], area_m2[m2], Tile z cohordinate [m],absorbedPARTile [umol^s-1],absorbedPARTilem2 [umol m^-2 m^-1],Thermal time[dd]
1,0.14142136,0.0,0.0701,0.004042135611804359,0.14801351373889923,36.61765164598914,0.0
2,0.28284273,0.07071068,0.0701,0.005716443181545683,0.03245359639595955,5.6772358904447895,0.0
3,0.4242641,0.07071068,0.0701,0.004042135611804359,0.06585486663558782,16.292097287203834,0.0
4,0.56568545,0.14142136,0.0701,0.004042135611804359,0.0591340512972337,14.629408059576951,0.0
5,0.70710677,0.21213204,0.0701,0.005716443181545683,0.13162025424686435,23.024851304701542,0.0
6,0.8485281,0.21213204,0.0701,0.004042135611804359,0.05791473804148912,14.32775730541032,0.0
7,0.9899494,0.28284273,0.0701,0.004042135611804359,0.011860873631539048,2.934308684968761,0.0
