Tile Number, Tile x cohordinate [m], Tile y cohordinate [m], area_m2[m2], Tile z cohordinate [m],absorbedPARTile [umol^s-1],absorbedPARTilem2 [umol m^-2 m^-1],Thermal time[dd]
1,0.14142136,0.0,0.0701,0.004042135611804359,0.17557544765008293,43.4363080588749,0.0
2,0.28284273,0.07071068,0.0701,0.005716443181545683,0.1915685458188852,33.511842895128105,0.0
3,0.4242641,0.07071068,0.0701,0.004042135611804359,0.045691427279946205,11.303783857847886,0.0
4,0.56568545,0.14142136,0.0701,0.004042135611804359,0.050712888813335195,12.546063191258838,0.0
5,0.70710677,0.21213204,0.0701,0.005716443181545683,0.15900574482275642,27.81550341234433,0.0
6,0.8485281,0.21213204,0.0701,0.004042135611804359,0.0648892478956893,16.053209027968148,0.0
7,0.9899494,0.28284273,0.0701,0.004042135611804359,0.07268898846920406,17.982817859185232,0.0
