Tile Number, Tile x cohordinate [m], Tile y cohordinate [m], area_m2[m2], Tile z cohordinate [m],absorbedPARTile [umol^s-1],absorbedPARTilem2 [umol m^-2 m^-1],Thermal time[dd]
1,0.14142136,0.0,0.0701,0.004042135611804359,0.09936698488128186,24.582793459748785,0.0
2,0.28284273,0.07071068,0.0701,0.005716443181545683,0.35534701860453294,62.162258474237085,0.0
3,0.4242641,0.07071068,0.0701,0.004042135611804359,0.10321461370997131,25.534673653340786,0.0
4,0.56568545,0.14142136,0.0701,0.004042135611804359,0.28798403794174193,71.24551613279235,0.0
5,0.70710677,0.21213204,0.0701,0.005716443181545683,0.21531353932158154,37.66564846068537,0.0
6,0.8485281,0.21213204,0.0701,0.004042135611804359,0.08925014974569231,22.079949392358994,0.0
7,0.9899494,0.28284273,0.0701,0.004042135611804359,0.06773026759419432,16.75606018669927,0.0
