Tile Number, Tile x cohordinate [m], Tile y cohordinate [m], area_m2[m2], Tile z cohordinate [m],absorbedPARTile [umol^s-1],absorbedPARTilem2 [umol m^-2 m^-1],Thermal time[dd]
1,0.14142136,0.0,0.0701,0.004042135611804359,0.15621199028730393,38.64590535535566,0.0
2,0.28284273,0.07071068,0.0701,0.005716443181545683,0.17365620553429922,30.378366410587486,0.0
3,0.4242641,0.07071068,0.0701,0.004042135611804359,0.1850624866980235,45.7833443681554,0.0
4,0.56568545,0.14142136,0.0701,0.004042135611804359,0.18915656766815186,46.79619533687904,0.0
5,0.70710677,0.21213204,0.0701,0.005716443181545683,0.11633617043359676,20.351146112877192,0.0
6,0.8485281,0.21213204,0.0701,0.004042135611804359,0.07228016476456026,17.88167733746451,0.0
7,0.9899494,0.28284273,0.0701,0.004042135611804359,0.13132751797679265,32.489636813092886,0.0
