Tile Number, Tile x cohordinate [m], Tile y cohordinate [m], area_m2[m2], Tile z cohordinate [m],absorbedPARTile [umol^s-1],absorbedPARTilem2 [umol m^-2 m^-1],Thermal time[dd]
1,0.1118034,0.0,0.0701,0.00108033979058772,0.006639218274586284,6.145490828375817,0.0
2,0.22360681,0.0559017,0.0701,0.0012078565728149138,0.00213231250306889,1.7653689610675616,0.0
3,0.3354102,0.0559017,0.0701,0.00108033979058772,0.0029298451845281605,2.7119663739630324,0.0
4,0.44721362,0.1118034,0.0701,0.00108033979058772,0.012151430785853045,11.24778601299365,0.0
5,0.559017,0.1677051,0.0701,0.0012078565728149138,0.002926013538603884,2.4224842621709626,0.0
6,0.6708204,0.1677051,0.0701,0.00108033979058772,0.005512466975983498,5.102530725990051,0.0
7,0.7826238,0.22360681,0.0701,0.00108033979058772,0.0034242196361659017,3.169576522126505,0.0
