Tile Number, Tile x cohordinate [m], Tile y cohordinate [m], area_m2[m2], Tile z cohordinate [m],absorbedPARTile [umol^s-1],absorbedPARTilem2 [umol m^-2 m^-1],Thermal time[dd]
1,0.1118034,0.0,0.0701,0.00108033979058772,0.015548471459749249,14.392204744481978,0.0
2,0.22360681,0.0559017,0.0701,0.0012078565728149138,0.0265908122481823,22.01487564555146,0.0
3,0.3354102,0.0559017,0.0701,0.00108033979058772,0.021386311072659564,19.795911674256775,0.0
4,0.44721362,0.1118034,0.0701,0.00108033979058772,0.017350925713258986,16.060618950098878,0.0
5,0.559017,0.1677051,0.0701,0.0012078565728149138,0.028867974371908307,23.900167471566096,0.0
6,0.6708204,0.1677051,0.0701,0.00108033979058772,0.028472560463762286,26.355190016904604,0.0
7,0.7826238,0.22360681,0.0701,0.00108033979058772,0.027775881159203878,25.710319476517117,0.0
