Tile Number, Tile x cohordinate [m], Tile y cohordinate [m], area_m2[m2], Tile z cohordinate [m],absorbedPARTile [umol^s-1],absorbedPARTilem2 [umol m^-2 m^-1],Thermal time[dd]
1,0.14142136,0.0,0.0701,0.004042135611804359,0.2531705084046682,62.63285864663408,0.0
2,0.28284273,0.07071068,0.0701,0.005716443181545683,0.2528262739949544,44.22789940625144,0.0
3,0.4242641,0.07071068,0.0701,0.004042135611804359,0.19168499258146288,47.42171242886556,0.0
4,0.56568545,0.14142136,0.0701,0.004042135611804359,0.17904140143089295,44.29376414488258,0.0
5,0.70710677,0.21213204,0.0701,0.005716443181545683,0.21949807619222006,38.39766603485587,0.0
6,0.8485281,0.21213204,0.0701,0.004042135611804359,0.12152095403555234,30.063551970070318,0.0
7,0.9899494,0.28284273,0.0701,0.004042135611804359,0.17495852167116802,43.28368428813518,0.0
