Tile Number, Tile x cohordinate [m], Tile y cohordinate [m], area_m2[m2], Tile z cohordinate [m],absorbedPARTile [umol^s-1],absorbedPARTilem2 [umol m^-2 m^-1],Thermal time[dd]
1,0.14142136,0.0,0.0701,0.004042135611804359,0.04372335330980003,10.816894213572034,0.0
2,0.28284273,0.07071068,0.0701,0.005716443181545683,0.18878861370216368,33.02553838226319,0.0
3,0.4242641,0.07071068,0.0701,0.004042135611804359,0.2100847838545227,51.973709947040454,0.0
4,0.56568545,0.14142136,0.0701,0.004042135611804359,0.0711609557016468,17.60479175756338,0.0
5,0.70710677,0.21213204,0.0701,0.005716443181545683,0.08216707882856847,14.373811865012032,0.0
6,0.8485281,0.21213204,0.0701,0.004042135611804359,0.042310445755993124,10.467349396302481,0.0
7,0.9899494,0.28284273,0.0701,0.004042135611804359,0.06763389834303973,16.73221901450476,0.0
