Tile Number, Tile x cohordinate [m], Tile y cohordinate [m], area_m2[m2], Tile z cohordinate [m],absorbedPARTile [umol^s-1],absorbedPARTilem2 [umol m^-2 m^-1],Thermal time[dd]
1,0.14142136,0.0,0.0701,0.004042135611804359,0.17949886067520143,44.40693680612941,0.0
2,0.28284273,0.07071068,0.0701,0.005716443181545683,0.31654652153594964,55.37473416299362,0.0
3,0.4242641,0.07071068,0.0701,0.004042135611804359,0.1964447378921509,48.599244745393484,0.0
4,0.56568545,0.14142136,0.0701,0.004042135611804359,0.20509391909210206,50.73900007044807,0.0
5,0.70710677,0.21213204,0.0701,0.005716443181545683,0.18751645244338985,32.80299418504617,0.0
6,0.8485281,0.21213204,0.0701,0.004042135611804359,0.13797097518692017,34.133188105812124,0.0
7,0.9899494,0.28284273,0.0701,0.004042135611804359,0.11507308158285139,28.468387168109924,0.0
