Tile Number, Tile x cohordinate [m], Tile y cohordinate [m], area_m2[m2], Tile z cohordinate [m],absorbedPARTile [umol^s-1],absorbedPARTilem2 [umol m^-2 m^-1],Thermal time[dd]
1,0.1118034,0.0,0.0701,0.00108033979058772,0.005493983436831655,5.085421720737372,0.0
2,0.22360681,0.0559017,0.0701,0.0012078565728149138,0.005216944292486781,4.319175314274835,0.0
3,0.3354102,0.0559017,0.0701,0.00108033979058772,0.0032103888231503593,2.9716473012660796,0.0
4,0.44721362,0.1118034,0.0701,0.00108033979058772,0.003055639966425845,2.828406389404147,0.0
5,0.559017,0.1677051,0.0701,0.0012078565728149138,0.004249474979215225,3.518195019887013,0.0
6,0.6708204,0.1677051,0.0701,0.00108033979058772,0.011207450155904687,10.374004784001965,0.0
7,0.7826238,0.22360681,0.0701,0.00108033979058772,0.008095108125195278,7.4931129962281835,0.0
