Tile Number, Tile x cohordinate [m], Tile y cohordinate [m], area_m2[m2], Tile z cohordinate [m],absorbedPARTile [umol^s-1],absorbedPARTilem2 [umol m^-2 m^-1],Thermal time[dd]
1,0.14142136,0.0,0.0701,0.004042135611804359,0.18677665505462648,46.20741929320172,0.0
2,0.28284273,0.07071068,0.0701,0.005716443181545683,0.18146582559165955,31.7445341147592,0.0
3,0.4242641,0.07071068,0.0701,0.004042135611804359,0.07777874604079665,19.241993221023375,0.0
4,0.56568545,0.14142136,0.0701,0.004042135611804359,0.10706654923912048,26.487619298682386,0.0
5,0.70710677,0.21213204,0.0701,0.005716443181545683,0.10180436381295205,17.809039743735354,0.0
6,0.8485281,0.21213204,0.0701,0.004042135611804359,0.05987890869805336,14.813681293420078,0.0
7,0.9899494,0.28284273,0.0701,0.004042135611804359,0.04148287108669281,10.262612408537024,0.0
