Tile Number, Tile x cohordinate [m], Tile y cohordinate [m], area_m2[m2], Tile z cohordinate [m],absorbedPARTile [umol^s-1],absorbedPARTilem2 [umol m^-2 m^-1],Thermal time[dd]
1,0.1118034,0.0,0.0701,0.00108033979058772,0.002523293353587501,2.3356478911276555,0.0
2,0.22360681,0.0559017,0.0701,0.0012078565728149138,0.0023318049233329277,1.9305313029829763,0.0
3,0.3354102,0.0559017,0.0701,0.00108033979058772,0.001977292732682824,1.8302507691650876,0.0
4,0.44721362,0.1118034,0.0701,0.00108033979058772,0.0010142262047844078,0.9388029707141071,0.0
5,0.559017,0.1677051,0.0701,0.0012078565728149138,0.0030032339564521984,2.486416039822635,0.0
6,0.6708204,0.1677051,0.0701,0.00108033979058772,0.004127572287775236,3.820624144122082,0.0
7,0.7826238,0.22360681,0.0701,0.00108033979058772,0.00247113342580576,2.287366851924827,0.0
