Tile Number, Tile x cohordinate [m], Tile y cohordinate [m], area_m2[m2], Tile z cohordinate [m],absorbedPARTile [umol^s-1],absorbedPARTilem2 [umol m^-2 m^-1],Thermal time[dd]
1,0.1118034,0.0,0.0701,0.00108033979058772,0.01657483967132021,15.342246778028295,0.0
2,0.22360681,0.0559017,0.0701,0.0012078565728149138,0.0037081109435928147,3.069992768223341,0.0
3,0.3354102,0.0559017,0.0701,0.00108033979058772,0.006155045324521914,5.697323544080038,0.0
4,0.44721362,0.1118034,0.0701,0.00108033979058772,0.003810187205418144,3.5268414980303087,0.0
5,0.559017,0.1677051,0.0701,0.0012078565728149138,0.006339798752467631,5.248800971205306,0.0
6,0.6708204,0.1677051,0.0701,0.00108033979058772,0.004318386276112628,3.9972481933331045,0.0
7,0.7826238,0.22360681,0.0701,0.00108033979058772,0.0033163347400121347,3.069714518436836,0.0
