Tile Number, Tile x cohordinate [m], Tile y cohordinate [m], area_m2[m2], Tile z cohordinate [m],absorbedPARTile [umol^s-1],absorbedPARTilem2 [umol m^-2 m^-1],Thermal time[dd]
1,0.14142136,0.0,0.0701,0.004042135611804359,0.14394819684946936,35.611916737551674,0.0
2,0.28284273,0.07071068,0.0701,0.005716443181545683,0.08812693904802998,15.41639376956094,0.0
3,0.4242641,0.07071068,0.0701,0.004042135611804359,0.06897092596148502,17.06299159287663,0.0
4,0.56568545,0.14142136,0.0701,0.004042135611804359,0.10123569166079462,25.045100259663048,0.0
5,0.70710677,0.21213204,0.0701,0.005716443181545683,0.06323584631031354,11.062096534862269,0.0
6,0.8485281,0.21213204,0.0701,0.004042135611804359,0.026620495655454667,6.585750259767165,0.0
7,0.9899494,0.28284273,0.0701,0.004042135611804359,0.10260551505488283,25.383986315362883,0.0
