Tile Number, Tile x cohordinate [m], Tile y cohordinate [m], area_m2[m2], Tile z cohordinate [m],absorbedPARTile [umol^s-1],absorbedPARTilem2 [umol m^-2 m^-1],Thermal time[dd]
1,0.14142136,0.0,0.0701,0.004042135611804359,0.2025443009375,50.108239898237045,0.0
2,0.28284273,0.07071068,0.0701,0.005716443181545683,0.3724781265484619,65.15907089760431,0.0
3,0.4242641,0.07071068,0.0701,0.004042135611804359,0.14638611432809354,36.21504283542545,0.0
4,0.56568545,0.14142136,0.0701,0.004042135611804359,0.13236159595436095,32.74546147532056,0.0
5,0.70710677,0.21213204,0.0701,0.005716443181545683,0.21857793254859925,38.236701670407825,0.0
6,0.8485281,0.21213204,0.0701,0.004042135611804359,0.12792302245336531,31.647385129729,0.0
7,0.9899494,0.28284273,0.0701,0.004042135611804359,0.16312357642871855,40.355790130431124,0.0
