Tile Number, Tile x cohordinate [m], Tile y cohordinate [m], area_m2[m2], Tile z cohordinate [m],absorbedPARTile [umol^s-1],absorbedPARTilem2 [umol m^-2 m^-1],Thermal time[dd]
1,0.1118034,0.0,0.0701,0.00108033979058772,0.005762048255672507,5.33355181941218,0.0
2,0.22360681,0.0559017,0.0701,0.0012078565728149138,0.00803889970275212,6.65550851291676,0.0
3,0.3354102,0.0559017,0.0701,0.00108033979058772,0.012296216452970757,11.381804650814022,0.0
4,0.44721362,0.1118034,0.0701,0.00108033979058772,0.002474068741890373,2.2900838823537595,0.0
5,0.559017,0.1677051,0.0701,0.0012078565728149138,0.0021164001455332153,1.7521949154947576,0.0
6,0.6708204,0.1677051,0.0701,0.00108033979058772,0.006220284982048389,5.757711635025927,0.0
7,0.7826238,0.22360681,0.0701,0.00108033979058772,0.0010562625857466182,0.977713303674575,0.0
