Tile Number, Tile x cohordinate [m], Tile y cohordinate [m], area_m2[m2], Tile z cohordinate [m],absorbedPARTile [umol^s-1],absorbedPARTilem2 [umol m^-2 m^-1],Thermal time[dd]
1,0.1118034,0.0,0.0701,0.00108033979058772,0.011727435523706784,10.855321284914346,0.0
2,0.22360681,0.0559017,0.0701,0.0012078565728149138,0.004387403237618933,3.6323875999565702,0.0
3,0.3354102,0.0559017,0.0701,0.00108033979058772,0.009347958815669433,8.652795071617248,0.0
4,0.44721362,0.1118034,0.0701,0.00108033979058772,0.007863152162345372,7.2784065077041245,0.0
5,0.559017,0.1677051,0.0701,0.0012078565728149138,0.011122778468121076,9.20869142782359,0.0
6,0.6708204,0.1677051,0.0701,0.00108033979058772,0.024222998187004345,22.421647705697016,0.0
7,0.7826238,0.22360681,0.0701,0.00108033979058772,0.018845981764809873,17.444494712684236,0.0
