Tile Number, Tile x cohordinate [m], Tile y cohordinate [m], area_m2[m2], Tile z cohordinate [m],absorbedPARTile [umol^s-1],absorbedPARTilem2 [umol m^-2 m^-1],Thermal time[dd]
1,0.1118034,0.0,0.0701,0.00108033979058772,0.006146930288941696,5.6898119855399205,0.0
2,0.22360681,0.0559017,0.0701,0.0012078565728149138,0.00872333077849591,7.222157808162734,0.0
3,0.3354102,0.0559017,0.0701,0.00108033979058772,0.0019497120419076247,1.8047211246814803,0.0
4,0.44721362,0.1118034,0.0701,0.00108033979058772,0.005623129532855966,5.2049638288310245,0.0
5,0.559017,0.1677051,0.0701,0.0012078565728149138,0.0018325093895016004,1.5171581053128942,0.0
6,0.6708204,0.1677051,0.0701,0.00108033979058772,9.98650177357204E-4,0.9243852592099051,0.0
7,0.7826238,0.22360681,0.0701,0.00108033979058772,0.004276232714259048,3.9582293936731867,0.0
