Tile Number, Tile x cohordinate [m], Tile y cohordinate [m], area_m2[m2], Tile z cohordinate [m],absorbedPARTile [umol^s-1],absorbedPARTilem2 [umol m^-2 m^-1],Thermal time[dd]
1,0.14142136,0.0,0.0701,0.004042135611804359,0.012568509373106544,3.10937350454111,0.0
2,0.28284273,0.07071068,0.0701,0.005716443181545683,0.09176429208126614,16.05269031230951,0.0
3,0.4242641,0.07071068,0.0701,0.004042135611804359,0.03233846693892865,8.000341909482142,0.0
4,0.56568545,0.14142136,0.0701,0.004042135611804359,0.024244839012307874,5.998027117522977,0.0
5,0.70710677,0.21213204,0.0701,0.005716443181545683,0.08753457295250104,15.312768827141978,0.0
6,0.8485281,0.21213204,0.0701,0.004042135611804359,0.055471459344481173,13.723304874405091,0.0
7,0.9899494,0.28284273,0.0701,0.004042135611804359,0.10387286971944497,25.697522224663167,0.0
