Tile Number, Tile x cohordinate [m], Tile y cohordinate [m], area_m2[m2], Tile z cohordinate [m],absorbedPARTile [umol^s-1],absorbedPARTilem2 [umol m^-2 m^-1],Thermal time[dd]
1,0.1118034,0.0,0.0701,0.00108033979058772,0.0015221266124133938,1.4089332131193055,0.0
2,0.22360681,0.0559017,0.0701,0.0012078565728149138,0.0035649861469366027,2.951497907262607,0.0
3,0.3354102,0.0559017,0.0701,0.00108033979058772,0.005064012946843037,4.687426114415487,0.0
4,0.44721362,0.1118034,0.0701,0.00108033979058772,0.0032635882211988045,3.0208905102193513,0.0
5,0.559017,0.1677051,0.0701,0.0012078565728149138,0.001086514978909753,0.8995397329151641,0.0
6,0.6708204,0.1677051,0.0701,0.00108033979058772,0.0025607732288285344,2.3703405642732442,0.0
7,0.7826238,0.22360681,0.0701,0.00108033979058772,0.014191687118715756,13.136318075441135,0.0
