Tile Number, Tile x cohordinate [m], Tile y cohordinate [m], area_m2[m2], Tile z cohordinate [m],absorbedPARTile [umol^s-1],absorbedPARTilem2 [umol m^-2 m^-1],Thermal time[dd]
1,0.14142136,0.0,0.0701,0.004042135611804359,0.0431067609404242,10.664352975822569,0.0
2,0.28284273,0.07071068,0.0701,0.005716443181545683,0.08603599828809379,15.050617237978093,0.0
3,0.4242641,0.07071068,0.0701,0.004042135611804359,0.03570684626380369,8.833658662892953,0.0
4,0.56568545,0.14142136,0.0701,0.004042135611804359,0.03631734957494618,8.984693504316784,0.0
5,0.70710677,0.21213204,0.0701,0.005716443181545683,0.12218667219509123,21.374597510134418,0.0
6,0.8485281,0.21213204,0.0701,0.004042135611804359,0.13508969909612656,33.42037775813864,0.0
7,0.9899494,0.28284273,0.0701,0.004042135611804359,0.16879630460433961,41.759188907813765,0.0
