Tile Number, Tile x cohordinate [m], Tile y cohordinate [m], area_m2[m2], Tile z cohordinate [m],absorbedPARTile [umol^s-1],absorbedPARTilem2 [umol m^-2 m^-1],Thermal time[dd]
1,0.14142136,0.0,0.0701,0.004042135611804359,0.0558584848423934,13.819052651095706,0.0
2,0.28284273,0.07071068,0.0701,0.005716443181545683,0.070829704440794,12.390520152365477,0.0
3,0.4242641,0.07071068,0.0701,0.004042135611804359,0.1922409642712402,47.55925647566936,0.0
4,0.56568545,0.14142136,0.0701,0.004042135611804359,0.026781468695582376,6.625574020171841,0.0
5,0.70710677,0.21213204,0.0701,0.005716443181545683,0.04588405208110511,8.026678587348158,0.0
6,0.8485281,0.21213204,0.0701,0.004042135611804359,0.07449816094992398,18.43039623222065,0.0
7,0.9899494,0.28284273,0.0701,0.004042135611804359,0.09546419259175301,23.617266158257113,0.0
