Tile Number, Tile x cohordinate [m], Tile y cohordinate [m], area_m2[m2], Tile z cohordinate [m],absorbedPARTile [umol^s-1],absorbedPARTilem2 [umol m^-2 m^-1],Thermal time[dd]
1,0.1118034,0.0,0.0701,0.00108033979058772,0.002997837359779477,2.774902290832602,0.0
2,0.22360681,0.0559017,0.0701,0.0012078565728149138,0.0015782858767067977,1.3066831875812848,0.0
3,0.3354102,0.0559017,0.0701,0.00108033979058772,0.001505501972417822,1.3935448694329846,0.0
4,0.44721362,0.1118034,0.0701,0.00108033979058772,0.008306360395122071,7.688655428125345,0.0
5,0.559017,0.1677051,0.0701,0.0012078565728149138,0.0010677702623892713,0.8840207408904761,0.0
6,0.6708204,0.1677051,0.0701,0.00108033979058772,0.004546594983130549,4.208486091822221,0.0
7,0.7826238,0.22360681,0.0701,0.00108033979058772,0.00241545772487316,2.2358314910895927,0.0
