Tile Number, Tile x cohordinate [m], Tile y cohordinate [m], area_m2[m2], Tile z cohordinate [m],absorbedPARTile [umol^s-1],absorbedPARTilem2 [umol m^-2 m^-1],Thermal time[dd]
1,0.14142136,0.0,0.0701,0.004042135611804359,0.04267278770109415,10.556990610724599,0.0
2,0.28284273,0.07071068,0.0701,0.005716443181545683,0.1032763121307373,18.06653348084397,0.0
3,0.4242641,0.07071068,0.0701,0.004042135611804359,0.05967165967793942,14.76240913433944,0.0
4,0.56568545,0.14142136,0.0701,0.004042135611804359,0.19629704416519161,48.562706207070335,0.0
5,0.70710677,0.21213204,0.0701,0.005716443181545683,0.20488375342605594,35.841124790233096,0.0
6,0.8485281,0.21213204,0.0701,0.004042135611804359,0.10389341121490481,25.70260406689524,0.0
7,0.9899494,0.28284273,0.0701,0.004042135611804359,0.07724395638745962,19.10968948243151,0.0
