Tile Number, Tile x cohordinate [m], Tile y cohordinate [m], area_m2[m2], Tile z cohordinate [m],absorbedPARTile [umol^s-1],absorbedPARTilem2 [umol m^-2 m^-1],Thermal time[dd]
1,0.14142136,0.0,0.0701,0.004042135611804359,0.2166782793377686,53.60490100950524,0.0
2,0.28284273,0.07071068,0.0701,0.005716443181545683,0.30773998400939945,53.834171745618384,0.0
3,0.4242641,0.07071068,0.0701,0.004042135611804359,0.23602311884796146,58.39069776845108,0.0
4,0.56568545,0.14142136,0.0701,0.004042135611804359,0.21076652339660645,52.14236820286266,0.0
5,0.70710677,0.21213204,0.0701,0.005716443181545683,0.3177697451098632,55.58871749757175,0.0
6,0.8485281,0.21213204,0.0701,0.004042135611804359,0.22574802766510005,55.848702108321625,0.0
7,0.9899494,0.28284273,0.0701,0.004042135611804359,0.23160827350387572,57.29849162593747,0.0
