Tile Number, Tile x cohordinate [m], Tile y cohordinate [m], area_m2[m2], Tile z cohordinate [m],absorbedPARTile [umol^s-1],absorbedPARTilem2 [umol m^-2 m^-1],Thermal time[dd]
1,0.14142136,0.0,0.0701,0.004042135611804359,0.07961104075265406,19.695291894750824,0.0
2,0.28284273,0.07071068,0.0701,0.005716443181545683,0.20700891616790773,36.21288790837489,0.0
3,0.4242641,0.07071068,0.0701,0.004042135611804359,0.06386280577676771,15.79927343117025,0.0
4,0.56568545,0.14142136,0.0701,0.004042135611804359,0.10097384160604952,24.98032013353853,0.0
5,0.70710677,0.21213204,0.0701,0.005716443181545683,0.13560516459070207,23.721947421514557,0.0
6,0.8485281,0.21213204,0.0701,0.004042135611804359,0.04109808575484276,10.167418835435132,0.0
7,0.9899494,0.28284273,0.0701,0.004042135611804359,0.03553482569886803,8.791101811402543,0.0
