Tile Number, Tile x cohordinate [m], Tile y cohordinate [m], area_m2[m2], Tile z cohordinate [m],absorbedPARTile [umol^s-1],absorbedPARTilem2 [umol m^-2 m^-1],Thermal time[dd]
1,0.1118034,0.0,0.0701,0.00108033979058772,0.0016676273523635952,1.543613747167808,0.0
2,0.22360681,0.0559017,0.0701,0.0012078565728149138,0.003165554467056144,2.6208032793817635,0.0
3,0.3354102,0.0559017,0.0701,0.00108033979058772,0.005903072153618415,5.464088433146633,0.0
4,0.44721362,0.1118034,0.0701,0.00108033979058772,0.007241571097912594,6.703049504427749,0.0
5,0.559017,0.1677051,0.0701,0.0012078565728149138,0.003271903562477681,2.7088510640402435,0.0
6,0.6708204,0.1677051,0.0701,0.00108033979058772,0.0017130169425331634,1.5856279269333016,0.0
7,0.7826238,0.22360681,0.0701,0.00108033979058772,0.0028563174350298435,2.6439065374755537,0.0
