Tile Number, Tile x cohordinate [m], Tile y cohordinate [m], area_m2[m2], Tile z cohordinate [m],absorbedPARTile [umol^s-1],absorbedPARTilem2 [umol m^-2 m^-1],Thermal time[dd]
1,0.14142136,0.0,0.0701,0.004042135611804359,0.16025598250344597,39.646364668084374,0.0
2,0.28284273,0.07071068,0.0701,0.005716443181545683,0.6097958152109781,106.67399217394022,0.0
3,0.4242641,0.07071068,0.0701,0.004042135611804359,0.1934586843715668,47.86051309278296,0.0
4,0.56568545,0.14142136,0.0701,0.004042135611804359,0.27650081490147915,68.40463592908814,0.0
5,0.70710677,0.21213204,0.0701,0.005716443181545683,0.2981405483740489,52.15490452813947,0.0
6,0.8485281,0.21213204,0.0701,0.004042135611804359,0.06961117591699062,17.22138557491817,0.0
7,0.9899494,0.28284273,0.0701,0.004042135611804359,0.1805118694137573,44.6575490655493,0.0
