Tile Number, Tile x cohordinate [m], Tile y cohordinate [m], area_m2[m2], Tile z cohordinate [m],absorbedPARTile [umol^s-1],absorbedPARTilem2 [umol m^-2 m^-1],Thermal time[dd]
1,0.14142136,0.0,0.0701,0.004042135611804359,0.04400803269985192,10.887322179724514,0.0
2,0.28284273,0.07071068,0.0701,0.005716443181545683,0.07194243313885691,12.585174181579852,0.0
3,0.4242641,0.07071068,0.0701,0.004042135611804359,0.07925252426492334,19.606597075437058,0.0
4,0.56568545,0.14142136,0.0701,0.004042135611804359,0.029870569675565065,7.389798993466034,0.0
5,0.70710677,0.21213204,0.0701,0.005716443181545683,0.09643063258853676,16.868991700965818,0.0
6,0.8485281,0.21213204,0.0701,0.004042135611804359,0.030495490927343664,7.5444007465476535,0.0
7,0.9899494,0.28284273,0.0701,0.004042135611804359,0.04702151422229826,11.632839354765842,0.0
