Tile Number, Tile x cohordinate [m], Tile y cohordinate [m], area_m2[m2], Tile z cohordinate [m],absorbedPARTile [umol^s-1],absorbedPARTilem2 [umol m^-2 m^-1],Thermal time[dd]
1,0.14142136,0.0,0.0701,0.004042135611804359,0.21076364712066653,52.141656629522195,0.0
2,0.28284273,0.07071068,0.0701,0.005716443181545683,0.21588586355255132,37.7657674005215,0.0
3,0.4242641,0.07071068,0.0701,0.004042135611804359,0.07993012671178817,19.774231838824516,0.0
4,0.56568545,0.14142136,0.0701,0.004042135611804359,0.018235048327867792,4.511241105967716,0.0
5,0.70710677,0.21213204,0.0701,0.005716443181545683,0.04576836890164046,8.006441671526426,0.0
6,0.8485281,0.21213204,0.0701,0.004042135611804359,0.12007851829117776,29.706702056336052,0.0
7,0.9899494,0.28284273,0.0701,0.004042135611804359,0.07093191752285004,17.548129091885393,0.0
