Tile Number, Tile x cohordinate [m], Tile y cohordinate [m], area_m2[m2], Tile z cohordinate [m],absorbedPARTile [umol^s-1],absorbedPARTilem2 [umol m^-2 m^-1],Thermal time[dd]
1,0.1118034,0.0,0.0701,0.00108033979058772,0.0043911746069079105,4.064623598209828,0.0
2,0.22360681,0.0559017,0.0701,0.0012078565728149138,0.0028376741790398976,2.3493469695881926,0.0
3,0.3354102,0.0559017,0.0701,0.00108033979058772,0.003165229785241036,2.929846528673268,0.0
4,0.44721362,0.1118034,0.0701,0.00108033979058772,0.0027283697692814146,2.525473738033053,0.0
5,0.559017,0.1677051,0.0701,0.0012078565728149138,0.007170545098311678,5.936586561433117,0.0
6,0.6708204,0.1677051,0.0701,0.00108033979058772,0.0052969381739956896,4.9030297876134705,0.0
7,0.7826238,0.22360681,0.0701,0.00108033979058772,0.008883329820210391,8.222718349916313,0.0
