Tile Number, Tile x cohordinate [m], Tile y cohordinate [m], area_m2[m2], Tile z cohordinate [m],absorbedPARTile [umol^s-1],absorbedPARTilem2 [umol m^-2 m^-1],Thermal time[dd]
1,0.1118034,0.0,0.0701,0.00108033979058772,0.0030540466967540177,2.8269316037064356,0.0
2,0.22360681,0.0559017,0.0701,0.0012078565728149138,0.0018186238072889743,1.505662053111708,0.0
3,0.3354102,0.0559017,0.0701,0.00108033979058772,0.0020490731177453324,1.896693184493934,0.0
4,0.44721362,0.1118034,0.0701,0.00108033979058772,0.0010913312820459986,1.0101741059193046,0.0
5,0.559017,0.1677051,0.0701,0.0012078565728149138,0.007510585130163838,6.218110079626751,0.0
6,0.6708204,0.1677051,0.0701,0.00108033979058772,9.025971259447969E-4,0.8354752216002074,0.0
7,0.7826238,0.22360681,0.0701,0.00108033979058772,0.0018430807963524874,1.7060195434899474,0.0
