Tile Number, Tile x cohordinate [m], Tile y cohordinate [m], area_m2[m2], Tile z cohordinate [m],absorbedPARTile [umol^s-1],absorbedPARTilem2 [umol m^-2 m^-1],Thermal time[dd]
1,0.14142136,0.0,0.0701,0.004042135611804359,0.10035872871453762,24.82814490970003,0.0
2,0.28284273,0.07071068,0.0701,0.005716443181545683,0.12215787870582104,21.369560551250064,0.0
3,0.4242641,0.07071068,0.0701,0.004042135611804359,0.07699129329006674,19.04718215421248,0.0
4,0.56568545,0.14142136,0.0701,0.004042135611804359,0.06519662537929431,16.12925236572935,0.0
5,0.70710677,0.21213204,0.0701,0.005716443181545683,0.03655152435403705,6.394102625219096,0.0
6,0.8485281,0.21213204,0.0701,0.004042135611804359,0.0328098511867553,8.116959532713299,0.0
7,0.9899494,0.28284273,0.0701,0.004042135611804359,0.0862991336637187,21.34988579099053,0.0
