Tile Number, Tile x cohordinate [m], Tile y cohordinate [m], area_m2[m2], Tile z cohordinate [m],absorbedPARTile [umol^s-1],absorbedPARTilem2 [umol m^-2 m^-1],Thermal time[dd]
1,0.14142136,0.0,0.0701,0.004042135611804359,0.039236890011258435,9.706970220562088,0.0
2,0.28284273,0.07071068,0.0701,0.005716443181545683,0.1612170262837219,28.202331618405072,0.0
3,0.4242641,0.07071068,0.0701,0.004042135611804359,0.04110369220984936,10.168805838629737,0.0
4,0.56568545,0.14142136,0.0701,0.004042135611804359,0.04374269441688418,10.821679086951262,0.0
5,0.70710677,0.21213204,0.0701,0.005716443181545683,0.055603207636044025,9.72688888355387,0.0
6,0.8485281,0.21213204,0.0701,0.004042135611804359,0.037681830322611035,9.322257821476288,0.0
7,0.9899494,0.28284273,0.0701,0.004042135611804359,0.04317950377737418,10.682349115471508,0.0
