Tile Number, Tile x cohordinate [m], Tile y cohordinate [m], area_m2[m2], Tile z cohordinate [m],absorbedPARTile [umol^s-1],absorbedPARTilem2 [umol m^-2 m^-1],Thermal time[dd]
1,0.1118034,0.0,0.0701,0.00108033979058772,8.379724858013195E-4,0.7756564120862852,0.0
2,0.22360681,0.0559017,0.0701,0.0012078565728149138,0.005127097485722314,4.244789986756123,0.0
3,0.3354102,0.0559017,0.0701,0.00108033979058772,0.009923709245271764,9.185729648884939,0.0
4,0.44721362,0.1118034,0.0701,0.00108033979058772,0.008506907507421538,7.874288794633457,0.0
5,0.559017,0.1677051,0.0701,0.0012078565728149138,0.003713027504715262,3.0740632524456437,0.0
6,0.6708204,0.1677051,0.0701,0.00108033979058772,0.003554288516147838,3.2899727910736822,0.0
7,0.7826238,0.22360681,0.0701,0.00108033979058772,5.564284707154784E-4,0.5150495016135374,0.0
