Tile Number, Tile x cohordinate [m], Tile y cohordinate [m], area_m2[m2], Tile z cohordinate [m],absorbedPARTile [umol^s-1],absorbedPARTilem2 [umol m^-2 m^-1],Thermal time[dd]
1,0.14142136,0.0,0.0701,0.004042135611804359,0.0822124152660052,20.338856278329217,0.0
2,0.28284273,0.07071068,0.0701,0.005716443181545683,0.20198495259170532,35.334026102764504,0.0
3,0.4242641,0.07071068,0.0701,0.004042135611804359,0.1309640824078242,32.3997250427141,0.0
4,0.56568545,0.14142136,0.0701,0.004042135611804359,0.15758243701726593,38.98494562059561,0.0
5,0.70710677,0.21213204,0.0701,0.005716443181545683,0.14400446591682436,25.191270400747104,0.0
6,0.8485281,0.21213204,0.0701,0.004042135611804359,0.14591375060048106,36.0981828947958,0.0
7,0.9899494,0.28284273,0.0701,0.004042135611804359,0.08521666081971326,21.08208853034339,0.0
