Tile Number, Tile x cohordinate [m], Tile y cohordinate [m], area_m2[m2], Tile z cohordinate [m],absorbedPARTile [umol^s-1],absorbedPARTilem2 [umol m^-2 m^-1],Thermal time[dd]
1,0.1118034,0.0,0.0701,0.00108033979058772,0.00544403013154491,5.039183207889883,0.0
2,0.22360681,0.0559017,0.0701,0.0012078565728149138,0.00420803113686135,3.483883129479951,0.0
3,0.3354102,0.0559017,0.0701,0.00108033979058772,0.002034303123031183,1.8830215648397932,0.0
4,0.44721362,0.1118034,0.0701,0.00108033979058772,0.0033041348901116895,3.058421914011141,0.0
5,0.559017,0.1677051,0.0701,0.0012078565728149138,0.01745077399989628,14.447720360727262,0.0
6,0.6708204,0.1677051,0.0701,0.00108033979058772,0.007280307694690135,6.738905442638141,0.0
7,0.7826238,0.22360681,0.0701,0.00108033979058772,0.017424046456851368,16.12830204779595,0.0
