Tile Number, Tile x cohordinate [m], Tile y cohordinate [m], area_m2[m2], Tile z cohordinate [m],absorbedPARTile [umol^s-1],absorbedPARTilem2 [umol m^-2 m^-1],Thermal time[dd]
1,0.14142136,0.0,0.0701,0.004042135611804359,0.08108066806363105,20.058868838256924,0.0
2,0.28284273,0.07071068,0.0701,0.005716443181545683,0.3198421756051636,55.95125595539999,0.0
3,0.4242641,0.07071068,0.0701,0.004042135611804359,0.029844344206128116,7.383310970313034,0.0
4,0.56568545,0.14142136,0.0701,0.004042135611804359,0.08094703567749023,20.02580899094488,0.0
5,0.70710677,0.21213204,0.0701,0.005716443181545683,0.17784063375177384,31.11036497763056,0.0
6,0.8485281,0.21213204,0.0701,0.004042135611804359,0.1367672928168339,33.83540433859483,0.0
7,0.9899494,0.28284273,0.0701,0.004042135611804359,0.05367127590405643,13.277950335787532,0.0
