Tile Number, Tile x cohordinate [m], Tile y cohordinate [m], area_m2[m2], Tile z cohordinate [m],absorbedPARTile [umol^s-1],absorbedPARTilem2 [umol m^-2 m^-1],Thermal time[dd]
1,0.1118034,0.0,0.0701,0.00108033979058772,0.010654109175970674,9.861813170997516,0.0
2,0.22360681,0.0559017,0.0701,0.0012078565728149138,0.00959485508760023,7.9437039989271145,0.0
3,0.3354102,0.0559017,0.0701,0.00108033979058772,0.004226488557073319,3.9121844755658315,0.0
4,0.44721362,0.1118034,0.0701,0.00108033979058772,0.005458042703024729,5.05215373031431,0.0
5,0.559017,0.1677051,0.0701,0.0012078565728149138,0.007070051631858914,5.853386727351357,0.0
6,0.6708204,0.1677051,0.0701,0.00108033979058772,0.011317742740602123,10.476095427758995,0.0
7,0.7826238,0.22360681,0.0701,0.00108033979058772,0.005682746867647297,5.260147702748043,0.0
