Tile Number, Tile x cohordinate [m], Tile y cohordinate [m], area_m2[m2], Tile z cohordinate [m],absorbedPARTile [umol^s-1],absorbedPARTilem2 [umol m^-2 m^-1],Thermal time[dd]
1,0.1118034,0.0,0.0701,0.00108033979058772,0.01510205889318684,13.978989781512269,0.0
2,0.22360681,0.0559017,0.0701,0.0012078565728149138,0.008650552846637734,7.161904021830665,0.0
3,0.3354102,0.0559017,0.0701,0.00108033979058772,0.0051748122656114694,4.789985808813262,0.0
4,0.44721362,0.1118034,0.0701,0.00108033979058772,0.009965430241277124,9.224348050584892,0.0
5,0.559017,0.1677051,0.0701,0.0012078565728149138,0.008650320165837857,7.161711382402181,0.0
6,0.6708204,0.1677051,0.0701,0.00108033979058772,0.006548606913847291,6.06161780849038,0.0
7,0.7826238,0.22360681,0.0701,0.00108033979058772,0.0038491004608467378,3.562860957618504,0.0
