Tile Number, Tile x cohordinate [m], Tile y cohordinate [m], area_m2[m2], Tile z cohordinate [m],absorbedPARTile [umol^s-1],absorbedPARTilem2 [umol m^-2 m^-1],Thermal time[dd]
1,0.14142136,0.0,0.0701,0.004042135611804359,0.207689072170105,51.38102530840007,0.0
2,0.28284273,0.07071068,0.0701,0.005716443181545683,0.29399324740692145,51.429400777745144,0.0
3,0.4242641,0.07071068,0.0701,0.004042135611804359,0.20271512716735843,50.15050127842418,0.0
4,0.56568545,0.14142136,0.0701,0.004042135611804359,0.19024762804046633,47.06611710029742,0.0
5,0.70710677,0.21213204,0.0701,0.005716443181545683,0.3300807049151611,57.742322355403836,0.0
6,0.8485281,0.21213204,0.0701,0.004042135611804359,0.22916515715713504,56.694079359410345,0.0
7,0.9899494,0.28284273,0.0701,0.004042135611804359,0.19166018293563844,47.41557467194519,0.0
