Tile Number, Tile x cohordinate [m], Tile y cohordinate [m], area_m2[m2], Tile z cohordinate [m],absorbedPARTile [umol^s-1],absorbedPARTilem2 [umol m^-2 m^-1],Thermal time[dd]
1,0.1118034,0.0,0.0701,0.00108033979058772,0.009474408501741636,8.76984128908871,0.0
2,0.22360681,0.0559017,0.0701,0.0012078565728149138,0.024746712480376867,20.488121716889424,0.0
3,0.3354102,0.0559017,0.0701,0.00108033979058772,0.0020848104466333834,1.9297728962655514,0.0
4,0.44721362,0.1118034,0.0701,0.00108033979058772,0.00490775693049822,4.542790123307716,0.0
5,0.559017,0.1677051,0.0701,0.0012078565728149138,0.001488876440271259,1.2326599645862153,0.0
6,0.6708204,0.1677051,0.0701,0.00108033979058772,0.003862960948991458,3.5756907064303847,0.0
7,0.7826238,0.22360681,0.0701,0.00108033979058772,8.632374818521591E-4,0.7990425691740428,0.0
