Tile Number, Tile x cohordinate [m], Tile y cohordinate [m], area_m2[m2], Tile z cohordinate [m],absorbedPARTile [umol^s-1],absorbedPARTilem2 [umol m^-2 m^-1],Thermal time[dd]
1,0.1118034,0.0,0.0701,0.00108033979058772,0.0022404044236825358,2.073796080827241,0.0
2,0.22360681,0.0559017,0.0701,0.0012078565728149138,0.004298658736273674,3.558914885279496,0.0
3,0.3354102,0.0559017,0.0701,0.00108033979058772,0.0024804895583887794,2.296027212919149,0.0
4,0.44721362,0.1118034,0.0701,0.00108033979058772,0.003392574997733105,3.140285146664363,0.0
5,0.559017,0.1677051,0.0701,0.0012078565728149138,0.008256119469395121,6.835347553024617,0.0
6,0.6708204,0.1677051,0.0701,0.00108033979058772,0.007605484711707466,7.039900573846286,0.0
7,0.7826238,0.22360681,0.0701,0.00108033979058772,0.007473830903322883,6.9180372401696095,0.0
