Tile Number, Tile x cohordinate [m], Tile y cohordinate [m], area_m2[m2], Tile z cohordinate [m],absorbedPARTile [umol^s-1],absorbedPARTilem2 [umol m^-2 m^-1],Thermal time[dd]
1,0.14142136,0.0,0.0701,0.004042135611804359,0.20318994841369628,50.267969194382076,0.0
2,0.28284273,0.07071068,0.0701,0.005716443181545683,0.3019676959881592,52.82440258708378,0.0
3,0.4242641,0.07071068,0.0701,0.004042135611804359,0.10077887713423729,24.932087097703988,0.0
4,0.56568545,0.14142136,0.0701,0.004042135611804359,0.2884242113179016,71.35441237439152,0.0
5,0.70710677,0.21213204,0.0701,0.005716443181545683,0.27115633785873416,47.43444992755365,0.0
6,0.8485281,0.21213204,0.0701,0.004042135611804359,0.15397696879774575,38.092974502904504,0.0
7,0.9899494,0.28284273,0.0701,0.004042135611804359,0.172668131528244,42.71705556438941,0.0
