Tile Number, Tile x cohordinate [m], Tile y cohordinate [m], area_m2[m2], Tile z cohordinate [m],absorbedPARTile [umol^s-1],absorbedPARTilem2 [umol m^-2 m^-1],Thermal time[dd]
1,0.14142136,0.0,0.0701,0.004042135611804359,0.07864700130987168,19.456794344107774,0.0
2,0.28284273,0.07071068,0.0701,0.005716443181545683,0.17147045328292845,29.99600413006539,0.0
3,0.4242641,0.07071068,0.0701,0.004042135611804359,0.13372122359619137,33.081825163332375,0.0
4,0.56568545,0.14142136,0.0701,0.004042135611804359,0.09043323679333924,22.372638000873742,0.0
5,0.70710677,0.21213204,0.0701,0.005716443181545683,0.03484285556617603,6.095198440642033,0.0
6,0.8485281,0.21213204,0.0701,0.004042135611804359,0.091302879439044,22.587782352578596,0.0
7,0.9899494,0.28284273,0.0701,0.004042135611804359,0.049644628917080914,12.281782128264659,0.0
