Tile Number, Tile x cohordinate [m], Tile y cohordinate [m], area_m2[m2], Tile z cohordinate [m],absorbedPARTile [umol^s-1],absorbedPARTilem2 [umol m^-2 m^-1],Thermal time[dd]
1,0.1118034,0.0,0.0701,0.00108033979058772,0.004972453223935068,4.602675257596487,0.0
2,0.22360681,0.0559017,0.0701,0.0012078565728149138,0.004304920891388486,3.5640994040839247,0.0
3,0.3354102,0.0559017,0.0701,0.00108033979058772,0.006624663030221582,6.132017989097368,0.0
4,0.44721362,0.1118034,0.0701,0.00108033979058772,0.009006570066393889,8.33679379845316,0.0
5,0.559017,0.1677051,0.0701,0.0012078565728149138,0.002210369614780636,1.8299934483358087,0.0
6,0.6708204,0.1677051,0.0701,0.00108033979058772,0.00810898626610808,7.505959085054785,0.0
7,0.7826238,0.22360681,0.0701,0.00108033979058772,0.002233047501279771,2.066986258152134,0.0
