Tile Number, Tile x cohordinate [m], Tile y cohordinate [m], area_m2[m2], Tile z cohordinate [m],absorbedPARTile [umol^s-1],absorbedPARTilem2 [umol m^-2 m^-1],Thermal time[dd]
1,0.1118034,0.0,0.0701,0.00108033979058772,0.012218281573607525,11.309665421987845,0.0
2,0.22360681,0.0559017,0.0701,0.0012078565728149138,0.00789944073309338,6.540048637301122,0.0
3,0.3354102,0.0559017,0.0701,0.00108033979058772,0.021683949450423515,20.071416085329176,0.0
4,0.44721362,0.1118034,0.0701,0.00108033979058772,0.011063151646338884,10.240437076116928,0.0
5,0.559017,0.1677051,0.0701,0.0012078565728149138,0.0033417448250371833,2.7666735440692563,0.0
6,0.6708204,0.1677051,0.0701,0.00108033979058772,0.003675973970156152,3.402609070018953,0.0
7,0.7826238,0.22360681,0.0701,0.00108033979058772,0.002120321188056639,1.9626428708167407,0.0
