Tile Number, Tile x cohordinate [m], Tile y cohordinate [m], area_m2[m2], Tile z cohordinate [m],absorbedPARTile [umol^s-1],absorbedPARTilem2 [umol m^-2 m^-1],Thermal time[dd]
1,0.1118034,0.0,0.0701,0.00108033979058772,0.0015109118636439133,1.3985524524853021,0.0
2,0.22360681,0.0559017,0.0701,0.0012078565728149138,0.0015205587402868953,1.258890148474523,0.0
3,0.3354102,0.0559017,0.0701,0.00108033979058772,5.840043220907293E-4,0.540574666580616,0.0
4,0.44721362,0.1118034,0.0701,0.00108033979058772,8.668790591131803E-4,0.8024133394564557,0.0
5,0.559017,0.1677051,0.0701,0.0012078565728149138,7.29222211393531E-4,0.6037324528475068,0.0
6,0.6708204,0.1677051,0.0701,0.00108033979058772,0.0010417347676899163,0.9642658511385552,0.0
7,0.7826238,0.22360681,0.0701,0.00108033979058772,0.0016947298165392206,1.568700728515483,0.0
