Tile Number, Tile x cohordinate [m], Tile y cohordinate [m], area_m2[m2], Tile z cohordinate [m],absorbedPARTile [umol^s-1],absorbedPARTilem2 [umol m^-2 m^-1],Thermal time[dd]
1,0.14142136,0.0,0.0701,0.004042135611804359,0.0641297328297043,15.865309576062833,0.0
2,0.28284273,0.07071068,0.0701,0.005716443181545683,0.06449055024411202,11.281586853221247,0.0
3,0.4242641,0.07071068,0.0701,0.004042135611804359,0.00905913944058395,2.2411765241443895,0.0
4,0.56568545,0.14142136,0.0701,0.004042135611804359,0.0458051697541377,11.33192306076313,0.0
5,0.70710677,0.21213204,0.0701,0.005716443181545683,0.17498413173133853,30.610665788866314,0.0
6,0.8485281,0.21213204,0.0701,0.004042135611804359,0.13866492311073303,34.304866641729205,0.0
7,0.9899494,0.28284273,0.0701,0.004042135611804359,0.1412427335712433,34.94260142058774,0.0
