Tile Number, Tile x cohordinate [m], Tile y cohordinate [m], area_m2[m2], Tile z cohordinate [m],absorbedPARTile [umol^s-1],absorbedPARTilem2 [umol m^-2 m^-1],Thermal time[dd]
1,0.1118034,0.0,0.0701,0.00108033979058772,0.011320114316407844,10.478290640622932,0.0
2,0.22360681,0.0559017,0.0701,0.0012078565728149138,0.0015782847843358412,1.3066822831933127,0.0
3,0.3354102,0.0559017,0.0701,0.00108033979058772,0.001044965401194064,0.9672562376190812,0.0
4,0.44721362,0.1118034,0.0701,0.00108033979058772,7.56062297991196E-4,0.6998374998109508,0.0
5,0.559017,0.1677051,0.0701,0.0012078565728149138,0.0010182457811572314,0.8430187855700502,0.0
6,0.6708204,0.1677051,0.0701,0.00108033979058772,0.009058740794642707,8.385084834943111,0.0
7,0.7826238,0.22360681,0.0701,0.00108033979058772,0.0025064721563729476,2.3200776072585385,0.0
