Tile Number, Tile x cohordinate [m], Tile y cohordinate [m], area_m2[m2], Tile z cohordinate [m],absorbedPARTile [umol^s-1],absorbedPARTilem2 [umol m^-2 m^-1],Thermal time[dd]
1,0.1118034,0.0,0.0701,0.00108033979058772,0.001200533794148164,1.111255740654574,0.0
2,0.22360681,0.0559017,0.0701,0.0012078565728149138,0.0037891471513053776,3.13708368740732,0.0
3,0.3354102,0.0559017,0.0701,0.00108033979058772,0.001550080560988061,1.4348083579748512,0.0
4,0.44721362,0.1118034,0.0701,0.00108033979058772,0.008144602124746525,7.538926359748119,0.0
5,0.559017,0.1677051,0.0701,0.0012078565728149138,0.00237858142926421,1.9692581741894388,0.0
6,0.6708204,0.1677051,0.0701,0.00108033979058772,0.003490505427368802,3.230932950706109,0.0
7,0.7826238,0.22360681,0.0701,0.00108033979058772,0.004339495128399404,4.016787279526803,0.0
