Tile Number, Tile x cohordinate [m], Tile y cohordinate [m], area_m2[m2], Tile z cohordinate [m],absorbedPARTile [umol^s-1],absorbedPARTilem2 [umol m^-2 m^-1],Thermal time[dd]
1,0.1118034,0.0,0.0701,0.00108033979058772,0.026036545626050237,24.10033014880068,0.0
2,0.22360681,0.0559017,0.0701,0.0012078565728149138,0.021433306145028513,17.74490997310891,0.0
3,0.3354102,0.0559017,0.0701,0.00108033979058772,0.013801957655325077,12.77557095977796,0.0
4,0.44721362,0.1118034,0.0701,0.00108033979058772,0.017132992994400537,15.858892862846375,0.0
5,0.559017,0.1677051,0.0701,0.0012078565728149138,0.017818650914847613,14.752290392659111,0.0
6,0.6708204,0.1677051,0.0701,0.00108033979058772,0.024429160902137908,22.612479069060395,0.0
7,0.7826238,0.22360681,0.0701,0.00108033979058772,0.019925127936897654,18.443389857979874,0.0
