Tile Number, Tile x cohordinate [m], Tile y cohordinate [m], area_m2[m2], Tile z cohordinate [m],absorbedPARTile [umol^s-1],absorbedPARTilem2 [umol m^-2 m^-1],Thermal time[dd]
1,0.1118034,0.0,0.0701,0.00108033979058772,0.005575139965054281,5.160543019545107,0.0
2,0.22360681,0.0559017,0.0701,0.0012078565728149138,0.007068707866648222,5.852274206841111,0.0
3,0.3354102,0.0559017,0.0701,0.00108033979058772,0.0021403298519062017,1.9811635844143374,0.0
4,0.44721362,0.1118034,0.0701,0.00108033979058772,0.004792762415440558,4.436347209643392,0.0
5,0.559017,0.1677051,0.0701,0.0012078565728149138,0.012877844882289208,10.66173349727886,0.0
6,0.6708204,0.1677051,0.0701,0.00108033979058772,0.017125493874858417,15.85195141756457,0.0
7,0.7826238,0.22360681,0.0701,0.00108033979058772,0.007521384053804327,6.962054086439406,0.0
