Tile Number, Tile x cohordinate [m], Tile y cohordinate [m], area_m2[m2], Tile z cohordinate [m],absorbedPARTile [umol^s-1],absorbedPARTilem2 [umol m^-2 m^-1],Thermal time[dd]
1,0.14142136,0.0,0.0701,0.004042135611804359,0.2703668033437093,66.8871184217941,0.0
2,0.28284273,0.07071068,0.0701,0.005716443181545683,0.18070840222396853,31.612035051331752,0.0
3,0.4242641,0.07071068,0.0701,0.004042135611804359,0.11537372553405763,28.54276467051936,0.0
4,0.56568545,0.14142136,0.0701,0.004042135611804359,0.16762285793546042,41.46888527093124,0.0
5,0.70710677,0.21213204,0.0701,0.005716443181545683,0.4040906973678588,70.68918285978586,0.0
6,0.8485281,0.21213204,0.0701,0.004042135611804359,0.1627351429769516,40.25969403443855,0.0
7,0.9899494,0.28284273,0.0701,0.004042135611804359,0.07601256141302287,18.80504978384231,0.0
