Tile Number, Tile x cohordinate [m], Tile y cohordinate [m], area_m2[m2], Tile z cohordinate [m],absorbedPARTile [umol^s-1],absorbedPARTilem2 [umol m^-2 m^-1],Thermal time[dd]
1,0.14142136,0.0,0.0701,0.004042135611804359,0.07522950051603318,18.61132523518964,0.0
2,0.28284273,0.07071068,0.0701,0.005716443181545683,0.09887713484705292,17.296968010852737,0.0
3,0.4242641,0.07071068,0.0701,0.004042135611804359,0.08788529087055044,21.742291528739564,0.0
4,0.56568545,0.14142136,0.0701,0.004042135611804359,0.08739207909623384,21.620273906946704,0.0
5,0.70710677,0.21213204,0.0701,0.005716443181545683,0.1253678467684587,21.931092951851955,0.0
6,0.8485281,0.21213204,0.0701,0.004042135611804359,0.09025575110649268,22.328729111145194,0.0
7,0.9899494,0.28284273,0.0701,0.004042135611804359,0.1280021803625494,31.66696831960341,0.0
