Tile Number, Tile x cohordinate [m], Tile y cohordinate [m], area_m2[m2], Tile z cohordinate [m],absorbedPARTile [umol^s-1],absorbedPARTilem2 [umol m^-2 m^-1],Thermal time[dd]
1,0.14142136,0.0,0.0701,0.004042135611804359,0.15661143731292726,38.744726143173075,0.0
2,0.28284273,0.07071068,0.0701,0.005716443181545683,0.352982318001709,61.7485920513016,0.0
3,0.4242641,0.07071068,0.0701,0.004042135611804359,0.17544066974884032,43.402964818027414,0.0
4,0.56568545,0.14142136,0.0701,0.004042135611804359,0.18838912230102534,46.60633397624449,0.0
5,0.70710677,0.21213204,0.0701,0.005716443181545683,0.2524182269354248,44.15651812132118,0.0
6,0.8485281,0.21213204,0.0701,0.004042135611804359,0.19609460787582397,48.512624688583806,0.0
7,0.9899494,0.28284273,0.0701,0.004042135611804359,0.16706366601516726,41.33054455849691,0.0
