Tile Number, Tile x cohordinate [m], Tile y cohordinate [m], area_m2[m2], Tile z cohordinate [m],absorbedPARTile [umol^s-1],absorbedPARTilem2 [umol m^-2 m^-1],Thermal time[dd]
1,0.14142136,0.0,0.0701,0.004042135611804359,0.025639427651883366,6.343039945767243,0.0
2,0.28284273,0.07071068,0.0701,0.005716443181545683,0.07033521157618523,12.304016561075505,0.0
3,0.4242641,0.07071068,0.0701,0.004042135611804359,0.09210328397575616,22.785797613218225,0.0
4,0.56568545,0.14142136,0.0701,0.004042135611804359,0.07813260569002509,19.329535966545084,0.0
5,0.70710677,0.21213204,0.0701,0.005716443181545683,0.10919373683605194,19.101691973176717,0.0
6,0.8485281,0.21213204,0.0701,0.004042135611804359,0.024648702586534923,6.097940532859076,0.0
7,0.9899494,0.28284273,0.0701,0.004042135611804359,0.03153043797898591,7.800440412465803,0.0
