Tile Number, Tile x cohordinate [m], Tile y cohordinate [m], area_m2[m2], Tile z cohordinate [m],absorbedPARTile [umol^s-1],absorbedPARTilem2 [umol m^-2 m^-1],Thermal time[dd]
1,0.14142136,0.0,0.0701,0.004042135611804359,0.11236287826408389,27.797899193670666,0.0
2,0.28284273,0.07071068,0.0701,0.005716443181545683,0.10361546682373049,18.125863151798818,0.0
3,0.4242641,0.07071068,0.0701,0.004042135611804359,0.04689996561951161,11.60276896266131,0.0
4,0.56568545,0.14142136,0.0701,0.004042135611804359,0.048033659146452315,11.883237911706452,0.0
5,0.70710677,0.21213204,0.0701,0.005716443181545683,0.19605508296087265,34.2966905704223,0.0
6,0.8485281,0.21213204,0.0701,0.004042135611804359,0.03391868493859264,8.391278323156445,0.0
7,0.9899494,0.28284273,0.0701,0.004042135611804359,0.05375840329165459,13.299505126612392,0.0
