Tile Number, Tile x cohordinate [m], Tile y cohordinate [m], area_m2[m2], Tile z cohordinate [m],absorbedPARTile [umol^s-1],absorbedPARTilem2 [umol m^-2 m^-1],Thermal time[dd]
1,0.14142136,0.0,0.0701,0.004042135611804359,0.05121208863058686,12.66956221880107,0.0
2,0.28284273,0.07071068,0.0701,0.005716443181545683,0.11227540124265356,19.640779708107786,0.0
3,0.4242641,0.07071068,0.0701,0.004042135611804359,0.19276942171936037,47.689993664836614,0.0
4,0.56568545,0.14142136,0.0701,0.004042135611804359,0.13374057043417495,33.0866114545016,0.0
5,0.70710677,0.21213204,0.0701,0.005716443181545683,0.12112007136760157,21.188012811639915,0.0
6,0.8485281,0.21213204,0.0701,0.004042135611804359,0.06306561620866259,15.602053534396605,0.0
7,0.9899494,0.28284273,0.0701,0.004042135611804359,0.14405854921379688,35.63921724770904,0.0
