Tile Number, Tile x cohordinate [m], Tile y cohordinate [m], area_m2[m2], Tile z cohordinate [m],absorbedPARTile [umol^s-1],absorbedPARTilem2 [umol m^-2 m^-1],Thermal time[dd]
1,0.14142136,0.0,0.0701,0.004042135611804359,0.06538766086891173,16.176513395037603,0.0
2,0.28284273,0.07071068,0.0701,0.005716443181545683,0.18712874947021488,32.735171771551954,0.0
3,0.4242641,0.07071068,0.0701,0.004042135611804359,0.09633943611402512,23.83379613308431,0.0
4,0.56568545,0.14142136,0.0701,0.004042135611804359,0.09471722260620356,23.432470283678327,0.0
5,0.70710677,0.21213204,0.0701,0.005716443181545683,0.07226273864150762,12.64120648916663,0.0
6,0.8485281,0.21213204,0.0701,0.004042135611804359,0.11153712125240325,27.593611883450507,0.0
7,0.9899494,0.28284273,0.0701,0.004042135611804359,0.05649808360025407,13.97728553076279,0.0
