Tile Number, Tile x cohordinate [m], Tile y cohordinate [m], area_m2[m2], Tile z cohordinate [m],absorbedPARTile [umol^s-1],absorbedPARTilem2 [umol m^-2 m^-1],Thermal time[dd]
1,0.14142136,0.0,0.0701,0.004042135611804359,0.08721596131982207,21.576703430019247,0.0
2,0.28284273,0.07071068,0.0701,0.005716443181545683,0.20881957343597415,36.529633340903935,0.0
3,0.4242641,0.07071068,0.0701,0.004042135611804359,0.0762266127779613,18.8580048020543,0.0
4,0.56568545,0.14142136,0.0701,0.004042135611804359,0.023002628695655676,5.690711768422729,0.0
5,0.70710677,0.21213204,0.0701,0.005716443181545683,0.0517949710804224,9.060699010816974,0.0
6,0.8485281,0.21213204,0.0701,0.004042135611804359,0.0363003578299424,8.980489848963371,0.0
7,0.9899494,0.28284273,0.0701,0.004042135611804359,0.014512260599076034,3.590245848431082,0.0
