Tile Number, Tile x cohordinate [m], Tile y cohordinate [m], area_m2[m2], Tile z cohordinate [m],absorbedPARTile [umol^s-1],absorbedPARTilem2 [umol m^-2 m^-1],Thermal time[dd]
1,0.14142136,0.0,0.0701,0.004042135611804359,0.1794776679962158,44.40169386501587,0.0
2,0.28284273,0.07071068,0.0701,0.005716443181545683,0.13198131327376367,23.08801278736351,0.0
3,0.4242641,0.07071068,0.0701,0.004042135611804359,0.15137719448065062,37.44980599824005,0.0
4,0.56568545,0.14142136,0.0701,0.004042135611804359,0.09294222137299529,22.993345671425168,0.0
5,0.70710677,0.21213204,0.0701,0.005716443181545683,0.12619837068256737,22.076379782794287,0.0
6,0.8485281,0.21213204,0.0701,0.004042135611804359,0.052320906167698404,12.943876997818734,0.0
7,0.9899494,0.28284273,0.0701,0.004042135611804359,0.08961659644061923,22.170606097160476,0.0
