Tile Number, Tile x cohordinate [m], Tile y cohordinate [m], area_m2[m2], Tile z cohordinate [m],absorbedPARTile [umol^s-1],absorbedPARTilem2 [umol m^-2 m^-1],Thermal time[dd]
1,0.14142136,0.0,0.0701,0.004042135611804359,0.05292761595500509,13.093973344298277,0.0
2,0.28284273,0.07071068,0.0701,0.005716443181545683,0.11104323742567698,19.425232421474316,0.0
3,0.4242641,0.07071068,0.0701,0.004042135611804359,0.04412836844671903,10.917092518580956,0.0
4,0.56568545,0.14142136,0.0701,0.004042135611804359,0.04652206887902019,11.509279585563759,0.0
5,0.70710677,0.21213204,0.0701,0.005716443181545683,0.17857773220011394,31.239308522581673,0.0
6,0.8485281,0.21213204,0.0701,0.004042135611804359,0.03357438753386776,8.306101219320686,0.0
7,0.9899494,0.28284273,0.0701,0.004042135611804359,0.10425535180642605,25.792145988859524,0.0
