Tile Number, Tile x cohordinate [m], Tile y cohordinate [m], area_m2[m2], Tile z cohordinate [m],absorbedPARTile [umol^s-1],absorbedPARTilem2 [umol m^-2 m^-1],Thermal time[dd]
1,0.14142136,0.0,0.0701,0.004042135611804359,0.08239453985475063,20.383912804442186,0.0
2,0.28284273,0.07071068,0.0701,0.005716443181545683,0.07047463773136856,12.32840692948386,0.0
3,0.4242641,0.07071068,0.0701,0.004042135611804359,0.158286412731781,39.15910497152368,0.0
4,0.56568545,0.14142136,0.0701,0.004042135611804359,0.0973140749867058,24.074915918831827,0.0
5,0.70710677,0.21213204,0.0701,0.005716443181545683,0.15537142641120916,27.179737727962145,0.0
6,0.8485281,0.21213204,0.0701,0.004042135611804359,0.05259941097182156,13.012777408608969,0.0
7,0.9899494,0.28284273,0.0701,0.004042135611804359,0.10886720662984847,26.93309108974983,0.0
