Tile Number, Tile x cohordinate [m], Tile y cohordinate [m], area_m2[m2], Tile z cohordinate [m],absorbedPARTile [umol^s-1],absorbedPARTilem2 [umol m^-2 m^-1],Thermal time[dd]
1,0.14142136,0.0,0.0701,0.004042135611804359,0.11275248835521698,27.894286383154192,0.0
2,0.28284273,0.07071068,0.0701,0.005716443181545683,0.13084567357765198,22.889350846704698,0.0
3,0.4242641,0.07071068,0.0701,0.004042135611804359,0.04696679559041679,11.619302294870655,0.0
4,0.56568545,0.14142136,0.0701,0.004042135611804359,0.02829596688971281,7.00025174986196,0.0
5,0.70710677,0.21213204,0.0701,0.005716443181545683,0.09162636008956909,16.028561323825496,0.0
6,0.8485281,0.21213204,0.0701,0.004042135611804359,0.12723436358142853,31.477015073384113,0.0
7,0.9899494,0.28284273,0.0701,0.004042135611804359,0.05543504686423303,13.714296646145305,0.0
