Tile Number, Tile x cohordinate [m], Tile y cohordinate [m], area_m2[m2], Tile z cohordinate [m],absorbedPARTile [umol^s-1],absorbedPARTilem2 [umol m^-2 m^-1],Thermal time[dd]
1,0.1118034,0.0,0.0701,0.00108033979058772,6.414827606708604E-4,0.5937787039408081,0.0
2,0.22360681,0.0559017,0.0701,0.0012078565728149138,5.701318122005741E-4,0.47201946409239637,0.0
3,0.3354102,0.0559017,0.0701,0.00108033979058772,0.001995646163828341,1.8472393419321171,0.0
4,0.44721362,0.1118034,0.0701,0.00108033979058772,0.005480581792670801,5.073016693839712,0.0
5,0.559017,0.1677051,0.0701,0.0012078565728149138,0.005307671945404798,4.394289905659288,0.0
6,0.6708204,0.1677051,0.0701,0.00108033979058772,6.450130246772578E-4,0.597046438811961,0.0
7,0.7826238,0.22360681,0.0701,0.00108033979058772,0.009087470851758105,8.411678372796391,0.0
