Tile Number, Tile x cohordinate [m], Tile y cohordinate [m], area_m2[m2], Tile z cohordinate [m],absorbedPARTile [umol^s-1],absorbedPARTilem2 [umol m^-2 m^-1],Thermal time[dd]
1,0.1118034,0.0,0.0701,0.00108033979058772,0.0016073946307128542,1.4878602498186326,0.0
2,0.22360681,0.0559017,0.0701,0.0012078565728149138,0.0010008355671693246,0.8286046453651976,0.0
3,0.3354102,0.0559017,0.0701,0.00108033979058772,0.0038117483177878427,3.5282865178132505,0.0
4,0.44721362,0.1118034,0.0701,0.00108033979058772,0.0020217639855431764,1.8714149040491312,0.0
5,0.559017,0.1677051,0.0701,0.0012078565728149138,0.00372564092905092,3.0845060687696564,0.0
6,0.6708204,0.1677051,0.0701,0.00108033979058772,0.005563465684028343,5.149736899907889,0.0
7,0.7826238,0.22360681,0.0701,0.00108033979058772,0.0047949058133242295,4.438331213104475,0.0
