Tile Number, Tile x cohordinate [m], Tile y cohordinate [m], area_m2[m2], Tile z cohordinate [m],absorbedPARTile [umol^s-1],absorbedPARTilem2 [umol m^-2 m^-1],Thermal time[dd]
1,0.14142136,0.0,0.0701,0.004042135611804359,0.04119240644469485,10.19075320590421,0.0
2,0.28284273,0.07071068,0.0701,0.005716443181545683,0.04714046282782059,8.24646748523689,0.0
3,0.4242641,0.07071068,0.0701,0.004042135611804359,0.036704409553927966,9.08044981141629,0.0
4,0.56568545,0.14142136,0.0701,0.004042135611804359,0.08238304500230197,20.3810690471929,0.0
5,0.70710677,0.21213204,0.0701,0.005716443181545683,0.09473388472250949,16.572172890362598,0.0
6,0.8485281,0.21213204,0.0701,0.004042135611804359,0.03175562159534336,7.8561494826167015,0.0
7,0.9899494,0.28284273,0.0701,0.004042135611804359,0.12880145459228354,31.864703949105795,0.0
