Tile Number, Tile x cohordinate [m], Tile y cohordinate [m], area_m2[m2], Tile z cohordinate [m],absorbedPARTile [umol^s-1],absorbedPARTilem2 [umol m^-2 m^-1],Thermal time[dd]
1,0.14142136,0.0,0.0701,0.004042135611804359,0.051656694508420226,12.779555034612338,0.0
2,0.28284273,0.07071068,0.0701,0.005716443181545683,0.20870836873603818,36.510179863207355,0.0
3,0.4242641,0.07071068,0.0701,0.004042135611804359,0.09944365998763086,24.60176241915853,0.0
4,0.56568545,0.14142136,0.0701,0.004042135611804359,0.10573161509668351,26.157364633663594,0.0
5,0.70710677,0.21213204,0.0701,0.005716443181545683,0.1516348391919708,26.526081756832905,0.0
6,0.8485281,0.21213204,0.0701,0.004042135611804359,0.03996773460792146,9.887776771071854,0.0
7,0.9899494,0.28284273,0.0701,0.004042135611804359,0.04111562294187068,10.171757429859504,0.0
