Tile Number, Tile x cohordinate [m], Tile y cohordinate [m], area_m2[m2], Tile z cohordinate [m],absorbedPARTile [umol^s-1],absorbedPARTilem2 [umol m^-2 m^-1],Thermal time[dd]
1,0.14142136,0.0,0.0701,0.004042135611804359,0.025307413944458814,6.260901754644966,0.0
2,0.28284273,0.07071068,0.0701,0.005716443181545683,0.06465099321521284,11.309653776307053,0.0
3,0.4242641,0.07071068,0.0701,0.004042135611804359,0.02805647104933575,6.941001921707344,0.0
4,0.56568545,0.14142136,0.0701,0.004042135611804359,0.02673558890857712,6.614223637252656,0.0
5,0.70710677,0.21213204,0.0701,0.005716443181545683,0.1259203976710892,22.02775286520757,0.0
6,0.8485281,0.21213204,0.0701,0.004042135611804359,0.06031967630523265,14.922724544193779,0.0
7,0.9899494,0.28284273,0.0701,0.004042135611804359,0.03936865179405049,9.739567291874408,0.0
