Tile Number, Tile x cohordinate [m], Tile y cohordinate [m], area_m2[m2], Tile z cohordinate [m],absorbedPARTile [umol^s-1],absorbedPARTilem2 [umol m^-2 m^-1],Thermal time[dd]
1,0.14142136,0.0,0.0701,0.004042135611804359,0.09951193786013128,24.618653953500186,0.0
2,0.28284273,0.07071068,0.0701,0.005716443181545683,0.09704099776171993,16.97576529318022,0.0
3,0.4242641,0.07071068,0.0701,0.004042135611804359,0.0703974377765114,17.41590202241801,0.0
4,0.56568545,0.14142136,0.0701,0.004042135611804359,0.05784141306301701,14.309617147455702,0.0
5,0.70710677,0.21213204,0.0701,0.005716443181545683,0.1375722674732106,24.066060503729542,0.0
6,0.8485281,0.21213204,0.0701,0.004042135611804359,0.04958680626486111,12.267477152436795,0.0
7,0.9899494,0.28284273,0.0701,0.004042135611804359,0.06176193723137901,15.279531208951509,0.0
