Tile Number, Tile x cohordinate [m], Tile y cohordinate [m], area_m2[m2], Tile z cohordinate [m],absorbedPARTile [umol^s-1],absorbedPARTilem2 [umol m^-2 m^-1],Thermal time[dd]
1,0.1118034,0.0,0.0701,0.00108033979058772,0.008535486950549702,7.900742918953561,0.0
2,0.22360681,0.0559017,0.0701,0.0012078565728149138,0.006739278344171567,5.579535265901361,0.0
3,0.3354102,0.0559017,0.0701,0.00108033979058772,0.004868139862555532,4.506119190432851,0.0
4,0.44721362,0.1118034,0.0701,0.00108033979058772,0.01873940249659292,17.345841243520635,0.0
5,0.559017,0.1677051,0.0701,0.0012078565728149138,0.00829743868045513,6.869556259579664,0.0
6,0.6708204,0.1677051,0.0701,0.00108033979058772,0.0031985146146311537,2.9606561218032312,0.0
7,0.7826238,0.22360681,0.0701,0.00108033979058772,0.006711243887381833,6.212160235004233,0.0
