Tile Number, Tile x cohordinate [m], Tile y cohordinate [m], area_m2[m2], Tile z cohordinate [m],absorbedPARTile [umol^s-1],absorbedPARTilem2 [umol m^-2 m^-1],Thermal time[dd]
1,0.14142136,0.0,0.0701,0.004042135611804359,0.05359029623885353,13.257916454448564,0.0
2,0.28284273,0.07071068,0.0701,0.005716443181545683,0.10564108050312997,18.48021175897797,0.0
3,0.4242641,0.07071068,0.0701,0.004042135611804359,0.07078998034065628,17.513014688059044,0.0
4,0.56568545,0.14142136,0.0701,0.004042135611804359,0.0709751509257893,17.558824775328816,0.0
5,0.70710677,0.21213204,0.0701,0.005716443181545683,0.221102380160141,38.67831326897866,0.0
6,0.8485281,0.21213204,0.0701,0.004042135611804359,0.06838949443862637,16.919148936741916,0.0
7,0.9899494,0.28284273,0.0701,0.004042135611804359,0.10727462939481489,26.53909707569876,0.0
