Tile Number, Tile x cohordinate [m], Tile y cohordinate [m], area_m2[m2], Tile z cohordinate [m],absorbedPARTile [umol^s-1],absorbedPARTilem2 [umol m^-2 m^-1],Thermal time[dd]
1,0.14142136,0.0,0.0701,0.004042135611804359,0.23208370582702642,57.41611071861766,0.0
2,0.28284273,0.07071068,0.0701,0.005716443181545683,0.13984222987564085,24.463153998817244,0.0
3,0.4242641,0.07071068,0.0701,0.004042135611804359,0.052670071894195675,13.030258495133568,0.0
4,0.56568545,0.14142136,0.0701,0.004042135611804359,0.05111072585562363,12.64448567889795,0.0
5,0.70710677,0.21213204,0.0701,0.005716443181545683,0.05730605561748506,10.024774811457137,0.0
6,0.8485281,0.21213204,0.0701,0.004042135611804359,0.062025814056591994,15.34481274588025,0.0
7,0.9899494,0.28284273,0.0701,0.004042135611804359,0.13142277705352784,32.51320333482387,0.0
