Tile Number, Tile x cohordinate [m], Tile y cohordinate [m], area_m2[m2], Tile z cohordinate [m],absorbedPARTile [umol^s-1],absorbedPARTilem2 [umol m^-2 m^-1],Thermal time[dd]
1,0.1118034,0.0,0.0701,0.00108033979058772,0.003149328206720194,2.915127475779556,0.0
2,0.22360681,0.0559017,0.0701,0.0012078565728149138,0.010728049978861585,8.881890631981104,0.0
3,0.3354102,0.0559017,0.0701,0.00108033979058772,0.003813607795939097,3.5300077153174567,0.0
4,0.44721362,0.1118034,0.0701,0.00108033979058772,0.0022029247866229163,2.0391036281506345,0.0
5,0.559017,0.1677051,0.0701,0.0012078565728149138,0.004677017259735532,3.872162775780346,0.0
6,0.6708204,0.1677051,0.0701,0.00108033979058772,0.005473109779021265,5.066100338712709,0.0
7,0.7826238,0.22360681,0.0701,0.00108033979058772,0.003717368738595321,3.440925504162927,0.0
