Tile Number, Tile x cohordinate [m], Tile y cohordinate [m], area_m2[m2], Tile z cohordinate [m],absorbedPARTile [umol^s-1],absorbedPARTilem2 [umol m^-2 m^-1],Thermal time[dd]
1,0.14142136,0.0,0.0701,0.004042135611804359,0.11039799587327957,27.311799126897494,0.0
2,0.28284273,0.07071068,0.0701,0.005716443181545683,0.19526398571197512,34.15830080185932,0.0
3,0.4242641,0.07071068,0.0701,0.004042135611804359,0.1222280000947571,30.23847090577845,0.0
4,0.56568545,0.14142136,0.0701,0.004042135611804359,0.09456718302370071,23.39535139482544,0.0
5,0.70710677,0.21213204,0.0701,0.005716443181545683,0.05045937508570432,8.827057924515309,0.0
6,0.8485281,0.21213204,0.0701,0.004042135611804359,0.06488076572883607,16.051110590986355,0.0
7,0.9899494,0.28284273,0.0701,0.004042135611804359,0.11330550599140168,28.03109961489479,0.0
