Tile Number, Tile x cohordinate [m], Tile y cohordinate [m], area_m2[m2], Tile z cohordinate [m],absorbedPARTile [umol^s-1],absorbedPARTilem2 [umol m^-2 m^-1],Thermal time[dd]
1,0.14142136,0.0,0.0701,0.004042135611804359,0.069981967684927,17.3131172246069,0.0
2,0.28284273,0.07071068,0.0701,0.005716443181545683,0.11256334030611037,19.691150026557963,0.0
3,0.4242641,0.07071068,0.0701,0.004042135611804359,0.14159814277065275,35.03052751548954,0.0
4,0.56568545,0.14142136,0.0701,0.004042135611804359,0.13806590743824007,34.156673772904206,0.0
5,0.70710677,0.21213204,0.0701,0.005716443181545683,0.2862868177630616,50.08128458046736,0.0
6,0.8485281,0.21213204,0.0701,0.004042135611804359,0.09608768441820623,23.77151428012428,0.0
7,0.9899494,0.28284273,0.0701,0.004042135611804359,0.06611636890672445,16.356791373758714,0.0
