Tile Number, Tile x cohordinate [m], Tile y cohordinate [m], area_m2[m2], Tile z cohordinate [m],absorbedPARTile [umol^s-1],absorbedPARTilem2 [umol m^-2 m^-1],Thermal time[dd]
1,0.14142136,0.0,0.0701,0.004042135611804359,0.08387850520173074,20.751036891681228,0.0
2,0.28284273,0.07071068,0.0701,0.005716443181545683,0.14130251839530944,24.71860804135594,0.0
3,0.4242641,0.07071068,0.0701,0.004042135611804359,0.1693665396297836,41.900261617937275,0.0
4,0.56568545,0.14142136,0.0701,0.004042135611804359,0.12928911939144133,31.98534928266008,0.0
5,0.70710677,0.21213204,0.0701,0.005716443181545683,0.1890770140589905,33.075989396585854,0.0
6,0.8485281,0.21213204,0.0701,0.004042135611804359,0.09501124474676131,23.505209590023988,0.0
7,0.9899494,0.28284273,0.0701,0.004042135611804359,0.11509368368530275,28.4734840041466,0.0
