Tile Number, Tile x cohordinate [m], Tile y cohordinate [m], area_m2[m2], Tile z cohordinate [m],absorbedPARTile [umol^s-1],absorbedPARTilem2 [umol m^-2 m^-1],Thermal time[dd]
1,0.14142136,0.0,0.0701,0.004042135611804359,0.13916671810653686,34.42900770081154,0.0
2,0.28284273,0.07071068,0.0701,0.005716443181545683,0.2175698573770142,38.06035509622348,0.0
3,0.4242641,0.07071068,0.0701,0.004042135611804359,0.14008902638113024,34.65718121183872,0.0
4,0.56568545,0.14142136,0.0701,0.004042135611804359,0.16781133279006957,41.51551281456405,0.0
5,0.70710677,0.21213204,0.0701,0.005716443181545683,0.46300995862670896,80.99616211028525,0.0
6,0.8485281,0.21213204,0.0701,0.004042135611804359,0.2925151413674927,72.3664838243558,0.0
7,0.9899494,0.28284273,0.0701,0.004042135611804359,0.18262458189315797,45.18022140569317,0.0
