Tile Number, Tile x cohordinate [m], Tile y cohordinate [m], area_m2[m2], Tile z cohordinate [m],absorbedPARTile [umol^s-1],absorbedPARTilem2 [umol m^-2 m^-1],Thermal time[dd]
1,0.14142136,0.0,0.0701,0.004042135611804359,0.03400881975781514,8.413577134448001,0.0
2,0.28284273,0.07071068,0.0701,0.005716443181545683,0.0625814830133733,10.947626176956375,0.0
3,0.4242641,0.07071068,0.0701,0.004042135611804359,0.05366016414523505,13.275201353593829,0.0
4,0.56568545,0.14142136,0.0701,0.004042135611804359,0.02903260750772079,7.1824922011364665,0.0
5,0.70710677,0.21213204,0.0701,0.005716443181545683,0.08269206313519552,14.465649444771742,0.0
6,0.8485281,0.21213204,0.0701,0.004042135611804359,0.12016453563012157,29.72798222781091,0.0
7,0.9899494,0.28284273,0.0701,0.004042135611804359,0.03238798939849146,8.012593467648124,0.0
