Tile Number, Tile x cohordinate [m], Tile y cohordinate [m], area_m2[m2], Tile z cohordinate [m],absorbedPARTile [umol^s-1],absorbedPARTilem2 [umol m^-2 m^-1],Thermal time[dd]
1,0.1118034,0.0,0.0701,0.00108033979058772,0.002014863987074632,1.8650280260236625,0.0
2,0.22360681,0.0559017,0.0701,0.0012078565728149138,0.001165430185647454,0.964874648097841,0.0
3,0.3354102,0.0559017,0.0701,0.00108033979058772,0.0025447872257841897,2.355543365110888,0.0
4,0.44721362,0.1118034,0.0701,0.00108033979058772,0.005442732732083369,5.037982289926068,0.0
5,0.559017,0.1677051,0.0701,0.0012078565728149138,4.7687207948381144E-4,0.39480853125835913,0.0
6,0.6708204,0.1677051,0.0701,0.00108033979058772,1.796262614303187E-4,0.16626830095057363,0.0
7,0.7826238,0.22360681,0.0701,0.00108033979058772,0.0014642198564953333,1.355332710367705,0.0
