Tile Number, Tile x cohordinate [m], Tile y cohordinate [m], area_m2[m2], Tile z cohordinate [m],absorbedPARTile [umol^s-1],absorbedPARTilem2 [umol m^-2 m^-1],Thermal time[dd]
1,0.1118034,0.0,0.0701,0.00108033979058772,0.0024093145036575385,2.2301451123510296,0.0
2,0.22360681,0.0559017,0.0701,0.0012078565728149138,0.0011100840946973907,0.919052907176169,0.0
3,0.3354102,0.0559017,0.0701,0.00108033979058772,0.006365243684444476,5.891890440304615,0.0
4,0.44721362,0.1118034,0.0701,0.00108033979058772,0.002642181471723472,2.4456948589166454,0.0
5,0.559017,0.1677051,0.0701,0.0012078565728149138,0.003772790938921851,3.1235421686942093,0.0
6,0.6708204,0.1677051,0.0701,0.00108033979058772,0.005877761906291217,5.440660389907173,0.0
7,0.7826238,0.22360681,0.0701,0.00108033979058772,0.0023001359783893878,2.1290856806617127,0.0
