Tile Number, Tile x cohordinate [m], Tile y cohordinate [m], area_m2[m2], Tile z cohordinate [m],absorbedPARTile [umol^s-1],absorbedPARTilem2 [umol m^-2 m^-1],Thermal time[dd]
1,0.14142136,0.0,0.0701,0.004042135611804359,0.011626048091725814,2.876214261039127,0.0
2,0.28284273,0.07071068,0.0701,0.005716443181545683,0.03921526957268665,6.860082104775358,0.0
3,0.4242641,0.07071068,0.0701,0.004042135611804359,0.07328804206813169,18.13102011078169,0.0
4,0.56568545,0.14142136,0.0701,0.004042135611804359,0.042632918469836155,10.5471272030889,0.0
5,0.70710677,0.21213204,0.0701,0.005716443181545683,0.23338414820820488,40.82681149733733,0.0
6,0.8485281,0.21213204,0.0701,0.004042135611804359,0.038028864629946806,9.408112018530518,0.0
7,0.9899494,0.28284273,0.0701,0.004042135611804359,0.0888139074166745,21.972025668141566,0.0
