Tile Number, Tile x cohordinate [m], Tile y cohordinate [m], area_m2[m2], Tile z cohordinate [m],absorbedPARTile [umol^s-1],absorbedPARTilem2 [umol m^-2 m^-1],Thermal time[dd]
1,0.14142136,0.0,0.0701,0.004042135611804359,0.15601856760425567,38.59805374877339,0.0
2,0.28284273,0.07071068,0.0701,0.005716443181545683,0.34289585898254393,59.98412790833119,0.0
3,0.4242641,0.07071068,0.0701,0.004042135611804359,0.1938714307800293,47.96262406779754,0.0
4,0.56568545,0.14142136,0.0701,0.004042135611804359,0.25690671663085934,63.55717405438047,0.0
5,0.70710677,0.21213204,0.0701,0.005716443181545683,0.05582955637605965,9.766484963288617,0.0
6,0.8485281,0.21213204,0.0701,0.004042135611804359,0.08638871102973937,21.372046691718122,0.0
7,0.9899494,0.28284273,0.0701,0.004042135611804359,0.017849071032795313,4.415752648345142,0.0
