Tile Number, Tile x cohordinate [m], Tile y cohordinate [m], area_m2[m2], Tile z cohordinate [m],absorbedPARTile [umol^s-1],absorbedPARTilem2 [umol m^-2 m^-1],Thermal time[dd]
1,0.14142136,0.0,0.0701,0.004042135611804359,0.28113250653594973,69.55048853753217,0.0
2,0.28284273,0.07071068,0.0701,0.005716443181545683,0.36992062016723626,64.71167619778782,0.0
3,0.4242641,0.07071068,0.0701,0.004042135611804359,0.22574116347915651,55.84700395006996,0.0
4,0.56568545,0.14142136,0.0701,0.004042135611804359,0.263463360869751,65.17924834098878,0.0
5,0.70710677,0.21213204,0.0701,0.005716443181545683,0.38901381572265625,68.05172436218807,0.0
6,0.8485281,0.21213204,0.0701,0.004042135611804359,0.29800983945816045,73.72583903119781,0.0
7,0.9899494,0.28284273,0.0701,0.004042135611804359,0.3039778052423095,75.2022778143798,0.0
