Tile Number, Tile x cohordinate [m], Tile y cohordinate [m], area_m2[m2], Tile z cohordinate [m],absorbedPARTile [umol^s-1],absorbedPARTilem2 [umol m^-2 m^-1],Thermal time[dd]
1,0.1118034,0.0,0.0701,0.00108033979058772,0.003177387172641972,2.941099828335888,0.0
2,0.22360681,0.0559017,0.0701,0.0012078565728149138,0.010661780672674353,8.827025420598604,0.0
3,0.3354102,0.0559017,0.0701,0.00108033979058772,0.0175667637295758,16.260406107988707,0.0
4,0.44721362,0.1118034,0.0701,0.00108033979058772,0.008032988242924885,7.435612677521418,0.0
5,0.559017,0.1677051,0.0701,0.0012078565728149138,0.0032229725845823736,2.6683404777698274,0.0
6,0.6708204,0.1677051,0.0701,0.00108033979058772,0.0051516359442684585,4.76853300151603,0.0
7,0.7826238,0.22360681,0.0701,0.00108033979058772,0.003385651681610923,3.1338766850095205,0.0
