Tile Number, Tile x cohordinate [m], Tile y cohordinate [m], area_m2[m2], Tile z cohordinate [m],absorbedPARTile [umol^s-1],absorbedPARTilem2 [umol m^-2 m^-1],Thermal time[dd]
1,0.1118034,0.0,0.0701,0.00108033979058772,0.004967764550671895,4.598335258918272,0.0
2,0.22360681,0.0559017,0.0701,0.0012078565728149138,0.00328438945920902,2.719188298619545,0.0
3,0.3354102,0.0559017,0.0701,0.00108033979058772,0.0025279240829263454,2.339934254898748,0.0
4,0.44721362,0.1118034,0.0701,0.00108033979058772,0.002484888755434177,2.300099262364818,0.0
5,0.559017,0.1677051,0.0701,0.0012078565728149138,0.005307977554202887,4.394542923115969,0.0
6,0.6708204,0.1677051,0.0701,0.00108033979058772,0.003959615969177038,3.665157947225985,0.0
7,0.7826238,0.22360681,0.0701,0.00108033979058772,0.0012989575495244794,1.2023601841211722,0.0
