Tile Number, Tile x cohordinate [m], Tile y cohordinate [m], area_m2[m2], Tile z cohordinate [m],absorbedPARTile [umol^s-1],absorbedPARTilem2 [umol m^-2 m^-1],Thermal time[dd]
1,0.14142136,0.0,0.0701,0.004042135611804359,0.05334552269207715,13.19736095352436,0.0
2,0.28284273,0.07071068,0.0701,0.005716443181545683,0.08960774597557068,15.675437178287746,0.0
3,0.4242641,0.07071068,0.0701,0.004042135611804359,0.04418745410068839,10.931709953433169,0.0
4,0.56568545,0.14142136,0.0701,0.004042135611804359,0.03922699899980783,9.704523243913973,0.0
5,0.70710677,0.21213204,0.0701,0.005716443181545683,0.133968130864563,23.435574641422225,0.0
6,0.8485281,0.21213204,0.0701,0.004042135611804359,0.051742085513054134,12.800680254752043,0.0
7,0.9899494,0.28284273,0.0701,0.004042135611804359,0.03801890898360909,9.4056490516007,0.0
