Tile Number, Tile x cohordinate [m], Tile y cohordinate [m], area_m2[m2], Tile z cohordinate [m],absorbedPARTile [umol^s-1],absorbedPARTilem2 [umol m^-2 m^-1],Thermal time[dd]
1,0.1118034,0.0,0.0701,0.00108033979058772,0.0029537228716095256,2.734068389726402,0.0
2,0.22360681,0.0559017,0.0701,0.0012078565728149138,0.002204982295029388,1.8255332169867398,0.0
3,0.3354102,0.0559017,0.0701,0.00108033979058772,0.0010150419516978641,0.9395580543651615,0.0
4,0.44721362,0.1118034,0.0701,0.00108033979058772,0.0034595261975642103,3.2022575005611706,0.0
5,0.559017,0.1677051,0.0701,0.0012078565728149138,0.0028442761958242797,2.3548128642423864,0.0
6,0.6708204,0.1677051,0.0701,0.00108033979058772,0.005196101972923793,4.809692300694619,0.0
7,0.7826238,0.22360681,0.0701,0.00108033979058772,0.001502637633230477,1.3908935376831961,0.0
