Tile Number, Tile x cohordinate [m], Tile y cohordinate [m], area_m2[m2], Tile z cohordinate [m],absorbedPARTile [umol^s-1],absorbedPARTilem2 [umol m^-2 m^-1],Thermal time[dd]
1,0.14142136,0.0,0.0701,0.004042135611804359,0.01873964058653196,4.636074191030621,0.0
2,0.28284273,0.07071068,0.0701,0.005716443181545683,0.056101552840423584,9.814066379866325,0.0
3,0.4242641,0.07071068,0.0701,0.004042135611804359,0.06275915447564746,15.52623674781474,0.0
4,0.56568545,0.14142136,0.0701,0.004042135611804359,0.045218566930365314,11.18680105593496,0.0
5,0.70710677,0.21213204,0.0701,0.005716443181545683,0.10729510625794346,18.76955702180734,0.0
6,0.8485281,0.21213204,0.0701,0.004042135611804359,0.024998238804656715,6.184413687569926,0.0
7,0.9899494,0.28284273,0.0701,0.004042135611804359,0.0692916934634981,17.142347540528743,0.0
