Tile Number, Tile x cohordinate [m], Tile y cohordinate [m], area_m2[m2], Tile z cohordinate [m],absorbedPARTile [umol^s-1],absorbedPARTilem2 [umol m^-2 m^-1],Thermal time[dd]
1,0.1118034,0.0,0.0701,0.00108033979058772,0.0034637005051781243,3.2061213845449705,0.0
2,0.22360681,0.0559017,0.0701,0.0012078565728149138,0.01738145608199205,14.390331164473036,0.0
3,0.3354102,0.0559017,0.0701,0.00108033979058772,0.01242099282240472,11.49730198833788,0.0
4,0.44721362,0.1118034,0.0701,0.00108033979058772,0.002457805389349452,2.2750299588728207,0.0
5,0.559017,0.1677051,0.0701,0.0012078565728149138,0.007872075329617137,6.51739246760999,0.0
6,0.6708204,0.1677051,0.0701,0.00108033979058772,0.00352798188604042,3.265622461356486,0.0
7,0.7826238,0.22360681,0.0701,0.00108033979058772,0.0021804391645307143,2.01829015604852,0.0
