Tile Number, Tile x cohordinate [m], Tile y cohordinate [m], area_m2[m2], Tile z cohordinate [m],absorbedPARTile [umol^s-1],absorbedPARTilem2 [umol m^-2 m^-1],Thermal time[dd]
1,0.14142136,0.0,0.0701,0.004042135611804359,0.02035687984824999,5.036169441916108,0.0
2,0.28284273,0.07071068,0.0701,0.005716443181545683,0.04917097673706114,8.601673308990309,0.0
3,0.4242641,0.07071068,0.0701,0.004042135611804359,0.1670517770075768,41.327603289639995,0.0
4,0.56568545,0.14142136,0.0701,0.004042135611804359,0.035417000392150406,8.761952540315859,0.0
5,0.70710677,0.21213204,0.0701,0.005716443181545683,0.048828419330812806,8.541748387956508,0.0
6,0.8485281,0.21213204,0.0701,0.004042135611804359,0.03951414649980519,9.77556180559874,0.0
7,0.9899494,0.28284273,0.0701,0.004042135611804359,0.04048337249640223,10.015342478411048,0.0
