Tile Number, Tile x cohordinate [m], Tile y cohordinate [m], area_m2[m2], Tile z cohordinate [m],absorbedPARTile [umol^s-1],absorbedPARTilem2 [umol m^-2 m^-1],Thermal time[dd]
1,0.14142136,0.0,0.0701,0.004042135611804359,0.19271352826232913,47.67616596027667,0.0
2,0.28284273,0.07071068,0.0701,0.005716443181545683,0.08965867982014815,15.684347237035796,0.0
3,0.4242641,0.07071068,0.0701,0.004042135611804359,0.06328149521307745,15.655460699605122,0.0
4,0.56568545,0.14142136,0.0701,0.004042135611804359,0.14962926032400928,37.017377617673894,0.0
5,0.70710677,0.21213204,0.0701,0.005716443181545683,0.27041248656285605,47.304325080292074,0.0
6,0.8485281,0.21213204,0.0701,0.004042135611804359,0.0717815368573852,17.75831979702997,0.0
7,0.9899494,0.28284273,0.0701,0.004042135611804359,0.1928320419733683,47.70548553844547,0.0
