Tile Number, Tile x cohordinate [m], Tile y cohordinate [m], area_m2[m2], Tile z cohordinate [m],absorbedPARTile [umol^s-1],absorbedPARTilem2 [umol m^-2 m^-1],Thermal time[dd]
1,0.1118034,0.0,0.0701,0.00108033979058772,0.0034138828327127456,3.1600084181436525,0.0
2,0.22360681,0.0559017,0.0701,0.0012078565728149138,0.008550426070620834,7.079007775479532,0.0
3,0.3354102,0.0559017,0.0701,0.00108033979058772,0.004253505592480874,3.9371923810812404,0.0
4,0.44721362,0.1118034,0.0701,0.00108033979058772,0.0037274624147520586,3.4502685610832375,0.0
5,0.559017,0.1677051,0.0701,0.0012078565728149138,0.0014976270325984266,1.23990469258134,0.0
6,0.6708204,0.1677051,0.0701,0.00108033979058772,9.503759560493518E-4,0.8797009647606648,0.0
7,0.7826238,0.22360681,0.0701,0.00108033979058772,0.005144771774650776,4.762179287918247,0.0
