Tile Number, Tile x cohordinate [m], Tile y cohordinate [m], area_m2[m2], Tile z cohordinate [m],absorbedPARTile [umol^s-1],absorbedPARTilem2 [umol m^-2 m^-1],Thermal time[dd]
1,0.14142136,0.0,0.0701,0.004042135611804359,0.02974416243378878,7.358526603344551,0.0
2,0.28284273,0.07071068,0.0701,0.005716443181545683,0.27020173727432245,47.267457874261936,0.0
3,0.4242641,0.07071068,0.0701,0.004042135611804359,0.1545357140161419,38.231204703980495,0.0
4,0.56568545,0.14142136,0.0701,0.004042135611804359,0.06451655281856239,15.961006511051467,0.0
5,0.70710677,0.21213204,0.0701,0.005716443181545683,0.22901854646499634,40.063119529348924,0.0
6,0.8485281,0.21213204,0.0701,0.004042135611804359,0.08752761040455818,21.65380353616759,0.0
7,0.9899494,0.28284273,0.0701,0.004042135611804359,0.060772059237880705,15.034641356516193,0.0
