Tile Number, Tile x cohordinate [m], Tile y cohordinate [m], area_m2[m2], Tile z cohordinate [m],absorbedPARTile [umol^s-1],absorbedPARTilem2 [umol m^-2 m^-1],Thermal time[dd]
1,0.14142136,0.0,0.0701,0.004042135611804359,0.07459735428465895,18.454936065680293,0.0
2,0.28284273,0.07071068,0.0701,0.005716443181545683,0.19512507868836723,34.134001247189325,0.0
3,0.4242641,0.07071068,0.0701,0.004042135611804359,0.11632009552644092,28.77689090557678,0.0
4,0.56568545,0.14142136,0.0701,0.004042135611804359,0.12028853918672004,29.758659960699518,0.0
5,0.70710677,0.21213204,0.0701,0.005716443181545683,0.2654894746847947,46.44312315424928,0.0
6,0.8485281,0.21213204,0.0701,0.004042135611804359,0.2191201117468834,54.208995637598335,0.0
7,0.9899494,0.28284273,0.0701,0.004042135611804359,0.14334814311501187,35.463467058450085,0.0
