Tile Number, Tile x cohordinate [m], Tile y cohordinate [m], area_m2[m2], Tile z cohordinate [m],absorbedPARTile [umol^s-1],absorbedPARTilem2 [umol m^-2 m^-1],Thermal time[dd]
1,0.1118034,0.0,0.0701,0.00108033979058772,0.009617058103130394,8.901882710344845,0.0
2,0.22360681,0.0559017,0.0701,0.0012078565728149138,0.013212150117665826,10.938509103671858,0.0
3,0.3354102,0.0559017,0.0701,0.00108033979058772,0.006101132480824289,5.647419945075972,0.0
4,0.44721362,0.1118034,0.0701,0.00108033979058772,0.009525814437753705,8.81742440734459,0.0
5,0.559017,0.1677051,0.0701,0.0012078565728149138,0.0062349125279771685,5.161964316215695,0.0
6,0.6708204,0.1677051,0.0701,0.00108033979058772,0.0015577617135377254,1.4419182993253274,0.0
7,0.7826238,0.22360681,0.0701,0.00108033979058772,0.007705664280002543,7.132630258680516,0.0
