Tile Number, Tile x cohordinate [m], Tile y cohordinate [m], area_m2[m2], Tile z cohordinate [m],absorbedPARTile [umol^s-1],absorbedPARTilem2 [umol m^-2 m^-1],Thermal time[dd]
1,0.1118034,0.0,0.0701,0.00108033979058772,0.005960645860850834,5.517380654477384,0.0
2,0.22360681,0.0559017,0.0701,0.0012078565728149138,0.0031066648682225332,2.5720478226834835,0.0
3,0.3354102,0.0559017,0.0701,0.00108033979058772,0.009635850468002468,8.919277575401006,0.0
4,0.44721362,0.1118034,0.0701,0.00108033979058772,0.008718256201266093,8.069920479854991,0.0
5,0.559017,0.1677051,0.0701,0.0012078565728149138,0.0024846943084902676,2.0571103924199203,0.0
6,0.6708204,0.1677051,0.0701,0.00108033979058772,0.0033294927179769724,3.0818939994477867,0.0
7,0.7826238,0.22360681,0.0701,0.00108033979058772,0.005038141880530355,4.663478957661584,0.0
