Tile Number, Tile x cohordinate [m], Tile y cohordinate [m], area_m2[m2], Tile z cohordinate [m],absorbedPARTile [umol^s-1],absorbedPARTilem2 [umol m^-2 m^-1],Thermal time[dd]
1,0.1118034,0.0,0.0701,0.00108033979058772,9.870661591263046E-4,0.9136626899480642,0.0
2,0.22360681,0.0559017,0.0701,0.0012078565728149138,0.0017609504300925708,1.4579135219578845,0.0
3,0.3354102,0.0559017,0.0701,0.00108033979058772,0.01195888461195188,11.069558592714687,0.0
4,0.44721362,0.1118034,0.0701,0.00108033979058772,0.0014813657507334714,1.3712035450694524,0.0
5,0.559017,0.1677051,0.0701,0.0012078565728149138,6.501855734249158E-4,0.5382970031861118,0.0
6,0.6708204,0.1677051,0.0701,0.00108033979058772,0.0072863423349907985,6.744491315113856,0.0
7,0.7826238,0.22360681,0.0701,0.00108033979058772,0.0023312075510875706,2.157846606593432,0.0
