Tile Number, Tile x cohordinate [m], Tile y cohordinate [m], area_m2[m2], Tile z cohordinate [m],absorbedPARTile [umol^s-1],absorbedPARTilem2 [umol m^-2 m^-1],Thermal time[dd]
1,0.1118034,0.0,0.0701,0.00108033979058772,0.00475450317932304,4.400933133025235,0.0
2,0.22360681,0.0559017,0.0701,0.0012078565728149138,0.004223670199431741,3.4968309106340856,0.0
3,0.3354102,0.0559017,0.0701,0.00108033979058772,0.003870497126010108,3.5826664533984287,0.0
4,0.44721362,0.1118034,0.0701,0.00108033979058772,0.005194325688446423,4.808048110141937,0.0
5,0.559017,0.1677051,0.0701,0.0012078565728149138,0.010055802852043418,8.325328584840447,0.0
6,0.6708204,0.1677051,0.0701,0.00108033979058772,0.005240839249831806,4.851102676668714,0.0
7,0.7826238,0.22360681,0.0701,0.00108033979058772,0.007321071990210289,6.776638289169673,0.0
