Tile Number, Tile x cohordinate [m], Tile y cohordinate [m], area_m2[m2], Tile z cohordinate [m],absorbedPARTile [umol^s-1],absorbedPARTilem2 [umol m^-2 m^-1],Thermal time[dd]
1,0.14142136,0.0,0.0701,0.004042135611804359,0.1816676456419627,44.9434811418582,0.0
2,0.28284273,0.07071068,0.0701,0.005716443181545683,0.2287976520731608,40.02447760029964,0.0
3,0.4242641,0.07071068,0.0701,0.004042135611804359,0.11907323542079129,29.458001130159627,0.0
4,0.56568545,0.14142136,0.0701,0.004042135611804359,0.15126444376827083,37.42191215122252,0.0
5,0.70710677,0.21213204,0.0701,0.005716443181545683,0.3237637118822734,56.637265796234175,0.0
6,0.8485281,0.21213204,0.0701,0.004042135611804359,0.13011683507331212,32.19012115608599,0.0
7,0.9899494,0.28284273,0.0701,0.004042135611804359,0.09419716038719018,23.30381002361812,0.0
