Tile Number, Tile x cohordinate [m], Tile y cohordinate [m], area_m2[m2], Tile z cohordinate [m],absorbedPARTile [umol^s-1],absorbedPARTilem2 [umol m^-2 m^-1],Thermal time[dd]
1,0.1118034,0.0,0.0701,0.00108033979058772,0.0030936277557198177,2.8635692054227135,0.0
2,0.22360681,0.0559017,0.0701,0.0012078565728149138,0.0018121600993659442,1.5003106661436623,0.0
3,0.3354102,0.0559017,0.0701,0.00108033979058772,0.0020378422610844325,1.8862975138366587,0.0
4,0.44721362,0.1118034,0.0701,0.00108033979058772,0.00176986598323395,1.6382493717750766,0.0
5,0.559017,0.1677051,0.0701,0.0012078565728149138,0.0011898803234112849,0.9851172317904143,0.0
6,0.6708204,0.1677051,0.0701,0.00108033979058772,0.00137409974088817,1.2719144040234236,0.0
7,0.7826238,0.22360681,0.0701,0.00108033979058772,3.725852407456364E-4,0.34487782824600477,0.0
