Tile Number, Tile x cohordinate [m], Tile y cohordinate [m], area_m2[m2], Tile z cohordinate [m],absorbedPARTile [umol^s-1],absorbedPARTilem2 [umol m^-2 m^-1],Thermal time[dd]
1,0.14142136,0.0,0.0701,0.004042135611804359,0.04281363666161826,10.591835795065466,0.0
2,0.28284273,0.07071068,0.0701,0.005716443181545683,0.0402278704639867,7.037220380997366,0.0
3,0.4242641,0.07071068,0.0701,0.004042135611804359,0.04103923507068487,10.152859530698787,0.0
4,0.56568545,0.14142136,0.0701,0.004042135611804359,0.1276717832741502,31.58523007028928,0.0
5,0.70710677,0.21213204,0.0701,0.005716443181545683,0.07194943873481635,12.586399698170666,0.0
6,0.8485281,0.21213204,0.0701,0.004042135611804359,0.13823595578102862,34.198742708516356,0.0
7,0.9899494,0.28284273,0.0701,0.004042135611804359,0.11231860143506824,27.786945372901677,0.0
