Tile Number, Tile x cohordinate [m], Tile y cohordinate [m], area_m2[m2], Tile z cohordinate [m],absorbedPARTile [umol^s-1],absorbedPARTilem2 [umol m^-2 m^-1],Thermal time[dd]
1,0.14142136,0.0,0.0701,0.004042135611804359,0.10107053008853913,25.00424028164223,0.0
2,0.28284273,0.07071068,0.0701,0.005716443181545683,0.25543405885955806,44.68408951989104,0.0
3,0.4242641,0.07071068,0.0701,0.004042135611804359,0.03162934471393169,7.824909342864115,0.0
4,0.56568545,0.14142136,0.0701,0.004042135611804359,0.13557100414497378,33.53944972777807,0.0
5,0.70710677,0.21213204,0.0701,0.005716443181545683,0.2061065175521851,36.055027751794334,0.0
6,0.8485281,0.21213204,0.0701,0.004042135611804359,0.13342025005172728,33.007366121536464,0.0
7,0.9899494,0.28284273,0.0701,0.004042135611804359,0.10884704870842936,26.92810414142473,0.0
