Tile Number, Tile x cohordinate [m], Tile y cohordinate [m], area_m2[m2], Tile z cohordinate [m],absorbedPARTile [umol^s-1],absorbedPARTilem2 [umol m^-2 m^-1],Thermal time[dd]
1,0.14142136,0.0,0.0701,0.004042135611804359,0.09177410247292042,22.704360092449644,0.0
2,0.28284273,0.07071068,0.0701,0.005716443181545683,0.14582556392486573,25.509842273187015,0.0
3,0.4242641,0.07071068,0.0701,0.004042135611804359,0.03502638687659025,8.66531710967384,0.0
4,0.56568545,0.14142136,0.0701,0.004042135611804359,0.054579777438751455,13.502708142537482,0.0
5,0.70710677,0.21213204,0.0701,0.005716443181545683,0.14456455114768982,25.289248323920305,0.0
6,0.8485281,0.21213204,0.0701,0.004042135611804359,0.05943535293104648,14.703948268701275,0.0
7,0.9899494,0.28284273,0.0701,0.004042135611804359,0.05912614925734282,14.62745314251088,0.0
