Tile Number, Tile x cohordinate [m], Tile y cohordinate [m], area_m2[m2], Tile z cohordinate [m],absorbedPARTile [umol^s-1],absorbedPARTilem2 [umol m^-2 m^-1],Thermal time[dd]
1,0.1118034,0.0,0.0701,0.00108033979058772,0.006053111032511878,5.602969626083013,0.0
2,0.22360681,0.0559017,0.0701,0.0012078565728149138,0.0035559689863836393,2.9440324840029986,0.0
3,0.3354102,0.0559017,0.0701,0.00108033979058772,0.006296396734608724,5.828163314417399,0.0
4,0.44721362,0.1118034,0.0701,0.00108033979058772,0.003677898996132849,3.4043909408650226,0.0
5,0.559017,0.1677051,0.0701,0.0012078565728149138,0.0032773160657792112,2.713332145174667,0.0
6,0.6708204,0.1677051,0.0701,0.00108033979058772,0.0020302841636673278,1.8793014765871254,0.0
7,0.7826238,0.22360681,0.0701,0.00108033979058772,0.006012652439904508,5.565519748776023,0.0
