Tile Number, Tile x cohordinate [m], Tile y cohordinate [m], area_m2[m2], Tile z cohordinate [m],absorbedPARTile [umol^s-1],absorbedPARTilem2 [umol m^-2 m^-1],Thermal time[dd]
1,0.1118034,0.0,0.0701,0.00108033979058772,0.001844423475932625,1.7072623743028414,0.0
2,0.22360681,0.0559017,0.0701,0.0012078565728149138,0.0018676104607251221,1.5462187338788493,0.0
3,0.3354102,0.0559017,0.0701,0.00108033979058772,0.0051524445999486445,4.76928152127549,0.0
4,0.44721362,0.1118034,0.0701,0.00108033979058772,0.005829053436884766,5.395574140348639,0.0
5,0.559017,0.1677051,0.0701,0.0012078565728149138,0.008606022610163133,7.125036866013627,0.0
6,0.6708204,0.1677051,0.0701,0.00108033979058772,0.0013685544865498214,1.266781524177045,0.0
7,0.7826238,0.22360681,0.0701,0.00108033979058772,0.003862344427135835,3.575120032406347,0.0
