Tile Number, Tile x cohordinate [m], Tile y cohordinate [m], area_m2[m2], Tile z cohordinate [m],absorbedPARTile [umol^s-1],absorbedPARTilem2 [umol m^-2 m^-1],Thermal time[dd]
1,0.1118034,0.0,0.0701,0.00108033979058772,0.0060345598325675966,5.585797991652896,0.0
2,0.22360681,0.0559017,0.0701,0.0012078565728149138,0.009075644322484772,7.513842724996688,0.0
3,0.3354102,0.0559017,0.0701,0.00108033979058772,0.010569590739209978,9.783579972982364,0.0
4,0.44721362,0.1118034,0.0701,0.00108033979058772,0.012847334205890166,11.891938367743576,0.0
5,0.559017,0.1677051,0.0701,0.0012078565728149138,0.009217524389940796,7.6313070586347225,0.0
6,0.6708204,0.1677051,0.0701,0.00108033979058772,0.007590850693514019,7.02635481877835,0.0
7,0.7826238,0.22360681,0.0701,0.00108033979058772,0.007346087562586414,6.799793571048642,0.0
