Tile Number, Tile x cohordinate [m], Tile y cohordinate [m], area_m2[m2], Tile z cohordinate [m],absorbedPARTile [umol^s-1],absorbedPARTilem2 [umol m^-2 m^-1],Thermal time[dd]
1,0.1118034,0.0,0.0701,0.00108033979058772,0.012313005205740609,11.39734490297924,0.0
2,0.22360681,0.0559017,0.0701,0.0012078565728149138,0.018761588886643647,15.532960873756476,0.0
3,0.3354102,0.0559017,0.0701,0.00108033979058772,0.020803354406436686,19.25630675430308,0.0
4,0.44721362,0.1118034,0.0701,0.00108033979058772,0.0171068633726263,15.834706378184894,0.0
5,0.559017,0.1677051,0.0701,0.0012078565728149138,0.024822183767716284,20.550605366884003,0.0
6,0.6708204,0.1677051,0.0701,0.00108033979058772,0.014722469625549614,13.627628782922441,0.0
7,0.7826238,0.22360681,0.0701,0.00108033979058772,0.012723983468559833,11.777760644766966,0.0
