Tile Number, Tile x cohordinate [m], Tile y cohordinate [m], area_m2[m2], Tile z cohordinate [m],absorbedPARTile [umol^s-1],absorbedPARTilem2 [umol m^-2 m^-1],Thermal time[dd]
1,0.1118034,0.0,0.0701,0.00108033979058772,0.009900083453395598,9.163860796064741,0.0
2,0.22360681,0.0559017,0.0701,0.0012078565728149138,0.0017183796758728014,1.4226686467153231,0.0
3,0.3354102,0.0559017,0.0701,0.00108033979058772,0.0019567360823210954,1.8112228202356628,0.0
4,0.44721362,0.1118034,0.0701,0.00108033979058772,0.010409268484533662,9.635180130568806,0.0
5,0.559017,0.1677051,0.0701,0.0012078565728149138,0.005447002020224468,4.509643067578969,0.0
6,0.6708204,0.1677051,0.0701,0.00108033979058772,0.008722944642845917,8.074260264079058,0.0
7,0.7826238,0.22360681,0.0701,0.00108033979058772,0.0017130028530010816,1.5856148851734733,0.0
