Tile Number, Tile x cohordinate [m], Tile y cohordinate [m], area_m2[m2], Tile z cohordinate [m],absorbedPARTile [umol^s-1],absorbedPARTilem2 [umol m^-2 m^-1],Thermal time[dd]
1,0.1118034,0.0,0.0701,0.00108033979058772,0.009971293533235217,9.229775317088611,0.0
2,0.22360681,0.0559017,0.0701,0.0012078565728149138,0.017866580706905884,14.791972084291233,0.0
3,0.3354102,0.0559017,0.0701,0.00108033979058772,0.010981463434007438,10.164823632047625,0.0
4,0.44721362,0.1118034,0.0701,0.00108033979058772,0.00949718970590335,8.79092836221162,0.0
5,0.559017,0.1677051,0.0701,0.0012078565728149138,0.009842706431391656,8.148903315940233,0.0
6,0.6708204,0.1677051,0.0701,0.00108033979058772,0.014078223914698783,13.03129259641546,0.0
7,0.7826238,0.22360681,0.0701,0.00108033979058772,0.00887229678808593,8.21250579251485,0.0
