Tile Number, Tile x cohordinate [m], Tile y cohordinate [m], area_m2[m2], Tile z cohordinate [m],absorbedPARTile [umol^s-1],absorbedPARTilem2 [umol m^-2 m^-1],Thermal time[dd]
1,0.1118034,0.0,0.0701,0.00108033979058772,0.00139447026786334,1.2907700706874166,0.0
2,0.22360681,0.0559017,0.0701,0.0012078565728149138,0.002560301860150556,2.119706857399272,0.0
3,0.3354102,0.0559017,0.0701,0.00108033979058772,0.0014775853940763215,1.3677043157620756,0.0
4,0.44721362,0.1118034,0.0701,0.00108033979058772,0.0013592579742549723,1.2581763497903904,0.0
5,0.559017,0.1677051,0.0701,0.0012078565728149138,0.0022927907463876087,1.898230963833936,0.0
6,0.6708204,0.1677051,0.0701,0.00108033979058772,0.0016843937604821698,1.559133316348402,0.0
7,0.7826238,0.22360681,0.0701,0.00108033979058772,0.003107978595069968,2.8768528403264537,0.0
