Tile Number, Tile x cohordinate [m], Tile y cohordinate [m], area_m2[m2], Tile z cohordinate [m],absorbedPARTile [umol^s-1],absorbedPARTilem2 [umol m^-2 m^-1],Thermal time[dd]
1,0.14142136,0.0,0.0701,0.004042135611804359,0.2598800371470642,64.29275563841287,0.0
2,0.28284273,0.07071068,0.0701,0.005716443181545683,0.2379866333634949,41.63194241688328,0.0
3,0.4242641,0.07071068,0.0701,0.004042135611804359,0.15722119449844363,38.89557639761176,0.0
4,0.56568545,0.14142136,0.0701,0.004042135611804359,0.14101456266235352,34.88615331226019,0.0
5,0.70710677,0.21213204,0.0701,0.005716443181545683,0.3430324541159058,60.0080230349027,0.0
6,0.8485281,0.21213204,0.0701,0.004042135611804359,0.16698614880241394,41.3113672670357,0.0
7,0.9899494,0.28284273,0.0701,0.004042135611804359,0.21534479845489501,53.27500587214781,0.0
