Tile Number, Tile x cohordinate [m], Tile y cohordinate [m], area_m2[m2], Tile z cohordinate [m],absorbedPARTile [umol^s-1],absorbedPARTilem2 [umol m^-2 m^-1],Thermal time[dd]
1,0.1118034,0.0,0.0701,0.00108033979058772,0.0028741710930432446,2.660432502888425,0.0
2,0.22360681,0.0559017,0.0701,0.0012078565728149138,0.0042884792019718294,3.5504871178351203,0.0
3,0.3354102,0.0559017,0.0701,0.00108033979058772,0.0037796953852105132,3.498617211122351,0.0
4,0.44721362,0.1118034,0.0701,0.00108033979058772,0.0013771267492404963,1.2747163079972461,0.0
5,0.559017,0.1677051,0.0701,0.0012078565728149138,0.01862167581014919,15.417125037247853,0.0
6,0.6708204,0.1677051,0.0701,0.00108033979058772,0.0056142479578065955,5.196742734757891,0.0
7,0.7826238,0.22360681,0.0701,0.00108033979058772,0.009224431656230707,8.53845404621493,0.0
