Tile Number, Tile x cohordinate [m], Tile y cohordinate [m], area_m2[m2], Tile z cohordinate [m],absorbedPARTile [umol^s-1],absorbedPARTilem2 [umol m^-2 m^-1],Thermal time[dd]
1,0.14142136,0.0,0.0701,0.004042135611804359,0.03877335022393346,9.592293269602974,0.0
2,0.28284273,0.07071068,0.0701,0.005716443181545683,0.1549494048357391,27.105911825724114,0.0
3,0.4242641,0.07071068,0.0701,0.004042135611804359,0.15747830515707015,38.9591840256873,0.0
4,0.56568545,0.14142136,0.0701,0.004042135611804359,0.05459120444024802,13.505535113869962,0.0
5,0.70710677,0.21213204,0.0701,0.005716443181545683,0.13991096083038332,24.47517737638957,0.0
6,0.8485281,0.21213204,0.0701,0.004042135611804359,0.1374962873584175,34.015753196622924,0.0
7,0.9899494,0.28284273,0.0701,0.004042135611804359,0.04669962927808701,11.553206958645525,0.0
