Tile Number, Tile x cohordinate [m], Tile y cohordinate [m], area_m2[m2], Tile z cohordinate [m],absorbedPARTile [umol^s-1],absorbedPARTilem2 [umol m^-2 m^-1],Thermal time[dd]
1,0.14142136,0.0,0.0701,0.004042135611804359,0.028331168420459574,7.008960396510025,0.0
2,0.28284273,0.07071068,0.0701,0.005716443181545683,0.2051046825731913,35.87977279916435,0.0
3,0.4242641,0.07071068,0.0701,0.004042135611804359,0.09181314733071438,22.714019555056474,0.0
4,0.56568545,0.14142136,0.0701,0.004042135611804359,0.01589641281581705,3.932676768536494,0.0
5,0.70710677,0.21213204,0.0701,0.005716443181545683,0.10443803072849611,18.26975750684482,0.0
6,0.8485281,0.21213204,0.0701,0.004042135611804359,0.024311443434048754,6.01450465022781,0.0
7,0.9899494,0.28284273,0.0701,0.004042135611804359,0.10607373193797469,26.24200227924186,0.0
