Tile Number, Tile x cohordinate [m], Tile y cohordinate [m], area_m2[m2], Tile z cohordinate [m],absorbedPARTile [umol^s-1],absorbedPARTilem2 [umol m^-2 m^-1],Thermal time[dd]
1,0.14142136,0.0,0.0701,0.004042135611804359,0.10113938287090064,25.02127404522019,0.0
2,0.28284273,0.07071068,0.0701,0.005716443181545683,0.09467185950446626,16.561322573815506,0.0
3,0.4242641,0.07071068,0.0701,0.004042135611804359,0.08963827207324207,22.175968518094486,0.0
4,0.56568545,0.14142136,0.0701,0.004042135611804359,0.11410690930889544,28.229361967882994,0.0
5,0.70710677,0.21213204,0.0701,0.005716443181545683,0.0473333457130149,8.28020925071389,0.0
6,0.8485281,0.21213204,0.0701,0.004042135611804359,0.04117499726791942,10.186446280445155,0.0
7,0.9899494,0.28284273,0.0701,0.004042135611804359,0.046421302623098466,11.484350620877999,0.0
