Tile Number, Tile x cohordinate [m], Tile y cohordinate [m], area_m2[m2], Tile z cohordinate [m],absorbedPARTile [umol^s-1],absorbedPARTilem2 [umol m^-2 m^-1],Thermal time[dd]
1,0.1118034,0.0,0.0701,0.00108033979058772,8.099322364204127E-4,0.749701384209683,0.0
2,0.22360681,0.0559017,0.0701,0.0012078565728149138,0.005722162341060084,4.737451838113995,0.0
3,0.3354102,0.0559017,0.0701,0.00108033979058772,0.0030889500707622876,2.8592393779015173,0.0
4,0.44721362,0.1118034,0.0701,0.00108033979058772,0.00701931732782652,6.4973237022103145,0.0
5,0.559017,0.1677051,0.0701,0.0012078565728149138,9.827422126044458E-4,0.8136249242856392,0.0
6,0.6708204,0.1677051,0.0701,0.00108033979058772,0.0024410769794372222,2.259545562150629,0.0
7,0.7826238,0.22360681,0.0701,0.00108033979058772,0.007374350630132153,6.8259548471508245,0.0
