Tile Number, Tile x cohordinate [m], Tile y cohordinate [m], area_m2[m2], Tile z cohordinate [m],absorbedPARTile [umol^s-1],absorbedPARTilem2 [umol m^-2 m^-1],Thermal time[dd]
1,0.1118034,0.0,0.0701,0.00108033979058772,0.0015133055705595295,1.4007681506725491,0.0
2,0.22360681,0.0559017,0.0701,0.0012078565728149138,0.005250405552536463,4.346878322067972,0.0
3,0.3354102,0.0559017,0.0701,0.00108033979058772,0.0016624053614047636,1.5387800911233602,0.0
4,0.44721362,0.1118034,0.0701,0.00108033979058772,0.0037622276857323194,3.482448502323158,0.0
5,0.559017,0.1677051,0.0701,0.0012078565728149138,0.0035447350059393946,2.934731727028134,0.0
6,0.6708204,0.1677051,0.0701,0.00108033979058772,0.010472066584768494,9.693308231358898,0.0
7,0.7826238,0.22360681,0.0701,0.00108033979058772,0.00856659145972795,7.929534332034188,0.0
