Tile Number, Tile x cohordinate [m], Tile y cohordinate [m], area_m2[m2], Tile z cohordinate [m],absorbedPARTile [umol^s-1],absorbedPARTilem2 [umol m^-2 m^-1],Thermal time[dd]
1,0.1118034,0.0,0.0701,0.00108033979058772,0.005525105883815661,5.114229737673484,0.0
2,0.22360681,0.0559017,0.0701,0.0012078565728149138,0.006735217520786096,5.576173257963608,0.0
3,0.3354102,0.0559017,0.0701,0.00108033979058772,0.002213086525438293,2.0485096862296843,0.0
4,0.44721362,0.1118034,0.0701,0.00108033979058772,0.0035736922939254624,3.3079336011324028,0.0
5,0.559017,0.1677051,0.0701,0.0012078565728149138,0.017487358872261643,14.478009447352921,0.0
6,0.6708204,0.1677051,0.0701,0.00108033979058772,0.007862975271285768,7.278242771200901,0.0
7,0.7826238,0.22360681,0.0701,0.00108033979058772,0.005716915098788588,5.291775003194603,0.0
