Tile Number, Tile x cohordinate [m], Tile y cohordinate [m], area_m2[m2], Tile z cohordinate [m],absorbedPARTile [umol^s-1],absorbedPARTilem2 [umol m^-2 m^-1],Thermal time[dd]
1,0.1118034,0.0,0.0701,0.00108033979058772,0.0034547475136137615,3.197834184867273,0.0
2,0.22360681,0.0559017,0.0701,0.0012078565728149138,0.005375115667264365,4.450127430889944,0.0
3,0.3354102,0.0559017,0.0701,0.00108033979058772,0.003519132791656451,3.2574314325143883,0.0
4,0.44721362,0.1118034,0.0701,0.00108033979058772,0.0018865078808075425,1.7462171598634315,0.0
5,0.559017,0.1677051,0.0701,0.0012078565728149138,0.004218189922144604,3.492293718544826,0.0
6,0.6708204,0.1677051,0.0701,0.00108033979058772,0.012009108855640667,11.116047895549181,0.0
7,0.7826238,0.22360681,0.0701,0.00108033979058772,0.00597498221970388,5.530650885730504,0.0
