Tile Number, Tile x cohordinate [m], Tile y cohordinate [m], area_m2[m2], Tile z cohordinate [m],absorbedPARTile [umol^s-1],absorbedPARTilem2 [umol m^-2 m^-1],Thermal time[dd]
1,0.1118034,0.0,0.0701,0.00108033979058772,0.00173157025433986,1.6028015161765554,0.0
2,0.22360681,0.0559017,0.0701,0.0012078565728149138,0.011845892328865007,9.807366698562657,0.0
3,0.3354102,0.0559017,0.0701,0.00108033979058772,0.002706058211287153,2.504821385700345,0.0
4,0.44721362,0.1118034,0.0701,0.00108033979058772,0.004357438876025186,4.033396635011174,0.0
5,0.559017,0.1677051,0.0701,0.0012078565728149138,0.003432124066946738,2.841499681496257,0.0
6,0.6708204,0.1677051,0.0701,0.00108033979058772,0.004106816211001868,3.80141159918557,0.0
7,0.7826238,0.22360681,0.0701,0.00108033979058772,0.0038820741408865642,3.593382540112368,0.0
