Tile Number, Tile x cohordinate [m], Tile y cohordinate [m], area_m2[m2], Tile z cohordinate [m],absorbedPARTile [umol^s-1],absorbedPARTilem2 [umol m^-2 m^-1],Thermal time[dd]
1,0.14142136,0.0,0.0701,0.004042135611804359,0.052825975791862614,13.068828180230636,0.0
2,0.28284273,0.07071068,0.0701,0.005716443181545683,0.09373917128443718,16.39816373703391,0.0
3,0.4242641,0.07071068,0.0701,0.004042135611804359,0.06477853163856291,16.02581849292448,0.0
4,0.56568545,0.14142136,0.0701,0.004042135611804359,0.02335404444622434,5.777649908138382,0.0
5,0.70710677,0.21213204,0.0701,0.005716443181545683,0.1710356072148482,29.919934788646227,0.0
6,0.8485281,0.21213204,0.0701,0.004042135611804359,0.13963738591116498,34.54544808031133,0.0
7,0.9899494,0.28284273,0.0701,0.004042135611804359,0.05530092303225024,13.681115218092495,0.0
