Tile Number, Tile x cohordinate [m], Tile y cohordinate [m], area_m2[m2], Tile z cohordinate [m],absorbedPARTile [umol^s-1],absorbedPARTilem2 [umol m^-2 m^-1],Thermal time[dd]
1,0.14142136,0.0,0.0701,0.004042135611804359,0.2386104431984584,59.030786226379384,0.0
2,0.28284273,0.07071068,0.0701,0.005716443181545683,0.24660160240300497,43.13899300164578,0.0
3,0.4242641,0.07071068,0.0701,0.004042135611804359,0.1376723302710533,34.059305152703196,0.0
4,0.56568545,0.14142136,0.0701,0.004042135611804359,0.1974403099899928,48.845543284941364,0.0
5,0.70710677,0.21213204,0.0701,0.005716443181545683,0.24641613097483317,43.10654775163953,0.0
6,0.8485281,0.21213204,0.0701,0.004042135611804359,0.08445879008727733,20.894595876652435,0.0
7,0.9899494,0.28284273,0.0701,0.004042135611804359,0.2353399160330454,58.22167750774511,0.0
