Tile Number, Tile x cohordinate [m], Tile y cohordinate [m], area_m2[m2], Tile z cohordinate [m],absorbedPARTile [umol^s-1],absorbedPARTilem2 [umol m^-2 m^-1],Thermal time[dd]
1,0.14142136,0.0,0.0701,0.004042135611804359,0.10786045488853453,26.684026773754617,0.0
2,0.28284273,0.07071068,0.0701,0.005716443181545683,0.0641211527101326,11.216966682557794,0.0
3,0.4242641,0.07071068,0.0701,0.004042135611804359,0.09636477521096232,23.840064873020495,0.0
4,0.56568545,0.14142136,0.0701,0.004042135611804359,0.1717315018634415,42.485339027698444,0.0
5,0.70710677,0.21213204,0.0701,0.005716443181545683,0.10440193433049201,18.26344302127088,0.0
6,0.8485281,0.21213204,0.0701,0.004042135611804359,0.032995862433803126,8.162977594676539,0.0
7,0.9899494,0.28284273,0.0701,0.004042135611804359,0.12758353015869142,31.563396781173235,0.0
