Tile Number, Tile x cohordinate [m], Tile y cohordinate [m], area_m2[m2], Tile z cohordinate [m],absorbedPARTile [umol^s-1],absorbedPARTilem2 [umol m^-2 m^-1],Thermal time[dd]
1,0.1118034,0.0,0.0701,0.00108033979058772,0.007764678335557973,7.187255716401855,0.0
2,0.22360681,0.0559017,0.0701,0.0012078565728149138,0.009995470219733387,8.275378422157285,0.0
3,0.3354102,0.0559017,0.0701,0.00108033979058772,0.0021598781278616324,1.9992581470007955,0.0
4,0.44721362,0.1118034,0.0701,0.00108033979058772,0.004032204536491188,3.732348444092402,0.0
5,0.559017,0.1677051,0.0701,0.0012078565728149138,0.003156167751680413,2.61303189692875,0.0
6,0.6708204,0.1677051,0.0701,0.00108033979058772,0.003806196176912822,3.5231472635495527,0.0
7,0.7826238,0.22360681,0.0701,0.00108033979058772,0.0049575098665606285,4.588843167447969,0.0
