Tile Number, Tile x cohordinate [m], Tile y cohordinate [m], area_m2[m2], Tile z cohordinate [m],absorbedPARTile [umol^s-1],absorbedPARTilem2 [umol m^-2 m^-1],Thermal time[dd]
1,0.1118034,0.0,0.0701,0.00108033979058772,0.0023356797579151957,2.161986236427109,0.0
2,0.22360681,0.0559017,0.0701,0.0012078565728149138,0.01092572782790892,9.045550667035304,0.0
3,0.3354102,0.0559017,0.0701,0.00108033979058772,0.002571698059948241,2.380452967069927,0.0
4,0.44721362,0.1118034,0.0701,0.00108033979058772,0.0010872371550254617,1.0063844398751522,0.0
5,0.559017,0.1677051,0.0701,0.0012078565728149138,0.004683246883496465,3.8773203614582665,0.0
6,0.6708204,0.1677051,0.0701,0.00108033979058772,0.0026340652154696596,2.4381821704786892,0.0
7,0.7826238,0.22360681,0.0701,0.00108033979058772,0.004264369440613728,3.9472483359090678,0.0
