Tile Number, Tile x cohordinate [m], Tile y cohordinate [m], area_m2[m2], Tile z cohordinate [m],absorbedPARTile [umol^s-1],absorbedPARTilem2 [umol m^-2 m^-1],Thermal time[dd]
1,0.1118034,0.0,0.0701,0.00108033979058772,0.007550388210859831,6.988901340709033,0.0
2,0.22360681,0.0559017,0.0701,0.0012078565728149138,0.006929316928979004,5.736870655785072,0.0
3,0.3354102,0.0559017,0.0701,0.00108033979058772,0.0027618031003113002,2.5564207894340734,0.0
4,0.44721362,0.1118034,0.0701,0.00108033979058772,0.0044974749363878115,4.163018871998709,0.0
5,0.559017,0.1677051,0.0701,0.0012078565728149138,0.005689759063086885,4.710624747296678,0.0
6,0.6708204,0.1677051,0.0701,0.00108033979058772,8.811958195567782E-4,0.8156654297416884,0.0
7,0.7826238,0.22360681,0.0701,0.00108033979058772,0.003965602983233925,3.67069973519774,0.0
