Tile Number, Tile x cohordinate [m], Tile y cohordinate [m], area_m2[m2], Tile z cohordinate [m],absorbedPARTile [umol^s-1],absorbedPARTilem2 [umol m^-2 m^-1],Thermal time[dd]
1,0.1118034,0.0,0.0701,0.00108033979058772,0.01013521314067827,9.381504994058002,0.0
2,0.22360681,0.0559017,0.0701,0.0012078565728149138,0.003265401983948456,2.703468323509989,0.0
3,0.3354102,0.0559017,0.0701,0.00108033979058772,0.007813866382087824,7.2327858791880395,0.0
4,0.44721362,0.1118034,0.0701,0.00108033979058772,0.0029476860984836654,2.728480543033672,0.0
5,0.559017,0.1677051,0.0701,0.0012078565728149138,0.005674303281883392,4.697828707144764,0.0
6,0.6708204,0.1677051,0.0701,0.00108033979058772,0.004445575574200651,4.114979021352343,0.0
7,0.7826238,0.22360681,0.0701,0.00108033979058772,6.620358159274824E-4,0.6128033251161893,0.0
