Tile Number, Tile x cohordinate [m], Tile y cohordinate [m], area_m2[m2], Tile z cohordinate [m],absorbedPARTile [umol^s-1],absorbedPARTilem2 [umol m^-2 m^-1],Thermal time[dd]
1,0.14142136,0.0,0.0701,0.004042135611804359,0.040910527193943266,10.121017977346217,0.0
2,0.28284273,0.07071068,0.0701,0.005716443181545683,0.034174198111586646,5.9782275492408905,0.0
3,0.4242641,0.07071068,0.0701,0.004042135611804359,0.1666669355838394,41.23239583974308,0.0
4,0.56568545,0.14142136,0.0701,0.004042135611804359,0.08821476449890374,21.823801319601387,0.0
5,0.70710677,0.21213204,0.0701,0.005716443181545683,0.07049967885634183,12.332787472450526,0.0
6,0.8485281,0.21213204,0.0701,0.004042135611804359,0.04444201656162262,10.99468717275031,0.0
7,0.9899494,0.28284273,0.0701,0.004042135611804359,0.029090415972608925,7.1967936671039405,0.0
