Tile Number, Tile x cohordinate [m], Tile y cohordinate [m], area_m2[m2], Tile z cohordinate [m],absorbedPARTile [umol^s-1],absorbedPARTilem2 [umol m^-2 m^-1],Thermal time[dd]
1,0.1118034,0.0,0.0701,0.00108033979058772,9.368957712538925E-4,0.8672232379261049,0.0
2,0.22360681,0.0559017,0.0701,0.0012078565728149138,0.004380003163152003,3.626260983077147,0.0
3,0.3354102,0.0559017,0.0701,0.00108033979058772,0.005870826754520261,5.434240972765106,0.0
4,0.44721362,0.1118034,0.0701,0.00108033979058772,0.002401971444780722,2.2233481222366307,0.0
5,0.559017,0.1677051,0.0701,0.0012078565728149138,0.0034035919070614226,2.817877539159588,0.0
6,0.6708204,0.1677051,0.0701,0.00108033979058772,0.0017720630717114106,1.6402830731129356,0.0
7,0.7826238,0.22360681,0.0701,0.00108033979058772,0.005796241731403619,5.365202487127113,0.0
