Tile Number, Tile x cohordinate [m], Tile y cohordinate [m], area_m2[m2], Tile z cohordinate [m],absorbedPARTile [umol^s-1],absorbedPARTilem2 [umol m^-2 m^-1],Thermal time[dd]
1,0.1118034,0.0,0.0701,0.00108033979058772,6.352308387875044E-4,0.5879917080920716,0.0
2,0.22360681,0.0559017,0.0701,0.0012078565728149138,0.0017342257619661014,1.4357878253081675,0.0
3,0.3354102,0.0559017,0.0701,0.00108033979058772,0.007254776211938299,6.715272616212348,0.0
4,0.44721362,0.1118034,0.0701,0.00108033979058772,0.0046736598196227535,4.326101713869316,0.0
5,0.559017,0.1677051,0.0701,0.0012078565728149138,0.003256170272158771,2.6958252705205346,0.0
6,0.6708204,0.1677051,0.0701,0.00108033979058772,0.009619575750309676,8.904213131941102,0.0
7,0.7826238,0.22360681,0.0701,0.00108033979058772,0.006227567598509781,5.764452677543143,0.0
