Tile Number, Tile x cohordinate [m], Tile y cohordinate [m], area_m2[m2], Tile z cohordinate [m],absorbedPARTile [umol^s-1],absorbedPARTilem2 [umol m^-2 m^-1],Thermal time[dd]
1,0.14142136,0.0,0.0701,0.004042135611804359,0.10674516377396584,26.408110470671744,0.0
2,0.28284273,0.07071068,0.0701,0.005716443181545683,0.14401686644575595,25.19343967428622,0.0
3,0.4242641,0.07071068,0.0701,0.004042135611804359,0.15838951075448993,39.18461080126572,0.0
4,0.56568545,0.14142136,0.0701,0.004042135611804359,0.18728219321563244,46.33248638880574,0.0
5,0.70710677,0.21213204,0.0701,0.005716443181545683,0.10416026780097484,18.221167340075038,0.0
6,0.8485281,0.21213204,0.0701,0.004042135611804359,0.10029240405889253,24.811736589441946,0.0
7,0.9899494,0.28284273,0.0701,0.004042135611804359,0.047269015277425955,11.69406962482529,0.0
