Tile Number, Tile x cohordinate [m], Tile y cohordinate [m], area_m2[m2], Tile z cohordinate [m],absorbedPARTile [umol^s-1],absorbedPARTilem2 [umol m^-2 m^-1],Thermal time[dd]
1,0.14142136,0.0,0.0701,0.004042135611804359,0.05510299840133668,13.632149856728676,0.0
2,0.28284273,0.07071068,0.0701,0.005716443181545683,0.167752779967041,29.345656842806562,0.0
3,0.4242641,0.07071068,0.0701,0.004042135611804359,0.03760484119117647,9.303211174152105,0.0
4,0.56568545,0.14142136,0.0701,0.004042135611804359,0.10382781273848773,25.68637539900357,0.0
5,0.70710677,0.21213204,0.0701,0.005716443181545683,0.09917638539542198,17.34931709206728,0.0
6,0.8485281,0.21213204,0.0701,0.004042135611804359,0.07438694451521397,18.40288195625593,0.0
7,0.9899494,0.28284273,0.0701,0.004042135611804359,0.05478142736127139,13.552595118603069,0.0
