Tile Number, Tile x cohordinate [m], Tile y cohordinate [m], area_m2[m2], Tile z cohordinate [m],absorbedPARTile [umol^s-1],absorbedPARTilem2 [umol m^-2 m^-1],Thermal time[dd]
1,0.1118034,0.0,0.0701,0.00108033979058772,0.002916689112377502,2.699788657039821,0.0
2,0.22360681,0.0559017,0.0701,0.0012078565728149138,0.013428439276924135,11.11757768195036,0.0
3,0.3354102,0.0559017,0.0701,0.00108033979058772,0.008060908053509555,7.461456223068771,0.0
4,0.44721362,0.1118034,0.0701,0.00108033979058772,0.003140022345308103,2.9065136475255504,0.0
5,0.559017,0.1677051,0.0701,0.0012078565728149138,0.0047624725545117545,3.9429123140115854,0.0
6,0.6708204,0.1677051,0.0701,0.00108033979058772,0.006992327095576326,6.472340606627478,0.0
7,0.7826238,0.22360681,0.0701,0.00108033979058772,0.004733666925233379,4.381646373182457,0.0
