Tile Number, Tile x cohordinate [m], Tile y cohordinate [m], area_m2[m2], Tile z cohordinate [m],absorbedPARTile [umol^s-1],absorbedPARTilem2 [umol m^-2 m^-1],Thermal time[dd]
1,0.1118034,0.0,0.0701,0.00108033979058772,0.002996896455660513,2.774031357328938,0.0
2,0.22360681,0.0559017,0.0701,0.0012078565728149138,0.00685795912601309,5.67779261243791,0.0
3,0.3354102,0.0559017,0.0701,0.00108033979058772,0.009775155945867258,9.048223559875952,0.0
4,0.44721362,0.1118034,0.0701,0.00108033979058772,0.007835024528881348,7.252370594087797,0.0
5,0.559017,0.1677051,0.0701,0.0012078565728149138,0.0037356061778735373,3.092756426508236,0.0
6,0.6708204,0.1677051,0.0701,0.00108033979058772,0.002779929055207384,2.5731988022907717,0.0
7,0.7826238,0.22360681,0.0701,0.00108033979058772,0.015150837099303614,14.024140581789872,0.0
