Tile Number, Tile x cohordinate [m], Tile y cohordinate [m], area_m2[m2], Tile z cohordinate [m],absorbedPARTile [umol^s-1],absorbedPARTilem2 [umol m^-2 m^-1],Thermal time[dd]
1,0.14142136,0.0,0.0701,0.004042135611804359,0.12791721829133987,31.645949215008944,0.0
2,0.28284273,0.07071068,0.0701,0.005716443181545683,0.034353878934989264,6.009659825867496,0.0
3,0.4242641,0.07071068,0.0701,0.004042135611804359,0.0375803234790659,9.297145639873895,0.0
4,0.56568545,0.14142136,0.0701,0.004042135611804359,0.06841080860239505,16.924421932458944,0.0
5,0.70710677,0.21213204,0.0701,0.005716443181545683,0.14959318460765839,26.168927050755627,0.0
6,0.8485281,0.21213204,0.0701,0.004042135611804359,0.047801277256845236,11.825748032116946,0.0
7,0.9899494,0.28284273,0.0701,0.004042135611804359,0.15324195664691923,37.911136924600584,0.0
