Tile Number, Tile x cohordinate [m], Tile y cohordinate [m], area_m2[m2], Tile z cohordinate [m],absorbedPARTile [umol^s-1],absorbedPARTilem2 [umol m^-2 m^-1],Thermal time[dd]
1,0.14142136,0.0,0.0701,0.004042135611804359,0.019087045438679274,4.722020058639015,0.0
2,0.28284273,0.07071068,0.0701,0.005716443181545683,0.22605469736938477,39.544641692434574,0.0
3,0.4242641,0.07071068,0.0701,0.004042135611804359,0.02388257493234676,5.908405166467404,0.0
4,0.56568545,0.14142136,0.0701,0.004042135611804359,0.043027421807818024,10.644724952365246,0.0
5,0.70710677,0.21213204,0.0701,0.005716443181545683,0.049353134079974895,8.633538812963446,0.0
6,0.8485281,0.21213204,0.0701,0.004042135611804359,0.07690156870735906,19.024984832963373,0.0
7,0.9899494,0.28284273,0.0701,0.004042135611804359,0.024774859349304734,6.129150955983276,0.0
