Tile Number, Tile x cohordinate [m], Tile y cohordinate [m], area_m2[m2], Tile z cohordinate [m],absorbedPARTile [umol^s-1],absorbedPARTilem2 [umol m^-2 m^-1],Thermal time[dd]
1,0.1118034,0.0,0.0701,0.00108033979058772,6.321621343350132E-4,0.585151208761003,0.0
2,0.22360681,0.0559017,0.0701,0.0012078565728149138,0.0028062349746813863,2.323318047722708,0.0
3,0.3354102,0.0559017,0.0701,0.00108033979058772,0.0020362962397432282,1.8848664628333782,0.0
4,0.44721362,0.1118034,0.0701,0.00108033979058772,0.0010386352310126812,0.9613968124303273,0.0
5,0.559017,0.1677051,0.0701,0.0012078565728149138,0.002579491992467278,2.1355946148935243,0.0
6,0.6708204,0.1677051,0.0701,0.00108033979058772,0.0019822227751398096,1.8348141875450619,0.0
7,0.7826238,0.22360681,0.0701,0.00108033979058772,0.0035343387349266553,3.2715065812802524,0.0
