Tile Number, Tile x cohordinate [m], Tile y cohordinate [m], area_m2[m2], Tile z cohordinate [m],absorbedPARTile [umol^s-1],absorbedPARTilem2 [umol m^-2 m^-1],Thermal time[dd]
1,0.14142136,0.0,0.0701,0.004042135611804359,0.24375368457405094,60.3031931591336,0.0
2,0.28284273,0.07071068,0.0701,0.005716443181545683,0.337165565090332,58.981704948769384,0.0
3,0.4242641,0.07071068,0.0701,0.004042135611804359,0.2316381492590332,57.30588270778792,0.0
4,0.56568545,0.14142136,0.0701,0.004042135611804359,0.25986784909820554,64.28974038854766,0.0
5,0.70710677,0.21213204,0.0701,0.005716443181545683,0.3745972269174195,65.52977350089418,0.0
6,0.8485281,0.21213204,0.0701,0.004042135611804359,0.25976552202514647,64.26442528710469,0.0
7,0.9899494,0.28284273,0.0701,0.004042135611804359,0.2972931104196167,73.54852458473276,0.0
