Tile Number, Tile x cohordinate [m], Tile y cohordinate [m], area_m2[m2], Tile z cohordinate [m],absorbedPARTile [umol^s-1],absorbedPARTilem2 [umol m^-2 m^-1],Thermal time[dd]
1,0.1118034,0.0,0.0701,0.00108033979058772,0.011902982035028636,11.017813227589485,0.0
2,0.22360681,0.0559017,0.0701,0.0012078565728149138,0.031876733448025586,26.391157829059747,0.0
3,0.3354102,0.0559017,0.0701,0.00108033979058772,0.01162275486788258,10.758425237266916,0.0
4,0.44721362,0.1118034,0.0701,0.00108033979058772,0.010619250334518649,9.829546617681858,0.0
5,0.559017,0.1677051,0.0701,0.0012078565728149138,0.015448362492779045,12.78989810584595,0.0
6,0.6708204,0.1677051,0.0701,0.00108033979058772,0.010093209781916827,9.342625227592498,0.0
7,0.7826238,0.22360681,0.0701,0.00108033979058772,0.006320136877345545,5.850138014362409,0.0
