Tile Number, Tile x cohordinate [m], Tile y cohordinate [m], area_m2[m2], Tile z cohordinate [m],absorbedPARTile [umol^s-1],absorbedPARTilem2 [umol m^-2 m^-1],Thermal time[dd]
1,0.1118034,0.0,0.0701,0.00108033979058772,0.004642143854733626,4.2969294431044105,0.0
2,0.22360681,0.0559017,0.0701,0.0012078565728149138,0.0037288996765292405,3.0872040277423234,0.0
3,0.3354102,0.0559017,0.0701,0.00108033979058772,0.0027572627674662706,2.5522180997945854,0.0
4,0.44721362,0.1118034,0.0701,0.00108033979058772,0.004328862717411296,4.00694555095146,0.0
5,0.559017,0.1677051,0.0701,0.0012078565728149138,0.005217269595844311,4.319444637110718,0.0
6,0.6708204,0.1677051,0.0701,0.00108033979058772,0.0050565031515575854,4.6804747872951875,0.0
7,0.7826238,0.22360681,0.0701,0.00108033979058772,0.0066722312606544544,6.17604879389351,0.0
