Tile Number, Tile x cohordinate [m], Tile y cohordinate [m], area_m2[m2], Tile z cohordinate [m],absorbedPARTile [umol^s-1],absorbedPARTilem2 [umol m^-2 m^-1],Thermal time[dd]
1,0.14142136,0.0,0.0701,0.004042135611804359,0.06250319442578793,15.46291377341674,0.0
2,0.28284273,0.07071068,0.0701,0.005716443181545683,0.10029510875,17.545019790239735,0.0
3,0.4242641,0.07071068,0.0701,0.004042135611804359,0.09458164141372681,23.398928313418644,0.0
4,0.56568545,0.14142136,0.0701,0.004042135611804359,0.03709141366616487,9.17619229741966,0.0
5,0.70710677,0.21213204,0.0701,0.005716443181545683,0.06860102714927674,12.000648824909257,0.0
6,0.8485281,0.21213204,0.0701,0.004042135611804359,0.05289426537927867,13.085722612771846,0.0
7,0.9899494,0.28284273,0.0701,0.004042135611804359,0.09774802825953961,24.18227334433891,0.0
