Tile Number, Tile x cohordinate [m], Tile y cohordinate [m], area_m2[m2], Tile z cohordinate [m],absorbedPARTile [umol^s-1],absorbedPARTilem2 [umol m^-2 m^-1],Thermal time[dd]
1,0.1118034,0.0,0.0701,0.00108033979058772,0.004382396392874308,4.056498178679712,0.0
2,0.22360681,0.0559017,0.0701,0.0012078565728149138,0.013728165946362614,11.36572524862706,0.0
3,0.3354102,0.0559017,0.0701,0.00108033979058772,0.002974983594373842,2.7537480525043048,0.0
4,0.44721362,0.1118034,0.0701,0.00108033979058772,0.006071463970936519,5.619957742770501,0.0
5,0.559017,0.1677051,0.0701,0.0012078565728149138,0.0042516509239663176,3.5199965125477033,0.0
6,0.6708204,0.1677051,0.0701,0.00108033979058772,0.0031567763382199456,2.9220217247599622,0.0
7,0.7826238,0.22360681,0.0701,0.00108033979058772,0.0011330698172422314,1.0488087425029726,0.0
