Tile Number, Tile x cohordinate [m], Tile y cohordinate [m], area_m2[m2], Tile z cohordinate [m],absorbedPARTile [umol^s-1],absorbedPARTilem2 [umol m^-2 m^-1],Thermal time[dd]
1,0.1118034,0.0,0.0701,0.00108033979058772,0.017911023855656086,16.579065227165465,0.0
2,0.22360681,0.0559017,0.0701,0.0012078565728149138,0.02220200823248517,18.381328323397963,0.0
3,0.3354102,0.0559017,0.0701,0.00108033979058772,0.009340032266509125,8.645457982648235,0.0
4,0.44721362,0.1118034,0.0701,0.00108033979058772,0.018197391111561063,16.844136696715974,0.0
5,0.559017,0.1677051,0.0701,0.0012078565728149138,0.022195266783501918,18.375746991032035,0.0
6,0.6708204,0.1677051,0.0701,0.00108033979058772,0.010020801352080846,9.275601472226985,0.0
7,0.7826238,0.22360681,0.0701,0.00108033979058772,0.012009658849404976,11.116556988863248,0.0
