Tile Number, Tile x cohordinate [m], Tile y cohordinate [m], area_m2[m2], Tile z cohordinate [m],absorbedPARTile [umol^s-1],absorbedPARTilem2 [umol m^-2 m^-1],Thermal time[dd]
1,0.1118034,0.0,0.0701,0.00108033979058772,0.0017964897051956086,1.6628932127162448,0.0
2,0.22360681,0.0559017,0.0701,0.0012078565728149138,0.001958686891702055,1.6216220831065469,0.0
3,0.3354102,0.0559017,0.0701,0.00108033979058772,0.00705129419684099,6.5269226018278825,0.0
4,0.44721362,0.1118034,0.0701,0.00108033979058772,0.004290838835362085,3.971749326226158,0.0
5,0.559017,0.1677051,0.0701,0.0012078565728149138,0.0017225726250448498,1.4261400432920512,0.0
6,0.6708204,0.1677051,0.0701,0.00108033979058772,0.0013777809748487782,1.2753218819231367,0.0
7,0.7826238,0.22360681,0.0701,0.00108033979058772,0.0016312737622070105,1.5099636025806056,0.0
