Tile Number, Tile x cohordinate [m], Tile y cohordinate [m], area_m2[m2], Tile z cohordinate [m],absorbedPARTile [umol^s-1],absorbedPARTilem2 [umol m^-2 m^-1],Thermal time[dd]
1,0.1118034,0.0,0.0701,0.00108033979058772,0.0010144764132403769,0.9390345723436583,0.0
2,0.22360681,0.0559017,0.0701,0.0012078565728149138,0.009509199890517614,7.872788959003959,0.0
3,0.3354102,0.0559017,0.0701,0.00108033979058772,0.0026014835326623542,2.408023434226292,0.0
4,0.44721362,0.1118034,0.0701,0.00108033979058772,0.008390656464722427,7.766682795380325,0.0
5,0.559017,0.1677051,0.0701,0.0012078565728149138,0.007391636190765557,6.1196307219981625,0.0
6,0.6708204,0.1677051,0.0701,0.00108033979058772,0.002531332065006724,2.3430888013757634,0.0
7,0.7826238,0.22360681,0.0701,0.00108033979058772,0.004365045480490739,4.040437572068037,0.0
