Tile Number, Tile x cohordinate [m], Tile y cohordinate [m], area_m2[m2], Tile z cohordinate [m],absorbedPARTile [umol^s-1],absorbedPARTilem2 [umol m^-2 m^-1],Thermal time[dd]
1,0.1118034,0.0,0.0701,0.00108033979058772,0.0023721537569474918,2.1957478356480853,0.0
2,0.22360681,0.0559017,0.0701,0.0012078565728149138,0.0014317531101974857,1.1853668245235278,0.0
3,0.3354102,0.0559017,0.0701,0.00108033979058772,0.0037793365250791606,3.4982850377316463,0.0
4,0.44721362,0.1118034,0.0701,0.00108033979058772,0.004201902624313756,3.889426883025258,0.0
5,0.559017,0.1677051,0.0701,0.0012078565728149138,0.005632546047810125,4.66325735570032,0.0
6,0.6708204,0.1677051,0.0701,0.00108033979058772,0.0015896494298358924,1.4714346760949173,0.0
7,0.7826238,0.22360681,0.0701,0.00108033979058772,0.0036264147221040407,3.3567353102223705,0.0
