Tile Number, Tile x cohordinate [m], Tile y cohordinate [m], area_m2[m2], Tile z cohordinate [m],absorbedPARTile [umol^s-1],absorbedPARTilem2 [umol m^-2 m^-1],Thermal time[dd]
1,0.14142136,0.0,0.0701,0.004042135611804359,0.07920563443925382,19.594996815036943,0.0
2,0.28284273,0.07071068,0.0701,0.005716443181545683,0.13938477119029366,24.383128942883165,0.0
3,0.4242641,0.07071068,0.0701,0.004042135611804359,0.060434025781861446,14.951013915855347,0.0
4,0.56568545,0.14142136,0.0701,0.004042135611804359,0.05995343913026354,14.832119673367679,0.0
5,0.70710677,0.21213204,0.0701,0.005716443181545683,0.0485176386314109,8.487382291848844,0.0
6,0.8485281,0.21213204,0.0701,0.004042135611804359,0.032610447636591496,8.067628295636176,0.0
7,0.9899494,0.28284273,0.0701,0.004042135611804359,0.12764472092933557,31.57853500920929,0.0
