Tile Number, Tile x cohordinate [m], Tile y cohordinate [m], area_m2[m2], Tile z cohordinate [m],absorbedPARTile [umol^s-1],absorbedPARTilem2 [umol m^-2 m^-1],Thermal time[dd]
1,0.1118034,0.0,0.0701,0.00108033979058772,0.0029801882567559454,2.7585656686167983,0.0
2,0.22360681,0.0559017,0.0701,0.0012078565728149138,0.01393893107749664,11.540220412935216,0.0
3,0.3354102,0.0559017,0.0701,0.00108033979058772,0.002455844943382293,2.273215302054439,0.0
4,0.44721362,0.1118034,0.0701,0.00108033979058772,0.005143427411454432,4.760934898691768,0.0
5,0.559017,0.1677051,0.0701,0.0012078565728149138,0.004475445531817476,3.7052789483004887,0.0
6,0.6708204,0.1677051,0.0701,0.00108033979058772,7.148903404451939E-4,0.6617273071616511,0.0
7,0.7826238,0.22360681,0.0701,0.00108033979058772,0.0018129872157080593,1.6781638809413555,0.0
