Tile Number, Tile x cohordinate [m], Tile y cohordinate [m], area_m2[m2], Tile z cohordinate [m],absorbedPARTile [umol^s-1],absorbedPARTilem2 [umol m^-2 m^-1],Thermal time[dd]
1,0.14142136,0.0,0.0701,0.004042135611804359,0.20797158102693558,51.45091629770918,0.0
2,0.28284273,0.07071068,0.0701,0.005716443181545683,0.13733464897778833,24.02449296113778,0.0
3,0.4242641,0.07071068,0.0701,0.004042135611804359,0.037543439454583515,9.288020754411203,0.0
4,0.56568545,0.14142136,0.0701,0.004042135611804359,0.16919767242116932,41.858484887804536,0.0
5,0.70710677,0.21213204,0.0701,0.005716443181545683,0.3605528467168172,63.07293456196418,0.0
6,0.8485281,0.21213204,0.0701,0.004042135611804359,0.16919707638486225,41.85833743201277,0.0
7,0.9899494,0.28284273,0.0701,0.004042135611804359,0.17679293757540385,43.737507732078704,0.0
