Tile Number, Tile x cohordinate [m], Tile y cohordinate [m], area_m2[m2], Tile z cohordinate [m],absorbedPARTile [umol^s-1],absorbedPARTilem2 [umol m^-2 m^-1],Thermal time[dd]
1,0.1118034,0.0,0.0701,0.00108033979058772,0.001737870716257671,1.6086334423656146,0.0
2,0.22360681,0.0559017,0.0701,0.0012078565728149138,9.753250378464403E-4,0.8074841498551786,0.0
3,0.3354102,0.0559017,0.0701,0.00108033979058772,8.068535923766619E-4,0.746851684448022,0.0
4,0.44721362,0.1118034,0.0701,0.00108033979058772,0.0033065136734916276,3.0606237984558895,0.0
5,0.559017,0.1677051,0.0701,0.0012078565728149138,0.013748488912490022,11.38255089381111,0.0
6,0.6708204,0.1677051,0.0701,0.00108033979058772,0.024643369005607405,22.810757523057696,0.0
7,0.7826238,0.22360681,0.0701,0.00108033979058772,0.0019940346396284574,1.8457476592097704,0.0
