Tile Number, Tile x cohordinate [m], Tile y cohordinate [m], area_m2[m2], Tile z cohordinate [m],absorbedPARTile [umol^s-1],absorbedPARTilem2 [umol m^-2 m^-1],Thermal time[dd]
1,0.14142136,0.0,0.0701,0.004042135611804359,0.1786428189242681,44.19515723385741,0.0
2,0.28284273,0.07071068,0.0701,0.005716443181545683,0.13015286459019978,22.768155032200887,0.0
3,0.4242641,0.07071068,0.0701,0.004042135611804359,0.10468936844209036,25.899519089949166,0.0
4,0.56568545,0.14142136,0.0701,0.004042135611804359,0.13559328822174074,33.54496267412799,0.0
5,0.70710677,0.21213204,0.0701,0.005716443181545683,0.21509114849891664,37.626744755076466,0.0
6,0.8485281,0.21213204,0.0701,0.004042135611804359,0.1934849012259801,47.86699898463101,0.0
7,0.9899494,0.28284273,0.0701,0.004042135611804359,0.16683038247191112,41.272831615226316,0.0
