Tile Number, Tile x cohordinate [m], Tile y cohordinate [m], area_m2[m2], Tile z cohordinate [m],absorbedPARTile [umol^s-1],absorbedPARTilem2 [umol m^-2 m^-1],Thermal time[dd]
1,0.1118034,0.0,0.0701,0.00108033979058772,0.0013611584726065864,1.2599355170155282,0.0
2,0.22360681,0.0559017,0.0701,0.0012078565728149138,0.0013855423204392474,1.1471083170166774,0.0
3,0.3354102,0.0559017,0.0701,0.00108033979058772,0.002719800283889772,2.5175415249772137,0.0
4,0.44721362,0.1118034,0.0701,0.00108033979058772,0.003737414347445779,3.4594804153354133,0.0
5,0.559017,0.1677051,0.0701,0.0012078565728149138,0.0030806254625337687,2.5504894636242783,0.0
6,0.6708204,0.1677051,0.0701,0.00108033979058772,0.0012135492759608668,1.1233033222822228,0.0
7,0.7826238,0.22360681,0.0701,0.00108033979058772,0.0010184608562097467,0.9427227110238064,0.0
