Tile Number, Tile x cohordinate [m], Tile y cohordinate [m], area_m2[m2], Tile z cohordinate [m],absorbedPARTile [umol^s-1],absorbedPARTilem2 [umol m^-2 m^-1],Thermal time[dd]
1,0.1118034,0.0,0.0701,0.00108033979058772,0.0019025871185121292,1.7611006602627266,0.0
2,0.22360681,0.0559017,0.0701,0.0012078565728149138,0.00282740962681731,2.3408488147131763,0.0
3,0.3354102,0.0559017,0.0701,0.00108033979058772,0.001883979797384194,1.7438770781175086,0.0
4,0.44721362,0.1118034,0.0701,0.00108033979058772,0.0026851586152916956,2.4854759943914795,0.0
5,0.559017,0.1677051,0.0701,0.0012078565728149138,0.001462082009384114,1.2104765104491892,0.0
6,0.6708204,0.1677051,0.0701,0.00108033979058772,5.566289057894689E-4,0.5152350312734987,0.0
7,0.7826238,0.22360681,0.0701,0.00108033979058772,0.0010401192106108583,0.962770435443296,0.0
