Tile Number, Tile x cohordinate [m], Tile y cohordinate [m], area_m2[m2], Tile z cohordinate [m],absorbedPARTile [umol^s-1],absorbedPARTilem2 [umol m^-2 m^-1],Thermal time[dd]
1,0.1118034,0.0,0.0701,0.00108033979058772,8.463302551104688E-4,0.7833926533892206,0.0
2,0.22360681,0.0559017,0.0701,0.0012078565728149138,7.666704554444639E-4,0.634736336001994,0.0
3,0.3354102,0.0559017,0.0701,0.00108033979058772,6.224659215066837E-4,0.5761760576901953,0.0
4,0.44721362,0.1118034,0.0701,0.00108033979058772,0.0038182742279692598,3.5343271267385843,0.0
5,0.559017,0.1677051,0.0701,0.0012078565728149138,0.008587918760961825,7.110048456289517,0.0
6,0.6708204,0.1677051,0.0701,0.00108033979058772,0.0032672868919887024,3.024314128253346,0.0
7,0.7826238,0.22360681,0.0701,0.00108033979058772,0.0044782875137081,4.145258327726547,0.0
