Tile Number, Tile x cohordinate [m], Tile y cohordinate [m], area_m2[m2], Tile z cohordinate [m],absorbedPARTile [umol^s-1],absorbedPARTilem2 [umol m^-2 m^-1],Thermal time[dd]
1,0.1118034,0.0,0.0701,0.00108033979058772,0.002724112715492114,2.5215332613178663,0.0
2,0.22360681,0.0559017,0.0701,0.0012078565728149138,0.00381662505388835,3.1598329965566134,0.0
3,0.3354102,0.0559017,0.0701,0.00108033979058772,0.0017576306169337125,1.6269238921372478,0.0
4,0.44721362,0.1118034,0.0701,0.00108033979058772,0.011069091541151422,10.245935248880986,0.0
5,0.559017,0.1677051,0.0701,0.0012078565728149138,0.0032654778130984836,2.7035311034391083,0.0
6,0.6708204,0.1677051,0.0701,0.00108033979058772,0.0018096663497135096,1.6750899721364756,0.0
7,0.7826238,0.22360681,0.0701,0.00108033979058772,0.007298252995414824,6.755516235724755,0.0
