Tile Number, Tile x cohordinate [m], Tile y cohordinate [m], area_m2[m2], Tile z cohordinate [m],absorbedPARTile [umol^s-1],absorbedPARTilem2 [umol m^-2 m^-1],Thermal time[dd]
1,0.14142136,0.0,0.0701,0.004042135611804359,0.2293066613830566,56.72908665246314,0.0
2,0.28284273,0.07071068,0.0701,0.005716443181545683,0.25098509630767823,43.905814916158015,0.0
3,0.4242641,0.07071068,0.0701,0.004042135611804359,0.16380361007141114,40.524026357020524,0.0
4,0.56568545,0.14142136,0.0701,0.004042135611804359,0.22318067665008545,55.213554933269634,0.0
5,0.70710677,0.21213204,0.0701,0.005716443181545683,0.21218592213989262,37.11852202517985,0.0
6,0.8485281,0.21213204,0.0701,0.004042135611804359,0.18252172954128265,45.15477635343541,0.0
7,0.9899494,0.28284273,0.0701,0.004042135611804359,0.22506509214279175,55.67974797419661,0.0
