Tile Number, Tile x cohordinate [m], Tile y cohordinate [m], area_m2[m2], Tile z cohordinate [m],absorbedPARTile [umol^s-1],absorbedPARTilem2 [umol m^-2 m^-1],Thermal time[dd]
1,0.1118034,0.0,0.0701,0.00108033979058772,0.0024738095519949124,2.2898439671921422,0.0
2,0.22360681,0.0559017,0.0701,0.0012078565728149138,0.012887001102957969,10.669314050197839,0.0
3,0.3354102,0.0559017,0.0701,0.00108033979058772,0.004269105347364554,3.9516320555425453,0.0
4,0.44721362,0.1118034,0.0701,0.00108033979058772,0.021126619077082274,19.55553175134751,0.0
5,0.559017,0.1677051,0.0701,0.0012078565728149138,0.005583026622564374,4.622259586296005,0.0
6,0.6708204,0.1677051,0.0701,0.00108033979058772,0.004008192619878855,3.7101221808171503,0.0
7,0.7826238,0.22360681,0.0701,0.00108033979058772,0.001395150495645902,1.2913997131281454,0.0
