Tile Number, Tile x cohordinate [m], Tile y cohordinate [m], area_m2[m2], Tile z cohordinate [m],absorbedPARTile [umol^s-1],absorbedPARTilem2 [umol m^-2 m^-1],Thermal time[dd]
1,0.14142136,0.0,0.0701,0.004042135611804359,0.11517003947052003,28.492373965431987,0.0
2,0.28284273,0.07071068,0.0701,0.005716443181545683,0.13752895031532286,24.058482862089093,0.0
3,0.4242641,0.07071068,0.0701,0.004042135611804359,0.16845978628372194,41.675936302523894,0.0
4,0.56568545,0.14142136,0.0701,0.004042135611804359,0.06863358194422066,16.979534715210477,0.0
5,0.70710677,0.21213204,0.0701,0.005716443181545683,0.09754090431200028,17.063215921902326,0.0
6,0.8485281,0.21213204,0.0701,0.004042135611804359,0.06417995951786638,15.877735356141908,0.0
7,0.9899494,0.28284273,0.0701,0.004042135611804359,0.027097005001345868,6.703635801385223,0.0
