Tile Number, Tile x cohordinate [m], Tile y cohordinate [m], area_m2[m2], Tile z cohordinate [m],absorbedPARTile [umol^s-1],absorbedPARTilem2 [umol m^-2 m^-1],Thermal time[dd]
1,0.1118034,0.0,0.0701,0.00108033979058772,0.007070031278515312,6.5442662948377714,0.0
2,0.22360681,0.0559017,0.0701,0.0012078565728149138,0.015907091449230252,13.169685712069871,0.0
3,0.3354102,0.0559017,0.0701,0.00108033979058772,0.006193927226825164,5.7333139821274015,0.0
4,0.44721362,0.1118034,0.0701,0.00108033979058772,0.004017587067962984,3.718818007968919,0.0
5,0.559017,0.1677051,0.0701,0.0012078565728149138,0.010570853825315137,8.75174591357294,0.0
6,0.6708204,0.1677051,0.0701,0.00108033979058772,0.005871592668871911,5.434949929667668,0.0
7,0.7826238,0.22360681,0.0701,0.00108033979058772,0.012665505757440172,11.72363164606754,0.0
