Tile Number, Tile x cohordinate [m], Tile y cohordinate [m], area_m2[m2], Tile z cohordinate [m],absorbedPARTile [umol^s-1],absorbedPARTilem2 [umol m^-2 m^-1],Thermal time[dd]
1,0.14142136,0.0,0.0701,0.004042135611804359,0.04332811435462014,10.719114477032354,0.0
2,0.28284273,0.07071068,0.0701,0.005716443181545683,0.03780031035011014,6.6125576953411125,0.0
3,0.4242641,0.07071068,0.0701,0.004042135611804359,0.0648165956626966,16.03523530319243,0.0
4,0.56568545,0.14142136,0.0701,0.004042135611804359,0.1511663132850508,37.39763526082492,0.0
5,0.70710677,0.21213204,0.0701,0.005716443181545683,0.21730391996637977,38.01383361386309,0.0
6,0.8485281,0.21213204,0.0701,0.004042135611804359,0.1601875755082503,39.62944118956577,0.0
7,0.9899494,0.28284273,0.0701,0.004042135611804359,0.04676401504066839,11.569135608439796,0.0
