Tile Number, Tile x cohordinate [m], Tile y cohordinate [m], area_m2[m2], Tile z cohordinate [m],absorbedPARTile [umol^s-1],absorbedPARTilem2 [umol m^-2 m^-1],Thermal time[dd]
1,0.1118034,0.0,0.0701,0.00108033979058772,5.533950549960603E-4,0.5122416667583869,0.0
2,0.22360681,0.0559017,0.0701,0.0012078565728149138,6.897132894561068E-4,0.5710225079528505,0.0
3,0.3354102,0.0559017,0.0701,0.00108033979058772,0.008376181465306236,7.753284233610868,0.0
4,0.44721362,0.1118034,0.0701,0.00108033979058772,7.371400882322691E-4,0.6823224458216564,0.0
5,0.559017,0.1677051,0.0701,0.0012078565728149138,0.0012133281731207357,1.0045300083047695,0.0
6,0.6708204,0.1677051,0.0701,0.00108033979058772,7.422298115518783E-4,0.6870336703493027,0.0
7,0.7826238,0.22360681,0.0701,0.00108033979058772,0.01536094034926616,14.218619440934962,0.0
