Tile Number, Tile x cohordinate [m], Tile y cohordinate [m], area_m2[m2], Tile z cohordinate [m],absorbedPARTile [umol^s-1],absorbedPARTilem2 [umol m^-2 m^-1],Thermal time[dd]
1,0.14142136,0.0,0.0701,0.004042135611804359,0.03732247592454553,9.233355708193383,0.0
2,0.28284273,0.07071068,0.0701,0.005716443181545683,0.17317462732040406,30.294122030192025,0.0
3,0.4242641,0.07071068,0.0701,0.004042135611804359,0.05656529757083774,13.993913862179326,0.0
4,0.56568545,0.14142136,0.0701,0.004042135611804359,0.12422802378009797,30.73326471712415,0.0
5,0.70710677,0.21213204,0.0701,0.005716443181545683,0.24078416413131715,42.12132553134394,0.0
6,0.8485281,0.21213204,0.0701,0.004042135611804359,0.25767783746505735,63.747944703426995,0.0
7,0.9899494,0.28284273,0.0701,0.004042135611804359,0.1681217074969578,41.59229764730984,0.0
