Tile Number, Tile x cohordinate [m], Tile y cohordinate [m], area_m2[m2], Tile z cohordinate [m],absorbedPARTile [umol^s-1],absorbedPARTilem2 [umol m^-2 m^-1],Thermal time[dd]
1,0.14142136,0.0,0.0701,0.004042135611804359,0.05657669174442687,13.996732712085267,0.0
2,0.28284273,0.07071068,0.0701,0.005716443181545683,0.10447250850539405,18.27578884063105,0.0
3,0.4242641,0.07071068,0.0701,0.004042135611804359,0.02861002403606245,7.077947595947006,0.0
4,0.56568545,0.14142136,0.0701,0.004042135611804359,0.13264596028227138,32.81581149699722,0.0
5,0.70710677,0.21213204,0.0701,0.005716443181545683,0.16477698389997086,28.825089074954544,0.0
6,0.8485281,0.21213204,0.0701,0.004042135611804359,0.20217082399775185,50.01584395321791,0.0
7,0.9899494,0.28284273,0.0701,0.004042135611804359,0.16158018387282694,39.97396410970475,0.0
