Tile Number, Tile x cohordinate [m], Tile y cohordinate [m], area_m2[m2], Tile z cohordinate [m],absorbedPARTile [umol^s-1],absorbedPARTilem2 [umol m^-2 m^-1],Thermal time[dd]
1,0.14142136,0.0,0.0701,0.004042135611804359,0.08972056593066106,22.196327522670845,0.0
2,0.28284273,0.07071068,0.0701,0.005716443181545683,0.06963433094307582,12.181408741693682,0.0
3,0.4242641,0.07071068,0.0701,0.004042135611804359,0.05246758660198789,12.980164853639584,0.0
4,0.56568545,0.14142136,0.0701,0.004042135611804359,0.0835873222309649,20.67899997883855,0.0
5,0.70710677,0.21213204,0.0701,0.005716443181545683,0.13168031191594404,23.0353574301317,0.0
6,0.8485281,0.21213204,0.0701,0.004042135611804359,0.042665738843067465,10.55524676571205,0.0
7,0.9899494,0.28284273,0.0701,0.004042135611804359,0.09247726577993458,22.878318458656032,0.0
