Tile Number, Tile x cohordinate [m], Tile y cohordinate [m], area_m2[m2], Tile z cohordinate [m],absorbedPARTile [umol^s-1],absorbedPARTilem2 [umol m^-2 m^-1],Thermal time[dd]
1,0.1118034,0.0,0.0701,0.00108033979058772,0.010851728233817047,10.044736228694822,0.0
2,0.22360681,0.0559017,0.0701,0.0012078565728149138,0.0011410615727525798,0.9446995598933837,0.0
3,0.3354102,0.0559017,0.0701,0.00108033979058772,0.00260759861864841,2.413683770020023,0.0
4,0.44721362,0.1118034,0.0701,0.00108033979058772,0.00595773299550685,5.514684405233061,0.0
5,0.559017,0.1677051,0.0701,0.0012078565728149138,0.0037349183944452046,3.0921870017571416,0.0
6,0.6708204,0.1677051,0.0701,0.00108033979058772,0.011346026083889215,10.50227547179098,0.0
7,0.7826238,0.22360681,0.0701,0.00108033979058772,0.0032311674159890996,2.9908806878540495,0.0
