Tile Number, Tile x cohordinate [m], Tile y cohordinate [m], area_m2[m2], Tile z cohordinate [m],absorbedPARTile [umol^s-1],absorbedPARTilem2 [umol m^-2 m^-1],Thermal time[dd]
1,0.14142136,0.0,0.0701,0.004042135611804359,0.17376819987564088,42.989205846577946,0.0
2,0.28284273,0.07071068,0.0701,0.005716443181545683,0.14753128028060913,25.808229977144247,0.0
3,0.4242641,0.07071068,0.0701,0.004042135611804359,0.04798344787692667,11.870815946105145,0.0
4,0.56568545,0.14142136,0.0701,0.004042135611804359,0.1607415190713501,39.76648349004725,0.0
5,0.70710677,0.21213204,0.0701,0.005716443181545683,0.24027192144592285,42.031716893747756,0.0
6,0.8485281,0.21213204,0.0701,0.004042135611804359,0.16241022496887206,40.1793112765888,0.0
7,0.9899494,0.28284273,0.0701,0.004042135611804359,0.12424705055271147,30.737971826048934,0.0
