Tile Number, Tile x cohordinate [m], Tile y cohordinate [m], area_m2[m2], Tile z cohordinate [m],absorbedPARTile [umol^s-1],absorbedPARTilem2 [umol m^-2 m^-1],Thermal time[dd]
1,0.1118034,0.0,0.0701,0.00108033979058772,0.00933884434228202,8.64435839876041,0.0
2,0.22360681,0.0559017,0.0701,0.0012078565728149138,9.000491128537384E-4,0.7451622428614773,0.0
3,0.3354102,0.0559017,0.0701,0.00108033979058772,0.0030443654785286237,2.817970332160446,0.0
4,0.44721362,0.1118034,0.0701,0.00108033979058772,0.00272230703329813,2.5198618592185307,0.0
5,0.559017,0.1677051,0.0701,0.0012078565728149138,0.0032169559257965562,2.663359208535356,0.0
6,0.6708204,0.1677051,0.0701,0.00108033979058772,0.007627439745882769,7.060222915360116,0.0
7,0.7826238,0.22360681,0.0701,0.00108033979058772,0.0016387789461240216,1.5169106612582537,0.0
