Tile Number, Tile x cohordinate [m], Tile y cohordinate [m], area_m2[m2], Tile z cohordinate [m],absorbedPARTile [umol^s-1],absorbedPARTilem2 [umol m^-2 m^-1],Thermal time[dd]
1,0.1118034,0.0,0.0701,0.00108033979058772,0.0052536783917107675,4.862987031934363,0.0
2,0.22360681,0.0559017,0.0701,0.0012078565728149138,0.003917270932100791,3.2431590142955287,0.0
3,0.3354102,0.0559017,0.0701,0.00108033979058772,0.002462372024177607,2.279256994540618,0.0
4,0.44721362,0.1118034,0.0701,0.00108033979058772,0.009382366427113313,8.684643950778833,0.0
5,0.559017,0.1677051,0.0701,0.0012078565728149138,0.015515513461222251,12.845493256755887,0.0
6,0.6708204,0.1677051,0.0701,0.00108033979058772,0.004080130950087208,3.776710795653986,0.0
7,0.7826238,0.22360681,0.0701,0.00108033979058772,0.007011646487062066,6.490223305806067,0.0
