Tile Number, Tile x cohordinate [m], Tile y cohordinate [m], area_m2[m2], Tile z cohordinate [m],absorbedPARTile [umol^s-1],absorbedPARTilem2 [umol m^-2 m^-1],Thermal time[dd]
1,0.1118034,0.0,0.0701,0.00108033979058772,0.008920557429309056,8.257177516766413,0.0
2,0.22360681,0.0559017,0.0701,0.0012078565728149138,0.003279861598128113,2.7154396241636407,0.0
3,0.3354102,0.0559017,0.0701,0.00108033979058772,0.002746718329789012,2.5424578023686037,0.0
4,0.44721362,0.1118034,0.0701,0.00108033979058772,0.0021233989162807825,1.9654917228639925,0.0
5,0.559017,0.1677051,0.0701,0.0012078565728149138,0.0021023446181766352,1.7405581635219438,0.0
6,0.6708204,0.1677051,0.0701,0.00108033979058772,0.0018148752107604604,1.6799114746788535,0.0
7,0.7826238,0.22360681,0.0701,0.00108033979058772,0.0012241755316169094,1.1331393532686054,0.0
