Tile Number, Tile x cohordinate [m], Tile y cohordinate [m], area_m2[m2], Tile z cohordinate [m],absorbedPARTile [umol^s-1],absorbedPARTilem2 [umol m^-2 m^-1],Thermal time[dd]
1,0.1118034,0.0,0.0701,0.00108033979058772,0.004824637202789286,4.465851618928722,0.0
2,0.22360681,0.0559017,0.0701,0.0012078565728149138,0.008662346968270217,7.171668526903479,0.0
3,0.3354102,0.0559017,0.0701,0.00108033979058772,0.009205005821164002,8.520472819164006,0.0
4,0.44721362,0.1118034,0.0701,0.00108033979058772,0.004322005752938838,4.00059850668613,0.0
5,0.559017,0.1677051,0.0701,0.0012078565728149138,0.003715448238298274,3.076067408930358,0.0
6,0.6708204,0.1677051,0.0701,0.00108033979058772,0.00883492082301976,8.177909302232994,0.0
7,0.7826238,0.22360681,0.0701,0.00108033979058772,0.004764486167973662,4.410173733748819,0.0
