Tile Number, Tile x cohordinate [m], Tile y cohordinate [m], area_m2[m2], Tile z cohordinate [m],absorbedPARTile [umol^s-1],absorbedPARTilem2 [umol m^-2 m^-1],Thermal time[dd]
1,0.1118034,0.0,0.0701,0.00108033979058772,0.0033758655536786837,3.1248183053983096,0.0
2,0.22360681,0.0559017,0.0701,0.0012078565728149138,0.003058115013420435,2.531852773126438,0.0
3,0.3354102,0.0559017,0.0701,0.00108033979058772,0.005028790435867123,4.6548229359684985,0.0
4,0.44721362,0.1118034,0.0701,0.00108033979058772,0.001375423701995108,1.2731399083679575,0.0
5,0.559017,0.1677051,0.0701,0.0012078565728149138,0.006946380045026,5.750997429137996,0.0
6,0.6708204,0.1677051,0.0701,0.00108033979058772,0.006184327089205977,5.724427761604168,0.0
7,0.7826238,0.22360681,0.0701,0.00108033979058772,0.0014706873490948373,1.3613192459520194,0.0
