Tile Number, Tile x cohordinate [m], Tile y cohordinate [m], area_m2[m2], Tile z cohordinate [m],absorbedPARTile [umol^s-1],absorbedPARTilem2 [umol m^-2 m^-1],Thermal time[dd]
1,0.14142136,0.0,0.0701,0.004042135611804359,0.06369510347326894,15.757784891545544,0.0
2,0.28284273,0.07071068,0.0701,0.005716443181545683,0.14927626627740065,26.113487274623356,0.0
3,0.4242641,0.07071068,0.0701,0.004042135611804359,0.08378022919455964,20.726723999534787,0.0
4,0.56568545,0.14142136,0.0701,0.004042135611804359,0.09861621044870615,24.397056387894192,0.0
5,0.70710677,0.21213204,0.0701,0.005716443181545683,0.08274732638668221,14.475316863782412,0.0
6,0.8485281,0.21213204,0.0701,0.004042135611804359,0.07156364700415233,17.704415159937497,0.0
7,0.9899494,0.28284273,0.0701,0.004042135611804359,0.15484999947603542,38.308957033460906,0.0
