Tile Number, Tile x cohordinate [m], Tile y cohordinate [m], area_m2[m2], Tile z cohordinate [m],absorbedPARTile [umol^s-1],absorbedPARTilem2 [umol m^-2 m^-1],Thermal time[dd]
1,0.14142136,0.0,0.0701,0.004042135611804359,0.09937946077486516,24.58587992066486,0.0
2,0.28284273,0.07071068,0.0701,0.005716443181545683,0.20789967289443972,36.368711503264734,0.0
3,0.4242641,0.07071068,0.0701,0.004042135611804359,0.1015143185913086,25.11403088378667,0.0
4,0.56568545,0.14142136,0.0701,0.004042135611804359,0.022485603669497964,5.562802891578561,0.0
5,0.70710677,0.21213204,0.0701,0.005716443181545683,0.04993048968828201,8.734537911523715,0.0
6,0.8485281,0.21213204,0.0701,0.004042135611804359,0.03678222433231175,9.099700718821905,0.0
7,0.9899494,0.28284273,0.0701,0.004042135611804359,0.03023917873347908,7.480990653844166,0.0
