Tile Number, Tile x cohordinate [m], Tile y cohordinate [m], area_m2[m2], Tile z cohordinate [m],absorbedPARTile [umol^s-1],absorbedPARTilem2 [umol m^-2 m^-1],Thermal time[dd]
1,0.1118034,0.0,0.0701,0.00108033979058772,8.28331334505559E-4,0.7667322278807626,0.0
2,0.22360681,0.0559017,0.0701,0.0012078565728149138,0.0017074697092704335,1.4136361449697372,0.0
3,0.3354102,0.0559017,0.0701,0.00108033979058772,5.296191891305845E-4,0.49023390024583313,0.0
4,0.44721362,0.1118034,0.0701,0.00108033979058772,0.01133257653148022,10.489826099356334,0.0
5,0.559017,0.1677051,0.0701,0.0012078565728149138,0.010346912583678402,8.56634207782211,0.0
6,0.6708204,0.1677051,0.0701,0.00108033979058772,0.014831831679325811,13.728858094967592,0.0
7,0.7826238,0.22360681,0.0701,0.00108033979058772,0.019628129511316723,18.168477808855627,0.0
