Tile Number, Tile x cohordinate [m], Tile y cohordinate [m], area_m2[m2], Tile z cohordinate [m],absorbedPARTile [umol^s-1],absorbedPARTilem2 [umol m^-2 m^-1],Thermal time[dd]
1,0.14142136,0.0,0.0701,0.004042135611804359,0.1409553653298187,34.87150824880365,0.0
2,0.28284273,0.07071068,0.0701,0.005716443181545683,0.11292510637571339,19.754435194994677,0.0
3,0.4242641,0.07071068,0.0701,0.004042135611804359,0.09650977424744608,23.875936761153174,0.0
4,0.56568545,0.14142136,0.0701,0.004042135611804359,0.07920327406406878,19.594412872435374,0.0
5,0.70710677,0.21213204,0.0701,0.005716443181545683,0.028587643165450694,5.000949411644605,0.0
6,0.8485281,0.21213204,0.0701,0.004042135611804359,0.03045133185736656,7.533476058655405,0.0
7,0.9899494,0.28284273,0.0701,0.004042135611804359,0.08570912184131622,21.203920420437534,0.0
