Tile Number, Tile x cohordinate [m], Tile y cohordinate [m], area_m2[m2], Tile z cohordinate [m],absorbedPARTile [umol^s-1],absorbedPARTilem2 [umol m^-2 m^-1],Thermal time[dd]
1,0.14142136,0.0,0.0701,0.004042135611804359,0.06894426318478386,17.056395382540863,0.0
2,0.28284273,0.07071068,0.0701,0.005716443181545683,0.23441809379975004,41.00768368633818,0.0
3,0.4242641,0.07071068,0.0701,0.004042135611804359,0.10316045804839931,25.521275868908752,0.0
4,0.56568545,0.14142136,0.0701,0.004042135611804359,0.04149196800752456,10.264862931949741,0.0
5,0.70710677,0.21213204,0.0701,0.005716443181545683,0.11039547237631085,19.311916321096145,0.0
6,0.8485281,0.21213204,0.0701,0.004042135611804359,0.14852193937184016,36.74343308475536,0.0
7,0.9899494,0.28284273,0.0701,0.004042135611804359,0.09288378522237939,22.978888919789906,0.0
