Tile Number, Tile x cohordinate [m], Tile y cohordinate [m], area_m2[m2], Tile z cohordinate [m],absorbedPARTile [umol^s-1],absorbedPARTilem2 [umol m^-2 m^-1],Thermal time[dd]
1,0.14142136,0.0,0.0701,0.004042135611804359,0.08603264221784175,21.283957412660342,0.0
2,0.28284273,0.07071068,0.0701,0.005716443181545683,0.06411186143261592,11.21534132265801,0.0
3,0.4242641,0.07071068,0.0701,0.004042135611804359,0.06550088091747563,16.20452335299974,0.0
4,0.56568545,0.14142136,0.0701,0.004042135611804359,0.08165893989170689,20.20192980493679,0.0
5,0.70710677,0.21213204,0.0701,0.005716443181545683,0.1410481047469358,24.674102456275524,0.0
6,0.8485281,0.21213204,0.0701,0.004042135611804359,0.11985165347407462,29.65057706724845,0.0
7,0.9899494,0.28284273,0.0701,0.004042135611804359,0.11512328863206107,28.480808089630486,0.0
