Tile Number, Tile x cohordinate [m], Tile y cohordinate [m], area_m2[m2], Tile z cohordinate [m],absorbedPARTile [umol^s-1],absorbedPARTilem2 [umol m^-2 m^-1],Thermal time[dd]
1,0.1118034,0.0,0.0701,0.00108033979058772,0.003762287691753018,3.482504045978239,0.0
2,0.22360681,0.0559017,0.0701,0.0012078565728149138,0.004145738080590144,3.4323099065715126,0.0
3,0.3354102,0.0559017,0.0701,0.00108033979058772,0.004159841629177944,3.850493766331547,0.0
4,0.44721362,0.1118034,0.0701,0.00108033979058772,0.006073380688729472,5.621731923273388,0.0
5,0.559017,0.1677051,0.0701,0.0012078565728149138,0.006892434271647855,5.706335029154176,0.0
6,0.6708204,0.1677051,0.0701,0.00108033979058772,0.0027291752033933836,2.526219275797177,0.0
7,0.7826238,0.22360681,0.0701,0.00108033979058772,0.010401024757897042,9.627549451121059,0.0
