Tile Number, Tile x cohordinate [m], Tile y cohordinate [m], area_m2[m2], Tile z cohordinate [m],absorbedPARTile [umol^s-1],absorbedPARTilem2 [umol m^-2 m^-1],Thermal time[dd]
1,0.14142136,0.0,0.0701,0.004042135611804359,0.32796051717651376,81.13545627186818,0.0
2,0.28284273,0.07071068,0.0701,0.005716443181545683,0.372592109454956,65.17901037795498,0.0
3,0.4242641,0.07071068,0.0701,0.004042135611804359,0.2355621287814331,58.276651603057196,0.0
4,0.56568545,0.14142136,0.0701,0.004042135611804359,0.19621653255966184,48.542788120874846,0.0
5,0.70710677,0.21213204,0.0701,0.005716443181545683,0.26240086187835693,45.902819908271304,0.0
6,0.8485281,0.21213204,0.0701,0.004042135611804359,0.2198118296643066,54.38012248336847,0.0
7,0.9899494,0.28284273,0.0701,0.004042135611804359,0.20928360807128904,51.7755038846575,0.0
