Tile Number, Tile x cohordinate [m], Tile y cohordinate [m], area_m2[m2], Tile z cohordinate [m],absorbedPARTile [umol^s-1],absorbedPARTilem2 [umol m^-2 m^-1],Thermal time[dd]
1,0.1118034,0.0,0.0701,0.00108033979058772,0.017445838612582695,16.148473623369842,0.0
2,0.22360681,0.0559017,0.0701,0.0012078565728149138,0.0052790564866088616,4.370598799082579,0.0
3,0.3354102,0.0559017,0.0701,0.00108033979058772,0.004465212509557184,4.133155650157111,0.0
4,0.44721362,0.1118034,0.0701,0.00108033979058772,0.0014555667377785615,1.3473230834038918,0.0
5,0.559017,0.1677051,0.0701,0.0012078565728149138,0.006008170600217507,4.974241756382916,0.0
6,0.6708204,0.1677051,0.0701,0.00108033979058772,0.0032336897082234175,2.9932154090744407,0.0
7,0.7826238,0.22360681,0.0701,0.00108033979058772,0.01857547885680685,17.19410783407462,0.0
