Tile Number, Tile x cohordinate [m], Tile y cohordinate [m], area_m2[m2], Tile z cohordinate [m],absorbedPARTile [umol^s-1],absorbedPARTilem2 [umol m^-2 m^-1],Thermal time[dd]
1,0.1118034,0.0,0.0701,0.00108033979058772,0.024714888740751072,22.876958671776617,0.0
2,0.22360681,0.0559017,0.0701,0.0012078565728149138,0.023459372270228266,19.42231619070145,0.0
3,0.3354102,0.0559017,0.0701,0.00108033979058772,0.026883688014334155,24.8844745408378,0.0
4,0.44721362,0.1118034,0.0701,0.00108033979058772,0.02664459060071242,24.6631576776575,0.0
5,0.559017,0.1677051,0.0701,0.0012078565728149138,0.018648091406159424,15.438994849115227,0.0
6,0.6708204,0.1677051,0.0701,0.00108033979058772,0.02369552627095699,21.933401395931455,0.0
7,0.7826238,0.22360681,0.0701,0.00108033979058772,0.024764099337669015,22.92250970798456,0.0
