Tile Number, Tile x cohordinate [m], Tile y cohordinate [m], area_m2[m2], Tile z cohordinate [m],absorbedPARTile [umol^s-1],absorbedPARTilem2 [umol m^-2 m^-1],Thermal time[dd]
1,0.1118034,0.0,0.0701,0.00108033979058772,0.008018059308067206,7.421793937354904,0.0
2,0.22360681,0.0559017,0.0701,0.0012078565728149138,0.012016695343438808,9.948776712315983,0.0
3,0.3354102,0.0559017,0.0701,0.00108033979058772,0.004855149234833134,4.494094614613672,0.0
4,0.44721362,0.1118034,0.0701,0.00108033979058772,0.004308984400692593,3.9885454911814784,0.0
5,0.559017,0.1677051,0.0701,0.0012078565728149138,0.0018782309820717551,1.5550116001724705,0.0
6,0.6708204,0.1677051,0.0701,0.00108033979058772,0.005222456868953544,4.834087307024445,0.0
7,0.7826238,0.22360681,0.0701,0.00108033979058772,0.001997316092519717,1.8487850858785357,0.0
