Tile Number, Tile x cohordinate [m], Tile y cohordinate [m], area_m2[m2], Tile z cohordinate [m],absorbedPARTile [umol^s-1],absorbedPARTilem2 [umol m^-2 m^-1],Thermal time[dd]
1,0.14142136,0.0,0.0701,0.004042135611804359,0.06232177729098599,15.418032267147591,0.0
2,0.28284273,0.07071068,0.0701,0.005716443181545683,0.16100781875101725,28.165734117815887,0.0
3,0.4242641,0.07071068,0.0701,0.004042135611804359,0.1401769330498914,34.67892879212881,0.0
4,0.56568545,0.14142136,0.0701,0.004042135611804359,0.07479836581121287,18.504665106429666,0.0
5,0.70710677,0.21213204,0.0701,0.005716443181545683,0.12353100833082598,21.609767543849554,0.0
6,0.8485281,0.21213204,0.0701,0.004042135611804359,0.0869540516307456,21.511908550720392,0.0
7,0.9899494,0.28284273,0.0701,0.004042135611804359,0.027161703803980704,6.7196418954029244,0.0
