Tile Number, Tile x cohordinate [m], Tile y cohordinate [m], area_m2[m2], Tile z cohordinate [m],absorbedPARTile [umol^s-1],absorbedPARTilem2 [umol m^-2 m^-1],Thermal time[dd]
1,0.1118034,0.0,0.0701,0.00108033979058772,0.0031183346211741594,2.8864387374621665,0.0
2,0.22360681,0.0559017,0.0701,0.0012078565728149138,0.014022621534738093,11.609508819460515,0.0
3,0.3354102,0.0559017,0.0701,0.00108033979058772,0.008250620154872984,7.637060327459134,0.0
4,0.44721362,0.1118034,0.0701,0.00108033979058772,0.004824291250670486,4.465531393642369,0.0
5,0.559017,0.1677051,0.0701,0.0012078565728149138,0.003198501372263673,2.648080446182078,0.0
6,0.6708204,0.1677051,0.0701,0.00108033979058772,0.003513812271386282,3.252506574320214,0.0
7,0.7826238,0.22360681,0.0701,0.00108033979058772,0.0011981642320798014,1.1090623917758164,0.0
