Tile Number, Tile x cohordinate [m], Tile y cohordinate [m], area_m2[m2], Tile z cohordinate [m],absorbedPARTile [umol^s-1],absorbedPARTilem2 [umol m^-2 m^-1],Thermal time[dd]
1,0.14142136,0.0,0.0701,0.004042135611804359,0.13827764452053706,34.20905625153225,0.0
2,0.28284273,0.07071068,0.0701,0.005716443181545683,0.26192907300415036,45.82028801575996,0.0
3,0.4242641,0.07071068,0.0701,0.004042135611804359,0.08005482687723439,19.805081908545592,0.0
4,0.56568545,0.14142136,0.0701,0.004042135611804359,0.07274662553930482,17.997076923114815,0.0
5,0.70710677,0.21213204,0.0701,0.005716443181545683,0.07322722516627238,12.809927929078496,0.0
6,0.8485281,0.21213204,0.0701,0.004042135611804359,0.10026490224375377,24.804932806051195,0.0
7,0.9899494,0.28284273,0.0701,0.004042135611804359,0.08398764763051768,20.77803807107467,0.0
