Tile Number, Tile x cohordinate [m], Tile y cohordinate [m], area_m2[m2], Tile z cohordinate [m],absorbedPARTile [umol^s-1],absorbedPARTilem2 [umol m^-2 m^-1],Thermal time[dd]
1,0.1118034,0.0,0.0701,0.00108033979058772,0.006317118504101224,5.847344103344212,0.0
2,0.22360681,0.0559017,0.0701,0.0012078565728149138,0.004489989083768724,3.7173197421153987,0.0
3,0.3354102,0.0559017,0.0701,0.00108033979058772,0.004587478525802824,4.2463293176558565,0.0
4,0.44721362,0.1118034,0.0701,0.00108033979058772,0.0060089467048180896,5.562089591784025,0.0
5,0.559017,0.1677051,0.0701,0.0012078565728149138,0.010471389496471873,8.669398115761597,0.0
6,0.6708204,0.1677051,0.0701,0.00108033979058772,0.004029847300055987,3.7301665042474217,0.0
7,0.7826238,0.22360681,0.0701,0.00108033979058772,0.006144915052740415,5.687946612979511,0.0
