Tile Number, Tile x cohordinate [m], Tile y cohordinate [m], area_m2[m2], Tile z cohordinate [m],absorbedPARTile [umol^s-1],absorbedPARTilem2 [umol m^-2 m^-1],Thermal time[dd]
1,0.1118034,0.0,0.0701,0.00108033979058772,0.0027371735230304296,2.5336227980100308,0.0
2,0.22360681,0.0559017,0.0701,0.0012078565728149138,0.012589545644470086,10.423046848294337,0.0
3,0.3354102,0.0559017,0.0701,0.00108033979058772,0.0026131884381705808,2.4188579009470437,0.0
4,0.44721362,0.1118034,0.0701,0.00108033979058772,0.0030034587488497718,2.7801056436288887,0.0
5,0.559017,0.1677051,0.0701,0.0012078565728149138,0.005475191615692324,4.532981596426115,0.0
6,0.6708204,0.1677051,0.0701,0.00108033979058772,0.005412370545553513,5.009877996448791,0.0
7,0.7826238,0.22360681,0.0701,0.00108033979058772,0.0029859927315104284,2.763938491875789,0.0
