Tile Number, Tile x cohordinate [m], Tile y cohordinate [m], area_m2[m2], Tile z cohordinate [m],absorbedPARTile [umol^s-1],absorbedPARTilem2 [umol m^-2 m^-1],Thermal time[dd]
1,0.14142136,0.0,0.0701,0.004042135611804359,0.17340982909744262,42.90054707492474,0.0
2,0.28284273,0.07071068,0.0701,0.005716443181545683,0.2737465649560547,47.887568591565305,0.0
3,0.4242641,0.07071068,0.0701,0.004042135611804359,0.19741390282173152,48.83901031059381,0.0
4,0.56568545,0.14142136,0.0701,0.004042135611804359,0.13512119324546812,33.42816922096082,0.0
5,0.70710677,0.21213204,0.0701,0.005716443181545683,0.1945355547148132,34.03087348840092,0.0
6,0.8485281,0.21213204,0.0701,0.004042135611804359,0.12258241951288223,30.326152134753084,0.0
7,0.9899494,0.28284273,0.0701,0.004042135611804359,0.1326256672314453,32.810791118470874,0.0
