Tile Number, Tile x cohordinate [m], Tile y cohordinate [m], area_m2[m2], Tile z cohordinate [m],absorbedPARTile [umol^s-1],absorbedPARTilem2 [umol m^-2 m^-1],Thermal time[dd]
1,0.14142136,0.0,0.0701,0.004042135611804359,0.04327486139682069,10.705940016075642,0.0
2,0.28284273,0.07071068,0.0701,0.005716443181545683,0.11756949382438658,20.566896248341035,0.0
3,0.4242641,0.07071068,0.0701,0.004042135611804359,0.03192320955269575,7.897609733693627,0.0
4,0.56568545,0.14142136,0.0701,0.004042135611804359,0.03619647735541404,8.954790445354798,0.0
5,0.70710677,0.21213204,0.0701,0.005716443181545683,0.09015951786408424,15.77196081562483,0.0
6,0.8485281,0.21213204,0.0701,0.004042135611804359,0.11907417394550324,29.458233315519564,0.0
7,0.9899494,0.28284273,0.0701,0.004042135611804359,0.06914792328040839,17.106779663322975,0.0
