Tile Number, Tile x cohordinate [m], Tile y cohordinate [m], area_m2[m2], Tile z cohordinate [m],absorbedPARTile [umol^s-1],absorbedPARTilem2 [umol m^-2 m^-1],Thermal time[dd]
1,0.14142136,0.0,0.0701,0.004042135611804359,0.18756603837615968,46.40270797159933,0.0
2,0.28284273,0.07071068,0.0701,0.005716443181545683,0.06334692113655567,11.08152729324026,0.0
3,0.4242641,0.07071068,0.0701,0.004042135611804359,0.031074466618319748,7.6876358446688755,0.0
4,0.56568545,0.14142136,0.0701,0.004042135611804359,0.03962336029918671,9.802580641647333,0.0
5,0.70710677,0.21213204,0.0701,0.005716443181545683,0.07298500179545284,12.767554837432714,0.0
6,0.8485281,0.21213204,0.0701,0.004042135611804359,0.04193584751150404,10.37467604724533,0.0
7,0.9899494,0.28284273,0.0701,0.004042135611804359,0.10584177908925771,26.184618541783966,0.0
