Tile Number, Tile x cohordinate [m], Tile y cohordinate [m], area_m2[m2], Tile z cohordinate [m],absorbedPARTile [umol^s-1],absorbedPARTilem2 [umol m^-2 m^-1],Thermal time[dd]
1,0.1118034,0.0,0.0701,0.00108033979058772,0.0027247524969344957,2.5221254652225595,0.0
2,0.22360681,0.0559017,0.0701,0.0012078565728149138,0.0034853203464426568,2.8855415658500796,0.0
3,0.3354102,0.0559017,0.0701,0.00108033979058772,9.168813675744808E-4,0.848697211342817,0.0
4,0.44721362,0.1118034,0.0701,0.00108033979058772,0.029609325631891722,27.40741930442443,0.0
5,0.559017,0.1677051,0.0701,0.0012078565728149138,0.047198252642654336,39.07604073607734,0.0
6,0.6708204,0.1677051,0.0701,0.00108033979058772,0.004602667816013501,4.26038905177193,0.0
7,0.7826238,0.22360681,0.0701,0.00108033979058772,0.008201626656211757,7.591710244931327,0.0
