Tile Number, Tile x cohordinate [m], Tile y cohordinate [m], area_m2[m2], Tile z cohordinate [m],absorbedPARTile [umol^s-1],absorbedPARTilem2 [umol m^-2 m^-1],Thermal time[dd]
1,0.1118034,0.0,0.0701,0.00108033979058772,0.0040592862404216935,3.7574162090367746,0.0
2,0.22360681,0.0559017,0.0701,0.0012078565728149138,0.018344250053983616,15.187440683650278,0.0
3,0.3354102,0.0559017,0.0701,0.00108033979058772,0.009090880260523584,8.414834239862644,0.0
4,0.44721362,0.1118034,0.0701,0.00108033979058772,0.009367427555363827,8.670816012680433,0.0
5,0.559017,0.1677051,0.0701,0.0012078565728149138,0.03173745508195137,26.275847477475843,0.0
6,0.6708204,0.1677051,0.0701,0.00108033979058772,0.01731403429979785,16.026470977597494,0.0
7,0.7826238,0.22360681,0.0701,0.00108033979058772,0.012605370932073114,11.667968764915727,0.0
