Tile Number, Tile x cohordinate [m], Tile y cohordinate [m], area_m2[m2], Tile z cohordinate [m],absorbedPARTile [umol^s-1],absorbedPARTilem2 [umol m^-2 m^-1],Thermal time[dd]
1,0.14142136,0.0,0.0701,0.004042135611804359,0.12536580322181703,31.01474449687137,0.0
2,0.28284273,0.07071068,0.0701,0.005716443181545683,0.19234080762390138,33.646937705045794,0.0
3,0.4242641,0.07071068,0.0701,0.004042135611804359,0.16755509067245483,41.452120058302626,0.0
4,0.56568545,0.14142136,0.0701,0.004042135611804359,0.13859227299552918,34.286893440881684,0.0
5,0.70710677,0.21213204,0.0701,0.005716443181545683,0.28025001371917724,49.02524258859156,0.0
6,0.8485281,0.21213204,0.0701,0.004042135611804359,0.18397446617904661,45.514174646140255,0.0
7,0.9899494,0.28284273,0.0701,0.004042135611804359,0.1294258175401306,32.01916758115805,0.0
