Tile Number, Tile x cohordinate [m], Tile y cohordinate [m], area_m2[m2], Tile z cohordinate [m],absorbedPARTile [umol^s-1],absorbedPARTilem2 [umol m^-2 m^-1],Thermal time[dd]
1,0.14142136,0.0,0.0701,0.004042135611804359,0.21728384486288427,53.75471427241192,0.0
2,0.28284273,0.07071068,0.0701,0.005716443181545683,0.02432113934708324,4.254593035333378,0.0
3,0.4242641,0.07071068,0.0701,0.004042135611804359,0.024331790547262037,6.019538403463071,0.0
4,0.56568545,0.14142136,0.0701,0.004042135611804359,0.06213390667392603,15.371554208244444,0.0
5,0.70710677,0.21213204,0.0701,0.005716443181545683,0.15480800821118754,27.08117675532089,0.0
6,0.8485281,0.21213204,0.0701,0.004042135611804359,0.050788493221384255,12.564767266359205,0.0
7,0.9899494,0.28284273,0.0701,0.004042135611804359,0.020350862477985173,5.034680780762029,0.0
