Tile Number, Tile x cohordinate [m], Tile y cohordinate [m], area_m2[m2], Tile z cohordinate [m],absorbedPARTile [umol^s-1],absorbedPARTilem2 [umol m^-2 m^-1],Thermal time[dd]
1,0.14142136,0.0,0.0701,0.004042135611804359,0.16196277568778997,40.06861501994283,0.0
2,0.28284273,0.07071068,0.0701,0.005716443181545683,0.17455746334648134,30.536027001895665,0.0
3,0.4242641,0.07071068,0.0701,0.004042135611804359,0.1644893885933022,40.69368383211571,0.0
4,0.56568545,0.14142136,0.0701,0.004042135611804359,0.17603438060919446,43.54984530828615,0.0
5,0.70710677,0.21213204,0.0701,0.005716443181545683,0.12304280851377646,21.524364820242404,0.0
6,0.8485281,0.21213204,0.0701,0.004042135611804359,0.12118342272228003,29.980048756500093,0.0
7,0.9899494,0.28284273,0.0701,0.004042135611804359,0.11497631845606165,28.444448553456038,0.0
