Tile Number, Tile x cohordinate [m], Tile y cohordinate [m], area_m2[m2], Tile z cohordinate [m],absorbedPARTile [umol^s-1],absorbedPARTilem2 [umol m^-2 m^-1],Thermal time[dd]
1,0.14142136,0.0,0.0701,0.004042135611804359,0.14848990121568043,36.73550703792354,0.0
2,0.28284273,0.07071068,0.0701,0.005716443181545683,0.10829264857136409,18.94406104148184,0.0
3,0.4242641,0.07071068,0.0701,0.004042135611804359,0.12423835122773051,30.73581966545453,0.0
4,0.56568545,0.14142136,0.0701,0.004042135611804359,0.10585157681804298,26.187042440862626,0.0
5,0.70710677,0.21213204,0.0701,0.005716443181545683,0.09468893024270356,16.564308825527483,0.0
6,0.8485281,0.21213204,0.0701,0.004042135611804359,0.025669869270998392,6.350571018951954,0.0
7,0.9899494,0.28284273,0.0701,0.004042135611804359,0.056051750523205754,13.866865416270619,0.0
