Tile Number, Tile x cohordinate [m], Tile y cohordinate [m], area_m2[m2], Tile z cohordinate [m],absorbedPARTile [umol^s-1],absorbedPARTilem2 [umol m^-2 m^-1],Thermal time[dd]
1,0.1118034,0.0,0.0701,0.00108033979058772,0.015685085976537727,14.518659882003256,0.0
2,0.22360681,0.0559017,0.0701,0.0012078565728149138,0.018156230676102638,15.031777021165254,0.0
3,0.3354102,0.0559017,0.0701,0.00108033979058772,0.01136849986044055,10.523077979249406,0.0
4,0.44721362,0.1118034,0.0701,0.00108033979058772,0.012113965623300114,11.213106958422728,0.0
5,0.559017,0.1677051,0.0701,0.0012078565728149138,0.032545141844966055,26.94454174233576,0.0
6,0.6708204,0.1677051,0.0701,0.00108033979058772,0.017564840876546615,16.25862624849826,0.0
7,0.7826238,0.22360681,0.0701,0.00108033979058772,0.020907433824012438,19.352646274963643,0.0
