Tile Number, Tile x cohordinate [m], Tile y cohordinate [m], area_m2[m2], Tile z cohordinate [m],absorbedPARTile [umol^s-1],absorbedPARTilem2 [umol m^-2 m^-1],Thermal time[dd]
1,0.1118034,0.0,0.0701,0.00108033979058772,0.0032677454364487195,3.024738572917897,0.0
2,0.22360681,0.0559017,0.0701,0.0012078565728149138,0.019556738647093314,16.19127559285973,0.0
3,0.3354102,0.0559017,0.0701,0.00108033979058772,0.0021534106889806665,1.9932716611402244,0.0
4,0.44721362,0.1118034,0.0701,0.00108033979058772,0.0023095386997110234,2.1377891658092145,0.0
5,0.559017,0.1677051,0.0701,0.0012078565728149138,6.424452066625103E-4,0.5318886539361951,0.0
6,0.6708204,0.1677051,0.0701,0.00108033979058772,5.038222549237318E-4,0.4663553627416106,0.0
7,0.7826238,0.22360681,0.0701,0.00108033979058772,7.486833149358176E-4,0.6930072570302381,0.0
