Tile Number, Tile x cohordinate [m], Tile y cohordinate [m], area_m2[m2], Tile z cohordinate [m],absorbedPARTile [umol^s-1],absorbedPARTilem2 [umol m^-2 m^-1],Thermal time[dd]
1,0.1118034,0.0,0.0701,0.00108033979058772,0.02385204404935837,22.078279683082418,0.0
2,0.22360681,0.0559017,0.0701,0.0012078565728149138,0.025487103660511972,21.10110110268655,0.0
3,0.3354102,0.0559017,0.0701,0.00108033979058772,0.01977892040163935,18.308055089667057,0.0
4,0.44721362,0.1118034,0.0701,0.00108033979058772,0.025212272659261525,23.337354486911657,0.0
5,0.559017,0.1677051,0.0701,0.0012078565728149138,0.017991827854035497,14.895665809149412,0.0
6,0.6708204,0.1677051,0.0701,0.00108033979058772,0.018156240931207834,16.806046661792013,0.0
7,0.7826238,0.22360681,0.0701,0.00108033979058772,0.014903222775938732,13.794940171398455,0.0
