Tile Number, Tile x cohordinate [m], Tile y cohordinate [m], area_m2[m2], Tile z cohordinate [m],absorbedPARTile [umol^s-1],absorbedPARTilem2 [umol m^-2 m^-1],Thermal time[dd]
1,0.14142136,0.0,0.0701,0.004042135611804359,0.10796197288144431,26.70914171364266,0.0
2,0.28284273,0.07071068,0.0701,0.005716443181545683,0.2909011594502766,50.88848961000591,0.0
3,0.4242641,0.07071068,0.0701,0.004042135611804359,0.13824861179748377,34.20187373074584,0.0
4,0.56568545,0.14142136,0.0701,0.004042135611804359,0.12635701427869997,31.25996414115749,0.0
5,0.70710677,0.21213204,0.0701,0.005716443181545683,0.15547292722447714,27.197493666409265,0.0
6,0.8485281,0.21213204,0.0701,0.004042135611804359,0.10567245841497976,26.142729626977772,0.0
7,0.9899494,0.28284273,0.0701,0.004042135611804359,0.10793642410756746,26.702821100894724,0.0
