Tile Number, Tile x cohordinate [m], Tile y cohordinate [m], area_m2[m2], Tile z cohordinate [m],absorbedPARTile [umol^s-1],absorbedPARTilem2 [umol m^-2 m^-1],Thermal time[dd]
1,0.1118034,0.0,0.0701,0.00108033979058772,0.022672163157002132,20.986140985021166,0.0
2,0.22360681,0.0559017,0.0701,0.0012078565728149138,0.006011222977111132,4.976768858492823,0.0
3,0.3354102,0.0559017,0.0701,0.00108033979058772,0.006987920663819611,6.468261860481955,0.0
4,0.44721362,0.1118034,0.0701,0.00108033979058772,0.010988587002942538,10.171417454655256,0.0
5,0.559017,0.1677051,0.0701,0.0012078565728149138,0.01756701891715233,14.543961023627444,0.0
6,0.6708204,0.1677051,0.0701,0.00108033979058772,0.006537124281385579,6.050989085414777,0.0
7,0.7826238,0.22360681,0.0701,0.00108033979058772,0.008607453819190414,7.967357949953727,0.0
