Tile Number, Tile x cohordinate [m], Tile y cohordinate [m], area_m2[m2], Tile z cohordinate [m],absorbedPARTile [umol^s-1],absorbedPARTilem2 [umol m^-2 m^-1],Thermal time[dd]
1,0.1118034,0.0,0.0701,0.00108033979058772,0.0035259506241147715,3.2637422548294786,0.0
2,0.22360681,0.0559017,0.0701,0.0012078565728149138,0.0062239448553452195,5.152884038905626,0.0
3,0.3354102,0.0559017,0.0701,0.00108033979058772,0.0030927142639827487,2.862723645770993,0.0
4,0.44721362,0.1118034,0.0701,0.00108033979058772,0.0033042004242297956,3.0584825746650175,0.0
5,0.559017,0.1677051,0.0701,0.0012078565728149138,0.006866353906557658,5.684742759279438,0.0
6,0.6708204,0.1677051,0.0701,0.00108033979058772,0.003745790407872812,3.4672335875317986,0.0
7,0.7826238,0.22360681,0.0701,0.00108033979058772,0.006628960089802696,6.135995496561734,0.0
