Tile Number, Tile x cohordinate [m], Tile y cohordinate [m], area_m2[m2], Tile z cohordinate [m],absorbedPARTile [umol^s-1],absorbedPARTilem2 [umol m^-2 m^-1],Thermal time[dd]
1,0.14142136,0.0,0.0701,0.004042135611804359,0.1790872926907349,44.30511736611245,0.0
2,0.28284273,0.07071068,0.0701,0.005716443181545683,0.21255205105834965,37.18257040401077,0.0
3,0.4242641,0.07071068,0.0701,0.004042135611804359,0.1758302672634888,43.499348896164406,0.0
4,0.56568545,0.14142136,0.0701,0.004042135611804359,0.28263697912551883,69.9226859930494,0.0
5,0.70710677,0.21213204,0.0701,0.005716443181545683,0.37469020025970456,65.54603769513741,0.0
6,0.8485281,0.21213204,0.0701,0.004042135611804359,0.1903801633618164,47.09890554038909,0.0
7,0.9899494,0.28284273,0.0701,0.004042135611804359,0.26998917237945563,66.79369479613669,0.0
