Tile Number, Tile x cohordinate [m], Tile y cohordinate [m], area_m2[m2], Tile z cohordinate [m],absorbedPARTile [umol^s-1],absorbedPARTilem2 [umol m^-2 m^-1],Thermal time[dd]
1,0.14142136,0.0,0.0701,0.004042135611804359,0.0695504109980474,17.206352700027537,0.0
2,0.28284273,0.07071068,0.0701,0.005716443181545683,0.27033559871838886,47.29087478576008,0.0
3,0.4242641,0.07071068,0.0701,0.004042135611804359,0.05315134531593968,13.149322640418186,0.0
4,0.56568545,0.14142136,0.0701,0.004042135611804359,0.04271784561555188,10.568137667326594,0.0
5,0.70710677,0.21213204,0.0701,0.005716443181545683,0.2001810402367274,35.0184605845413,0.0
6,0.8485281,0.21213204,0.0701,0.004042135611804359,0.03852728428939555,9.531418039732083,0.0
7,0.9899494,0.28284273,0.0701,0.004042135611804359,0.12567010500571735,31.090026925054048,0.0
