Tile Number, Tile x cohordinate [m], Tile y cohordinate [m], area_m2[m2], Tile z cohordinate [m],absorbedPARTile [umol^s-1],absorbedPARTilem2 [umol m^-2 m^-1],Thermal time[dd]
1,0.1118034,0.0,0.0701,0.00108033979058772,0.003989542914346454,3.6928593661963403,0.0
2,0.22360681,0.0559017,0.0701,0.0012078565728149138,0.00672999845535908,5.571852326534761,0.0
3,0.3354102,0.0559017,0.0701,0.00108033979058772,0.007242930671433671,6.7043079728586275,0.0
4,0.44721362,0.1118034,0.0701,0.00108033979058772,0.02100962367374024,19.447236746052564,0.0
5,0.559017,0.1677051,0.0701,0.0012078565728149138,0.017433945838306524,14.43378810919301,0.0
6,0.6708204,0.1677051,0.0701,0.00108033979058772,0.015065819608367576,13.9454454419119,0.0
7,0.7826238,0.22360681,0.0701,0.00108033979058772,0.012805269598237223,11.853001907178646,0.0
