Tile Number, Tile x cohordinate [m], Tile y cohordinate [m], area_m2[m2], Tile z cohordinate [m],absorbedPARTile [umol^s-1],absorbedPARTilem2 [umol m^-2 m^-1],Thermal time[dd]
1,0.14142136,0.0,0.0701,0.004042135611804359,0.08486658247175616,20.99548125597715,0.0
2,0.28284273,0.07071068,0.0701,0.005716443181545683,0.07660808067523439,13.401354346098852,0.0
3,0.4242641,0.07071068,0.0701,0.004042135611804359,0.008306488752502656,2.054975277980528,0.0
4,0.56568545,0.14142136,0.0701,0.004042135611804359,0.01858296642660439,4.597313947690434,0.0
5,0.70710677,0.21213204,0.0701,0.005716443181545683,0.13884441407575607,24.288602137074612,0.0
6,0.8485281,0.21213204,0.0701,0.004042135611804359,0.11514573177254794,28.486360387386487,0.0
7,0.9899494,0.28284273,0.0701,0.004042135611804359,0.03678365153304086,9.100053799684641,0.0
