Tile Number, Tile x cohordinate [m], Tile y cohordinate [m], area_m2[m2], Tile z cohordinate [m],absorbedPARTile [umol^s-1],absorbedPARTilem2 [umol m^-2 m^-1],Thermal time[dd]
1,0.1118034,0.0,0.0701,0.00108033979058772,0.003519596316174706,3.2578604868936623,0.0
2,0.22360681,0.0559017,0.0701,0.0012078565728149138,0.012830462855162546,10.62250530728256,0.0
3,0.3354102,0.0559017,0.0701,0.00108033979058772,0.015616939817209026,14.45558143212812,0.0
4,0.44721362,0.1118034,0.0701,0.00108033979058772,0.0025371152192667544,2.3484418896452275,0.0
5,0.559017,0.1677051,0.0701,0.0012078565728149138,0.014422070190288872,11.94021750171727,0.0
6,0.6708204,0.1677051,0.0701,0.00108033979058772,0.006430294229042902,5.952103481761727,0.0
7,0.7826238,0.22360681,0.0701,0.00108033979058772,0.002703638328197444,2.502581457937995,0.0
