Tile Number, Tile x cohordinate [m], Tile y cohordinate [m], area_m2[m2], Tile z cohordinate [m],absorbedPARTile [umol^s-1],absorbedPARTilem2 [umol m^-2 m^-1],Thermal time[dd]
1,0.14142136,0.0,0.0701,0.004042135611804359,0.14368687219039916,35.54726659115207,0.0
2,0.28284273,0.07071068,0.0701,0.005716443181545683,0.21355245477264403,37.35757497984981,0.0
3,0.4242641,0.07071068,0.0701,0.004042135611804359,0.16287124715797427,40.29336538891395,0.0
4,0.56568545,0.14142136,0.0701,0.004042135611804359,0.16811718172128678,41.59117799767271,0.0
5,0.70710677,0.21213204,0.0701,0.005716443181545683,0.21077221720275877,36.871217032855654,0.0
6,0.8485281,0.21213204,0.0701,0.004042135611804359,0.16085574004009248,39.79474106963187,0.0
7,0.9899494,0.28284273,0.0701,0.004042135611804359,0.2157184222795105,53.36743815559826,0.0
