Tile Number, Tile x cohordinate [m], Tile y cohordinate [m], area_m2[m2], Tile z cohordinate [m],absorbedPARTile [umol^s-1],absorbedPARTilem2 [umol m^-2 m^-1],Thermal time[dd]
1,0.14142136,0.0,0.0701,0.004042135611804359,0.09171473779932976,22.68967362982397,0.0
2,0.28284273,0.07071068,0.0701,0.005716443181545683,0.10380987910318373,18.159872460258466,0.0
3,0.4242641,0.07071068,0.0701,0.004042135611804359,0.123170467554245,30.47163167770693,0.0
4,0.56568545,0.14142136,0.0701,0.004042135611804359,0.2297494705392456,56.83863497016328,0.0
5,0.70710677,0.21213204,0.0701,0.005716443181545683,0.36270608701904294,63.4496093987188,0.0
6,0.8485281,0.21213204,0.0701,0.004042135611804359,0.1787690620967102,44.226389034213994,0.0
7,0.9899494,0.28284273,0.0701,0.004042135611804359,0.1913766627418518,47.34543348396558,0.0
