Tile Number, Tile x cohordinate [m], Tile y cohordinate [m], area_m2[m2], Tile z cohordinate [m],absorbedPARTile [umol^s-1],absorbedPARTilem2 [umol m^-2 m^-1],Thermal time[dd]
1,0.14142136,0.0,0.0701,0.004042135611804359,0.04224039504584236,10.45001927260594,0.0
2,0.28284273,0.07071068,0.0701,0.005716443181545683,0.2811855592347463,49.18890126337543,0.0
3,0.4242641,0.07071068,0.0701,0.004042135611804359,0.0989897446411083,24.489466496875025,0.0
4,0.56568545,0.14142136,0.0701,0.004042135611804359,0.1726429262184898,42.71081992259635,0.0
5,0.70710677,0.21213204,0.0701,0.005716443181545683,0.06035320721190423,10.557825083741177,0.0
6,0.8485281,0.21213204,0.0701,0.004042135611804359,0.024401578678480057,6.036803566713462,0.0
7,0.9899494,0.28284273,0.0701,0.004042135611804359,0.06523919055238188,16.13978273313297,0.0
