Tile Number, Tile x cohordinate [m], Tile y cohordinate [m], area_m2[m2], Tile z cohordinate [m],absorbedPARTile [umol^s-1],absorbedPARTilem2 [umol m^-2 m^-1],Thermal time[dd]
1,0.14142136,0.0,0.0701,0.004042135611804359,0.0803281596237564,19.872702783442463,0.0
2,0.28284273,0.07071068,0.0701,0.005716443181545683,0.10506994545942305,18.380300848370005,0.0
3,0.4242641,0.07071068,0.0701,0.004042135611804359,0.06879890894706726,17.02043561976296,0.0
4,0.56568545,0.14142136,0.0701,0.004042135611804359,0.03364268823227957,8.322998400655313,0.0
5,0.70710677,0.21213204,0.0701,0.005716443181545683,0.09294277525425432,16.258847031717245,0.0
6,0.8485281,0.21213204,0.0701,0.004042135611804359,0.07751769702119828,19.177411266168612,0.0
7,0.9899494,0.28284273,0.0701,0.004042135611804359,0.06408882584287168,15.85518943394955,0.0
