Tile Number, Tile x cohordinate [m], Tile y cohordinate [m], area_m2[m2], Tile z cohordinate [m],absorbedPARTile [umol^s-1],absorbedPARTilem2 [umol m^-2 m^-1],Thermal time[dd]
1,0.14142136,0.0,0.0701,0.004042135611804359,0.046052607785124926,11.393137739029891,0.0
2,0.28284273,0.07071068,0.0701,0.005716443181545683,0.12266651134773253,21.458537669671095,0.0
3,0.4242641,0.07071068,0.0701,0.004042135611804359,0.05190412792556046,12.84076857144115,0.0
4,0.56568545,0.14142136,0.0701,0.004042135611804359,0.08105827433014393,20.053328763495028,0.0
5,0.70710677,0.21213204,0.0701,0.005716443181545683,0.11310225024987221,19.78542367306277,0.0
6,0.8485281,0.21213204,0.0701,0.004042135611804359,0.057034900700525054,14.110090847512506,0.0
7,0.9899494,0.28284273,0.0701,0.004042135611804359,0.01319799858668797,3.2651053438547417,0.0
