Tile Number, Tile x cohordinate [m], Tile y cohordinate [m], area_m2[m2], Tile z cohordinate [m],absorbedPARTile [umol^s-1],absorbedPARTilem2 [umol m^-2 m^-1],Thermal time[dd]
1,0.14142136,0.0,0.0701,0.004042135611804359,0.19125989021581014,47.316544664476034,0.0
2,0.28284273,0.07071068,0.0701,0.005716443181545683,0.12995495932474335,22.733534681893666,0.0
3,0.4242641,0.07071068,0.0701,0.004042135611804359,0.0328473533045009,8.126237330725836,0.0
4,0.56568545,0.14142136,0.0701,0.004042135611804359,0.1643839559869528,40.66760044044485,0.0
5,0.70710677,0.21213204,0.0701,0.005716443181545683,0.17077669392043152,29.874642062698644,0.0
6,0.8485281,0.21213204,0.0701,0.004042135611804359,0.0889872425076882,22.014907725464806,0.0
7,0.9899494,0.28284273,0.0701,0.004042135611804359,0.1463016154823343,36.194138330016855,0.0
