Tile Number, Tile x cohordinate [m], Tile y cohordinate [m], area_m2[m2], Tile z cohordinate [m],absorbedPARTile [umol^s-1],absorbedPARTilem2 [umol m^-2 m^-1],Thermal time[dd]
1,0.14142136,0.0,0.0701,0.004042135611804359,0.07481546584316257,18.508895551321164,0.0
2,0.28284273,0.07071068,0.0701,0.005716443181545683,0.1684279384413147,29.463764983276377,0.0
3,0.4242641,0.07071068,0.0701,0.004042135611804359,0.3474933617953492,85.96776436212451,0.0
4,0.56568545,0.14142136,0.0701,0.004042135611804359,0.1419440370979023,35.116099688337826,0.0
5,0.70710677,0.21213204,0.0701,0.005716443181545683,0.0655058481911993,11.459196936072233,0.0
6,0.8485281,0.21213204,0.0701,0.004042135611804359,0.04670528765250207,11.554606806389014,0.0
7,0.9899494,0.28284273,0.0701,0.004042135611804359,0.03257651046200648,8.059232443085879,0.0
