Tile Number, Tile x cohordinate [m], Tile y cohordinate [m], area_m2[m2], Tile z cohordinate [m],absorbedPARTile [umol^s-1],absorbedPARTilem2 [umol m^-2 m^-1],Thermal time[dd]
1,0.14142136,0.0,0.0701,0.004042135611804359,0.08843873483404398,21.879210231288113,0.0
2,0.28284273,0.07071068,0.0701,0.005716443181545683,0.10453355649272918,18.286468206347866,0.0
3,0.4242641,0.07071068,0.0701,0.004042135611804359,0.04516029590477645,11.172385155236652,0.0
4,0.56568545,0.14142136,0.0701,0.004042135611804359,0.12123973385776521,29.993979792193386,0.0
5,0.70710677,0.21213204,0.0701,0.005716443181545683,0.05341800534403741,9.344622809597066,0.0
6,0.8485281,0.21213204,0.0701,0.004042135611804359,0.09530069725899697,23.57681839785081,0.0
7,0.9899494,0.28284273,0.0701,0.004042135611804359,0.06467791258107664,16.00092594424491,0.0
