Tile Number, Tile x cohordinate [m], Tile y cohordinate [m], area_m2[m2], Tile z cohordinate [m],absorbedPARTile [umol^s-1],absorbedPARTilem2 [umol m^-2 m^-1],Thermal time[dd]
1,0.14142136,0.0,0.0701,0.004042135611804359,0.10658319074735642,26.368039319635542,0.0
2,0.28284273,0.07071068,0.0701,0.005716443181545683,0.3660653780291747,64.03726345272506,0.0
3,0.4242641,0.07071068,0.0701,0.004042135611804359,0.07570712203089713,18.729485920711703,0.0
4,0.56568545,0.14142136,0.0701,0.004042135611804359,0.1418556053589821,35.09422220885348,0.0
5,0.70710677,0.21213204,0.0701,0.005716443181545683,0.1525595902374649,26.687852112301403,0.0
6,0.8485281,0.21213204,0.0701,0.004042135611804359,0.04481175056447625,11.086157137729685,0.0
7,0.9899494,0.28284273,0.0701,0.004042135611804359,0.1207920033992958,29.883213973955648,0.0
