Tile Number, Tile x cohordinate [m], Tile y cohordinate [m], area_m2[m2], Tile z cohordinate [m],absorbedPARTile [umol^s-1],absorbedPARTilem2 [umol m^-2 m^-1],Thermal time[dd]
1,0.1118034,0.0,0.0701,0.00108033979058772,0.003712655837348321,3.4365630792221253,0.0
2,0.22360681,0.0559017,0.0701,0.0012078565728149138,0.003699432038837423,3.0628073912914053,0.0
3,0.3354102,0.0559017,0.0701,0.00108033979058772,0.004638246777063411,4.2933221727769,0.0
4,0.44721362,0.1118034,0.0701,0.00108033979058772,0.0020442752950636076,1.8922521533262173,0.0
5,0.559017,0.1677051,0.0701,0.0012078565728149138,0.005129257501806652,4.246578291868628,0.0
6,0.6708204,0.1677051,0.0701,0.00108033979058772,0.011196931023564605,10.364267910074217,0.0
7,0.7826238,0.22360681,0.0701,0.00108033979058772,0.002647422378215128,2.45054602383468,0.0
