Tile Number, Tile x cohordinate [m], Tile y cohordinate [m], area_m2[m2], Tile z cohordinate [m],absorbedPARTile [umol^s-1],absorbedPARTilem2 [umol m^-2 m^-1],Thermal time[dd]
1,0.14142136,0.0,0.0701,0.004042135611804359,0.055945439594278334,13.840564732885095,0.0
2,0.28284273,0.07071068,0.0701,0.005716443181545683,0.13360672763916015,23.37235294675559,0.0
3,0.4242641,0.07071068,0.0701,0.004042135611804359,0.0705687196543765,17.45827612717711,0.0
4,0.56568545,0.14142136,0.0701,0.004042135611804359,0.10371832745259046,25.65928939882645,0.0
5,0.70710677,0.21213204,0.0701,0.005716443181545683,0.07138083887237193,12.486932276841259,0.0
6,0.8485281,0.21213204,0.0701,0.004042135611804359,0.04323015007310153,10.694878703934458,0.0
7,0.9899494,0.28284273,0.0701,0.004042135611804359,0.16754349621740344,41.44925165996944,0.0
