Tile Number, Tile x cohordinate [m], Tile y cohordinate [m], area_m2[m2], Tile z cohordinate [m],absorbedPARTile [umol^s-1],absorbedPARTilem2 [umol m^-2 m^-1],Thermal time[dd]
1,0.14142136,0.0,0.0701,0.004042135611804359,0.11901753656066895,29.44422156770267,0.0
2,0.28284273,0.07071068,0.0701,0.005716443181545683,0.11290322888893128,19.75060807976108,0.0
3,0.4242641,0.07071068,0.0701,0.004042135611804359,0.06965358204076409,17.23187659447962,0.0
4,0.56568545,0.14142136,0.0701,0.004042135611804359,0.15044008606803896,37.21797102222515,0.0
5,0.70710677,0.21213204,0.0701,0.005716443181545683,0.06381931028671742,11.164164194397042,0.0
6,0.8485281,0.21213204,0.0701,0.004042135611804359,0.031785168775924216,7.863459277096275,0.0
7,0.9899494,0.28284273,0.0701,0.004042135611804359,0.08410196728752137,20.806320065540625,0.0
