Tile Number, Tile x cohordinate [m], Tile y cohordinate [m], area_m2[m2], Tile z cohordinate [m],absorbedPARTile [umol^s-1],absorbedPARTilem2 [umol m^-2 m^-1],Thermal time[dd]
1,0.1118034,0.0,0.0701,0.00108033979058772,0.004367412163098143,4.042628255617808,0.0
2,0.22360681,0.0559017,0.0701,0.0012078565728149138,0.007165993946225553,5.932818604054271,0.0
3,0.3354102,0.0559017,0.0701,0.00108033979058772,0.0014710200852916626,1.3616272381223755,0.0
4,0.44721362,0.1118034,0.0701,0.00108033979058772,0.0014659096475381833,1.356896839595909,0.0
5,0.559017,0.1677051,0.0701,0.0012078565728149138,0.003191220820493339,2.642052783681251,0.0
6,0.6708204,0.1677051,0.0701,0.00108033979058772,0.00228954978612938,2.1192867337449757,0.0
7,0.7826238,0.22360681,0.0701,0.00108033979058772,0.004578881795456456,4.238371885724472,0.0
