Tile Number, Tile x cohordinate [m], Tile y cohordinate [m], area_m2[m2], Tile z cohordinate [m],absorbedPARTile [umol^s-1],absorbedPARTilem2 [umol m^-2 m^-1],Thermal time[dd]
1,0.14142136,0.0,0.0701,0.004042135611804359,0.07027782062132716,17.386309458815017,0.0
2,0.28284273,0.07071068,0.0701,0.005716443181545683,0.07478104254892827,13.08174334529256,0.0
3,0.4242641,0.07071068,0.0701,0.004042135611804359,0.0507612297409469,12.558022445537821,0.0
4,0.56568545,0.14142136,0.0701,0.004042135611804359,0.1529944460331154,37.849904289782245,0.0
5,0.70710677,0.21213204,0.0701,0.005716443181545683,0.13605735545494077,23.801050956681056,0.0
6,0.8485281,0.21213204,0.0701,0.004042135611804359,0.04592819928834439,11.362359826379652,0.0
7,0.9899494,0.28284273,0.0701,0.004042135611804359,0.03534879160282906,8.745078096736542,0.0
