Tile Number, Tile x cohordinate [m], Tile y cohordinate [m], area_m2[m2], Tile z cohordinate [m],absorbedPARTile [umol^s-1],absorbedPARTilem2 [umol m^-2 m^-1],Thermal time[dd]
1,0.1118034,0.0,0.0701,0.00108033979058772,0.0020705410493923604,1.9165646470042146,0.0
2,0.22360681,0.0559017,0.0701,0.0012078565728149138,0.01363176892953853,11.285916917908263,0.0
3,0.3354102,0.0559017,0.0701,0.00108033979058772,0.0035406174202212938,3.277318350271213,0.0
4,0.44721362,0.1118034,0.0701,0.00108033979058772,0.005272654482853327,4.8805519604021335,0.0
5,0.559017,0.1677051,0.0701,0.0012078565728149138,0.003262711363653259,2.7012407243432053,0.0
6,0.6708204,0.1677051,0.0701,0.00108033979058772,0.004587692783047227,4.2465276415964075,0.0
7,0.7826238,0.22360681,0.0701,0.00108033979058772,0.004515061730400347,4.179297818831694,0.0
