Tile Number, Tile x cohordinate [m], Tile y cohordinate [m], area_m2[m2], Tile z cohordinate [m],absorbedPARTile [umol^s-1],absorbedPARTilem2 [umol m^-2 m^-1],Thermal time[dd]
1,0.1118034,0.0,0.0701,0.00108033979058772,0.003445139055754405,3.1889402628410095,0.0
2,0.22360681,0.0559017,0.0701,0.0012078565728149138,0.0027234906727191016,2.254812975328683,0.0
3,0.3354102,0.0559017,0.0701,0.00108033979058772,0.017324605907623216,16.03625642465542,0.0
4,0.44721362,0.1118034,0.0701,0.00108033979058772,0.0031172721712456365,2.8854552969393055,0.0
5,0.559017,0.1677051,0.0701,0.0012078565728149138,0.0032433030679444807,2.6851723465692223,0.0
6,0.6708204,0.1677051,0.0701,0.00108033979058772,0.0019692907664866743,1.822843871570585,0.0
7,0.7826238,0.22360681,0.0701,0.00108033979058772,0.0012834413095709728,1.1879978139773624,0.0
