Tile Number, Tile x cohordinate [m], Tile y cohordinate [m], area_m2[m2], Tile z cohordinate [m],absorbedPARTile [umol^s-1],absorbedPARTilem2 [umol m^-2 m^-1],Thermal time[dd]
1,0.1118034,0.0,0.0701,0.00108033979058772,8.868310797641867E-4,0.8208816221438426,0.0
2,0.22360681,0.0559017,0.0701,0.0012078565728149138,0.0020829361548859344,1.7244896470047306,0.0
3,0.3354102,0.0559017,0.0701,0.00108033979058772,0.0013813932270071098,1.2786655078728635,0.0
4,0.44721362,0.1118034,0.0701,0.00108033979058772,0.0016558259008305754,1.532689914096178,0.0
5,0.559017,0.1677051,0.0701,0.0012078565728149138,7.109933360435523E-4,0.5886405323660077,0.0
6,0.6708204,0.1677051,0.0701,0.00108033979058772,0.0017456693430222526,1.6158521219259954,0.0
7,0.7826238,0.22360681,0.0701,0.00108033979058772,0.001497459544270033,1.3861005188519384,0.0
