Tile Number, Tile x cohordinate [m], Tile y cohordinate [m], area_m2[m2], Tile z cohordinate [m],absorbedPARTile [umol^s-1],absorbedPARTilem2 [umol m^-2 m^-1],Thermal time[dd]
1,0.14142136,0.0,0.0701,0.004042135611804359,0.03649049392109632,9.027528372509853,0.0
2,0.28284273,0.07071068,0.0701,0.005716443181545683,0.07094381101836682,12.410481266986746,0.0
3,0.4242641,0.07071068,0.0701,0.004042135611804359,0.15466440862030026,38.26304297377593,0.0
4,0.56568545,0.14142136,0.0701,0.004042135611804359,0.029320585735613143,7.25373627989804,0.0
5,0.70710677,0.21213204,0.0701,0.005716443181545683,0.06914275812992098,12.095415966546055,0.0
6,0.8485281,0.21213204,0.0701,0.004042135611804359,0.018927126287860647,4.6824570241006365,0.0
7,0.9899494,0.28284273,0.0701,0.004042135611804359,0.08501250317029595,21.031581157750274,0.0
