Tile Number, Tile x cohordinate [m], Tile y cohordinate [m], area_m2[m2], Tile z cohordinate [m],absorbedPARTile [umol^s-1],absorbedPARTilem2 [umol m^-2 m^-1],Thermal time[dd]
1,0.1118034,0.0,0.0701,0.00108033979058772,0.009653041520117,8.935190209800206,0.0
2,0.22360681,0.0559017,0.0701,0.0012078565728149138,0.0016704815054384256,1.3830131350325503,0.0
3,0.3354102,0.0559017,0.0701,0.00108033979058772,0.0027884480614201513,2.5810842900669213,0.0
4,0.44721362,0.1118034,0.0701,0.00108033979058772,0.0019502314655646996,1.8052019212434511,0.0
5,0.559017,0.1677051,0.0701,0.0012078565728149138,0.006908436157986207,5.719583196774824,0.0
6,0.6708204,0.1677051,0.0701,0.00108033979058772,0.003993232173858886,3.6962742728253226,0.0
7,0.7826238,0.22360681,0.0701,0.00108033979058772,0.002864396018244016,2.651384354440694,0.0
