Tile Number, Tile x cohordinate [m], Tile y cohordinate [m], area_m2[m2], Tile z cohordinate [m],absorbedPARTile [umol^s-1],absorbedPARTilem2 [umol m^-2 m^-1],Thermal time[dd]
1,0.14142136,0.0,0.0701,0.004042135611804359,0.1278330487172508,31.625126169427972,0.0
2,0.28284273,0.07071068,0.0701,0.005716443181545683,0.16297610058670045,28.510053438969535,0.0
3,0.4242641,0.07071068,0.0701,0.004042135611804359,0.14655351223725316,36.25645606972436,0.0
4,0.56568545,0.14142136,0.0701,0.004042135611804359,0.06388201220765351,15.80402498646931,0.0
5,0.70710677,0.21213204,0.0701,0.005716443181545683,0.1290172019021225,22.569489069466663,0.0
6,0.8485281,0.21213204,0.0701,0.004042135611804359,0.12540094638580324,31.023438703934477,0.0
7,0.9899494,0.28284273,0.0701,0.004042135611804359,0.08313416087131502,20.566890588365233,0.0
