Tile Number, Tile x cohordinate [m], Tile y cohordinate [m], area_m2[m2], Tile z cohordinate [m],absorbedPARTile [umol^s-1],absorbedPARTilem2 [umol m^-2 m^-1],Thermal time[dd]
1,0.1118034,0.0,0.0701,0.00108033979058772,9.289906459839635E-4,0.8599059796534751,0.0
2,0.22360681,0.0559017,0.0701,0.0012078565728149138,6.892047398440693E-4,0.5706014731847469,0.0
3,0.3354102,0.0559017,0.0701,0.00108033979058772,0.0038744573175845108,3.5863321441458265,0.0
4,0.44721362,0.1118034,0.0701,0.00108033979058772,0.0021257070093087934,1.9676281738659087,0.0
5,0.559017,0.1677051,0.0701,0.0012078565728149138,0.004296444730624578,3.55708188151156,0.0
6,0.6708204,0.1677051,0.0701,0.00108033979058772,0.005067826910968477,4.690956451961756,0.0
7,0.7826238,0.22360681,0.0701,0.00108033979058772,0.002178346936048308,2.016353516760923,0.0
