Tile Number, Tile x cohordinate [m], Tile y cohordinate [m], area_m2[m2], Tile z cohordinate [m],absorbedPARTile [umol^s-1],absorbedPARTilem2 [umol m^-2 m^-1],Thermal time[dd]
1,0.14142136,0.0,0.0701,0.004042135611804359,0.07885854173974513,19.509128172110895,0.0
2,0.28284273,0.07071068,0.0701,0.005716443181545683,0.06127278259393453,10.71869003994313,0.0
3,0.4242641,0.07071068,0.0701,0.004042135611804359,0.03694433501921029,9.13980592618435,0.0
4,0.56568545,0.14142136,0.0701,0.004042135611804359,0.027347188024881574,6.765529574272281,0.0
5,0.70710677,0.21213204,0.0701,0.005716443181545683,0.11260912955010892,19.6991601199927,0.0
6,0.8485281,0.21213204,0.0701,0.004042135611804359,0.09142534232225419,22.618078932152166,0.0
7,0.9899494,0.28284273,0.0701,0.004042135611804359,0.09159000785524368,22.658816193046782,0.0
