Tile Number, Tile x cohordinate [m], Tile y cohordinate [m], area_m2[m2], Tile z cohordinate [m],absorbedPARTile [umol^s-1],absorbedPARTilem2 [umol m^-2 m^-1],Thermal time[dd]
1,0.1118034,0.0,0.0701,0.00108033979058772,0.008020841598584799,7.424369322008726,0.0
2,0.22360681,0.0559017,0.0701,0.0012078565728149138,0.011868128572699949,9.825776370981892,0.0
3,0.3354102,0.0559017,0.0701,0.00108033979058772,0.005350247664209828,4.952374901695714,0.0
4,0.44721362,0.1118034,0.0701,0.00108033979058772,0.011324615791175961,10.482457361877982,0.0
5,0.559017,0.1677051,0.0701,0.0012078565728149138,0.006288309531080433,5.206172382227061,0.0
6,0.6708204,0.1677051,0.0701,0.00108033979058772,0.008480713127793206,7.850042367855005,0.0
7,0.7826238,0.22360681,0.0701,0.00108033979058772,0.008451666305687042,7.82315562133393,0.0
