Tile Number, Tile x cohordinate [m], Tile y cohordinate [m], area_m2[m2], Tile z cohordinate [m],absorbedPARTile [umol^s-1],absorbedPARTilem2 [umol m^-2 m^-1],Thermal time[dd]
1,0.14142136,0.0,0.0701,0.004042135611804359,0.08198258973487856,20.28199882642793,0.0
2,0.28284273,0.07071068,0.0701,0.005716443181545683,0.14594817360504153,25.531290869155153,0.0
3,0.4242641,0.07071068,0.0701,0.004042135611804359,0.061992118117911825,15.336476573639574,0.0
4,0.56568545,0.14142136,0.0701,0.004042135611804359,0.14374997620899202,35.562878145204984,0.0
5,0.70710677,0.21213204,0.0701,0.005716443181545683,0.25834479087341305,45.19327537574835,0.0
6,0.8485281,0.21213204,0.0701,0.004042135611804359,0.09715487157009124,24.035529952623857,0.0
7,0.9899494,0.28284273,0.0701,0.004042135611804359,0.19458947582336425,48.140264085920144,0.0
