Tile Number, Tile x cohordinate [m], Tile y cohordinate [m], area_m2[m2], Tile z cohordinate [m],absorbedPARTile [umol^s-1],absorbedPARTilem2 [umol m^-2 m^-1],Thermal time[dd]
1,0.14142136,0.0,0.0701,0.004042135611804359,0.06332270528590916,15.665655823368748,0.0
2,0.28284273,0.07071068,0.0701,0.005716443181545683,0.10664891342895509,18.656515956154056,0.0
3,0.4242641,0.07071068,0.0701,0.004042135611804359,0.11202210327148437,27.713593513375244,0.0
4,0.56568545,0.14142136,0.0701,0.004042135611804359,0.13374419261165615,33.08750755938997,0.0
5,0.70710677,0.21213204,0.0701,0.005716443181545683,0.3200305171487427,55.984203286038586,0.0
6,0.8485281,0.21213204,0.0701,0.004042135611804359,0.0850267830691147,21.03511391869403,0.0
7,0.9899494,0.28284273,0.0701,0.004042135611804359,0.12327744611413957,30.49809752897183,0.0
