Tile Number, Tile x cohordinate [m], Tile y cohordinate [m], area_m2[m2], Tile z cohordinate [m],absorbedPARTile [umol^s-1],absorbedPARTilem2 [umol m^-2 m^-1],Thermal time[dd]
1,0.1118034,0.0,0.0701,0.00108033979058772,0.002067676193186905,1.9139128366845215,0.0
2,0.22360681,0.0559017,0.0701,0.0012078565728149138,0.0014674627186777919,1.2149312689153688,0.0
3,0.3354102,0.0559017,0.0701,0.00108033979058772,0.0023081458225668065,2.1364998703890588,0.0
4,0.44721362,0.1118034,0.0701,0.00108033979058772,4.1000067523076826E-4,0.37951085279171487,0.0
5,0.559017,0.1677051,0.0701,0.0012078565728149138,0.002957230871588639,2.4483294938709506,0.0
6,0.6708204,0.1677051,0.0701,0.00108033979058772,5.913791255109227E-4,0.5474010405459603,0.0
7,0.7826238,0.22360681,0.0701,0.00108033979058772,0.0011787916758838,1.0911304814964937,0.0
