Tile Number, Tile x cohordinate [m], Tile y cohordinate [m], area_m2[m2], Tile z cohordinate [m],absorbedPARTile [umol^s-1],absorbedPARTilem2 [umol m^-2 m^-1],Thermal time[dd]
1,0.1118034,0.0,0.0701,0.00108033979058772,0.0029376366433957546,2.719178418669222,0.0
2,0.22360681,0.0559017,0.0701,0.0012078565728149138,0.001319237940200288,1.0922140673754002,0.0
3,0.3354102,0.0559017,0.0701,0.00108033979058772,0.0038616064778084045,3.5744369609006412,0.0
4,0.44721362,0.1118034,0.0701,0.00108033979058772,0.00806314901521554,7.463530534989435,0.0
5,0.559017,0.1677051,0.0701,0.0012078565728149138,0.002543068534778621,2.1054391655558833,0.0
6,0.6708204,0.1677051,0.0701,0.00108033979058772,0.007808576605214778,7.227889478149096,0.0
7,0.7826238,0.22360681,0.0701,0.00108033979058772,0.005379576624362365,4.979522804983237,0.0
