Tile Number, Tile x cohordinate [m], Tile y cohordinate [m], area_m2[m2], Tile z cohordinate [m],absorbedPARTile [umol^s-1],absorbedPARTilem2 [umol m^-2 m^-1],Thermal time[dd]
1,0.14142136,0.0,0.0701,0.004042135611804359,0.0517550015529108,12.803875605204649,0.0
2,0.28284273,0.07071068,0.0701,0.005716443181545683,0.10567370939884185,18.48591966067062,0.0
3,0.4242641,0.07071068,0.0701,0.004042135611804359,0.06639620158559799,16.4260202927629,0.0
4,0.56568545,0.14142136,0.0701,0.004042135611804359,0.16925941474319461,41.87375956632967,0.0
5,0.70710677,0.21213204,0.0701,0.005716443181545683,0.223980159201355,39.1817345310852,0.0
6,0.8485281,0.21213204,0.0701,0.004042135611804359,0.05283066425156593,13.069988076917333,0.0
7,0.9899494,0.28284273,0.0701,0.004042135611804359,0.13574235956189154,33.581842025655796,0.0
