Tile Number, Tile x cohordinate [m], Tile y cohordinate [m], area_m2[m2], Tile z cohordinate [m],absorbedPARTile [umol^s-1],absorbedPARTilem2 [umol m^-2 m^-1],Thermal time[dd]
1,0.14142136,0.0,0.0701,0.004042135611804359,0.1558785803178406,38.563421737416256,0.0
2,0.28284273,0.07071068,0.0701,0.005716443181545683,0.26634520949584956,46.59282022704052,0.0
3,0.4242641,0.07071068,0.0701,0.004042135611804359,0.10625889940629958,26.28781159543208,0.0
4,0.56568545,0.14142136,0.0701,0.004042135611804359,0.11916480060317991,29.480653804681783,0.0
5,0.70710677,0.21213204,0.0701,0.005716443181545683,0.29984684101501474,52.45339304394843,0.0
6,0.8485281,0.21213204,0.0701,0.004042135611804359,0.10395744833253862,25.718446464029764,0.0
7,0.9899494,0.28284273,0.0701,0.004042135611804359,0.1243249124208069,30.757234383165535,0.0
