Tile Number, Tile x cohordinate [m], Tile y cohordinate [m], area_m2[m2], Tile z cohordinate [m],absorbedPARTile [umol^s-1],absorbedPARTilem2 [umol m^-2 m^-1],Thermal time[dd]
1,0.1118034,0.0,0.0701,0.00108033979058772,0.0028373245185428896,2.6263260348851407,0.0
2,0.22360681,0.0559017,0.0701,0.0012078565728149138,0.003569641280510528,2.955351952253294,0.0
3,0.3354102,0.0559017,0.0701,0.00108033979058772,0.0024723053885587977,2.2884516613183608,0.0
4,0.44721362,0.1118034,0.0701,0.00108033979058772,0.004138607133837417,3.8308383805672444,0.0
5,0.559017,0.1677051,0.0701,0.0012078565728149138,0.006944459791722855,5.74940762671744,0.0
6,0.6708204,0.1677051,0.0701,0.00108033979058772,0.002442904704229382,2.261237367643756,0.0
7,0.7826238,0.22360681,0.0701,0.00108033979058772,0.005300048222092446,4.9059085560563735,0.0
