Tile Number, Tile x cohordinate [m], Tile y cohordinate [m], area_m2[m2], Tile z cohordinate [m],absorbedPARTile [umol^s-1],absorbedPARTilem2 [umol m^-2 m^-1],Thermal time[dd]
1,0.14142136,0.0,0.0701,0.004042135611804359,0.20643442412246704,51.070632939580484,0.0
2,0.28284273,0.07071068,0.0701,0.005716443181545683,0.05116815905469298,8.951048305680438,0.0
3,0.4242641,0.07071068,0.0701,0.004042135611804359,0.016212648704344853,4.0109116223113865,0.0
4,0.56568545,0.14142136,0.0701,0.004042135611804359,0.03609349938625303,8.92931431613729,0.0
5,0.70710677,0.21213204,0.0701,0.005716443181545683,0.10422276604162214,18.23210040433588,0.0
6,0.8485281,0.21213204,0.0701,0.004042135611804359,0.06988477245533573,17.289071710322958,0.0
7,0.9899494,0.28284273,0.0701,0.004042135611804359,0.04800254020262897,11.875539272469195,0.0
