Tile Number, Tile x cohordinate [m], Tile y cohordinate [m], area_m2[m2], Tile z cohordinate [m],absorbedPARTile [umol^s-1],absorbedPARTilem2 [umol m^-2 m^-1],Thermal time[dd]
1,0.1118034,0.0,0.0701,0.00108033979058772,0.0018713343254995812,1.7321719905193431,0.0
2,0.22360681,0.0559017,0.0701,0.0012078565728149138,0.00438602014417016,3.6312425190919195,0.0
3,0.3354102,0.0559017,0.0701,0.00108033979058772,0.0017609171001394443,1.6299659750396502,0.0
4,0.44721362,0.1118034,0.0701,0.00108033979058772,5.67589650179281E-4,0.5253806766392491,0.0
5,0.559017,0.1677051,0.0701,0.0012078565728149138,0.0023205439437042506,1.9212081930358795,0.0
6,0.6708204,0.1677051,0.0701,0.00108033979058772,2.3917347836320993E-4,0.22138727134459818,0.0
7,0.7826238,0.22360681,0.0701,0.00108033979058772,0.0010099421253891194,0.9348374781601785,0.0
