Tile Number, Tile x cohordinate [m], Tile y cohordinate [m], area_m2[m2], Tile z cohordinate [m],absorbedPARTile [umol^s-1],absorbedPARTilem2 [umol m^-2 m^-1],Thermal time[dd]
1,0.1118034,0.0,0.0701,0.00108033979058772,0.005282966643531596,4.8900972541774,0.0
2,0.22360681,0.0559017,0.0701,0.0012078565728149138,0.0027289614581948664,2.2593423090251625,0.0
3,0.3354102,0.0559017,0.0701,0.00108033979058772,0.0051953378733013665,4.8089850235684,0.0
4,0.44721362,0.1118034,0.0701,0.00108033979058772,0.008369705089307298,7.747289475243767,0.0
5,0.559017,0.1677051,0.0701,0.0012078565728149138,0.0025646123520394444,2.123275569103877,0.0
6,0.6708204,0.1677051,0.0701,0.00108033979058772,0.0032865512543647545,3.042145890578394,0.0
7,0.7826238,0.22360681,0.0701,0.00108033979058772,0.0010755707790373686,0.995585637415283,0.0
