Tile Number, Tile x cohordinate [m], Tile y cohordinate [m], area_m2[m2], Tile z cohordinate [m],absorbedPARTile [umol^s-1],absorbedPARTilem2 [umol m^-2 m^-1],Thermal time[dd]
1,0.1118034,0.0,0.0701,0.00108033979058772,0.003710054678906846,3.4341553567035836,0.0
2,0.22360681,0.0559017,0.0701,0.0012078565728149138,0.027098297675571224,22.43502936148996,0.0
3,0.3354102,0.0559017,0.0701,0.00108033979058772,0.029826143297823272,27.608113259993353,0.0
4,0.44721362,0.1118034,0.0701,0.00108033979058772,0.03564887494089678,32.9978357286121,0.0
5,0.559017,0.1677051,0.0701,0.0012078565728149138,0.00605277021463768,5.0111663510938875,0.0
6,0.6708204,0.1677051,0.0701,0.00108033979058772,0.0063324758314394075,5.86155937845671,0.0
7,0.7826238,0.22360681,0.0701,0.00108033979058772,0.01258697346699716,11.650939432814624,0.0
