Tile Number, Tile x cohordinate [m], Tile y cohordinate [m], area_m2[m2], Tile z cohordinate [m],absorbedPARTile [umol^s-1],absorbedPARTilem2 [umol m^-2 m^-1],Thermal time[dd]
1,0.1118034,0.0,0.0701,0.00108033979058772,0.004712200509744652,4.361776314080914,0.0
2,0.22360681,0.0559017,0.0701,0.0012078565728149138,0.0037055442020321114,3.0678677298549846,0.0
3,0.3354102,0.0559017,0.0701,0.00108033979058772,0.004044137622633744,3.7433941227265883,0.0
4,0.44721362,0.1118034,0.0701,0.00108033979058772,0.0039576409654849334,3.6633298152722134,0.0
5,0.559017,0.1677051,0.0701,0.0012078565728149138,0.009035575984773132,7.480669632583687,0.0
6,0.6708204,0.1677051,0.0701,0.00108033979058772,0.012112863369432389,11.212086673992468,0.0
7,0.7826238,0.22360681,0.0701,0.00108033979058772,0.013120209035171273,12.144520778998334,0.0
