Tile Number, Tile x cohordinate [m], Tile y cohordinate [m], area_m2[m2], Tile z cohordinate [m],absorbedPARTile [umol^s-1],absorbedPARTilem2 [umol m^-2 m^-1],Thermal time[dd]
1,0.14142136,0.0,0.0701,0.004042135611804359,0.04126347673083469,10.208335566558388,0.0
2,0.28284273,0.07071068,0.0701,0.005716443181545683,0.09450337176063757,16.531848346839435,0.0
3,0.4242641,0.07071068,0.0701,0.004042135611804359,0.027180490053716037,6.724289500416588,0.0
4,0.56568545,0.14142136,0.0701,0.004042135611804359,0.021261904052604932,5.260066978087823,0.0
5,0.70710677,0.21213204,0.0701,0.005716443181545683,0.04691011666798187,8.206172121052681,0.0
6,0.8485281,0.21213204,0.0701,0.004042135611804359,0.061808448657481765,15.291037855578338,0.0
7,0.9899494,0.28284273,0.0701,0.004042135611804359,0.03626803851888135,8.972494246102679,0.0
