Tile Number, Tile x cohordinate [m], Tile y cohordinate [m], area_m2[m2], Tile z cohordinate [m],absorbedPARTile [umol^s-1],absorbedPARTilem2 [umol m^-2 m^-1],Thermal time[dd]
1,0.14142136,0.0,0.0701,0.004042135611804359,0.08706486024581908,21.539321934563795,0.0
2,0.28284273,0.07071068,0.0701,0.005716443181545683,0.22072485340759276,38.61227102198021,0.0
3,0.4242641,0.07071068,0.0701,0.004042135611804359,0.09962847356541635,24.647484184961183,0.0
4,0.56568545,0.14142136,0.0701,0.004042135611804359,0.1913567695856476,47.340512036959666,0.0
5,0.70710677,0.21213204,0.0701,0.005716443181545683,0.07023210643182753,12.28597997064974,0.0
6,0.8485281,0.21213204,0.0701,0.004042135611804359,0.1029144640928173,25.460418446197938,0.0
7,0.9899494,0.28284273,0.0701,0.004042135611804359,0.0469157765212822,11.606680484512387,0.0
