Tile Number, Tile x cohordinate [m], Tile y cohordinate [m], area_m2[m2], Tile z cohordinate [m],absorbedPARTile [umol^s-1],absorbedPARTilem2 [umol m^-2 m^-1],Thermal time[dd]
1,0.1118034,0.0,0.0701,0.00108033979058772,0.022050652585568428,20.410849232510973,0.0
2,0.22360681,0.0559017,0.0701,0.0012078565728149138,0.015697895912905335,12.996490035502589,0.0
3,0.3354102,0.0559017,0.0701,0.00108033979058772,0.02256263545228005,20.884758340712104,0.0
4,0.44721362,0.1118034,0.0701,0.00108033979058772,0.015528421759519502,14.373646046186842,0.0
5,0.559017,0.1677051,0.0701,0.0012078565728149138,0.020653984972639084,17.099699945751755,0.0
6,0.6708204,0.1677051,0.0701,0.00108033979058772,0.013271817350268066,12.284854696546919,0.0
7,0.7826238,0.22360681,0.0701,0.00108033979058772,0.020686563668953478,19.14820119482936,0.0
