Tile Number, Tile x cohordinate [m], Tile y cohordinate [m], area_m2[m2], Tile z cohordinate [m],absorbedPARTile [umol^s-1],absorbedPARTilem2 [umol m^-2 m^-1],Thermal time[dd]
1,0.1118034,0.0,0.0701,0.00108033979058772,0.013130279451182933,12.15384230552119,0.0
2,0.22360681,0.0559017,0.0701,0.0012078565728149138,0.030789808594031333,25.491278755287627,0.0
3,0.3354102,0.0559017,0.0701,0.00108033979058772,0.014717877229054568,13.62337790136179,0.0
4,0.44721362,0.1118034,0.0701,0.00108033979058772,0.009043449689597867,8.370930857483371,0.0
5,0.559017,0.1677051,0.0701,0.0012078565728149138,0.012343172424540685,10.219071289047905,0.0
6,0.6708204,0.1677051,0.0701,0.00108033979058772,0.008697370651137829,8.050588089888217,0.0
7,0.7826238,0.22360681,0.0701,0.00108033979058772,0.008402630324151887,7.77776621518378,0.0
