Tile Number, Tile x cohordinate [m], Tile y cohordinate [m], area_m2[m2], Tile z cohordinate [m],absorbedPARTile [umol^s-1],absorbedPARTilem2 [umol m^-2 m^-1],Thermal time[dd]
1,0.14142136,0.0,0.0701,0.004042135611804359,0.11471431433635713,28.379630312588667,0.0
2,0.28284273,0.07071068,0.0701,0.005716443181545683,0.13218162904434205,23.123054816859238,0.0
3,0.4242641,0.07071068,0.0701,0.004042135611804359,0.14078870695163728,34.83027797001371,0.0
4,0.56568545,0.14142136,0.0701,0.004042135611804359,0.12125556128523826,29.9978954024037,0.0
5,0.70710677,0.21213204,0.0701,0.005716443181545683,0.05866441332625032,10.262397694362791,0.0
6,0.8485281,0.21213204,0.0701,0.004042135611804359,0.02591884234339901,6.412165457217097,0.0
7,0.9899494,0.28284273,0.0701,0.004042135611804359,0.07771031626255034,19.225064106115287,0.0
