Tile Number, Tile x cohordinate [m], Tile y cohordinate [m], area_m2[m2], Tile z cohordinate [m],absorbedPARTile [umol^s-1],absorbedPARTilem2 [umol m^-2 m^-1],Thermal time[dd]
1,0.14142136,0.0,0.0701,0.004042135611804359,0.24837827803375243,61.44728972190011,0.0
2,0.28284273,0.07071068,0.0701,0.005716443181545683,0.37021467162170413,64.76311578095681,0.0
3,0.4242641,0.07071068,0.0701,0.004042135611804359,0.2248866311042786,55.63559778834139,0.0
4,0.56568545,0.14142136,0.0701,0.004042135611804359,0.24958217274780273,61.74512602173491,0.0
5,0.70710677,0.21213204,0.0701,0.005716443181545683,0.39350659975372326,68.8376648304798,0.0
6,0.8485281,0.21213204,0.0701,0.004042135611804359,0.2459341964982605,60.842638673490356,0.0
7,0.9899494,0.28284273,0.0701,0.004042135611804359,0.22613055910766602,55.94333808279236,0.0
