Tile Number, Tile x cohordinate [m], Tile y cohordinate [m], area_m2[m2], Tile z cohordinate [m],absorbedPARTile [umol^s-1],absorbedPARTilem2 [umol m^-2 m^-1],Thermal time[dd]
1,0.14142136,0.0,0.0701,0.004042135611804359,0.1193431537994385,29.524777311012873,0.0
2,0.28284273,0.07071068,0.0701,0.005716443181545683,0.0918224418893814,16.062862688080337,0.0
3,0.4242641,0.07071068,0.0701,0.004042135611804359,0.06427547309043885,15.901364838609924,0.0
4,0.56568545,0.14142136,0.0701,0.004042135611804359,0.1141351099643326,28.23633864015366,0.0
5,0.70710677,0.21213204,0.0701,0.005716443181545683,0.3019298188847351,52.81777659567248,0.0
6,0.8485281,0.21213204,0.0701,0.004042135611804359,0.16536841996658327,40.91115089846401,0.0
7,0.9899494,0.28284273,0.0701,0.004042135611804359,0.16252041987709048,40.20657283305331,0.0
