Tile Number, Tile x cohordinate [m], Tile y cohordinate [m], area_m2[m2], Tile z cohordinate [m],absorbedPARTile [umol^s-1],absorbedPARTilem2 [umol m^-2 m^-1],Thermal time[dd]
1,0.1118034,0.0,0.0701,0.00108033979058772,0.0014622586109858972,1.353517313465246,0.0
2,0.22360681,0.0559017,0.0701,0.0012078565728149138,0.0023523483833657946,1.9475394979087945,0.0
3,0.3354102,0.0559017,0.0701,0.00108033979058772,0.008662177126910458,8.018011742581574,0.0
4,0.44721362,0.1118034,0.0701,0.00108033979058772,0.006129105081526945,5.673312354988449,0.0
5,0.559017,0.1677051,0.0701,0.0012078565728149138,0.004433809491983056,3.6708079351259797,0.0
6,0.6708204,0.1677051,0.0701,0.00108033979058772,0.011382910991779242,10.536417422509986,0.0
7,0.7826238,0.22360681,0.0701,0.00108033979058772,0.005187636442588168,4.801856312046066,0.0
