Tile Number, Tile x cohordinate [m], Tile y cohordinate [m], area_m2[m2], Tile z cohordinate [m],absorbedPARTile [umol^s-1],absorbedPARTilem2 [umol m^-2 m^-1],Thermal time[dd]
1,0.14142136,0.0,0.0701,0.004042135611804359,0.12370310222642898,30.60340228694342,0.0
2,0.28284273,0.07071068,0.0701,0.005716443181545683,0.07232910972355841,12.652817044881598,0.0
3,0.4242641,0.07071068,0.0701,0.004042135611804359,0.07560503433974744,18.704230040911042,0.0
4,0.56568545,0.14142136,0.0701,0.004042135611804359,0.14087623118068693,34.85193093702304,0.0
5,0.70710677,0.21213204,0.0701,0.005716443181545683,0.12177682931811334,21.30290207575995,0.0
6,0.8485281,0.21213204,0.0701,0.004042135611804359,0.09315817498795509,23.046771294833036,0.0
7,0.9899494,0.28284273,0.0701,0.004042135611804359,0.046869973945985445,11.595349203304751,0.0
