Tile Number, Tile x cohordinate [m], Tile y cohordinate [m], area_m2[m2], Tile z cohordinate [m],absorbedPARTile [umol^s-1],absorbedPARTilem2 [umol m^-2 m^-1],Thermal time[dd]
1,0.14142136,0.0,0.0701,0.004042135611804359,0.15917915947967526,39.37996513892804,0.0
2,0.28284273,0.07071068,0.0701,0.005716443181545683,0.2953948611132812,51.67459060327941,0.0
3,0.4242641,0.07071068,0.0701,0.004042135611804359,0.10898666165006637,26.962643542138874,0.0
4,0.56568545,0.14142136,0.0701,0.004042135611804359,0.15620969229858397,38.64533684678973,0.0
5,0.70710677,0.21213204,0.0701,0.005716443181545683,0.277632378125,48.56732924789263,0.0
6,0.8485281,0.21213204,0.0701,0.004042135611804359,0.16999790852523802,42.05645847922283,0.0
7,0.9899494,0.28284273,0.0701,0.004042135611804359,0.10936154068943026,27.055386358156504,0.0
