Tile Number, Tile x cohordinate [m], Tile y cohordinate [m], area_m2[m2], Tile z cohordinate [m],absorbedPARTile [umol^s-1],absorbedPARTilem2 [umol m^-2 m^-1],Thermal time[dd]
1,0.1118034,0.0,0.0701,0.00108033979058772,0.0010778568362575752,0.9977016913088114,0.0
2,0.22360681,0.0559017,0.0701,0.0012078565728149138,0.0030889949881520514,2.55741870158734,0.0
3,0.3354102,0.0559017,0.0701,0.00108033979058772,0.0029071556162419713,2.6909641221864447,0.0
4,0.44721362,0.1118034,0.0701,0.00108033979058772,9.00517172223233E-4,0.8335499442572036,0.0
5,0.559017,0.1677051,0.0701,0.0012078565728149138,0.0027524598307611787,2.278796914062869,0.0
6,0.6708204,0.1677051,0.0701,0.00108033979058772,0.010270688363771572,9.50690556179938,0.0
7,0.7826238,0.22360681,0.0701,0.00108033979058772,0.0012773666936884696,1.1823749387158686,0.0
