Tile Number, Tile x cohordinate [m], Tile y cohordinate [m], area_m2[m2], Tile z cohordinate [m],absorbedPARTile [umol^s-1],absorbedPARTilem2 [umol m^-2 m^-1],Thermal time[dd]
1,0.14142136,0.0,0.0701,0.004042135611804359,0.06455890586866538,15.971484400506561,0.0
2,0.28284273,0.07071068,0.0701,0.005716443181545683,0.0732810374112447,12.819341517784501,0.0
3,0.4242641,0.07071068,0.0701,0.004042135611804359,0.0410581619370386,10.157541923416751,0.0
4,0.56568545,0.14142136,0.0701,0.004042135611804359,0.04023301644649928,9.953405899843068,0.0
5,0.70710677,0.21213204,0.0701,0.005716443181545683,0.09637444418202862,16.859162440930568,0.0
6,0.8485281,0.21213204,0.0701,0.004042135611804359,0.07779636784928542,19.246352750287386,0.0
7,0.9899494,0.28284273,0.0701,0.004042135611804359,0.07401971739894762,18.312032179916432,0.0
