Tile Number, Tile x cohordinate [m], Tile y cohordinate [m], area_m2[m2], Tile z cohordinate [m],absorbedPARTile [umol^s-1],absorbedPARTilem2 [umol m^-2 m^-1],Thermal time[dd]
1,0.14142136,0.0,0.0701,0.004042135611804359,0.06603667197395066,16.33707483269536,0.0
2,0.28284273,0.07071068,0.0701,0.005716443181545683,0.1735914373640696,30.367036258572902,0.0
3,0.4242641,0.07071068,0.0701,0.004042135611804359,0.06798129055297031,16.818161754504892,0.0
4,0.56568545,0.14142136,0.0701,0.004042135611804359,0.11927947500253717,29.509023560268997,0.0
5,0.70710677,0.21213204,0.0701,0.005716443181545683,0.06351463787656673,11.11086664547112,0.0
6,0.8485281,0.21213204,0.0701,0.004042135611804359,0.07097365821921206,17.55845548871387,0.0
7,0.9899494,0.28284273,0.0701,0.004042135611804359,0.05005863567749441,12.384204906759388,0.0
