Tile Number, Tile x cohordinate [m], Tile y cohordinate [m], area_m2[m2], Tile z cohordinate [m],absorbedPARTile [umol^s-1],absorbedPARTilem2 [umol m^-2 m^-1],Thermal time[dd]
1,0.14142136,0.0,0.0701,0.004042135611804359,0.054163504057393064,13.399724615675412,0.0
2,0.28284273,0.07071068,0.0701,0.005716443181545683,0.06512218797403217,11.392081737865473,0.0
3,0.4242641,0.07071068,0.0701,0.004042135611804359,0.13593850840263366,33.630368067228794,0.0
4,0.56568545,0.14142136,0.0701,0.004042135611804359,0.15826844102436066,39.15465887937184,0.0
5,0.70710677,0.21213204,0.0701,0.005716443181545683,0.11046913977025988,19.32480324949016,0.0
6,0.8485281,0.21213204,0.0701,0.004042135611804359,0.08414603631162645,20.817222476626583,0.0
7,0.9899494,0.28284273,0.0701,0.004042135611804359,0.07861767703350366,19.44953969478765,0.0
