Tile Number, Tile x cohordinate [m], Tile y cohordinate [m], area_m2[m2], Tile z cohordinate [m],absorbedPARTile [umol^s-1],absorbedPARTilem2 [umol m^-2 m^-1],Thermal time[dd]
1,0.1118034,0.0,0.0701,0.00108033979058772,0.0011622253870742433,1.0757961496928448,0.0
2,0.22360681,0.0559017,0.0701,0.0012078565728149138,0.0024180697437390314,2.001951057900618,0.0
3,0.3354102,0.0559017,0.0701,0.00108033979058772,0.003019109869319248,2.7945928638588886,0.0
4,0.44721362,0.1118034,0.0701,0.00108033979058772,0.008461626160857053,7.832374808905086,0.0
5,0.559017,0.1677051,0.0701,0.0012078565728149138,6.416845532939016E-4,0.5312588992238156,0.0
6,0.6708204,0.1677051,0.0701,0.00108033979058772,9.096872713655548E-4,0.8420381062431036,0.0
7,0.7826238,0.22360681,0.0701,0.00108033979058772,0.013535919602393805,12.529316905961666,0.0
