Tile Number, Tile x cohordinate [m], Tile y cohordinate [m], area_m2[m2], Tile z cohordinate [m],absorbedPARTile [umol^s-1],absorbedPARTilem2 [umol m^-2 m^-1],Thermal time[dd]
1,0.1118034,0.0,0.0701,0.00108033979058772,0.005338953268020712,4.94192041664618,0.0
2,0.22360681,0.0559017,0.0701,0.0012078565728149138,0.007237975195858758,5.99241280692014,0.0
3,0.3354102,0.0559017,0.0701,0.00108033979058772,0.0016405670759802311,1.518565816304646,0.0
4,0.44721362,0.1118034,0.0701,0.00108033979058772,0.005992604518404275,5.546962696934651,0.0
5,0.559017,0.1677051,0.0701,0.0012078565728149138,0.004664662981802365,3.8619345100977944,0.0
6,0.6708204,0.1677051,0.0701,0.00108033979058772,0.004794919365471646,4.438343757442409,0.0
7,0.7826238,0.22360681,0.0701,0.00108033979058772,0.0011216185597432515,1.038209061181645,0.0
