Tile Number, Tile x cohordinate [m], Tile y cohordinate [m], area_m2[m2], Tile z cohordinate [m],absorbedPARTile [umol^s-1],absorbedPARTilem2 [umol m^-2 m^-1],Thermal time[dd]
1,0.1118034,0.0,0.0701,0.00108033979058772,0.009524016910177189,8.815760553442164,0.0
2,0.22360681,0.0559017,0.0701,0.0012078565728149138,0.004365242756775232,3.614040652692744,0.0
3,0.3354102,0.0559017,0.0701,0.00108033979058772,0.05660213082152083,52.392896489287395,0.0
4,0.44721362,0.1118034,0.0701,0.00108033979058772,0.010047027125885337,9.299876958544324,0.0
5,0.559017,0.1677051,0.0701,0.0012078565728149138,0.010869676755583644,8.999145262961004,0.0
6,0.6708204,0.1677051,0.0701,0.00108033979058772,0.005740347167189636,5.313464538843661,0.0
7,0.7826238,0.22360681,0.0701,0.00108033979058772,0.008885749159749172,8.224957774549061,0.0
