Tile Number, Tile x cohordinate [m], Tile y cohordinate [m], area_m2[m2], Tile z cohordinate [m],absorbedPARTile [umol^s-1],absorbedPARTilem2 [umol m^-2 m^-1],Thermal time[dd]
1,0.1118034,0.0,0.0701,0.00108033979058772,0.006128125253985673,5.6724053926143805,0.0
2,0.22360681,0.0559017,0.0701,0.0012078565728149138,0.01920629774390936,15.901141059446337,0.0
3,0.3354102,0.0559017,0.0701,0.00108033979058772,0.018023319187024836,16.683009682740558,0.0
4,0.44721362,0.1118034,0.0701,0.00108033979058772,0.02400923652031646,22.223782489076978,0.0
5,0.559017,0.1677051,0.0701,0.0012078565728149138,0.01817769892017216,15.049550856695651,0.0
6,0.6708204,0.1677051,0.0701,0.00108033979058772,0.015948332438463754,14.762329942311611,0.0
7,0.7826238,0.22360681,0.0701,0.00108033979058772,0.02181607579698734,20.19371681674253,0.0
