Tile Number, Tile x cohordinate [m], Tile y cohordinate [m], area_m2[m2], Tile z cohordinate [m],absorbedPARTile [umol^s-1],absorbedPARTilem2 [umol m^-2 m^-1],Thermal time[dd]
1,0.14142136,0.0,0.0701,0.004042135611804359,0.15890072591018678,39.3110823511573,0.0
2,0.28284273,0.07071068,0.0701,0.005716443181545683,0.27873461753173834,48.76014834391665,0.0
3,0.4242641,0.07071068,0.0701,0.004042135611804359,0.174173928984375,43.089580783912865,0.0
4,0.56568545,0.14142136,0.0701,0.004042135611804359,0.16172893819374085,40.01076503258312,0.0
5,0.70710677,0.21213204,0.0701,0.005716443181545683,0.23045686916931155,40.31473100498792,0.0
6,0.8485281,0.21213204,0.0701,0.004042135611804359,0.158865586598053,39.30238909701928,0.0
7,0.9899494,0.28284273,0.0701,0.004042135611804359,0.19373369540832522,47.92854916657407,0.0
