Tile Number, Tile x cohordinate [m], Tile y cohordinate [m], area_m2[m2], Tile z cohordinate [m],absorbedPARTile [umol^s-1],absorbedPARTilem2 [umol m^-2 m^-1],Thermal time[dd]
1,0.1118034,0.0,0.0701,0.00108033979058772,0.0019016509231392015,1.7602340853377962,0.0
2,0.22360681,0.0559017,0.0701,0.0012078565728149138,0.004051185859790081,3.3540289062208593,0.0
3,0.3354102,0.0559017,0.0701,0.00108033979058772,0.008687038360770548,8.041024163374264,0.0
4,0.44721362,0.1118034,0.0701,0.00108033979058772,0.003060045258523586,2.8324840806417755,0.0
5,0.559017,0.1677051,0.0701,0.0012078565728149138,0.001648943153120224,1.365181255980879,0.0
6,0.6708204,0.1677051,0.0701,0.00108033979058772,0.004147586933587315,3.8391503948317687,0.0
7,0.7826238,0.22360681,0.0701,0.00108033979058772,0.005343223907638145,4.94587346887534,0.0
