Tile Number, Tile x cohordinate [m], Tile y cohordinate [m], area_m2[m2], Tile z cohordinate [m],absorbedPARTile [umol^s-1],absorbedPARTilem2 [umol m^-2 m^-1],Thermal time[dd]
1,0.14142136,0.0,0.0701,0.004042135611804359,0.0713676797582948,17.655934043844994,0.0
2,0.28284273,0.07071068,0.0701,0.005716443181545683,0.13013024527080536,22.764198145256316,0.0
3,0.4242641,0.07071068,0.0701,0.004042135611804359,0.03452442663618594,8.541135170072797,0.0
4,0.56568545,0.14142136,0.0701,0.004042135611804359,0.08463500168242932,20.938189563771044,0.0
5,0.70710677,0.21213204,0.0701,0.005716443181545683,0.3922570301661683,68.61907268360271,0.0
6,0.8485281,0.21213204,0.0701,0.004042135611804359,0.17028698821571348,42.12797505319211,0.0
7,0.9899494,0.28284273,0.0701,0.004042135611804359,0.05741718050839424,14.204664569075138,0.0
