Tile Number, Tile x cohordinate [m], Tile y cohordinate [m], area_m2[m2], Tile z cohordinate [m],absorbedPARTile [umol^s-1],absorbedPARTilem2 [umol m^-2 m^-1],Thermal time[dd]
1,0.14142136,0.0,0.0701,0.004042135611804359,0.03360289097814484,8.313152799726312,0.0
2,0.28284273,0.07071068,0.0701,0.005716443181545683,0.09796460489364639,17.137335539327008,0.0
3,0.4242641,0.07071068,0.0701,0.004042135611804359,0.14910490382290534,36.887654978093806,0.0
4,0.56568545,0.14142136,0.0701,0.004042135611804359,0.0605598521634761,14.98214260467202,0.0
5,0.70710677,0.21213204,0.0701,0.005716443181545683,0.12837449223123887,22.457057326427826,0.0
6,0.8485281,0.21213204,0.0701,0.004042135611804359,0.028694928711181265,7.0989525010943915,0.0
7,0.9899494,0.28284273,0.0701,0.004042135611804359,0.06832644718203473,16.903551425266173,0.0
