Tile Number, Tile x cohordinate [m], Tile y cohordinate [m], area_m2[m2], Tile z cohordinate [m],absorbedPARTile [umol^s-1],absorbedPARTilem2 [umol m^-2 m^-1],Thermal time[dd]
1,0.1118034,0.0,0.0701,0.00108033979058772,0.0020041883816301082,1.855146315160531,0.0
2,0.22360681,0.0559017,0.0701,0.0012078565728149138,0.010104764226685988,8.365864336969084,0.0
3,0.3354102,0.0559017,0.0701,0.00108033979058772,0.005300789754554144,4.906594944235499,0.0
4,0.44721362,0.1118034,0.0701,0.00108033979058772,0.005414787291151453,5.012115020039883,0.0
5,0.559017,0.1677051,0.0701,0.0012078565728149138,0.00273847485588758,2.267218573398624,0.0
6,0.6708204,0.1677051,0.0701,0.00108033979058772,0.002819576748405033,2.609898082964383,0.0
7,0.7826238,0.22360681,0.0701,0.00108033979058772,0.0030715928662072792,2.8431729470376075,0.0
