Tile Number, Tile x cohordinate [m], Tile y cohordinate [m], area_m2[m2], Tile z cohordinate [m],absorbedPARTile [umol^s-1],absorbedPARTilem2 [umol m^-2 m^-1],Thermal time[dd]
1,0.14142136,0.0,0.0701,0.004042135611804359,0.07328043517110826,18.12913821028305,0.0
2,0.28284273,0.07071068,0.0701,0.005716443181545683,0.21519345531249998,37.644641690344464,0.0
3,0.4242641,0.07071068,0.0701,0.004042135611804359,0.07556803370848775,18.6950763076341,0.0
4,0.56568545,0.14142136,0.0701,0.004042135611804359,0.11001612807549475,27.217327334147733,0.0
5,0.70710677,0.21213204,0.0701,0.005716443181545683,0.14659301759010315,25.644095976209023,0.0
6,0.8485281,0.21213204,0.0701,0.004042135611804359,0.2460317030712891,60.86676121226512,0.0
7,0.9899494,0.28284273,0.0701,0.004042135611804359,0.08241749012848379,20.38959056390828,0.0
