Tile Number, Tile x cohordinate [m], Tile y cohordinate [m], area_m2[m2], Tile z cohordinate [m],absorbedPARTile [umol^s-1],absorbedPARTilem2 [umol m^-2 m^-1],Thermal time[dd]
1,0.1118034,0.0,0.0701,0.00108033979058772,0.005369521281028377,4.970215230253884,0.0
2,0.22360681,0.0559017,0.0701,0.0012078565728149138,0.004542620366854948,3.7608938586709484,0.0
3,0.3354102,0.0559017,0.0701,0.00108033979058772,0.009872712508101624,9.13852529927712,0.0
4,0.44721362,0.1118034,0.0701,0.00108033979058772,0.0037962890536085074,3.513976886423181,0.0
5,0.559017,0.1677051,0.0701,0.0012078565728149138,0.019888800506491125,16.46619387941087,0.0
6,0.6708204,0.1677051,0.0701,0.00108033979058772,0.004135270754053337,3.827750111660418,0.0
7,0.7826238,0.22360681,0.0701,0.00108033979058772,0.008066982718113243,7.4670791434282835,0.0
