Tile Number, Tile x cohordinate [m], Tile y cohordinate [m], area_m2[m2], Tile z cohordinate [m],absorbedPARTile [umol^s-1],absorbedPARTilem2 [umol m^-2 m^-1],Thermal time[dd]
1,0.14142136,0.0,0.0701,0.004042135611804359,0.24897505086456298,61.59492772520405,0.0
2,0.28284273,0.07071068,0.0701,0.005716443181545683,0.25228170187469484,44.132635252832124,0.0
3,0.4242641,0.07071068,0.0701,0.004042135611804359,0.24233984883865353,59.953418715330045,0.0
4,0.56568545,0.14142136,0.0701,0.004042135611804359,0.18198184314657215,45.02121171173119,0.0
5,0.70710677,0.21213204,0.0701,0.005716443181545683,0.29152474993591315,50.997576758400854,0.0
6,0.8485281,0.21213204,0.0701,0.004042135611804359,0.2692877574737549,66.62016897388263,0.0
7,0.9899494,0.28284273,0.0701,0.004042135611804359,0.2629536010502625,65.05313683250802,0.0
