Tile Number, Tile x cohordinate [m], Tile y cohordinate [m], area_m2[m2], Tile z cohordinate [m],absorbedPARTile [umol^s-1],absorbedPARTilem2 [umol m^-2 m^-1],Thermal time[dd]
1,0.14142136,0.0,0.0701,0.004042135611804359,0.19073505305633545,47.18670311291057,0.0
2,0.28284273,0.07071068,0.0701,0.005716443181545683,0.422001413646698,73.82237525058231,0.0
3,0.4242641,0.07071068,0.0701,0.004042135611804359,0.1608076671621005,39.78284812921403,0.0
4,0.56568545,0.14142136,0.0701,0.004042135611804359,0.034081316194627564,8.431512316187256,0.0
5,0.70710677,0.21213204,0.0701,0.005716443181545683,0.17171258739598594,30.038361607498068,0.0
6,0.8485281,0.21213204,0.0701,0.004042135611804359,0.22946225875282292,56.76758050440416,0.0
7,0.9899494,0.28284273,0.0701,0.004042135611804359,0.15305833600834406,37.86571028477214,0.0
