Tile Number, Tile x cohordinate [m], Tile y cohordinate [m], area_m2[m2], Tile z cohordinate [m],absorbedPARTile [umol^s-1],absorbedPARTilem2 [umol m^-2 m^-1],Thermal time[dd]
1,0.14142136,0.0,0.0701,0.004042135611804359,0.05736496867480291,14.191747675975645,0.0
2,0.28284273,0.07071068,0.0701,0.005716443181545683,0.24545740065949762,42.93883326819454,0.0
3,0.4242641,0.07071068,0.0701,0.004042135611804359,0.04137269704159617,10.235356013483157,0.0
4,0.56568545,0.14142136,0.0701,0.004042135611804359,0.019216372408331888,4.754014771848275,0.0
5,0.70710677,0.21213204,0.0701,0.005716443181545683,0.00790215356559163,1.3823549565054798,0.0
6,0.8485281,0.21213204,0.0701,0.004042135611804359,0.03140586664153796,7.76962221401542,0.0
7,0.9899494,0.28284273,0.0701,0.004042135611804359,0.11285394338910827,27.919385747360334,0.0
