Tile Number, Tile x cohordinate [m], Tile y cohordinate [m], area_m2[m2], Tile z cohordinate [m],absorbedPARTile [umol^s-1],absorbedPARTilem2 [umol m^-2 m^-1],Thermal time[dd]
1,0.1118034,0.0,0.0701,0.00108033979058772,0.0034143736545421467,3.160462739861391,0.0
2,0.22360681,0.0559017,0.0701,0.0012078565728149138,0.008647702631538216,7.1595442920716295,0.0
3,0.3354102,0.0559017,0.0701,0.00108033979058772,0.011798599563821682,10.921193189971351,0.0
4,0.44721362,0.1118034,0.0701,0.00108033979058772,0.013588186066969182,12.577696559317712,0.0
5,0.559017,0.1677051,0.0701,0.0012078565728149138,0.00672125484042512,5.564613375213262,0.0
6,0.6708204,0.1677051,0.0701,0.00108033979058772,0.003680456635245352,3.406758380382465,0.0
7,0.7826238,0.22360681,0.0701,0.00108033979058772,0.00378300040597071,3.501676453028454,0.0
