Tile Number, Tile x cohordinate [m], Tile y cohordinate [m], area_m2[m2], Tile z cohordinate [m],absorbedPARTile [umol^s-1],absorbedPARTilem2 [umol m^-2 m^-1],Thermal time[dd]
1,0.14142136,0.0,0.0701,0.004042135611804359,0.04635191638212691,11.467184882853545,0.0
2,0.28284273,0.07071068,0.0701,0.005716443181545683,0.12949549003449282,22.653157902896922,0.0
3,0.4242641,0.07071068,0.0701,0.004042135611804359,0.02517088847689767,6.2271261764178405,0.0
4,0.56568545,0.14142136,0.0701,0.004042135611804359,0.13146998926992415,32.52488335274767,0.0
5,0.70710677,0.21213204,0.0701,0.005716443181545683,0.26829909820709225,46.93462170204694,0.0
6,0.8485281,0.21213204,0.0701,0.004042135611804359,0.11639183280339437,28.79463827574021,0.0
7,0.9899494,0.28284273,0.0701,0.004042135611804359,0.17364329318262736,42.95830468318086,0.0
