Tile Number, Tile x cohordinate [m], Tile y cohordinate [m], area_m2[m2], Tile z cohordinate [m],absorbedPARTile [umol^s-1],absorbedPARTilem2 [umol m^-2 m^-1],Thermal time[dd]
1,0.14142136,0.0,0.0701,0.004042135611804359,0.16796091183914183,41.55251777022052,0.0
2,0.28284273,0.07071068,0.0701,0.005716443181545683,0.2539999087246704,44.433207968314086,0.0
3,0.4242641,0.07071068,0.0701,0.004042135611804359,0.16285230912849427,40.28868023450579,0.0
4,0.56568545,0.14142136,0.0701,0.004042135611804359,0.14712123484046935,36.39690722172388,0.0
5,0.70710677,0.21213204,0.0701,0.005716443181545683,0.27321380065490725,47.7943700266137,0.0
6,0.8485281,0.21213204,0.0701,0.004042135611804359,0.20416061856628415,50.508107142686725,0.0
7,0.9899494,0.28284273,0.0701,0.004042135611804359,0.1955871715301514,48.387087993528176,0.0
