Tile Number, Tile x cohordinate [m], Tile y cohordinate [m], area_m2[m2], Tile z cohordinate [m],absorbedPARTile [umol^s-1],absorbedPARTilem2 [umol m^-2 m^-1],Thermal time[dd]
1,0.1118034,0.0,0.0701,0.00108033979058772,0.007630578851974203,7.063128580891259,0.0
2,0.22360681,0.0559017,0.0701,0.0012078565728149138,0.01585810995518107,13.129133302825592,0.0
3,0.3354102,0.0559017,0.0701,0.00108033979058772,0.012026332180384397,11.131990402613889,0.0
4,0.44721362,0.1118034,0.0701,0.00108033979058772,0.007571429175787694,7.008377588007502,0.0
5,0.559017,0.1677051,0.0701,0.0012078565728149138,0.0059571331520232584,4.9319871962447825,0.0
6,0.6708204,0.1677051,0.0701,0.00108033979058772,0.005526433068053368,5.115458225459706,0.0
7,0.7826238,0.22360681,0.0701,0.00108033979058772,0.005467878131816325,5.0612577445117735,0.0
