Tile Number, Tile x cohordinate [m], Tile y cohordinate [m], area_m2[m2], Tile z cohordinate [m],absorbedPARTile [umol^s-1],absorbedPARTilem2 [umol m^-2 m^-1],Thermal time[dd]
1,0.14142136,0.0,0.0701,0.004042135611804359,0.11853229966471594,29.324176882775237,0.0
2,0.28284273,0.07071068,0.0701,0.005716443181545683,0.21326016147982277,37.3064429588468,0.0
3,0.4242641,0.07071068,0.0701,0.004042135611804359,0.10056481101644833,24.879128429725654,0.0
4,0.56568545,0.14142136,0.0701,0.004042135611804359,0.08983868800014652,22.225550211078556,0.0
5,0.70710677,0.21213204,0.0701,0.005716443181545683,0.20693664908269246,36.2002459415224,0.0
6,0.8485281,0.21213204,0.0701,0.004042135611804359,0.041650995599199714,10.304205400126897,0.0
7,0.9899494,0.28284273,0.0701,0.004042135611804359,0.056779873713158444,14.046998707154362,0.0
