Tile Number, Tile x cohordinate [m], Tile y cohordinate [m], area_m2[m2], Tile z cohordinate [m],absorbedPARTile [umol^s-1],absorbedPARTilem2 [umol m^-2 m^-1],Thermal time[dd]
1,0.1118034,0.0,0.0701,0.00108033979058772,0.01826753647258222,16.90906567705372,0.0
2,0.22360681,0.0559017,0.0701,0.0012078565728149138,0.02506481726103004,20.75148475834047,0.0
3,0.3354102,0.0559017,0.0701,0.00108033979058772,0.006926179023787627,6.411111655916782,0.0
4,0.44721362,0.1118034,0.0701,0.00108033979058772,0.011712440943295875,10.841441780945738,0.0
5,0.559017,0.1677051,0.0701,0.0012078565728149138,0.0031139635186191138,2.578090469269883,0.0
6,0.6708204,0.1677051,0.0701,0.00108033979058772,8.998497980842179E-4,0.8329321995949878,0.0
7,0.7826238,0.22360681,0.0701,0.00108033979058772,6.395068470723733E-4,0.5919497297461132,0.0
