Tile Number, Tile x cohordinate [m], Tile y cohordinate [m], area_m2[m2], Tile z cohordinate [m],absorbedPARTile [umol^s-1],absorbedPARTilem2 [umol m^-2 m^-1],Thermal time[dd]
1,0.14142136,0.0,0.0701,0.004042135611804359,0.1534252580084483,37.95648457721119,0.0
2,0.28284273,0.07071068,0.0701,0.005716443181545683,0.2690019002031962,47.05756563305159,0.0
3,0.4242641,0.07071068,0.0701,0.004042135611804359,0.1580891951318741,39.11031452537166,0.0
4,0.56568545,0.14142136,0.0701,0.004042135611804359,0.09781110363419851,24.197877812055108,0.0
5,0.70710677,0.21213204,0.0701,0.005716443181545683,0.21997686284497578,38.48142207642755,0.0
6,0.8485281,0.21213204,0.0701,0.004042135611804359,0.08452406754950752,20.910745127568102,0.0
7,0.9899494,0.28284273,0.0701,0.004042135611804359,0.06824368248665608,16.883075938214983,0.0
