Tile Number, Tile x cohordinate [m], Tile y cohordinate [m], area_m2[m2], Tile z cohordinate [m],absorbedPARTile [umol^s-1],absorbedPARTilem2 [umol m^-2 m^-1],Thermal time[dd]
1,0.1118034,0.0,0.0701,0.00108033979058772,0.031312778845181063,28.984194711690176,0.0
2,0.22360681,0.0559017,0.0701,0.0012078565728149138,0.013125724290684516,10.866956049338683,0.0
3,0.3354102,0.0559017,0.0701,0.00108033979058772,0.030524594987041992,28.25462438112752,0.0
4,0.44721362,0.1118034,0.0701,0.00108033979058772,0.014097289795666481,13.048940637461255,0.0
5,0.559017,0.1677051,0.0701,0.0012078565728149138,0.012159457253297793,10.066971134627464,0.0
6,0.6708204,0.1677051,0.0701,0.00108033979058772,0.0031292355201082843,2.8965289877973825,0.0
7,0.7826238,0.22360681,0.0701,0.00108033979058772,0.006255449640025491,5.790261262729607,0.0
