Tile Number, Tile x cohordinate [m], Tile y cohordinate [m], area_m2[m2], Tile z cohordinate [m],absorbedPARTile [umol^s-1],absorbedPARTilem2 [umol m^-2 m^-1],Thermal time[dd]
1,0.1118034,0.0,0.0701,0.00108033979058772,0.006550088659081197,6.062989363298243,0.0
2,0.22360681,0.0559017,0.0701,0.0012078565728149138,0.013065763718497691,10.817313920019398,0.0
3,0.3354102,0.0559017,0.0701,0.00108033979058772,0.003059865117592777,2.8323173359449876,0.0
4,0.44721362,0.1118034,0.0701,0.00108033979058772,0.007131249790402011,6.600932273838134,0.0
5,0.559017,0.1677051,0.0701,0.0012078565728149138,0.0029463024352727376,2.4392817008118524,0.0
6,0.6708204,0.1677051,0.0701,0.00108033979058772,0.012343241631006583,11.425332787466514,0.0
7,0.7826238,0.22360681,0.0701,0.00108033979058772,0.03483997046937843,32.24908567926115,0.0
