Tile Number, Tile x cohordinate [m], Tile y cohordinate [m], area_m2[m2], Tile z cohordinate [m],absorbedPARTile [umol^s-1],absorbedPARTilem2 [umol m^-2 m^-1],Thermal time[dd]
1,0.14142136,0.0,0.0701,0.004042135611804359,0.15515322265289308,38.383972620758904,0.0
2,0.28284273,0.07071068,0.0701,0.005716443181545683,0.3077661413357544,53.838747550104536,0.0
3,0.4242641,0.07071068,0.0701,0.004042135611804359,0.33244043350463864,82.24376058383686,0.0
4,0.56568545,0.14142136,0.0701,0.004042135611804359,0.28099793357208247,69.51719599695679,0.0
5,0.70710677,0.21213204,0.0701,0.005716443181545683,0.1605485173105621,28.08538670144728,0.0
6,0.8485281,0.21213204,0.0701,0.004042135611804359,0.09213528530244829,22.793714548661626,0.0
7,0.9899494,0.28284273,0.0701,0.004042135611804359,0.1738669399130249,43.013633537003685,0.0
