Tile Number, Tile x cohordinate [m], Tile y cohordinate [m], area_m2[m2], Tile z cohordinate [m],absorbedPARTile [umol^s-1],absorbedPARTilem2 [umol m^-2 m^-1],Thermal time[dd]
1,0.1118034,0.0,0.0701,0.00108033979058772,0.008328193106171899,7.708864543109391,0.0
2,0.22360681,0.0559017,0.0701,0.0012078565728149138,0.004801964538975643,3.9756082361539407,0.0
3,0.3354102,0.0559017,0.0701,0.00108033979058772,0.002401423317397226,2.222840756509411,0.0
4,0.44721362,0.1118034,0.0701,0.00108033979058772,0.002614716229666039,2.4202720777724913,0.0
5,0.559017,0.1677051,0.0701,0.0012078565728149138,0.003961513257143385,3.279787804533005,0.0
6,0.6708204,0.1677051,0.0701,0.00108033979058772,0.009151964072751139,8.47137553618417,0.0
7,0.7826238,0.22360681,0.0701,0.00108033979058772,0.006344434214816173,5.872628473088742,0.0
