Tile Number, Tile x cohordinate [m], Tile y cohordinate [m], area_m2[m2], Tile z cohordinate [m],absorbedPARTile [umol^s-1],absorbedPARTilem2 [umol m^-2 m^-1],Thermal time[dd]
1,0.14142136,0.0,0.0701,0.004042135611804359,0.19994429448515574,49.46501396471037,0.0
2,0.28284273,0.07071068,0.0701,0.005716443181545683,0.043707258824692174,7.645883539224484,0.0
3,0.4242641,0.07071068,0.0701,0.004042135611804359,0.06696359011959634,16.5663887980504,0.0
4,0.56568545,0.14142136,0.0701,0.004042135611804359,0.04101321377266287,10.146422018323893,0.0
5,0.70710677,0.21213204,0.0701,0.005716443181545683,0.09645859848004082,16.87388388490186,0.0
6,0.8485281,0.21213204,0.0701,0.004042135611804359,0.028507463167082265,7.05257465480157,0.0
7,0.9899494,0.28284273,0.0701,0.004042135611804359,0.06967116763641418,17.23622716490549,0.0
