Tile Number, Tile x cohordinate [m], Tile y cohordinate [m], area_m2[m2], Tile z cohordinate [m],absorbedPARTile [umol^s-1],absorbedPARTilem2 [umol m^-2 m^-1],Thermal time[dd]
1,0.1118034,0.0,0.0701,0.00108033979058772,0.004941939613671914,4.57443080105698,0.0
2,0.22360681,0.0559017,0.0701,0.0012078565728149138,0.004443901838382128,3.6791635185836675,0.0
3,0.3354102,0.0559017,0.0701,0.00108033979058772,0.008533343198905113,7.898758588039098,0.0
4,0.44721362,0.1118034,0.0701,0.00108033979058772,0.0014230073853577685,1.3171850169321568,0.0
5,0.559017,0.1677051,0.0701,0.0012078565728149138,0.0015374161782896263,1.2728466383278214,0.0
6,0.6708204,0.1677051,0.0701,0.00108033979058772,0.011972564531239377,11.082221200726242,0.0
7,0.7826238,0.22360681,0.0701,0.00108033979058772,0.004860118653618864,4.498694481089965,0.0
