Tile Number, Tile x cohordinate [m], Tile y cohordinate [m], area_m2[m2], Tile z cohordinate [m],absorbedPARTile [umol^s-1],absorbedPARTilem2 [umol m^-2 m^-1],Thermal time[dd]
1,0.1118034,0.0,0.0701,0.00108033979058772,0.005653892664198763,5.233439250740701,0.0
2,0.22360681,0.0559017,0.0701,0.0012078565728149138,0.008399005763680497,6.953644954803355,0.0
3,0.3354102,0.0559017,0.0701,0.00108033979058772,0.0025468549411519245,2.3574573142088933,0.0
4,0.44721362,0.1118034,0.0701,0.00108033979058772,0.00836506508524254,7.7429945264645195,0.0
5,0.559017,0.1677051,0.0701,0.0012078565728149138,0.009195041473696992,7.6126931629538745,0.0
6,0.6708204,0.1677051,0.0701,0.00108033979058772,0.013585874612937419,12.57555699725409,0.0
7,0.7826238,0.22360681,0.0701,0.00108033979058772,0.006141739550715504,5.685007258109333,0.0
