Tile Number, Tile x cohordinate [m], Tile y cohordinate [m], area_m2[m2], Tile z cohordinate [m],absorbedPARTile [umol^s-1],absorbedPARTilem2 [umol m^-2 m^-1],Thermal time[dd]
1,0.14142136,0.0,0.0701,0.004042135611804359,0.07179880923329351,17.762592878778605,0.0
2,0.28284273,0.07071068,0.0701,0.005716443181545683,0.13104401540981295,22.924047567351074,0.0
3,0.4242641,0.07071068,0.0701,0.004042135611804359,0.2999766788603211,74.21242325079123,0.0
4,0.56568545,0.14142136,0.0701,0.004042135611804359,0.12269522559974672,30.354059681084546,0.0
5,0.70710677,0.21213204,0.0701,0.005716443181545683,0.10147033746833323,17.750607195031442,0.0
6,0.8485281,0.21213204,0.0701,0.004042135611804359,0.0968862477615261,23.96907404061025,0.0
7,0.9899494,0.28284273,0.0701,0.004042135611804359,0.06362982767058432,15.741636051191453,0.0
