Tile Number, Tile x cohordinate [m], Tile y cohordinate [m], area_m2[m2], Tile z cohordinate [m],absorbedPARTile [umol^s-1],absorbedPARTilem2 [umol m^-2 m^-1],Thermal time[dd]
1,0.14142136,0.0,0.0701,0.004042135611804359,0.07510300955611991,18.580032133705394,0.0
2,0.28284273,0.07071068,0.0701,0.005716443181545683,0.0988935184824626,17.299834064951302,0.0
3,0.4242641,0.07071068,0.0701,0.004042135611804359,0.06260189946848331,15.487332806367323,0.0
4,0.56568545,0.14142136,0.0701,0.004042135611804359,0.028721699123201834,7.105575339759771,0.0
5,0.70710677,0.21213204,0.0701,0.005716443181545683,0.11793534892052014,20.630896726350617,0.0
6,0.8485281,0.21213204,0.0701,0.004042135611804359,0.06773000525055364,16.75599528446296,0.0
7,0.9899494,0.28284273,0.0701,0.004042135611804359,0.04595387234254518,11.368711185331048,0.0
