Tile Number, Tile x cohordinate [m], Tile y cohordinate [m], area_m2[m2], Tile z cohordinate [m],absorbedPARTile [umol^s-1],absorbedPARTilem2 [umol m^-2 m^-1],Thermal time[dd]
1,0.14142136,0.0,0.0701,0.004042135611804359,0.03666498746832997,9.070697024923211,0.0
2,0.28284273,0.07071068,0.0701,0.005716443181545683,0.09242966089515686,16.169085908794877,0.0
3,0.4242641,0.07071068,0.0701,0.004042135611804359,0.07369729566132933,18.232266984340928,0.0
4,0.56568545,0.14142136,0.0701,0.004042135611804359,0.035004766840909134,8.65996844308829,0.0
5,0.70710677,0.21213204,0.0701,0.005716443181545683,0.10579373930368424,18.50691696634312,0.0
6,0.8485281,0.21213204,0.0701,0.004042135611804359,0.07894428656321527,19.53034092489923,0.0
7,0.9899494,0.28284273,0.0701,0.004042135611804359,0.08741952601323784,21.62706410886963,0.0
