Tile Number, Tile x cohordinate [m], Tile y cohordinate [m], area_m2[m2], Tile z cohordinate [m],absorbedPARTile [umol^s-1],absorbedPARTilem2 [umol m^-2 m^-1],Thermal time[dd]
1,0.1118034,0.0,0.0701,0.00108033979058772,0.004972992612256489,4.603174534144588,0.0
2,0.22360681,0.0559017,0.0701,0.0012078565728149138,0.006861270157180324,5.680533857749444,0.0
3,0.3354102,0.0559017,0.0701,0.00108033979058772,0.007143813488314071,6.612561668609593,0.0
4,0.44721362,0.1118034,0.0701,0.00108033979058772,0.00649832676626556,6.015076759072606,0.0
5,0.559017,0.1677051,0.0701,0.0012078565728149138,0.003968842009939104,3.2858553732830256,0.0
6,0.6708204,0.1677051,0.0701,0.00108033979058772,0.002540041372867815,2.351150438961428,0.0
7,0.7826238,0.22360681,0.0701,0.00108033979058772,0.00612239131520193,5.6670978598976385,0.0
