Tile Number, Tile x cohordinate [m], Tile y cohordinate [m], area_m2[m2], Tile z cohordinate [m],absorbedPARTile [umol^s-1],absorbedPARTilem2 [umol m^-2 m^-1],Thermal time[dd]
1,0.14142136,0.0,0.0701,0.004042135611804359,0.03532478563607236,8.739139165176057,0.0
2,0.28284273,0.07071068,0.0701,0.005716443181545683,0.0981865899600029,17.176168264381136,0.0
3,0.4242641,0.07071068,0.0701,0.004042135611804359,0.0448067576163036,11.084921912429953,0.0
4,0.56568545,0.14142136,0.0701,0.004042135611804359,0.15008097933972678,37.129130180947215,0.0
5,0.70710677,0.21213204,0.0701,0.005716443181545683,0.30138575521062216,52.72260138674723,0.0
6,0.8485281,0.21213204,0.0701,0.004042135611804359,0.15410962441622414,38.12579270378104,0.0
7,0.9899494,0.28284273,0.0701,0.004042135611804359,0.06997784496779877,17.312097289225168,0.0
