Tile Number, Tile x cohordinate [m], Tile y cohordinate [m], area_m2[m2], Tile z cohordinate [m],absorbedPARTile [umol^s-1],absorbedPARTilem2 [umol m^-2 m^-1],Thermal time[dd]
1,0.1118034,0.0,0.0701,0.00108033979058772,0.005141803032751593,4.75943131739541,0.0
2,0.22360681,0.0559017,0.0701,0.0012078565728149138,0.004618938249588145,3.8240784158864938,0.0
3,0.3354102,0.0559017,0.0701,0.00108033979058772,0.011207336266150532,10.37389936369333,0.0
4,0.44721362,0.1118034,0.0701,0.00108033979058772,0.010377158539488082,9.605458051158852,0.0
5,0.559017,0.1677051,0.0701,0.0012078565728149138,0.0063047903361339854,5.219817052815013,0.0
6,0.6708204,0.1677051,0.0701,0.00108033979058772,0.0068074892840349925,6.301248314043513,0.0
7,0.7826238,0.22360681,0.0701,0.00108033979058772,0.01834915027831197,16.984610247790442,0.0
