Tile Number, Tile x cohordinate [m], Tile y cohordinate [m], area_m2[m2], Tile z cohordinate [m],absorbedPARTile [umol^s-1],absorbedPARTilem2 [umol m^-2 m^-1],Thermal time[dd]
1,0.14142136,0.0,0.0701,0.004042135611804359,0.053621690418593264,13.265683185393476,0.0
2,0.28284273,0.07071068,0.0701,0.005716443181545683,0.08524257166347901,14.911819982514034,0.0
3,0.4242641,0.07071068,0.0701,0.004042135611804359,0.15035900921089845,37.19791309618631,0.0
4,0.56568545,0.14142136,0.0701,0.004042135611804359,0.02173786109447139,5.3778158830173135,0.0
5,0.70710677,0.21213204,0.0701,0.005716443181545683,0.06920762005302708,12.106762519121876,0.0
6,0.8485281,0.21213204,0.0701,0.004042135611804359,0.03393788116128735,8.396027353010528,0.0
7,0.9899494,0.28284273,0.0701,0.004042135611804359,0.007624290700829085,1.8862035896479226,0.0
