Tile Number, Tile x cohordinate [m], Tile y cohordinate [m], area_m2[m2], Tile z cohordinate [m],absorbedPARTile [umol^s-1],absorbedPARTilem2 [umol m^-2 m^-1],Thermal time[dd]
1,0.1118034,0.0,0.0701,0.00108033979058772,0.0032560697216878903,3.0139311261659105,0.0
2,0.22360681,0.0559017,0.0701,0.0012078565728149138,0.004962199974396973,4.108269215137481,0.0
3,0.3354102,0.0559017,0.0701,0.00108033979058772,0.003516050965133146,3.2545787869392138,0.0
4,0.44721362,0.1118034,0.0701,0.00108033979058772,0.0030244545175465063,2.799540055727431,0.0
5,0.559017,0.1677051,0.0701,0.0012078565728149138,0.00483375339674605,4.001926640578667,0.0
6,0.6708204,0.1677051,0.0701,0.00108033979058772,0.002535715900936694,2.3471466320399337,0.0
7,0.7826238,0.22360681,0.0701,0.00108033979058772,9.58791770757479E-4,0.8874909348991792,0.0
