Tile Number, Tile x cohordinate [m], Tile y cohordinate [m], area_m2[m2], Tile z cohordinate [m],absorbedPARTile [umol^s-1],absorbedPARTilem2 [umol m^-2 m^-1],Thermal time[dd]
1,0.1118034,0.0,0.0701,0.00108033979058772,0.0020558724246138756,1.9029868588802532,0.0
2,0.22360681,0.0559017,0.0701,0.0012078565728149138,0.0016531010248803117,1.3686236115168495,0.0
3,0.3354102,0.0559017,0.0701,0.00108033979058772,0.0016489806359246142,1.5263536993555942,0.0
4,0.44721362,0.1118034,0.0701,0.00108033979058772,0.0019789943396512372,1.8318258356240278,0.0
5,0.559017,0.1677051,0.0701,0.0012078565728149138,0.011199669783530607,9.272350737331122,0.0
6,0.6708204,0.1677051,0.0701,0.00108033979058772,0.001692745072552216,1.5668635806067452,0.0
7,0.7826238,0.22360681,0.0701,0.00108033979058772,0.006685980741536785,6.188775790531161,0.0
