Tile Number, Tile x cohordinate [m], Tile y cohordinate [m], area_m2[m2], Tile z cohordinate [m],absorbedPARTile [umol^s-1],absorbedPARTilem2 [umol m^-2 m^-1],Thermal time[dd]
1,0.1118034,0.0,0.0701,0.00108033979058772,0.005817768189044449,5.385128123328219,0.0
2,0.22360681,0.0559017,0.0701,0.0012078565728149138,0.0037545719550689744,3.1084584375104503,0.0
3,0.3354102,0.0559017,0.0701,0.00108033979058772,0.0011409495593975182,1.0561025052838475,0.0
4,0.44721362,0.1118034,0.0701,0.00108033979058772,0.0013908814735304684,1.2874481581149664,0.0
5,0.559017,0.1677051,0.0701,0.0012078565728149138,0.0020953362811920516,1.7347558711452498,0.0
6,0.6708204,0.1677051,0.0701,0.00108033979058772,0.0020431332136195027,1.8911950031091698,0.0
7,0.7826238,0.22360681,0.0701,0.00108033979058772,0.0011196062887356996,1.0363464333074488,0.0
