Tile Number, Tile x cohordinate [m], Tile y cohordinate [m], area_m2[m2], Tile z cohordinate [m],absorbedPARTile [umol^s-1],absorbedPARTilem2 [umol m^-2 m^-1],Thermal time[dd]
1,0.14142136,0.0,0.0701,0.004042135611804359,0.18655085447418213,46.151557589852395,0.0
2,0.28284273,0.07071068,0.0701,0.005716443181545683,0.06082994249334335,10.641222270820402,0.0
3,0.4242641,0.07071068,0.0701,0.004042135611804359,0.03947197569842637,9.765129003380114,0.0
4,0.56568545,0.14142136,0.0701,0.004042135611804359,0.07320247449522256,18.109851208714367,0.0
5,0.70710677,0.21213204,0.0701,0.005716443181545683,0.11135302443235397,19.479424686986036,0.0
6,0.8485281,0.21213204,0.0701,0.004042135611804359,0.03151331758768558,7.796204930793607,0.0
7,0.9899494,0.28284273,0.0701,0.004042135611804359,0.0315794773560086,7.8125724589215135,0.0
