Tile Number, Tile x cohordinate [m], Tile y cohordinate [m], area_m2[m2], Tile z cohordinate [m],absorbedPARTile [umol^s-1],absorbedPARTilem2 [umol m^-2 m^-1],Thermal time[dd]
1,0.1118034,0.0,0.0701,0.00108033979058772,0.009575330240106848,8.863257952294559,0.0
2,0.22360681,0.0559017,0.0701,0.0012078565728149138,0.006324736435168729,5.236330684883313,0.0
3,0.3354102,0.0559017,0.0701,0.00108033979058772,0.002660000473060989,2.462188744907666,0.0
4,0.44721362,0.1118034,0.0701,0.00108033979058772,0.0032502249978788138,3.0085210469852695,0.0
5,0.559017,0.1677051,0.0701,0.0012078565728149138,0.002665032758817257,2.2064149161405724,0.0
6,0.6708204,0.1677051,0.0701,0.00108033979058772,0.0015356899338095872,1.4214878940765021,0.0
7,0.7826238,0.22360681,0.0701,0.00108033979058772,0.005097724134183737,4.718630359259936,0.0
