Tile Number, Tile x cohordinate [m], Tile y cohordinate [m], area_m2[m2], Tile z cohordinate [m],absorbedPARTile [umol^s-1],absorbedPARTilem2 [umol m^-2 m^-1],Thermal time[dd]
1,0.1118034,0.0,0.0701,0.00108033979058772,0.001417270737253538,1.3118749763743525,0.0
2,0.22360681,0.0559017,0.0701,0.0012078565728149138,0.008315008768265407,6.884102761379401,0.0
3,0.3354102,0.0559017,0.0701,0.00108033979058772,0.0033920342557962955,3.139784617162885,0.0
4,0.44721362,0.1118034,0.0701,0.00108033979058772,0.011826455026705703,10.946977173053995,0.0
5,0.559017,0.1677051,0.0701,0.0012078565728149138,0.0029316243311669913,2.4271295095367416,0.0
6,0.6708204,0.1677051,0.0701,0.00108033979058772,0.01269117384709656,11.747390920584703,0.0
7,0.7826238,0.22360681,0.0701,0.00108033979058772,0.004401398881530476,4.074087541602123,0.0
