Tile Number, Tile x cohordinate [m], Tile y cohordinate [m], area_m2[m2], Tile z cohordinate [m],absorbedPARTile [umol^s-1],absorbedPARTilem2 [umol m^-2 m^-1],Thermal time[dd]
1,0.14142136,0.0,0.0701,0.004042135611804359,0.031092524384385558,7.692103227211182,0.0
2,0.28284273,0.07071068,0.0701,0.005716443181545683,0.20477959136383056,35.82290330898727,0.0
3,0.4242641,0.07071068,0.0701,0.004042135611804359,0.09106447332204343,22.528802115422685,0.0
4,0.56568545,0.14142136,0.0701,0.004042135611804359,0.107186099731493,26.51719537030734,0.0
5,0.70710677,0.21213204,0.0701,0.005716443181545683,0.043202318769025805,7.557552379510265,0.0
6,0.8485281,0.21213204,0.0701,0.004042135611804359,0.06741620613490582,16.67836327361913,0.0
7,0.9899494,0.28284273,0.0701,0.004042135611804359,0.053160660557181834,13.151627174985247,0.0
