Tile Number, Tile x cohordinate [m], Tile y cohordinate [m], area_m2[m2], Tile z cohordinate [m],absorbedPARTile [umol^s-1],absorbedPARTilem2 [umol m^-2 m^-1],Thermal time[dd]
1,0.1118034,0.0,0.0701,0.00108033979058772,0.006853808969514863,6.344123422304287,0.0
2,0.22360681,0.0559017,0.0701,0.0012078565728149138,0.0019341580698900274,1.6013143558779215,0.0
3,0.3354102,0.0559017,0.0701,0.00108033979058772,0.005442327807036322,5.037607477250856,0.0
4,0.44721362,0.1118034,0.0701,0.00108033979058772,0.002006934369110944,1.8576880964637468,0.0
5,0.559017,0.1677051,0.0701,0.0012078565728149138,0.0020693470939285056,1.7132390885665219,0.0
6,0.6708204,0.1677051,0.0701,0.00108033979058772,0.009932212739342429,9.193600778084058,0.0
7,0.7826238,0.22360681,0.0701,0.00108033979058772,0.002236357205731964,2.0700498354460817,0.0
