Tile Number, Tile x cohordinate [m], Tile y cohordinate [m], area_m2[m2], Tile z cohordinate [m],absorbedPARTile [umol^s-1],absorbedPARTilem2 [umol m^-2 m^-1],Thermal time[dd]
1,0.1118034,0.0,0.0701,0.00108033979058772,0.005628833429407058,5.210243553414704,0.0
2,0.22360681,0.0559017,0.0701,0.0012078565728149138,0.006099588367876523,5.04992770264222,0.0
3,0.3354102,0.0559017,0.0701,0.00108033979058772,0.00960617494943391,8.891808885617383,0.0
4,0.44721362,0.1118034,0.0701,0.00108033979058772,0.002670314852350962,2.4717360923069154,0.0
5,0.559017,0.1677051,0.0701,0.0012078565728149138,0.005567317421118189,4.609253736264015,0.0
6,0.6708204,0.1677051,0.0701,0.00108033979058772,0.0030462412063428945,2.8197065709166345,0.0
7,0.7826238,0.22360681,0.0701,0.00108033979058772,0.011165826235446118,10.335476238796826,0.0
