Tile Number, Tile x cohordinate [m], Tile y cohordinate [m], area_m2[m2], Tile z cohordinate [m],absorbedPARTile [umol^s-1],absorbedPARTilem2 [umol m^-2 m^-1],Thermal time[dd]
1,0.1118034,0.0,0.0701,0.00108033979058772,6.109068625931123E-4,0.5654765916386089,0.0
2,0.22360681,0.0559017,0.0701,0.0012078565728149138,0.002626827992211965,2.1747846982279806,0.0
3,0.3354102,0.0559017,0.0701,0.00108033979058772,0.0017127779206661464,1.5854066799986801,0.0
4,0.44721362,0.1118034,0.0701,0.00108033979058772,0.006563345294554547,6.075260165122675,0.0
5,0.559017,0.1677051,0.0701,0.0012078565728149138,0.002347856073288775,1.943820256586499,0.0
6,0.6708204,0.1677051,0.0701,0.00108033979058772,0.0020534067473698256,1.9007045424595013,0.0
7,0.7826238,0.22360681,0.0701,0.00108033979058772,0.0037486459656684776,3.4698767909207175,0.0
