Tile Number, Tile x cohordinate [m], Tile y cohordinate [m], area_m2[m2], Tile z cohordinate [m],absorbedPARTile [umol^s-1],absorbedPARTilem2 [umol m^-2 m^-1],Thermal time[dd]
1,0.1118034,0.0,0.0701,0.00108033979058772,0.024496993258974947,22.67526705245971,0.0
2,0.22360681,0.0559017,0.0701,0.0012078565728149138,0.003976476872369413,3.2921763741387116,0.0
3,0.3354102,0.0559017,0.0701,0.00108033979058772,0.007541350501287923,6.980535723103676,0.0
4,0.44721362,0.1118034,0.0701,0.00108033979058772,0.006587016606434679,6.097171152838174,0.0
5,0.559017,0.1677051,0.0701,0.0012078565728149138,0.009544978980123499,7.902410927713787,0.0
6,0.6708204,0.1677051,0.0701,0.00108033979058772,0.01604490754151165,14.851723209031295,0.0
7,0.7826238,0.22360681,0.0701,0.00108033979058772,0.030920047459836557,28.620668912894175,0.0
