Tile Number, Tile x cohordinate [m], Tile y cohordinate [m], area_m2[m2], Tile z cohordinate [m],absorbedPARTile [umol^s-1],absorbedPARTilem2 [umol m^-2 m^-1],Thermal time[dd]
1,0.1118034,0.0,0.0701,0.00108033979058772,0.010661227465353414,9.868402106668272,0.0
2,0.22360681,0.0559017,0.0701,0.0012078565728149138,0.004044037448166312,3.3481106442478255,0.0
3,0.3354102,0.0559017,0.0701,0.00108033979058772,7.11870940015246E-4,0.6589324453447912,0.0
4,0.44721362,0.1118034,0.0701,0.00108033979058772,0.003018686276836088,2.794200771957016,0.0
5,0.559017,0.1677051,0.0701,0.0012078565728149138,0.0015791962949406825,1.3074369345528833,0.0
6,0.6708204,0.1677051,0.0701,0.00108033979058772,0.002951119662003089,2.731658768578392,0.0
7,0.7826238,0.22360681,0.0701,0.00108033979058772,0.0010885806081872805,1.0076279867420948,0.0
