Tile Number, Tile x cohordinate [m], Tile y cohordinate [m], area_m2[m2], Tile z cohordinate [m],absorbedPARTile [umol^s-1],absorbedPARTilem2 [umol m^-2 m^-1],Thermal time[dd]
1,0.1118034,0.0,0.0701,0.00108033979058772,0.0020001482247300837,1.85140660573279,0.0
2,0.22360681,0.0559017,0.0701,0.0012078565728149138,0.005515879402943686,4.566667539084471,0.0
3,0.3354102,0.0559017,0.0701,0.00108033979058772,0.0072842160946215715,6.7425231932435405,0.0
4,0.44721362,0.1118034,0.0701,0.00108033979058772,0.012560380101748855,11.626323691100772,0.0
5,0.559017,0.1677051,0.0701,0.0012078565728149138,0.0152379663102821,12.615708398862267,0.0
6,0.6708204,0.1677051,0.0701,0.00108033979058772,0.017912666534282553,16.580585747506174,0.0
7,0.7826238,0.22360681,0.0701,0.00108033979058772,0.0025519897023081662,2.362210227321025,0.0
