Tile Number, Tile x cohordinate [m], Tile y cohordinate [m], area_m2[m2], Tile z cohordinate [m],absorbedPARTile [umol^s-1],absorbedPARTilem2 [umol m^-2 m^-1],Thermal time[dd]
1,0.14142136,0.0,0.0701,0.004042135611804359,0.19126369941864013,47.31748703830903,0.0
2,0.28284273,0.07071068,0.0701,0.005716443181545683,0.1869246480734253,32.6994675075004,0.0
3,0.4242641,0.07071068,0.0701,0.004042135611804359,0.16888397306008338,41.780877555638384,0.0
4,0.56568545,0.14142136,0.0701,0.004042135611804359,0.0803613978986478,19.880925732418824,0.0
5,0.70710677,0.21213204,0.0701,0.005716443181545683,0.1335087176030874,23.355207663760538,0.0
6,0.8485281,0.21213204,0.0701,0.004042135611804359,0.13262893076320648,32.81159849656864,0.0
7,0.9899494,0.28284273,0.0701,0.004042135611804359,0.07074984065959691,17.503084372771713,0.0
