Tile Number, Tile x cohordinate [m], Tile y cohordinate [m], area_m2[m2], Tile z cohordinate [m],absorbedPARTile [umol^s-1],absorbedPARTilem2 [umol m^-2 m^-1],Thermal time[dd]
1,0.14142136,0.0,0.0701,0.004042135611804359,0.0758170343242216,18.75667755995396,0.0
2,0.28284273,0.07071068,0.0701,0.005716443181545683,0.09802410414710998,17.147743978906302,0.0
3,0.4242641,0.07071068,0.0701,0.004042135611804359,0.08032157895669938,19.871074766055365,0.0
4,0.56568545,0.14142136,0.0701,0.004042135611804359,0.21162820908393856,52.355544050999896,0.0
5,0.70710677,0.21213204,0.0701,0.005716443181545683,0.2839545625526428,49.67329395826578,0.0
6,0.8485281,0.21213204,0.0701,0.004042135611804359,0.0980306459997225,24.25219127073345,0.0
7,0.9899494,0.28284273,0.0701,0.004042135611804359,0.13528563382682798,33.4688508301774,0.0
