Tile Number, Tile x cohordinate [m], Tile y cohordinate [m], area_m2[m2], Tile z cohordinate [m],absorbedPARTile [umol^s-1],absorbedPARTilem2 [umol m^-2 m^-1],Thermal time[dd]
1,0.1118034,0.0,0.0701,0.00108033979058772,0.005247900471104537,4.857638788116474,0.0
2,0.22360681,0.0559017,0.0701,0.0012078565728149138,9.843703663244992E-4,0.8149728937024541,0.0
3,0.3354102,0.0559017,0.0701,0.00108033979058772,0.015002787531354306,13.887100764096248,0.0
4,0.44721362,0.1118034,0.0701,0.00108033979058772,0.0014702957327720385,1.3609567522938104,0.0
5,0.559017,0.1677051,0.0701,0.0012078565728149138,0.0015210240263947997,1.2592753648308161,0.0
6,0.6708204,0.1677051,0.0701,0.00108033979058772,0.005644824834271658,5.225045752689342,0.0
7,0.7826238,0.22360681,0.0701,0.00108033979058772,0.006054936289979955,5.604659147735349,0.0
