Tile Number, Tile x cohordinate [m], Tile y cohordinate [m], area_m2[m2], Tile z cohordinate [m],absorbedPARTile [umol^s-1],absorbedPARTilem2 [umol m^-2 m^-1],Thermal time[dd]
1,0.14142136,0.0,0.0701,0.004042135611804359,0.047253502444878824,11.69023184350449,0.0
2,0.28284273,0.07071068,0.0701,0.005716443181545683,0.08460759941629409,14.800741777584998,0.0
3,0.4242641,0.07071068,0.0701,0.004042135611804359,0.11453313374534606,28.334807325828407,0.0
4,0.56568545,0.14142136,0.0701,0.004042135611804359,0.036140825059777386,8.94102240267109,0.0
5,0.70710677,0.21213204,0.0701,0.005716443181545683,0.14467629835479737,25.308796704540672,0.0
6,0.8485281,0.21213204,0.0701,0.004042135611804359,0.023420552116272156,5.794103505057197,0.0
7,0.9899494,0.28284273,0.0701,0.004042135611804359,0.12455157707174304,30.813309852349253,0.0
