Tile Number, Tile x cohordinate [m], Tile y cohordinate [m], area_m2[m2], Tile z cohordinate [m],absorbedPARTile [umol^s-1],absorbedPARTilem2 [umol m^-2 m^-1],Thermal time[dd]
1,0.1118034,0.0,0.0701,0.00108033979058772,8.342877990933391E-4,0.7722457382037876,0.0
2,0.22360681,0.0559017,0.0701,0.0012078565728149138,0.003570558057866753,2.9561109640241106,0.0
3,0.3354102,0.0559017,0.0701,0.00108033979058772,4.4152696030662456E-4,0.40869267627958766,0.0
4,0.44721362,0.1118034,0.0701,0.00108033979058772,0.0012151095604394748,1.1247475757404422,0.0
5,0.559017,0.1677051,0.0701,0.0012078565728149138,0.004200505854172038,3.4776528511019693,0.0
6,0.6708204,0.1677051,0.0701,0.00108033979058772,0.0024033843428254054,2.2246559496970217,0.0
7,0.7826238,0.22360681,0.0701,0.00108033979058772,0.0013343329729489958,1.2351049036369381,0.0
