Tile Number, Tile x cohordinate [m], Tile y cohordinate [m], area_m2[m2], Tile z cohordinate [m],absorbedPARTile [umol^s-1],absorbedPARTilem2 [umol m^-2 m^-1],Thermal time[dd]
1,0.14142136,0.0,0.0701,0.004042135611804359,0.1613923266992569,39.927489376640025,0.0
2,0.28284273,0.07071068,0.0701,0.005716443181545683,0.15319819817340374,26.799566322634227,0.0
3,0.4242641,0.07071068,0.0701,0.004042135611804359,0.060764323999657234,15.032727705177805,0.0
4,0.56568545,0.14142136,0.0701,0.004042135611804359,0.1330034562169393,32.90425383763119,0.0
5,0.70710677,0.21213204,0.0701,0.005716443181545683,0.24718301896597542,43.24070249905624,0.0
6,0.8485281,0.21213204,0.0701,0.004042135611804359,0.10092192041500904,24.967475143655246,0.0
7,0.9899494,0.28284273,0.0701,0.004042135611804359,0.13817867156850294,34.184570939425186,0.0
