Tile Number, Tile x cohordinate [m], Tile y cohordinate [m], area_m2[m2], Tile z cohordinate [m],absorbedPARTile [umol^s-1],absorbedPARTilem2 [umol m^-2 m^-1],Thermal time[dd]
1,0.14142136,0.0,0.0701,0.004042135611804359,0.05220758539001892,12.915842120080207,0.0
2,0.28284273,0.07071068,0.0701,0.005716443181545683,0.06887679971913895,12.048890810546844,0.0
3,0.4242641,0.07071068,0.0701,0.004042135611804359,0.05074294726218656,12.553499470428587,0.0
4,0.56568545,0.14142136,0.0701,0.004042135611804359,0.14725898067075013,36.43098471033621,0.0
5,0.70710677,0.21213204,0.0701,0.005716443181545683,0.05641484049541587,9.868871027624161,0.0
6,0.8485281,0.21213204,0.0701,0.004042135611804359,0.031364510752799064,7.759391016274769,0.0
7,0.9899494,0.28284273,0.0701,0.004042135611804359,0.03484936711642798,8.621523487400179,0.0
