Tile Number, Tile x cohordinate [m], Tile y cohordinate [m], area_m2[m2], Tile z cohordinate [m],absorbedPARTile [umol^s-1],absorbedPARTilem2 [umol m^-2 m^-1],Thermal time[dd]
1,0.1118034,0.0,0.0701,0.00108033979058772,0.003009211625041696,2.785430705467807,0.0
2,0.22360681,0.0559017,0.0701,0.0012078565728149138,0.0056145476656039904,4.648356263458722,0.0
3,0.3354102,0.0559017,0.0701,0.00108033979058772,0.003425292820309382,3.1705698986112276,0.0
4,0.44721362,0.1118034,0.0701,0.00108033979058772,0.004256132920502216,3.939624327071042,0.0
5,0.559017,0.1677051,0.0701,0.0012078565728149138,0.003381196851572097,2.799336384528013,0.0
6,0.6708204,0.1677051,0.0701,0.00108033979058772,0.003817370382930712,3.533490496405774,0.0
7,0.7826238,0.22360681,0.0701,0.00108033979058772,0.008239482669984394,7.626751084954485,0.0
