Tile Number, Tile x cohordinate [m], Tile y cohordinate [m], area_m2[m2], Tile z cohordinate [m],absorbedPARTile [umol^s-1],absorbedPARTilem2 [umol m^-2 m^-1],Thermal time[dd]
1,0.14142136,0.0,0.0701,0.004042135611804359,0.059919912072787684,14.823825281319587,0.0
2,0.28284273,0.07071068,0.0701,0.005716443181545683,0.1449698339603742,25.360146048224248,0.0
3,0.4242641,0.07071068,0.0701,0.004042135611804359,0.058085004903482014,14.36988030135723,0.0
4,0.56568545,0.14142136,0.0701,0.004042135611804359,0.04465562373006333,11.047532299424661,0.0
5,0.70710677,0.21213204,0.0701,0.005716443181545683,0.13957189808578294,24.4158637903305,0.0
6,0.8485281,0.21213204,0.0701,0.004042135611804359,0.0473825151075254,11.722148799053882,0.0
7,0.9899494,0.28284273,0.0701,0.004042135611804359,0.07454402115077574,18.44174176964345,0.0
