Tile Number, Tile x cohordinate [m], Tile y cohordinate [m], area_m2[m2], Tile z cohordinate [m],absorbedPARTile [umol^s-1],absorbedPARTilem2 [umol m^-2 m^-1],Thermal time[dd]
1,0.14142136,0.0,0.0701,0.004042135611804359,0.06500988609799863,16.083054192478965,0.0
2,0.28284273,0.07071068,0.0701,0.005716443181545683,0.23042521896293638,40.30919430928922,0.0
3,0.4242641,0.07071068,0.0701,0.004042135611804359,0.04839003418432473,11.971402949225649,0.0
4,0.56568545,0.14142136,0.0701,0.004042135611804359,0.06297374199852229,15.579324408270308,0.0
5,0.70710677,0.21213204,0.0701,0.005716443181545683,0.055444720080649844,9.699164029066411,0.0
6,0.8485281,0.21213204,0.0701,0.004042135611804359,0.043640796390911944,10.796470129172938,0.0
7,0.9899494,0.28284273,0.0701,0.004042135611804359,0.028541875084915458,7.0610879559715505,0.0
