Tile Number, Tile x cohordinate [m], Tile y cohordinate [m], area_m2[m2], Tile z cohordinate [m],absorbedPARTile [umol^s-1],absorbedPARTilem2 [umol m^-2 m^-1],Thermal time[dd]
1,0.14142136,0.0,0.0701,0.004042135611804359,0.1752467560726929,43.35499174271022,0.0
2,0.28284273,0.07071068,0.0701,0.005716443181545683,0.22497254081085205,39.35533576842466,0.0
3,0.4242641,0.07071068,0.0701,0.004042135611804359,0.12884662910868164,31.87587985232541,0.0
4,0.56568545,0.14142136,0.0701,0.004042135611804359,0.16020747832798007,39.63436502726969,0.0
5,0.70710677,0.21213204,0.0701,0.005716443181545683,0.28400432056640634,49.681998324282084,0.0
6,0.8485281,0.21213204,0.0701,0.004042135611804359,0.1554388415578461,38.45463301723816,0.0
7,0.9899494,0.28284273,0.0701,0.004042135611804359,0.2202475054463196,54.48790604726986,0.0
