Tile Number, Tile x cohordinate [m], Tile y cohordinate [m], area_m2[m2], Tile z cohordinate [m],absorbedPARTile [umol^s-1],absorbedPARTilem2 [umol m^-2 m^-1],Thermal time[dd]
1,0.1118034,0.0,0.0701,0.00108033979058772,0.003701343982457614,3.426092433792549,0.0
2,0.22360681,0.0559017,0.0701,0.0012078565728149138,0.007137836164591624,5.909506414289631,0.0
3,0.3354102,0.0559017,0.0701,0.00108033979058772,0.00907916331200918,8.40398862571746,0.0
4,0.44721362,0.1118034,0.0701,0.00108033979058772,0.0015092545198837016,1.39701835758789,0.0
5,0.559017,0.1677051,0.0701,0.0012078565728149138,0.010856235513432594,8.98801708561481,0.0
6,0.6708204,0.1677051,0.0701,0.00108033979058772,0.010136224653704973,9.382441285616931,0.0
7,0.7826238,0.22360681,0.0701,0.00108033979058772,0.0027982106288903952,2.590120861296916,0.0
