Tile Number, Tile x cohordinate [m], Tile y cohordinate [m], area_m2[m2], Tile z cohordinate [m],absorbedPARTile [umol^s-1],absorbedPARTilem2 [umol m^-2 m^-1],Thermal time[dd]
1,0.1118034,0.0,0.0701,0.00108033979058772,9.471827585392031E-4,0.8767452303352842,0.0
2,0.22360681,0.0559017,0.0701,0.0012078565728149138,8.265143428518523E-4,0.6842818604908179,0.0
3,0.3354102,0.0559017,0.0701,0.00108033979058772,5.764666316737607E-4,0.5335975187585702,0.0
4,0.44721362,0.1118034,0.0701,0.00108033979058772,7.75319646404016E-4,0.7176627697682332,0.0
5,0.559017,0.1677051,0.0701,0.0012078565728149138,8.015688936050734E-4,0.6636292020475696,0.0
6,0.6708204,0.1677051,0.0701,0.00108033979058772,0.0013198127648215228,1.2216644951154916,0.0
7,0.7826238,0.22360681,0.0701,0.00108033979058772,0.0016124170844972763,1.4925092073301298,0.0
