Tile Number, Tile x cohordinate [m], Tile y cohordinate [m], area_m2[m2], Tile z cohordinate [m],absorbedPARTile [umol^s-1],absorbedPARTilem2 [umol m^-2 m^-1],Thermal time[dd]
1,0.1118034,0.0,0.0701,0.00108033979058772,0.011419834949417808,10.57059551903134,0.0
2,0.22360681,0.0559017,0.0701,0.0012078565728149138,0.006191909558927688,5.126361604753636,0.0
3,0.3354102,0.0559017,0.0701,0.00108033979058772,0.0030820495074228293,2.8528519770119285,0.0
4,0.44721362,0.1118034,0.0701,0.00108033979058772,0.005008894882858047,4.636406921690016,0.0
5,0.559017,0.1677051,0.0701,0.0012078565728149138,0.005245929781344225,4.343172773501219,0.0
6,0.6708204,0.1677051,0.0701,0.00108033979058772,0.0040073197004167,3.709314176271025,0.0
7,0.7826238,0.22360681,0.0701,0.00108033979058772,0.003950100480108714,3.6563500803388944,0.0
