Tile Number, Tile x cohordinate [m], Tile y cohordinate [m], area_m2[m2], Tile z cohordinate [m],absorbedPARTile [umol^s-1],absorbedPARTilem2 [umol m^-2 m^-1],Thermal time[dd]
1,0.14142136,0.0,0.0701,0.004042135611804359,0.06360323516077102,15.735057224460443,0.0
2,0.28284273,0.07071068,0.0701,0.005716443181545683,0.12302596813055675,21.521418865444133,0.0
3,0.4242641,0.07071068,0.0701,0.004042135611804359,0.13418803968888723,33.19731265250335,0.0
4,0.56568545,0.14142136,0.0701,0.004042135611804359,0.03057296516744114,7.563567406832684,0.0
5,0.70710677,0.21213204,0.0701,0.005716443181545683,0.08729828768114821,15.271434510706255,0.0
6,0.8485281,0.21213204,0.0701,0.004042135611804359,0.011692649659983916,2.892691087809511,0.0
7,0.9899494,0.28284273,0.0701,0.004042135611804359,0.035241672746999096,8.718577537102385,0.0
