Tile Number, Tile x cohordinate [m], Tile y cohordinate [m], area_m2[m2], Tile z cohordinate [m],absorbedPARTile [umol^s-1],absorbedPARTilem2 [umol m^-2 m^-1],Thermal time[dd]
1,0.14142136,0.0,0.0701,0.004042135611804359,0.1754100533785248,43.39539051244842,0.0
2,0.28284273,0.07071068,0.0701,0.005716443181545683,0.10480734455104829,18.334363033537436,0.0
3,0.4242641,0.07071068,0.0701,0.004042135611804359,0.07006486081259727,17.333624485033344,0.0
4,0.56568545,0.14142136,0.0701,0.004042135611804359,0.04733515838992238,11.710433032402035,0.0
5,0.70710677,0.21213204,0.0701,0.005716443181545683,0.13210313764514925,23.109324006161042,0.0
6,0.8485281,0.21213204,0.0701,0.004042135611804359,0.08102855984082699,20.045977577842038,0.0
7,0.9899494,0.28284273,0.0701,0.004042135611804359,0.07341593860714254,18.16266094406728,0.0
