Tile Number, Tile x cohordinate [m], Tile y cohordinate [m], area_m2[m2], Tile z cohordinate [m],absorbedPARTile [umol^s-1],absorbedPARTilem2 [umol m^-2 m^-1],Thermal time[dd]
1,0.14142136,0.0,0.0701,0.004042135611804359,0.05675272767331355,14.040282940428074,0.0
2,0.28284273,0.07071068,0.0701,0.005716443181545683,0.024677491749694726,4.316931169605733,0.0
3,0.4242641,0.07071068,0.0701,0.004042135611804359,0.052533145301116115,12.99638368086962,0.0
4,0.56568545,0.14142136,0.0701,0.004042135611804359,0.10560615198017478,26.12632581444577,0.0
5,0.70710677,0.21213204,0.0701,0.005716443181545683,0.25784340352752216,45.10556570559724,0.0
6,0.8485281,0.21213204,0.0701,0.004042135611804359,0.1664215876284027,41.17169823357662,0.0
7,0.9899494,0.28284273,0.0701,0.004042135611804359,0.052949007039200656,13.099265369665535,0.0
