Tile Number, Tile x cohordinate [m], Tile y cohordinate [m], area_m2[m2], Tile z cohordinate [m],absorbedPARTile [umol^s-1],absorbedPARTilem2 [umol m^-2 m^-1],Thermal time[dd]
1,0.14142136,0.0,0.0701,0.004042135611804359,0.13723535855667113,33.95120098294054,0.0
2,0.28284273,0.07071068,0.0701,0.005716443181545683,0.13260653806564332,23.19738583140916,0.0
3,0.4242641,0.07071068,0.0701,0.004042135611804359,0.08277773145061017,20.4787120968609,0.0
4,0.56568545,0.14142136,0.0701,0.004042135611804359,0.04408145897050024,10.905487396753326,0.0
5,0.70710677,0.21213204,0.0701,0.005716443181545683,0.05985766696551561,10.471138269816677,0.0
6,0.8485281,0.21213204,0.0701,0.004042135611804359,0.0381293333018291,9.432967362717608,0.0
7,0.9899494,0.28284273,0.0701,0.004042135611804359,0.05215687553467512,12.903296807351037,0.0
