Tile Number, Tile x cohordinate [m], Tile y cohordinate [m], area_m2[m2], Tile z cohordinate [m],absorbedPARTile [umol^s-1],absorbedPARTilem2 [umol m^-2 m^-1],Thermal time[dd]
1,0.14142136,0.0,0.0701,0.004042135611804359,0.18518793280970255,45.814378980480804,0.0
2,0.28284273,0.07071068,0.0701,0.005716443181545683,0.28675993468106586,50.164048792929336,0.0
3,0.4242641,0.07071068,0.0701,0.004042135611804359,0.17781606802191738,43.990624041072806,0.0
4,0.56568545,0.14142136,0.0701,0.004042135611804359,0.12969266559131543,32.08518418149316,0.0
5,0.70710677,0.21213204,0.0701,0.005716443181545683,0.18773734395964936,32.841635611059566,0.0
6,0.8485281,0.21213204,0.0701,0.004042135611804359,0.22205028115240733,54.933901896796286,0.0
7,0.9899494,0.28284273,0.0701,0.004042135611804359,0.11224181448996863,27.767948745258764,0.0
