Tile Number, Tile x cohordinate [m], Tile y cohordinate [m], area_m2[m2], Tile z cohordinate [m],absorbedPARTile [umol^s-1],absorbedPARTilem2 [umol m^-2 m^-1],Thermal time[dd]
1,0.14142136,0.0,0.0701,0.004042135611804359,0.12368197875740052,30.598176467956357,0.0
2,0.28284273,0.07071068,0.0701,0.005716443181545683,0.2538117142025757,44.40028635672487,0.0
3,0.4242641,0.07071068,0.0701,0.004042135611804359,0.06745703561673165,16.688464241460633,0.0
4,0.56568545,0.14142136,0.0701,0.004042135611804359,0.1206250486160469,29.841910366337604,0.0
5,0.70710677,0.21213204,0.0701,0.005716443181545683,0.23234608021743774,40.645218160746786,0.0
6,0.8485281,0.21213204,0.0701,0.004042135611804359,0.18809050666046143,46.532458265669156,0.0
7,0.9899494,0.28284273,0.0701,0.004042135611804359,0.18694159517662048,46.24822448576189,0.0
