Tile Number, Tile x cohordinate [m], Tile y cohordinate [m], area_m2[m2], Tile z cohordinate [m],absorbedPARTile [umol^s-1],absorbedPARTilem2 [umol m^-2 m^-1],Thermal time[dd]
1,0.14142136,0.0,0.0701,0.004042135611804359,0.05552090348667757,13.735537057326418,0.0
2,0.28284273,0.07071068,0.0701,0.005716443181545683,0.03780324339547916,6.613070784560382,0.0
3,0.4242641,0.07071068,0.0701,0.004042135611804359,0.06423230858817257,15.890686200777925,0.0
4,0.56568545,0.14142136,0.0701,0.004042135611804359,0.07892533696319022,19.525652908007935,0.0
5,0.70710677,0.21213204,0.0701,0.005716443181545683,0.1761354469600042,30.81206991239236,0.0
6,0.8485281,0.21213204,0.0701,0.004042135611804359,0.04016926466171124,9.937634092335703,0.0
7,0.9899494,0.28284273,0.0701,0.004042135611804359,0.15432730396781563,38.179645313514314,0.0
