Tile Number, Tile x cohordinate [m], Tile y cohordinate [m], area_m2[m2], Tile z cohordinate [m],absorbedPARTile [umol^s-1],absorbedPARTilem2 [umol m^-2 m^-1],Thermal time[dd]
1,0.14142136,0.0,0.0701,0.004042135611804359,0.09039848342395623,22.364040226647287,0.0
2,0.28284273,0.07071068,0.0701,0.005716443181545683,0.28623068425521847,50.07146492407257,0.0
3,0.4242641,0.07071068,0.0701,0.004042135611804359,0.13094672217856246,32.39543022657507,0.0
4,0.56568545,0.14142136,0.0701,0.004042135611804359,0.22212050895156857,54.951275831247216,0.0
5,0.70710677,0.21213204,0.0701,0.005716443181545683,0.1608318956108411,28.13495918756834,0.0
6,0.8485281,0.21213204,0.0701,0.004042135611804359,0.03268975767240438,8.087249120722122,0.0
7,0.9899494,0.28284273,0.0701,0.004042135611804359,0.19104824373118082,47.264184599165205,0.0
