Tile Number, Tile x cohordinate [m], Tile y cohordinate [m], area_m2[m2], Tile z cohordinate [m],absorbedPARTile [umol^s-1],absorbedPARTilem2 [umol m^-2 m^-1],Thermal time[dd]
1,0.1118034,0.0,0.0701,0.00108033979058772,0.006097577380873388,5.644129221192734,0.0
2,0.22360681,0.0559017,0.0701,0.0012078565728149138,0.012351541397630209,10.226000069565297,0.0
3,0.3354102,0.0559017,0.0701,0.00108033979058772,0.014170783059870415,13.116968553163549,0.0
4,0.44721362,0.1118034,0.0701,0.00108033979058772,0.015458679033779135,14.3090897590372,0.0
5,0.559017,0.1677051,0.0701,0.0012078565728149138,0.010994764962690102,9.102707399328684,0.0
6,0.6708204,0.1677051,0.0701,0.00108033979058772,0.00572500849808775,5.299266534442155,0.0
7,0.7826238,0.22360681,0.0701,0.00108033979058772,0.007429155428243131,6.876684070112392,0.0
