Tile Number, Tile x cohordinate [m], Tile y cohordinate [m], area_m2[m2], Tile z cohordinate [m],absorbedPARTile [umol^s-1],absorbedPARTilem2 [umol m^-2 m^-1],Thermal time[dd]
1,0.1118034,0.0,0.0701,0.00108033979058772,0.0029173681250206506,2.700417174705341,0.0
2,0.22360681,0.0559017,0.0701,0.0012078565728149138,0.009663081104871732,8.000189196596322,0.0
3,0.3354102,0.0559017,0.0701,0.00108033979058772,0.010586858677826131,9.799563776195573,0.0
4,0.44721362,0.1118034,0.0701,0.00108033979058772,0.006105491754585866,5.651455040144725,0.0
5,0.559017,0.1677051,0.0701,0.0012078565728149138,0.001116075981042533,0.9240136669882205,0.0
6,0.6708204,0.1677051,0.0701,0.00108033979058772,0.004452118871358774,4.121035724266677,0.0
7,0.7826238,0.22360681,0.0701,0.00108033979058772,0.012241825089220301,11.331458117043507,0.0
