Tile Number, Tile x cohordinate [m], Tile y cohordinate [m], area_m2[m2], Tile z cohordinate [m],absorbedPARTile [umol^s-1],absorbedPARTilem2 [umol m^-2 m^-1],Thermal time[dd]
1,0.1118034,0.0,0.0701,0.00108033979058772,0.002631252637200333,2.4355787504308206,0.0
2,0.22360681,0.0559017,0.0701,0.0012078565728149138,0.0020679014388423297,1.7120422121171874,0.0
3,0.3354102,0.0559017,0.0701,0.00108033979058772,0.0012518620258573003,1.158766933111174,0.0
4,0.44721362,0.1118034,0.0701,0.00108033979058772,5.669340786145802E-4,0.52477385684939,0.0
5,0.559017,0.1677051,0.0701,0.0012078565728149138,0.0032422463798518417,2.6842975008992793,0.0
6,0.6708204,0.1677051,0.0701,0.00108033979058772,7.837206849408007E-4,0.7254390625697918,0.0
7,0.7826238,0.22360681,0.0701,0.00108033979058772,5.088046906392906E-4,0.4709672781398654,0.0
