Tile Number, Tile x cohordinate [m], Tile y cohordinate [m], area_m2[m2], Tile z cohordinate [m],absorbedPARTile [umol^s-1],absorbedPARTilem2 [umol m^-2 m^-1],Thermal time[dd]
1,0.14142136,0.0,0.0701,0.004042135611804359,0.06177339163383484,15.282364959116244,0.0
2,0.28284273,0.07071068,0.0701,0.005716443181545683,0.11265984052959442,19.708031192069342,0.0
3,0.4242641,0.07071068,0.0701,0.004042135611804359,0.07412478259871481,18.338024677412154,0.0
4,0.56568545,0.14142136,0.0701,0.004042135611804359,0.09495079110391616,23.49025372296485,0.0
5,0.70710677,0.21213204,0.0701,0.005716443181545683,0.17111536079559328,29.93388639775214,0.0
6,0.8485281,0.21213204,0.0701,0.004042135611804359,0.09498190733333586,23.497951690675,0.0
7,0.9899494,0.28284273,0.0701,0.004042135611804359,0.08537901786287783,21.12225468476197,0.0
