Tile Number, Tile x cohordinate [m], Tile y cohordinate [m], area_m2[m2], Tile z cohordinate [m],absorbedPARTile [umol^s-1],absorbedPARTilem2 [umol m^-2 m^-1],Thermal time[dd]
1,0.14142136,0.0,0.0701,0.004042135611804359,0.1254060484968106,31.02470093546191,0.0
2,0.28284273,0.07071068,0.0701,0.005716443181545683,0.10288403630631765,17.99791112040732,0.0
3,0.4242641,0.07071068,0.0701,0.004042135611804359,0.039478293743702875,9.76669204972078,0.0
4,0.56568545,0.14142136,0.0701,0.004042135611804359,0.1224337565985049,30.289373825301222,0.0
5,0.70710677,0.21213204,0.0701,0.005716443181545683,0.41505951890513104,72.60800216558823,0.0
6,0.8485281,0.21213204,0.0701,0.004042135611804359,0.04676378811701402,11.56907946889472,0.0
7,0.9899494,0.28284273,0.0701,0.004042135611804359,0.03718031459023251,9.19818585048305,0.0
