Tile Number, Tile x cohordinate [m], Tile y cohordinate [m], area_m2[m2], Tile z cohordinate [m],absorbedPARTile [umol^s-1],absorbedPARTilem2 [umol m^-2 m^-1],Thermal time[dd]
1,0.1118034,0.0,0.0701,0.00108033979058772,0.0012389779946281121,1.1468410267052098,0.0
2,0.22360681,0.0559017,0.0701,0.0012078565728149138,0.004902322516338988,4.0586958970750215,0.0
3,0.3354102,0.0559017,0.0701,0.00108033979058772,7.287759342103121E-4,0.6745802946069845,0.0
4,0.44721362,0.1118034,0.0701,0.00108033979058772,0.004267474337267306,3.9501223359974005,0.0
5,0.559017,0.1677051,0.0701,0.0012078565728149138,0.00308704050114273,2.5558005566409028,0.0
6,0.6708204,0.1677051,0.0701,0.00108033979058772,0.0023097692572797567,2.1380025778956173,0.0
7,0.7826238,0.22360681,0.0701,0.00108033979058772,0.0014076700118204658,1.302988211750188,0.0
