Tile Number, Tile x cohordinate [m], Tile y cohordinate [m], area_m2[m2], Tile z cohordinate [m],absorbedPARTile [umol^s-1],absorbedPARTilem2 [umol m^-2 m^-1],Thermal time[dd]
1,0.14142136,0.0,0.0701,0.004042135611804359,0.01012882128459306,2.5058093684471117,0.0
2,0.28284273,0.07071068,0.0701,0.005716443181545683,0.1142588652465105,19.98775490594761,0.0
3,0.4242641,0.07071068,0.0701,0.004042135611804359,0.05908757022465527,14.617908922229185,0.0
4,0.56568545,0.14142136,0.0701,0.004042135611804359,0.025744770544432326,6.369101142784316,0.0
5,0.70710677,0.21213204,0.0701,0.005716443181545683,0.06938238592997371,12.1373350047386,0.0
6,0.8485281,0.21213204,0.0701,0.004042135611804359,0.08483401752434372,20.98742488416287,0.0
7,0.9899494,0.28284273,0.0701,0.004042135611804359,0.034145249481761834,8.447329026281682,0.0
