Tile Number, Tile x cohordinate [m], Tile y cohordinate [m], area_m2[m2], Tile z cohordinate [m],absorbedPARTile [umol^s-1],absorbedPARTilem2 [umol m^-2 m^-1],Thermal time[dd]
1,0.14142136,0.0,0.0701,0.004042135611804359,0.1743027999177297,43.121462676489244,0.0
2,0.28284273,0.07071068,0.0701,0.005716443181545683,0.1812604690145493,31.708610277053058,0.0
3,0.4242641,0.07071068,0.0701,0.004042135611804359,0.19639841957826612,48.58778587356605,0.0
4,0.56568545,0.14142136,0.0701,0.004042135611804359,0.1174846245805646,29.064988378289694,0.0
5,0.70710677,0.21213204,0.0701,0.005716443181545683,0.27313129055182145,47.77993620815957,0.0
6,0.8485281,0.21213204,0.0701,0.004042135611804359,0.18197434651546476,45.019357090355925,0.0
7,0.9899494,0.28284273,0.0701,0.004042135611804359,0.31940975418739326,79.02004901928876,0.0
