Tile Number, Tile x cohordinate [m], Tile y cohordinate [m], area_m2[m2], Tile z cohordinate [m],absorbedPARTile [umol^s-1],absorbedPARTilem2 [umol m^-2 m^-1],Thermal time[dd]
1,0.1118034,0.0,0.0701,0.00108033979058772,0.001923680677492819,1.7806255904416055,0.0
2,0.22360681,0.0559017,0.0701,0.0012078565728149138,0.0029746099744674525,2.46271787678823,0.0
3,0.3354102,0.0559017,0.0701,0.00108033979058772,0.008930168553950724,8.266073907258926,0.0
4,0.44721362,0.1118034,0.0701,0.00108033979058772,0.004631083946998208,4.2866920087048115,0.0
5,0.559017,0.1677051,0.0701,0.0012078565728149138,0.008809860047361789,7.293796503363294,0.0
6,0.6708204,0.1677051,0.0701,0.00108033979058772,0.009082740145650836,8.407299467059062,0.0
7,0.7826238,0.22360681,0.0701,0.00108033979058772,0.0018806175202726852,1.7407648377457272,0.0
