Tile Number, Tile x cohordinate [m], Tile y cohordinate [m], area_m2[m2], Tile z cohordinate [m],absorbedPARTile [umol^s-1],absorbedPARTilem2 [umol m^-2 m^-1],Thermal time[dd]
1,0.14142136,0.0,0.0701,0.004042135611804359,0.13151694016616822,32.53649872164004,0.0
2,0.28284273,0.07071068,0.0701,0.005716443181545683,0.12138148026359556,21.233742103035286,0.0
3,0.4242641,0.07071068,0.0701,0.004042135611804359,0.3213624793231201,79.50314145439269,0.0
4,0.56568545,0.14142136,0.0701,0.004042135611804359,0.053317333884179884,13.190387212263689,0.0
5,0.70710677,0.21213204,0.0701,0.005716443181545683,0.06199439480151415,10.844924515588614,0.0
6,0.8485281,0.21213204,0.0701,0.004042135611804359,0.05991796483124018,14.823343545491177,0.0
7,0.9899494,0.28284273,0.0701,0.004042135611804359,0.068529074500798,16.95368020327439,0.0
