Tile Number, Tile x cohordinate [m], Tile y cohordinate [m], area_m2[m2], Tile z cohordinate [m],absorbedPARTile [umol^s-1],absorbedPARTilem2 [umol m^-2 m^-1],Thermal time[dd]
1,0.14142136,0.0,0.0701,0.004042135611804359,0.03242367314310671,8.021421411102331,0.0
2,0.28284273,0.07071068,0.0701,0.005716443181545683,0.12532725807390213,21.923992611086287,0.0
3,0.4242641,0.07071068,0.0701,0.004042135611804359,0.18734117449199672,46.34707800126724,0.0
4,0.56568545,0.14142136,0.0701,0.004042135611804359,0.10518629054223061,26.022454623999305,0.0
5,0.70710677,0.21213204,0.0701,0.005716443181545683,0.10170943771044731,17.792433945428606,0.0
6,0.8485281,0.21213204,0.0701,0.004042135611804359,0.038608313533595506,9.55146418661625,0.0
7,0.9899494,0.28284273,0.0701,0.004042135611804359,0.012780094426851386,3.161718372221191,0.0
