Tile Number, Tile x cohordinate [m], Tile y cohordinate [m], area_m2[m2], Tile z cohordinate [m],absorbedPARTile [umol^s-1],absorbedPARTilem2 [umol m^-2 m^-1],Thermal time[dd]
1,0.1118034,0.0,0.0701,0.00108033979058772,0.010524225635631497,9.741588458855313,0.0
2,0.22360681,0.0559017,0.0701,0.0012078565728149138,0.02345445911316531,19.41824852474381,0.0
3,0.3354102,0.0559017,0.0701,0.00108033979058772,0.01566191855712311,14.497215314639856,0.0
4,0.44721362,0.1118034,0.0701,0.00108033979058772,0.0023221551273739744,2.1494673690679207,0.0
5,0.559017,0.1677051,0.0701,0.0012078565728149138,0.01409757501515139,11.671563770437531,0.0
6,0.6708204,0.1677051,0.0701,0.00108033979058772,0.0016284187826795498,1.507320934456804,0.0
7,0.7826238,0.22360681,0.0701,0.00108033979058772,6.609053663722083E-4,0.6117569417790921,0.0
