Tile Number, Tile x cohordinate [m], Tile y cohordinate [m], area_m2[m2], Tile z cohordinate [m],absorbedPARTile [umol^s-1],absorbedPARTilem2 [umol m^-2 m^-1],Thermal time[dd]
1,0.14142136,0.0,0.0701,0.004042135611804359,0.03265104694805114,8.077672320715662,0.0
2,0.28284273,0.07071068,0.0701,0.005716443181545683,0.14724145356794996,25.757529444758163,0.0
3,0.4242641,0.07071068,0.0701,0.004042135611804359,0.05759123370213363,14.247724280686766,0.0
4,0.56568545,0.14142136,0.0701,0.004042135611804359,0.09066583269964457,22.430180826905126,0.0
5,0.70710677,0.21213204,0.0701,0.005716443181545683,0.1206038587591211,21.09770969970714,0.0
6,0.8485281,0.21213204,0.0701,0.004042135611804359,0.16905518620224003,41.82323465559729,0.0
7,0.9899494,0.28284273,0.0701,0.004042135611804359,0.09916539265374504,24.532920757074457,0.0
