Tile Number, Tile x cohordinate [m], Tile y cohordinate [m], area_m2[m2], Tile z cohordinate [m],absorbedPARTile [umol^s-1],absorbedPARTilem2 [umol m^-2 m^-1],Thermal time[dd]
1,0.1118034,0.0,0.0701,0.00108033979058772,0.002257016128912578,2.0891724516457266,0.0
2,0.22360681,0.0559017,0.0701,0.0012078565728149138,0.0029233405480754704,2.420271258914968,0.0
3,0.3354102,0.0559017,0.0701,0.00108033979058772,0.007757634667130717,7.180735852476984,0.0
4,0.44721362,0.1118034,0.0701,0.00108033979058772,0.008077861562874175,7.477148979655471,0.0
5,0.559017,0.1677051,0.0701,0.0012078565728149138,0.0046121124289497046,3.8184272311414933,0.0
6,0.6708204,0.1677051,0.0701,0.00108033979058772,0.0045431311229657935,4.20527982265123,0.0
7,0.7826238,0.22360681,0.0701,0.00108033979058772,0.0035502559453026578,3.2862401035615556,0.0
