Tile Number, Tile x cohordinate [m], Tile y cohordinate [m], area_m2[m2], Tile z cohordinate [m],absorbedPARTile [umol^s-1],absorbedPARTilem2 [umol m^-2 m^-1],Thermal time[dd]
1,0.1118034,0.0,0.0701,0.00108033979058772,0.0011442498631000445,1.0591573809176802,0.0
2,0.22360681,0.0559017,0.0701,0.0012078565728149138,0.0018932347763587875,1.567433434539829,0.0
3,0.3354102,0.0559017,0.0701,0.00108033979058772,0.005021907287824045,4.648451655281582,0.0
4,0.44721362,0.1118034,0.0701,0.00108033979058772,9.256445491099988E-4,0.8568087162710496,0.0
5,0.559017,0.1677051,0.0701,0.0012078565728149138,0.005652574303790338,4.679839006561015,0.0
6,0.6708204,0.1677051,0.0701,0.00108033979058772,0.0018189346487475753,1.6836690313498954,0.0
7,0.7826238,0.22360681,0.0701,0.00108033979058772,0.009442227555899988,8.740053488878054,0.0
