Tile Number, Tile x cohordinate [m], Tile y cohordinate [m], area_m2[m2], Tile z cohordinate [m],absorbedPARTile [umol^s-1],absorbedPARTilem2 [umol m^-2 m^-1],Thermal time[dd]
1,0.1118034,0.0,0.0701,0.00108033979058772,0.004111447084744759,3.8056980966220584,0.0
2,0.22360681,0.0559017,0.0701,0.0012078565728149138,0.005657583434968183,4.683986130723423,0.0
3,0.3354102,0.0559017,0.0701,0.00108033979058772,0.00834419635384373,7.72367770449737,0.0
4,0.44721362,0.1118034,0.0701,0.00108033979058772,0.009408463096006299,8.708799933109901,0.0
5,0.559017,0.1677051,0.0701,0.0012078565728149138,0.0036711856792622,3.0394218667092976,0.0
6,0.6708204,0.1677051,0.0701,0.00108033979058772,0.003470953197534247,3.2128347282719263,0.0
7,0.7826238,0.22360681,0.0701,0.00108033979058772,0.007305360319008045,6.762095021080198,0.0
