Tile Number, Tile x cohordinate [m], Tile y cohordinate [m], area_m2[m2], Tile z cohordinate [m],absorbedPARTile [umol^s-1],absorbedPARTilem2 [umol m^-2 m^-1],Thermal time[dd]
1,0.1118034,0.0,0.0701,0.00108033979058772,0.0024338876970682035,2.252890912908183,0.0
2,0.22360681,0.0559017,0.0701,0.0012078565728149138,0.007181123628514361,5.945344662718297,0.0
3,0.3354102,0.0559017,0.0701,0.00108033979058772,0.010719432830046277,9.922279012064118,0.0
4,0.44721362,0.1118034,0.0701,0.00108033979058772,0.008880183791217652,8.219806276307484,0.0
5,0.559017,0.1677051,0.0701,0.0012078565728149138,0.00458744224599768,3.7980024692059513,0.0
6,0.6708204,0.1677051,0.0701,0.00108033979058772,0.0028147416547792594,2.6054225525174823,0.0
7,0.7826238,0.22360681,0.0701,0.00108033979058772,0.002251581578168157,2.0841420428875117,0.0
