Tile Number, Tile x cohordinate [m], Tile y cohordinate [m], area_m2[m2], Tile z cohordinate [m],absorbedPARTile [umol^s-1],absorbedPARTilem2 [umol m^-2 m^-1],Thermal time[dd]
1,0.1118034,0.0,0.0701,0.00108033979058772,0.0033052090364049883,3.0594161810951244,0.0
2,0.22360681,0.0559017,0.0701,0.0012078565728149138,0.0032437128498053777,2.6855116102451584,0.0
3,0.3354102,0.0559017,0.0701,0.00108033979058772,0.0038389895449615656,3.553501943007303,0.0
4,0.44721362,0.1118034,0.0701,0.00108033979058772,0.002999786235174001,2.7767062375274314,0.0
5,0.559017,0.1677051,0.0701,0.0012078565728149138,0.003942204797020431,3.263802081925265,0.0
6,0.6708204,0.1677051,0.0701,0.00108033979058772,0.01036431416924357,9.593568856336615,0.0
7,0.7826238,0.22360681,0.0701,0.00108033979058772,0.002404642805557132,2.2258208264725425,0.0
