Tile Number, Tile x cohordinate [m], Tile y cohordinate [m], area_m2[m2], Tile z cohordinate [m],absorbedPARTile [umol^s-1],absorbedPARTilem2 [umol m^-2 m^-1],Thermal time[dd]
1,0.1118034,0.0,0.0701,0.00108033979058772,0.004687207453824341,4.33864187421481,0.0
2,0.22360681,0.0559017,0.0701,0.0012078565728149138,0.004729500830641369,3.9156145995209113,0.0
3,0.3354102,0.0559017,0.0701,0.00108033979058772,0.004014332345125664,3.7158053235656636,0.0
4,0.44721362,0.1118034,0.0701,0.00108033979058772,0.0019977922010489934,1.8492257884550996,0.0
5,0.559017,0.1677051,0.0701,0.0012078565728149138,0.0012464063713294123,1.0319158742702854,0.0
6,0.6708204,0.1677051,0.0701,0.00108033979058772,0.0018395293098069341,1.70273216430009,0.0
7,0.7826238,0.22360681,0.0701,0.00108033979058772,0.0037089069472885094,3.4330929764891955,0.0
