Tile Number, Tile x cohordinate [m], Tile y cohordinate [m], area_m2[m2], Tile z cohordinate [m],absorbedPARTile [umol^s-1],absorbedPARTilem2 [umol m^-2 m^-1],Thermal time[dd]
1,0.14142136,0.0,0.0701,0.004042135611804359,0.0256621150717134,6.34865267676117,0.0
2,0.28284273,0.07071068,0.0701,0.005716443181545683,0.0797463029523182,13.95033597285846,0.0
3,0.4242641,0.07071068,0.0701,0.004042135611804359,0.10751757933204648,26.599201426607248,0.0
4,0.56568545,0.14142136,0.0701,0.004042135611804359,0.025601756473499236,6.333720323171178,0.0
5,0.70710677,0.21213204,0.0701,0.005716443181545683,0.19592928629638673,34.27468446269223,0.0
6,0.8485281,0.21213204,0.0701,0.004042135611804359,0.10962156236525655,27.11971415435091,0.0
7,0.9899494,0.28284273,0.0701,0.004042135611804359,0.23869017827789307,59.050512204696844,0.0
