Tile Number, Tile x cohordinate [m], Tile y cohordinate [m], area_m2[m2], Tile z cohordinate [m],absorbedPARTile [umol^s-1],absorbedPARTilem2 [umol m^-2 m^-1],Thermal time[dd]
1,0.14142136,0.0,0.0701,0.004042135611804359,0.06850584772862096,16.947934039758948,0.0
2,0.28284273,0.07071068,0.0701,0.005716443181545683,0.09722488223204613,17.007932930378093,0.0
3,0.4242641,0.07071068,0.0701,0.004042135611804359,0.09518050820039052,23.547084348786388,0.0
4,0.56568545,0.14142136,0.0701,0.004042135611804359,0.058153428134011045,14.386807796399506,0.0
5,0.70710677,0.21213204,0.0701,0.005716443181545683,0.10584546521026292,18.51596558362767,0.0
6,0.8485281,0.21213204,0.0701,0.004042135611804359,0.11267656963231118,27.87550454845174,0.0
7,0.9899494,0.28284273,0.0701,0.004042135611804359,0.11394189559169213,28.188538568311387,0.0
