Tile Number, Tile x cohordinate [m], Tile y cohordinate [m], area_m2[m2], Tile z cohordinate [m],absorbedPARTile [umol^s-1],absorbedPARTilem2 [umol m^-2 m^-1],Thermal time[dd]
1,0.1118034,0.0,0.0701,0.00108033979058772,0.004038634445900927,3.738300191372062,0.0
2,0.22360681,0.0559017,0.0701,0.0012078565728149138,0.0029596471226285954,2.4503299392005857,0.0
3,0.3354102,0.0559017,0.0701,0.00108033979058772,0.004223914520762284,3.9098018582324134,0.0
4,0.44721362,0.1118034,0.0701,0.00108033979058772,0.0115271862969229,10.669963651576648,0.0
5,0.559017,0.1677051,0.0701,0.0012078565728149138,0.02014280113456212,16.676484268011436,0.0
6,0.6708204,0.1677051,0.0701,0.00108033979058772,0.0066726203604236985,6.176408958142419,0.0
7,0.7826238,0.22360681,0.0701,0.00108033979058772,0.009756150216771958,9.03063119749063,0.0
