Tile Number, Tile x cohordinate [m], Tile y cohordinate [m], area_m2[m2], Tile z cohordinate [m],absorbedPARTile [umol^s-1],absorbedPARTilem2 [umol m^-2 m^-1],Thermal time[dd]
1,0.14142136,0.0,0.0701,0.004042135611804359,0.1382695180600484,34.20704581416223,0.0
2,0.28284273,0.07071068,0.0701,0.005716443181545683,0.16674614541219074,29.169562281401674,0.0
3,0.4242641,0.07071068,0.0701,0.004042135611804359,0.19620752248179116,48.540559081887544,0.0
4,0.56568545,0.14142136,0.0701,0.004042135611804359,0.10103097585633596,24.9944548028751,0.0
5,0.70710677,0.21213204,0.0701,0.005716443181545683,0.26627863658383694,46.5811743644126,0.0
6,0.8485281,0.21213204,0.0701,0.004042135611804359,0.1710129909430822,42.30758375440652,0.0
7,0.9899494,0.28284273,0.0701,0.004042135611804359,0.2103095634276072,52.02931905931964,0.0
