Tile Number, Tile x cohordinate [m], Tile y cohordinate [m], area_m2[m2], Tile z cohordinate [m],absorbedPARTile [umol^s-1],absorbedPARTilem2 [umol m^-2 m^-1],Thermal time[dd]
1,0.14142136,0.0,0.0701,0.004042135611804359,0.10536879383485317,26.067604839170116,0.0
2,0.28284273,0.07071068,0.0701,0.005716443181545683,0.04692176146679421,8.208209191735012,0.0
3,0.4242641,0.07071068,0.0701,0.004042135611804359,0.07505318114314131,18.56770488450745,0.0
4,0.56568545,0.14142136,0.0701,0.004042135611804359,0.0731659307038322,18.100810494869034,0.0
5,0.70710677,0.21213204,0.0701,0.005716443181545683,0.10156761967471044,17.767625155901108,0.0
6,0.8485281,0.21213204,0.0701,0.004042135611804359,0.1726546835825602,42.71372862363944,0.0
7,0.9899494,0.28284273,0.0701,0.004042135611804359,0.1997456606443723,49.415873149097116,0.0
