Tile Number, Tile x cohordinate [m], Tile y cohordinate [m], area_m2[m2], Tile z cohordinate [m],absorbedPARTile [umol^s-1],absorbedPARTilem2 [umol m^-2 m^-1],Thermal time[dd]
1,0.1118034,0.0,0.0701,0.00108033979058772,0.00856956730761403,7.932288880105088,0.0
2,0.22360681,0.0559017,0.0701,0.0012078565728149138,0.009509735724540518,7.87323258288693,0.0
3,0.3354102,0.0559017,0.0701,0.00108033979058772,0.004247323466292238,3.93146999054958,0.0
4,0.44721362,0.1118034,0.0701,0.00108033979058772,0.01275844225211108,11.809656890606899,0.0
5,0.559017,0.1677051,0.0701,0.0012078565728149138,0.005790008350010962,4.793622422004401,0.0
6,0.6708204,0.1677051,0.0701,0.00108033979058772,0.016899843466345925,15.64308156894987,0.0
7,0.7826238,0.22360681,0.0701,0.00108033979058772,0.008152512104845237,7.546248111818743,0.0
