Tile Number, Tile x cohordinate [m], Tile y cohordinate [m], area_m2[m2], Tile z cohordinate [m],absorbedPARTile [umol^s-1],absorbedPARTilem2 [umol m^-2 m^-1],Thermal time[dd]
1,0.14142136,0.0,0.0701,0.004042135611804359,0.11572000732835135,28.628432700380223,0.0
2,0.28284273,0.07071068,0.0701,0.005716443181545683,0.38894414167022706,68.03953600480982,0.0
3,0.4242641,0.07071068,0.0701,0.004042135611804359,0.07661475706875572,18.95402936136421,0.0
4,0.56568545,0.14142136,0.0701,0.004042135611804359,0.17332137533696496,42.878664147439736,0.0
5,0.70710677,0.21213204,0.0701,0.005716443181545683,0.12320017210245135,21.551893054789176,0.0
6,0.8485281,0.21213204,0.0701,0.004042135611804359,0.08284700712878705,20.495850482315998,0.0
7,0.9899494,0.28284273,0.0701,0.004042135611804359,0.37051755761032107,91.66381170594289,0.0
