Tile Number, Tile x cohordinate [m], Tile y cohordinate [m], area_m2[m2], Tile z cohordinate [m],absorbedPARTile [umol^s-1],absorbedPARTilem2 [umol m^-2 m^-1],Thermal time[dd]
1,0.1118034,0.0,0.0701,0.00108033979058772,0.004979332128886216,4.609042610730269,0.0
2,0.22360681,0.0559017,0.0701,0.0012078565728149138,0.0023471663693851977,1.943249241849236,0.0
3,0.3354102,0.0559017,0.0701,0.00108033979058772,0.0017186785690842014,1.5908685249380812,0.0
4,0.44721362,0.1118034,0.0701,0.00108033979058772,0.0021992734737857258,2.0357238462810763,0.0
5,0.559017,0.1677051,0.0701,0.0012078565728149138,8.474527196614797E-4,0.7016170120981238,0.0
6,0.6708204,0.1677051,0.0701,0.00108033979058772,0.005170842277687854,4.786311050225081,0.0
7,0.7826238,0.22360681,0.0701,0.00108033979058772,0.002357749916389162,2.1824151409868127,0.0
