Tile Number, Tile x cohordinate [m], Tile y cohordinate [m], area_m2[m2], Tile z cohordinate [m],absorbedPARTile [umol^s-1],absorbedPARTilem2 [umol m^-2 m^-1],Thermal time[dd]
1,0.1118034,0.0,0.0701,0.00108033979058772,0.010543559717251657,9.759484755732096,0.0
2,0.22360681,0.0559017,0.0701,0.0012078565728149138,0.007267841649397461,6.0171396281428775,0.0
3,0.3354102,0.0559017,0.0701,0.00108033979058772,0.014573893646040404,13.490101700421498,0.0
4,0.44721362,0.1118034,0.0701,0.00108033979058772,0.004953430381404839,4.585067054421928,0.0
5,0.559017,0.1677051,0.0701,0.0012078565728149138,0.0036711151912567986,3.039363508782547,0.0
6,0.6708204,0.1677051,0.0701,0.00108033979058772,0.007610426409862957,7.044474781145272,0.0
7,0.7826238,0.22360681,0.0701,0.00108033979058772,0.005436175302327955,5.031912505389253,0.0
