Tile Number, Tile x cohordinate [m], Tile y cohordinate [m], area_m2[m2], Tile z cohordinate [m],absorbedPARTile [umol^s-1],absorbedPARTilem2 [umol m^-2 m^-1],Thermal time[dd]
1,0.14142136,0.0,0.0701,0.004042135611804359,0.08373131237564208,20.714622273215976,0.0
2,0.28284273,0.07071068,0.0701,0.005716443181545683,0.1482146926133728,25.927781997703104,0.0
3,0.4242641,0.07071068,0.0701,0.004042135611804359,0.18981770957901004,46.9597578628189,0.0
4,0.56568545,0.14142136,0.0701,0.004042135611804359,0.09696672210955144,23.988982909523585,0.0
5,0.70710677,0.21213204,0.0701,0.005716443181545683,0.18713927353996282,32.73701278866937,0.0
6,0.8485281,0.21213204,0.0701,0.004042135611804359,0.0837950692414403,20.730395337734652,0.0
7,0.9899494,0.28284273,0.0701,0.004042135611804359,0.14295614233249432,35.36648842631988,0.0
