Tile Number, Tile x cohordinate [m], Tile y cohordinate [m], area_m2[m2], Tile z cohordinate [m],absorbedPARTile [umol^s-1],absorbedPARTilem2 [umol m^-2 m^-1],Thermal time[dd]
1,0.1118034,0.0,0.0701,0.00108033979058772,0.002045612612196077,1.8934900204714622,0.0
2,0.22360681,0.0559017,0.0701,0.0012078565728149138,0.00978517050584455,8.101268582775665,0.0
3,0.3354102,0.0559017,0.0701,0.00108033979058772,0.00916132201855048,8.48003757555444,0.0
4,0.44721362,0.1118034,0.0701,0.00108033979058772,0.012453108185516223,11.527029082897668,0.0
5,0.559017,0.1677051,0.0701,0.0012078565728149138,0.005024039717429793,4.159467134182374,0.0
6,0.6708204,0.1677051,0.0701,0.00108033979058772,0.006633048103586045,6.139779503981404,0.0
7,0.7826238,0.22360681,0.0701,0.00108033979058772,0.0052974091272131076,4.903465718254479,0.0
