Tile Number, Tile x cohordinate [m], Tile y cohordinate [m], area_m2[m2], Tile z cohordinate [m],absorbedPARTile [umol^s-1],absorbedPARTilem2 [umol m^-2 m^-1],Thermal time[dd]
1,0.1118034,0.0,0.0701,0.00108033979058772,0.012370900931005995,11.45093519537594,0.0
2,0.22360681,0.0559017,0.0701,0.0012078565728149138,0.018130960714958178,15.010855695145917,0.0
3,0.3354102,0.0559017,0.0701,0.00108033979058772,0.005360147780289606,4.961538792691891,0.0
4,0.44721362,0.1118034,0.0701,0.00108033979058772,0.007549181194008094,6.987784084025299,0.0
5,0.559017,0.1677051,0.0701,0.0012078565728149138,0.008653164029212818,7.1640658534867185,0.0
6,0.6708204,0.1677051,0.0701,0.00108033979058772,0.004253167436639899,3.936879372300188,0.0
7,0.7826238,0.22360681,0.0701,0.00108033979058772,0.009570323614108055,8.858623645530695,0.0
