Tile Number, Tile x cohordinate [m], Tile y cohordinate [m], area_m2[m2], Tile z cohordinate [m],absorbedPARTile [umol^s-1],absorbedPARTilem2 [umol m^-2 m^-1],Thermal time[dd]
1,0.14142136,0.0,0.0701,0.004042135611804359,0.07548577203430176,18.67472526499571,0.0
2,0.28284273,0.07071068,0.0701,0.005716443181545683,0.14234462238937376,24.90090741195557,0.0
3,0.4242641,0.07071068,0.0701,0.004042135611804359,0.032448750155799386,8.027625312975253,0.0
4,0.56568545,0.14142136,0.0701,0.004042135611804359,0.10617981896450043,26.26824757052203,0.0
5,0.70710677,0.21213204,0.0701,0.005716443181545683,0.18706594163452153,32.72418454860603,0.0
6,0.8485281,0.21213204,0.0701,0.004042135611804359,0.06820784466495514,16.874209877017954,0.0
7,0.9899494,0.28284273,0.0701,0.004042135611804359,0.10444561090105056,25.83921494272364,0.0
