Tile Number, Tile x cohordinate [m], Tile y cohordinate [m], area_m2[m2], Tile z cohordinate [m],absorbedPARTile [umol^s-1],absorbedPARTilem2 [umol m^-2 m^-1],Thermal time[dd]
1,0.1118034,0.0,0.0701,0.00108033979058772,4.2724112888362374E-4,0.3954692149691151,0.0
2,0.22360681,0.0559017,0.0701,0.0012078565728149138,0.0011300115985933199,0.9355511440897524,0.0
3,0.3354102,0.0559017,0.0701,0.00108033979058772,4.846046882062835E-4,0.44856691610206434,0.0
4,0.44721362,0.1118034,0.0701,0.00108033979058772,0.0048268305083144026,4.467881818634616,0.0
5,0.559017,0.1677051,0.0701,0.0012078565728149138,0.0031396347062610935,2.599343975869721,0.0
6,0.6708204,0.1677051,0.0701,0.00108033979058772,0.010869257557367692,10.060961978873948,0.0
7,0.7826238,0.22360681,0.0701,0.00108033979058772,0.001744437619963895,1.614711996320062,0.0
