Tile Number, Tile x cohordinate [m], Tile y cohordinate [m], area_m2[m2], Tile z cohordinate [m],absorbedPARTile [umol^s-1],absorbedPARTilem2 [umol m^-2 m^-1],Thermal time[dd]
1,0.14142136,0.0,0.0701,0.004042135611804359,0.13954725322364173,34.523149796389326,0.0
2,0.28284273,0.07071068,0.0701,0.005716443181545683,0.18088552319270768,31.643019522464247,0.0
3,0.4242641,0.07071068,0.0701,0.004042135611804359,0.22572016252975463,55.84180844170044,0.0
4,0.56568545,0.14142136,0.0701,0.004042135611804359,0.0727075314533477,17.987405281756974,0.0
5,0.70710677,0.21213204,0.0701,0.005716443181545683,0.23644792088038125,41.362769360448276,0.0
6,0.8485281,0.21213204,0.0701,0.004042135611804359,0.14757793626206317,36.50989240219632,0.0
7,0.9899494,0.28284273,0.0701,0.004042135611804359,0.1614366630639362,39.938457926173555,0.0
