Tile Number, Tile x cohordinate [m], Tile y cohordinate [m], area_m2[m2], Tile z cohordinate [m],absorbedPARTile [umol^s-1],absorbedPARTilem2 [umol m^-2 m^-1],Thermal time[dd]
1,0.14142136,0.0,0.0701,0.004042135611804359,0.11620593178695682,28.748647484165907,0.0
2,0.28284273,0.07071068,0.0701,0.005716443181545683,0.06182152720209599,10.81468410316289,0.0
3,0.4242641,0.07071068,0.0701,0.004042135611804359,0.04117175276198507,10.185643609222332,0.0
4,0.56568545,0.14142136,0.0701,0.004042135611804359,0.03459237561544299,8.55794533820734,0.0
5,0.70710677,0.21213204,0.0701,0.005716443181545683,0.11734449110450744,20.527535633228908,0.0
6,0.8485281,0.21213204,0.0701,0.004042135611804359,0.10240442149860382,25.334236980953676,0.0
7,0.9899494,0.28284273,0.0701,0.004042135611804359,0.09421344757524491,23.307839375826678,0.0
