Tile Number, Tile x cohordinate [m], Tile y cohordinate [m], area_m2[m2], Tile z cohordinate [m],absorbedPARTile [umol^s-1],absorbedPARTilem2 [umol m^-2 m^-1],Thermal time[dd]
1,0.1118034,0.0,0.0701,0.00108033979058772,0.0014809912762265582,1.3708569184708805,0.0
2,0.22360681,0.0559017,0.0701,0.0012078565728149138,0.0034752572372521483,2.877210188253602,0.0
3,0.3354102,0.0559017,0.0701,0.00108033979058772,0.0011580976101336488,1.0719753361149713,0.0
4,0.44721362,0.1118034,0.0701,0.00108033979058772,0.0018444692337453688,1.7073047293221995,0.0
5,0.559017,0.1677051,0.0701,0.0012078565728149138,0.006989403107927688,5.786616776558876,0.0
6,0.6708204,0.1677051,0.0701,0.00108033979058772,0.0016964735851135431,1.5703148212199403,0.0
7,0.7826238,0.22360681,0.0701,0.00108033979058772,0.03259126061056107,30.167601799458826,0.0
