Tile Number, Tile x cohordinate [m], Tile y cohordinate [m], area_m2[m2], Tile z cohordinate [m],absorbedPARTile [umol^s-1],absorbedPARTilem2 [umol m^-2 m^-1],Thermal time[dd]
1,0.14142136,0.0,0.0701,0.004042135611804359,0.13772337931869508,34.071934379563544,0.0
2,0.28284273,0.07071068,0.0701,0.005716443181545683,0.16725465338111875,29.258517590284935,0.0
3,0.4242641,0.07071068,0.0701,0.004042135611804359,0.18134866970443725,44.86456841646771,0.0
4,0.56568545,0.14142136,0.0701,0.004042135611804359,0.15357418484725952,37.99332817997808,0.0
5,0.70710677,0.21213204,0.0701,0.005716443181545683,0.18920820116256717,33.09893847513179,0.0
6,0.8485281,0.21213204,0.0701,0.004042135611804359,0.1590867387007141,39.35710079496807,0.0
7,0.9899494,0.28284273,0.0701,0.004042135611804359,0.10198585001344204,25.23068491705473,0.0
