Tile Number, Tile x cohordinate [m], Tile y cohordinate [m], area_m2[m2], Tile z cohordinate [m],absorbedPARTile [umol^s-1],absorbedPARTilem2 [umol m^-2 m^-1],Thermal time[dd]
1,0.1118034,0.0,0.0701,0.00108033979058772,0.019190137514429096,17.76305721738657,0.0
2,0.22360681,0.0559017,0.0701,0.0012078565728149138,0.012676880618869664,10.49535259747451,0.0
3,0.3354102,0.0559017,0.0701,0.00108033979058772,0.0162805012986289,15.069796966167543,0.0
4,0.44721362,0.1118034,0.0701,0.00108033979058772,0.019871617289302118,18.393858545644868,0.0
5,0.559017,0.1677051,0.0701,0.0012078565728149138,0.02655233811656393,21.983022416878203,0.0
6,0.6708204,0.1677051,0.0701,0.00108033979058772,0.018015763198799155,16.676015597831796,0.0
7,0.7826238,0.22360681,0.0701,0.00108033979058772,0.018971807272851617,17.560963169310547,0.0
