Tile Number, Tile x cohordinate [m], Tile y cohordinate [m], area_m2[m2], Tile z cohordinate [m],absorbedPARTile [umol^s-1],absorbedPARTilem2 [umol m^-2 m^-1],Thermal time[dd]
1,0.1118034,0.0,0.0701,0.00108033979058772,0.00610802050952658,5.6537957434704245,0.0
2,0.22360681,0.0559017,0.0701,0.0012078565728149138,0.011203702404899301,9.275689396456265,0.0
3,0.3354102,0.0559017,0.0701,0.00108033979058772,0.018833463597877385,17.432907462967478,0.0
4,0.44721362,0.1118034,0.0701,0.00108033979058772,0.002424485316008376,2.244187742718818,0.0
5,0.559017,0.1677051,0.0701,0.0012078565728149138,0.0020135056830955203,1.6670072659397288,0.0
6,0.6708204,0.1677051,0.0701,0.00108033979058772,0.0016039171525318737,1.4846413753392536,0.0
7,0.7826238,0.22360681,0.0701,0.00108033979058772,0.004678259386900477,4.330359232955252,0.0
