Tile Number, Tile x cohordinate [m], Tile y cohordinate [m], area_m2[m2], Tile z cohordinate [m],absorbedPARTile [umol^s-1],absorbedPARTilem2 [umol m^-2 m^-1],Thermal time[dd]
1,0.1118034,0.0,0.0701,0.00108033979058772,0.0061657884843702975,5.707267785643647,0.0
2,0.22360681,0.0559017,0.0701,0.0012078565728149138,0.0017575816139393564,1.4551244357128483,0.0
3,0.3354102,0.0559017,0.0701,0.00108033979058772,0.004245592233912889,3.92986750178222,0.0
4,0.44721362,0.1118034,0.0701,0.00108033979058772,0.002228637486360129,2.062904195306663,0.0
5,0.559017,0.1677051,0.0701,0.0012078565728149138,0.0059945923199250795,4.963000123395994,0.0
6,0.6708204,0.1677051,0.0701,0.00108033979058772,0.005025805489919077,4.652059966415723,0.0
7,0.7826238,0.22360681,0.0701,0.00108033979058772,0.0032113929949335596,2.9725767975152677,0.0
