Tile Number, Tile x cohordinate [m], Tile y cohordinate [m], area_m2[m2], Tile z cohordinate [m],absorbedPARTile [umol^s-1],absorbedPARTilem2 [umol m^-2 m^-1],Thermal time[dd]
1,0.14142136,0.0,0.0701,0.004042135611804359,0.05351025938104867,13.238115817980276,0.0
2,0.28284273,0.07071068,0.0701,0.005716443181545683,0.1200769969845009,21.005543687050693,0.0
3,0.4242641,0.07071068,0.0701,0.004042135611804359,0.02617595121209152,6.475772642473739,0.0
4,0.56568545,0.14142136,0.0701,0.004042135611804359,0.0286664860934785,7.091915968816824,0.0
5,0.70710677,0.21213204,0.0701,0.005716443181545683,0.030587594882003376,5.350808870234012,0.0
6,0.8485281,0.21213204,0.0701,0.004042135611804359,0.023494187486962834,5.812320452176843,0.0
7,0.9899494,0.28284273,0.0701,0.004042135611804359,0.024160327378969268,5.97711944854428,0.0
