Tile Number, Tile x cohordinate [m], Tile y cohordinate [m], area_m2[m2], Tile z cohordinate [m],absorbedPARTile [umol^s-1],absorbedPARTilem2 [umol m^-2 m^-1],Thermal time[dd]
1,0.1118034,0.0,0.0701,0.00108033979058772,0.008593837153217933,7.95475389140556,0.0
2,0.22360681,0.0559017,0.0701,0.0012078565728149138,0.005909671440810295,4.8926930347680155,0.0
3,0.3354102,0.0559017,0.0701,0.00108033979058772,0.008206196225988786,7.5959399972896495,0.0
4,0.44721362,0.1118034,0.0701,0.00108033979058772,0.009216561079264135,8.53116876705078,0.0
5,0.559017,0.1677051,0.0701,0.0012078565728149138,0.0036441688274107473,3.0170542673936853,0.0
6,0.6708204,0.1677051,0.0701,0.00108033979058772,0.0021911621707078194,2.0282157426746235,0.0
7,0.7826238,0.22360681,0.0701,0.00108033979058772,0.0024684992131002803,2.284928533232477,0.0
