Tile Number, Tile x cohordinate [m], Tile y cohordinate [m], area_m2[m2], Tile z cohordinate [m],absorbedPARTile [umol^s-1],absorbedPARTilem2 [umol m^-2 m^-1],Thermal time[dd]
1,0.1118034,0.0,0.0701,0.00108033979058772,0.018715793972370626,17.323988374240084,0.0
2,0.22360681,0.0559017,0.0701,0.0012078565728149138,0.010092084495869399,8.35536662465624,0.0
3,0.3354102,0.0559017,0.0701,0.00108033979058772,0.005372235120398811,4.972727254150511,0.0
4,0.44721362,0.1118034,0.0701,0.00108033979058772,0.002821508217579426,2.611685917857831,0.0
5,0.559017,0.1677051,0.0701,0.0012078565728149138,0.0034517318234248947,2.8577331954079797,0.0
6,0.6708204,0.1677051,0.0701,0.00108033979058772,0.0030447372110970457,2.8183144207256,0.0
7,0.7826238,0.22360681,0.0701,0.00108033979058772,0.0023167335435385255,2.144448962930626,0.0
