Tile Number, Tile x cohordinate [m], Tile y cohordinate [m], area_m2[m2], Tile z cohordinate [m],absorbedPARTile [umol^s-1],absorbedPARTilem2 [umol m^-2 m^-1],Thermal time[dd]
1,0.14142136,0.0,0.0701,0.004042135611804359,0.10321631921249391,25.535095584390703,0.0
2,0.28284273,0.07071068,0.0701,0.005716443181545683,0.168745405019989,29.51930066667111,0.0
3,0.4242641,0.07071068,0.0701,0.004042135611804359,0.13799035279953,34.13798201043849,0.0
4,0.56568545,0.14142136,0.0701,0.004042135611804359,0.0863902914188981,21.37243767047552,0.0
5,0.70710677,0.21213204,0.0701,0.005716443181545683,0.17235099680740357,30.150041089151728,0.0
6,0.8485281,0.21213204,0.0701,0.004042135611804359,0.07965715409718514,19.706700058394915,0.0
7,0.9899494,0.28284273,0.0701,0.004042135611804359,0.18634729531578068,46.10119828033121,0.0
