Tile Number, Tile x cohordinate [m], Tile y cohordinate [m], area_m2[m2], Tile z cohordinate [m],absorbedPARTile [umol^s-1],absorbedPARTilem2 [umol m^-2 m^-1],Thermal time[dd]
1,0.14142136,0.0,0.0701,0.004042135611804359,0.05531216338040412,13.683896012512418,0.0
2,0.28284273,0.07071068,0.0701,0.005716443181545683,0.04306510629900217,7.53354925979649,0.0
3,0.4242641,0.07071068,0.0701,0.004042135611804359,0.02928381273634872,7.244638861405441,0.0
4,0.56568545,0.14142136,0.0701,0.004042135611804359,0.014882240049504862,3.6817765356619527,0.0
5,0.70710677,0.21213204,0.0701,0.005716443181545683,0.10079626175046918,17.632688465419967,0.0
6,0.8485281,0.21213204,0.0701,0.004042135611804359,0.081465432513628,20.154057245314153,0.0
7,0.9899494,0.28284273,0.0701,0.004042135611804359,0.02889385255602433,7.1481650619649715,0.0
