Tile Number, Tile x cohordinate [m], Tile y cohordinate [m], area_m2[m2], Tile z cohordinate [m],absorbedPARTile [umol^s-1],absorbedPARTilem2 [umol m^-2 m^-1],Thermal time[dd]
1,0.14142136,0.0,0.0701,0.004042135611804359,0.04673727433238029,11.562520118298888,0.0
2,0.28284273,0.07071068,0.0701,0.005716443181545683,0.18029725070220948,31.540110690553295,0.0
3,0.4242641,0.07071068,0.0701,0.004042135611804359,0.07003728455683231,17.326802285480106,0.0
4,0.56568545,0.14142136,0.0701,0.004042135611804359,0.10589232609848974,26.19712356736609,0.0
5,0.70710677,0.21213204,0.0701,0.005716443181545683,0.105702803322382,18.491009175709284,0.0
6,0.8485281,0.21213204,0.0701,0.004042135611804359,0.05327764384714484,13.180568136199259,0.0
7,0.9899494,0.28284273,0.0701,0.004042135611804359,0.02889156569167256,7.1475993055007185,0.0
