Tile Number, Tile x cohordinate [m], Tile y cohordinate [m], area_m2[m2], Tile z cohordinate [m],absorbedPARTile [umol^s-1],absorbedPARTilem2 [umol m^-2 m^-1],Thermal time[dd]
1,0.14142136,0.0,0.0701,0.004042135611804359,0.1957679297293091,48.43180648308846,0.0
2,0.28284273,0.07071068,0.0701,0.005716443181545683,0.4463606284997559,78.08362898466933,0.0
3,0.4242641,0.07071068,0.0701,0.004042135611804359,0.18980518421218873,46.956659162521774,0.0
4,0.56568545,0.14142136,0.0701,0.004042135611804359,0.31485451999450687,77.8931115213029,0.0
5,0.70710677,0.21213204,0.0701,0.005716443181545683,0.42373624331726073,74.12585586177131,0.0
6,0.8485281,0.21213204,0.0701,0.004042135611804359,0.2753474910881043,68.11931056543463,0.0
7,0.9899494,0.28284273,0.0701,0.004042135611804359,0.3451520349313355,85.38853420043073,0.0
