Tile Number, Tile x cohordinate [m], Tile y cohordinate [m], area_m2[m2], Tile z cohordinate [m],absorbedPARTile [umol^s-1],absorbedPARTilem2 [umol m^-2 m^-1],Thermal time[dd]
1,0.1118034,0.0,0.0701,0.00108033979058772,0.0019170799247291354,1.774515704624947,0.0
2,0.22360681,0.0559017,0.0701,0.0012078565728149138,0.0016175920520957285,1.3392252759993886,0.0
3,0.3354102,0.0559017,0.0701,0.00108033979058772,0.0024134603598398997,2.233982660702466,0.0
4,0.44721362,0.1118034,0.0701,0.00108033979058772,0.0021519793785498126,1.9919467905362496,0.0
5,0.559017,0.1677051,0.0701,0.0012078565728149138,0.014322916384889622,11.858126790261212,0.0
6,0.6708204,0.1677051,0.0701,0.00108033979058772,0.006805711219660978,6.299602475956732,0.0
7,0.7826238,0.22360681,0.0701,0.00108033979058772,0.007924497053956847,7.335189468163354,0.0
