Tile Number, Tile x cohordinate [m], Tile y cohordinate [m], area_m2[m2], Tile z cohordinate [m],absorbedPARTile [umol^s-1],absorbedPARTilem2 [umol m^-2 m^-1],Thermal time[dd]
1,0.1118034,0.0,0.0701,0.00108033979058772,0.01317367628299293,12.194011918996583,0.0
2,0.22360681,0.0559017,0.0701,0.0012078565728149138,0.00412858398434263,3.418107809539796,0.0
3,0.3354102,0.0559017,0.0701,0.00108033979058772,0.005657291306691812,5.236585152171584,0.0
4,0.44721362,0.1118034,0.0701,0.00108033979058772,0.006172593356851092,5.713566611753803,0.0
5,0.559017,0.1677051,0.0701,0.0012078565728149138,0.0034826677744611736,2.883345467371846,0.0
6,0.6708204,0.1677051,0.0701,0.00108033979058772,0.002038235661872871,1.886661659258188,0.0
7,0.7826238,0.22360681,0.0701,0.00108033979058772,0.004064026112468106,3.76180359908545,0.0
