Tile Number, Tile x cohordinate [m], Tile y cohordinate [m], area_m2[m2], Tile z cohordinate [m],absorbedPARTile [umol^s-1],absorbedPARTilem2 [umol m^-2 m^-1],Thermal time[dd]
1,0.1118034,0.0,0.0701,0.00108033979058772,0.0020830260998113176,1.928121242926841,0.0
2,0.22360681,0.0559017,0.0701,0.0012078565728149138,5.224961761217495E-4,0.4325813079810216,0.0
3,0.3354102,0.0559017,0.0701,0.00108033979058772,0.0020720288337735386,1.9179417918563622,0.0
4,0.44721362,0.1118034,0.0701,0.00108033979058772,4.945384294571477E-4,0.45776193172345514,0.0
5,0.559017,0.1677051,0.0701,0.0012078565728149138,7.304076613262443E-4,0.6047139021018255,0.0
6,0.6708204,0.1677051,0.0701,0.00108033979058772,0.0010166321316363797,0.9410299800985,0.0
7,0.7826238,0.22360681,0.0701,0.00108033979058772,0.001177900874364481,1.090305924697716,0.0
