Tile Number, Tile x cohordinate [m], Tile y cohordinate [m], area_m2[m2], Tile z cohordinate [m],absorbedPARTile [umol^s-1],absorbedPARTilem2 [umol m^-2 m^-1],Thermal time[dd]
1,0.1118034,0.0,0.0701,0.00108033979058772,0.004261661512619634,3.9447417837875163,0.0
2,0.22360681,0.0559017,0.0701,0.0012078565728149138,0.014904490561912339,12.33961953543654,0.0
3,0.3354102,0.0559017,0.0701,0.00108033979058772,0.00721206740139545,6.675739859097464,0.0
4,0.44721362,0.1118034,0.0701,0.00108033979058772,0.002026298997739507,1.8756126687115469,0.0
5,0.559017,0.1677051,0.0701,0.0012078565728149138,0.008333168839361398,6.899137717933613,0.0
6,0.6708204,0.1677051,0.0701,0.00108033979058772,0.0025756287859118893,2.3840913834254973,0.0
7,0.7826238,0.22360681,0.0701,0.00108033979058772,0.004639122069541434,4.2941323738688615,0.0
