Tile Number, Tile x cohordinate [m], Tile y cohordinate [m], area_m2[m2], Tile z cohordinate [m],absorbedPARTile [umol^s-1],absorbedPARTilem2 [umol m^-2 m^-1],Thermal time[dd]
1,0.1118034,0.0,0.0701,0.00108033979058772,0.003718562301759163,3.4420303076462764,0.0
2,0.22360681,0.0559017,0.0701,0.0012078565728149138,0.005639102245853525,4.668685316429233,0.0
3,0.3354102,0.0559017,0.0701,0.00108033979058772,0.0027139105874235464,2.5120898175444792,0.0
4,0.44721362,0.1118034,0.0701,0.00108033979058772,0.016382991371417528,15.164665334139876,0.0
5,0.559017,0.1677051,0.0701,0.0012078565728149138,0.00721483627391431,5.9732557956778844,0.0
6,0.6708204,0.1677051,0.0701,0.00108033979058772,0.005881361082348563,5.443991912164061,0.0
7,0.7826238,0.22360681,0.0701,0.00108033979058772,0.0075235026477692025,6.964015130532508,0.0
