Tile Number, Tile x cohordinate [m], Tile y cohordinate [m], area_m2[m2], Tile z cohordinate [m],absorbedPARTile [umol^s-1],absorbedPARTilem2 [umol m^-2 m^-1],Thermal time[dd]
1,0.14142136,0.0,0.0701,0.004042135611804359,0.08903276896098454,22.026170695752935,0.0
2,0.28284273,0.07071068,0.0701,0.005716443181545683,0.28999808829956053,50.73051180422076,0.0
3,0.4242641,0.07071068,0.0701,0.004042135611804359,0.20795438460508978,51.44666200653805,0.0
4,0.56568545,0.14142136,0.0701,0.004042135611804359,0.09068631574524025,22.435248208992917,0.0
5,0.70710677,0.21213204,0.0701,0.005716443181545683,0.1776378082125187,31.074883904380343,0.0
6,0.8485281,0.21213204,0.0701,0.004042135611804359,0.10268363472493887,25.403312651131504,0.0
7,0.9899494,0.28284273,0.0701,0.004042135611804359,0.16962914894497866,41.96522958052323,0.0
