Tile Number, Tile x cohordinate [m], Tile y cohordinate [m], area_m2[m2], Tile z cohordinate [m],absorbedPARTile [umol^s-1],absorbedPARTilem2 [umol m^-2 m^-1],Thermal time[dd]
1,0.1118034,0.0,0.0701,0.00108033979058772,0.003104778144446728,2.873890392167899,0.0
2,0.22360681,0.0559017,0.0701,0.0012078565728149138,0.0030149285220811752,2.496098121199005,0.0
3,0.3354102,0.0559017,0.0701,0.00108033979058772,0.004210115196120445,3.897028724481289,0.0
4,0.44721362,0.1118034,0.0701,0.00108033979058772,0.004704961061115534,4.355075229207257,0.0
5,0.559017,0.1677051,0.0701,0.0012078565728149138,0.0029338007934700512,2.428931430685366,0.0
6,0.6708204,0.1677051,0.0701,0.00108033979058772,0.001850892244752478,1.7132500912009978,0.0
7,0.7826238,0.22360681,0.0701,0.00108033979058772,0.0013446117672173633,1.2446193123053217,0.0
