Tile Number, Tile x cohordinate [m], Tile y cohordinate [m], area_m2[m2], Tile z cohordinate [m],absorbedPARTile [umol^s-1],absorbedPARTilem2 [umol m^-2 m^-1],Thermal time[dd]
1,0.1118034,0.0,0.0701,0.00108033979058772,0.004390110502306924,4.063638626064716,0.0
2,0.22360681,0.0559017,0.0701,0.0012078565728149138,0.0016833905904938054,1.3937007326711466,0.0
3,0.3354102,0.0559017,0.0701,0.00108033979058772,5.723807787865931E-4,0.5298155115393925,0.0
4,0.44721362,0.1118034,0.0701,0.00108033979058772,6.6859928635869E-4,0.6188787011121405,0.0
5,0.559017,0.1677051,0.0701,0.0012078565728149138,0.0014358837579326587,1.1887866409389376,0.0
6,0.6708204,0.1677051,0.0701,0.00108033979058772,0.013701357135040946,12.682451627174833,0.0
7,0.7826238,0.22360681,0.0701,0.00108033979058772,0.0017441583052235981,1.614453452903694,0.0
