Tile Number, Tile x cohordinate [m], Tile y cohordinate [m], area_m2[m2], Tile z cohordinate [m],absorbedPARTile [umol^s-1],absorbedPARTilem2 [umol m^-2 m^-1],Thermal time[dd]
1,0.14142136,0.0,0.0701,0.004042135611804359,0.13667561565193176,33.81272396027343,0.0
2,0.28284273,0.07071068,0.0701,0.005716443181545683,0.16512238512161254,28.88551147585529,0.0
3,0.4242641,0.07071068,0.0701,0.004042135611804359,0.06050895734876274,14.969551534109042,0.0
4,0.56568545,0.14142136,0.0701,0.004042135611804359,0.026581846151798965,6.576188605392474,0.0
5,0.70710677,0.21213204,0.0701,0.005716443181545683,0.0771323174791169,13.493061162248955,0.0
6,0.8485281,0.21213204,0.0701,0.004042135611804359,0.05530604561950534,13.682382515320263,0.0
7,0.9899494,0.28284273,0.0701,0.004042135611804359,0.04222572292249777,10.446389477677304,0.0
