Tile Number, Tile x cohordinate [m], Tile y cohordinate [m], area_m2[m2], Tile z cohordinate [m],absorbedPARTile [umol^s-1],absorbedPARTilem2 [umol m^-2 m^-1],Thermal time[dd]
1,0.1118034,0.0,0.0701,0.00108033979058772,0.007069170372977656,6.543469410797069,0.0
2,0.22360681,0.0559017,0.0701,0.0012078565728149138,0.0028467895781433437,2.3568937258079337,0.0
3,0.3354102,0.0559017,0.0701,0.00108033979058772,3.166807706648814E-4,0.29313071074851615,0.0
4,0.44721362,0.1118034,0.0701,0.00108033979058772,6.483212426429311E-4,0.6001086401624024,0.0
5,0.559017,0.1677051,0.0701,0.0012078565728149138,3.371913540407531E-4,0.27916506117520856,0.0
6,0.6708204,0.1677051,0.0701,0.00108033979058772,6.168380293764952E-4,0.5709666854360023,0.0
7,0.7826238,0.22360681,0.0701,0.00108033979058772,4.939738056479499E-4,0.4572392963321487,0.0
