Tile Number, Tile x cohordinate [m], Tile y cohordinate [m], area_m2[m2], Tile z cohordinate [m],absorbedPARTile [umol^s-1],absorbedPARTilem2 [umol m^-2 m^-1],Thermal time[dd]
1,0.1118034,0.0,0.0701,0.00108033979058772,0.0033073517112843795,3.0613995153183557,0.0
2,0.22360681,0.0559017,0.0701,0.0012078565728149138,0.014711357610148938,12.179722279329962,0.0
3,0.3354102,0.0559017,0.0701,0.00108033979058772,0.00554527161373573,5.13289583707643,0.0
4,0.44721362,0.1118034,0.0701,0.00108033979058772,0.008548992636866006,7.9132442508807666,0.0
5,0.559017,0.1677051,0.0701,0.0012078565728149138,0.006324045946089404,5.235759020088945,0.0
6,0.6708204,0.1677051,0.0701,0.00108033979058772,0.0027439072392880025,2.5398557594507176,0.0
7,0.7826238,0.22360681,0.0701,0.00108033979058772,0.0026990808401023995,2.4983628888037734,0.0
