Tile Number, Tile x cohordinate [m], Tile y cohordinate [m], area_m2[m2], Tile z cohordinate [m],absorbedPARTile [umol^s-1],absorbedPARTilem2 [umol m^-2 m^-1],Thermal time[dd]
1,0.1118034,0.0,0.0701,0.00108033979058772,0.011408659014888198,10.560250686204688,0.0
2,0.22360681,0.0559017,0.0701,0.0012078565728149138,0.007264563659390908,6.014425738033464,0.0
3,0.3354102,0.0559017,0.0701,0.00108033979058772,0.005742416340270604,5.315379837251621,0.0
4,0.44721362,0.1118034,0.0701,0.00108033979058772,0.0025532436862133116,2.3633709583392384,0.0
5,0.559017,0.1677051,0.0701,0.0012078565728149138,0.013320189375209172,11.027956195300925,0.0
6,0.6708204,0.1677051,0.0701,0.00108033979058772,0.0024475994717116463,2.265583007342642,0.0
7,0.7826238,0.22360681,0.0701,0.00108033979058772,0.011300138717941478,10.459800533491453,0.0
