Tile Number, Tile x cohordinate [m], Tile y cohordinate [m], area_m2[m2], Tile z cohordinate [m],absorbedPARTile [umol^s-1],absorbedPARTilem2 [umol m^-2 m^-1],Thermal time[dd]
1,0.14142136,0.0,0.0701,0.004042135611804359,0.10797753329799653,26.71299126695967,0.0
2,0.28284273,0.07071068,0.0701,0.005716443181545683,0.08685278339809417,15.193500685615113,0.0
3,0.4242641,0.07071068,0.0701,0.004042135611804359,0.05000414485521346,12.370724205587013,0.0
4,0.56568545,0.14142136,0.0701,0.004042135611804359,0.13846743153902055,34.256008416602924,0.0
5,0.70710677,0.21213204,0.0701,0.005716443181545683,0.2958224289620972,51.74938673703551,0.0
6,0.8485281,0.21213204,0.0701,0.004042135611804359,0.07041191353402675,17.419483237623425,0.0
7,0.9899494,0.28284273,0.0701,0.004042135611804359,0.1671315148665619,41.347329955601474,0.0
