Tile Number, Tile x cohordinate [m], Tile y cohordinate [m], area_m2[m2], Tile z cohordinate [m],absorbedPARTile [umol^s-1],absorbedPARTilem2 [umol m^-2 m^-1],Thermal time[dd]
1,0.14142136,0.0,0.0701,0.004042135611804359,0.03421603683384271,8.464841390754104,0.0
2,0.28284273,0.07071068,0.0701,0.005716443181545683,0.10299269526383083,18.01691926131983,0.0
3,0.4242641,0.07071068,0.0701,0.004042135611804359,0.05532878439949269,13.688007952507709,0.0
4,0.56568545,0.14142136,0.0701,0.004042135611804359,0.06384690472590675,15.795339606977283,0.0
5,0.70710677,0.21213204,0.0701,0.005716443181545683,0.00901330128694462,1.5767324192151757,0.0
6,0.8485281,0.21213204,0.0701,0.004042135611804359,0.018719554248835167,4.631104952087194,0.0
7,0.9899494,0.28284273,0.0701,0.004042135611804359,0.04026495842694133,9.96130815338171,0.0
