Tile Number, Tile x cohordinate [m], Tile y cohordinate [m], area_m2[m2], Tile z cohordinate [m],absorbedPARTile [umol^s-1],absorbedPARTilem2 [umol m^-2 m^-1],Thermal time[dd]
1,0.1118034,0.0,0.0701,0.00108033979058772,0.0015523960253086735,1.436951632100997,0.0
2,0.22360681,0.0559017,0.0701,0.0012078565728149138,0.002041081990651478,1.6898380458324864,0.0
3,0.3354102,0.0559017,0.0701,0.00108033979058772,0.004334132099470612,4.011823073843077,0.0
4,0.44721362,0.1118034,0.0701,0.00108033979058772,0.002861854448298719,2.6490317891020476,0.0
5,0.559017,0.1677051,0.0701,0.0012078565728149138,0.006669215986658754,5.52152973851533,0.0
6,0.6708204,0.1677051,0.0701,0.00108033979058772,0.002482994568473359,2.298345937182019,0.0
7,0.7826238,0.22360681,0.0701,0.00108033979058772,0.001295751418781602,1.1993924782467702,0.0
