Tile Number, Tile x cohordinate [m], Tile y cohordinate [m], area_m2[m2], Tile z cohordinate [m],absorbedPARTile [umol^s-1],absorbedPARTilem2 [umol m^-2 m^-1],Thermal time[dd]
1,0.1118034,0.0,0.0701,0.00108033979058772,0.010599275529348922,9.811057244853277,0.0
2,0.22360681,0.0559017,0.0701,0.0012078565728149138,0.010068722228724708,8.336024703048572,0.0
3,0.3354102,0.0559017,0.0701,0.00108033979058772,0.009828542168001855,9.097639699686514,0.0
4,0.44721362,0.1118034,0.0701,0.00108033979058772,0.006743976872733468,6.242459022142145,0.0
5,0.559017,0.1677051,0.0701,0.0012078565728149138,0.007312927965988631,6.05446716984437,0.0
6,0.6708204,0.1677051,0.0701,0.00108033979058772,0.004793478612498763,4.437010146493858,0.0
7,0.7826238,0.22360681,0.0701,0.00108033979058772,0.007840827772183902,7.257742277472148,0.0
