Tile Number, Tile x cohordinate [m], Tile y cohordinate [m], area_m2[m2], Tile z cohordinate [m],absorbedPARTile [umol^s-1],absorbedPARTilem2 [umol m^-2 m^-1],Thermal time[dd]
1,0.1118034,0.0,0.0701,0.00108033979058772,6.833959540788846E-4,0.6325750102262805,0.0
2,0.22360681,0.0559017,0.0701,0.0012078565728149138,0.0018342471429967611,1.518596813793911,0.0
3,0.3354102,0.0559017,0.0701,0.00108033979058772,2.771639114384676E-4,0.2565525345388663,0.0
4,0.44721362,0.1118034,0.0701,0.00108033979058772,0.003947601535726984,3.6540369707010734,0.0
5,0.559017,0.1677051,0.0701,0.0012078565728149138,0.0031308859027822907,2.592100728885178,0.0
6,0.6708204,0.1677051,0.0701,0.00108033979058772,0.01325029805468026,12.264935689790628,0.0
7,0.7826238,0.22360681,0.0701,0.00108033979058772,9.715460591910991E-4,0.8992967468712455,0.0
