Tile Number, Tile x cohordinate [m], Tile y cohordinate [m], area_m2[m2], Tile z cohordinate [m],absorbedPARTile [umol^s-1],absorbedPARTilem2 [umol m^-2 m^-1],Thermal time[dd]
1,0.14142136,0.0,0.0701,0.004042135611804359,0.2671385714225769,66.08847329180269,0.0
2,0.28284273,0.07071068,0.0701,0.005716443181545683,0.33473160494715376,58.55592268069126,0.0
3,0.4242641,0.07071068,0.0701,0.004042135611804359,0.15458675154784518,38.243831081867036,0.0
4,0.56568545,0.14142136,0.0701,0.004042135611804359,0.21320310930709838,52.74516487880206,0.0
5,0.70710677,0.21213204,0.0701,0.005716443181545683,0.17038938665002187,29.806888871053186,0.0
6,0.8485281,0.21213204,0.0701,0.004042135611804359,0.07211113327438631,17.839859965063564,0.0
7,0.9899494,0.28284273,0.0701,0.004042135611804359,0.0699508697879384,17.305423792229767,0.0
