Tile Number, Tile x cohordinate [m], Tile y cohordinate [m], area_m2[m2], Tile z cohordinate [m],absorbedPARTile [umol^s-1],absorbedPARTilem2 [umol m^-2 m^-1],Thermal time[dd]
1,0.14142136,0.0,0.0701,0.004042135611804359,0.0645572783228302,15.971081755471491,0.0
2,0.28284273,0.07071068,0.0701,0.005716443181545683,0.115517635329566,20.207956531867588,0.0
3,0.4242641,0.07071068,0.0701,0.004042135611804359,0.05476152368726731,13.547671069556829,0.0
4,0.56568545,0.14142136,0.0701,0.004042135611804359,0.18450099729370117,45.64443527201261,0.0
5,0.70710677,0.21213204,0.0701,0.005716443181545683,0.1341456050868225,23.46662090858927,0.0
6,0.8485281,0.21213204,0.0701,0.004042135611804359,0.10377517020270345,25.673351952776144,0.0
7,0.9899494,0.28284273,0.0701,0.004042135611804359,0.0836038975481224,20.683100612451412,0.0
