Tile Number, Tile x cohordinate [m], Tile y cohordinate [m], area_m2[m2], Tile z cohordinate [m],absorbedPARTile [umol^s-1],absorbedPARTilem2 [umol m^-2 m^-1],Thermal time[dd]
1,0.14142136,0.0,0.0701,0.004042135611804359,0.1498299932106018,37.067037724575385,0.0
2,0.28284273,0.07071068,0.0701,0.005716443181545683,0.30286031158447274,52.9805513614117,0.0
3,0.4242641,0.07071068,0.0701,0.004042135611804359,0.05014777279323936,12.406256892220897,0.0
4,0.56568545,0.14142136,0.0701,0.004042135611804359,0.061310398500714305,15.16782324711419,0.0
5,0.70710677,0.21213204,0.0701,0.005716443181545683,0.06895833686296701,12.0631544253924,0.0
6,0.8485281,0.21213204,0.0701,0.004042135611804359,0.02561640616996169,6.3373445698242765,0.0
7,0.9899494,0.28284273,0.0701,0.004042135611804359,0.094486815240345,23.37546888936941,0.0
