Tile Number, Tile x cohordinate [m], Tile y cohordinate [m], area_m2[m2], Tile z cohordinate [m],absorbedPARTile [umol^s-1],absorbedPARTilem2 [umol m^-2 m^-1],Thermal time[dd]
1,0.14142136,0.0,0.0701,0.004042135611804359,0.06606980518362046,16.345271789168823,0.0
2,0.28284273,0.07071068,0.0701,0.005716443181545683,0.101441886988678,17.74563024017478,0.0
3,0.4242641,0.07071068,0.0701,0.004042135611804359,0.09462877629068377,23.41058919803105,0.0
4,0.56568545,0.14142136,0.0701,0.004042135611804359,0.1152756079858017,28.518490980153953,0.0
5,0.70710677,0.21213204,0.0701,0.005716443181545683,0.1992081696157837,34.8482724815467,0.0
6,0.8485281,0.21213204,0.0701,0.004042135611804359,0.26760732733428955,66.20444068051268,0.0
7,0.9899494,0.28284273,0.0701,0.004042135611804359,0.19351213715667726,47.87373698981263,0.0
