Tile Number, Tile x cohordinate [m], Tile y cohordinate [m], area_m2[m2], Tile z cohordinate [m],absorbedPARTile [umol^s-1],absorbedPARTilem2 [umol m^-2 m^-1],Thermal time[dd]
1,0.1118034,0.0,0.0701,0.00108033979058772,0.005214819116798497,4.827017538585302,0.0
2,0.22360681,0.0559017,0.0701,0.0012078565728149138,0.002226408213276529,1.843272010424116,0.0
3,0.3354102,0.0559017,0.0701,0.00108033979058772,0.0015859650807760915,1.4680243147512917,0.0
4,0.44721362,0.1118034,0.0701,0.00108033979058772,0.0023207805778186342,2.148195038300031,0.0
5,0.559017,0.1677051,0.0701,0.0012078565728149138,0.005653686334981143,4.680759671494115,0.0
6,0.6708204,0.1677051,0.0701,0.00108033979058772,0.002076430980121448,1.9220165712787833,0.0
7,0.7826238,0.22360681,0.0701,0.00108033979058772,0.0038018846977586466,3.5191564088279748,0.0
