Tile Number, Tile x cohordinate [m], Tile y cohordinate [m], area_m2[m2], Tile z cohordinate [m],absorbedPARTile [umol^s-1],absorbedPARTilem2 [umol m^-2 m^-1],Thermal time[dd]
1,0.14142136,0.0,0.0701,0.004042135611804359,0.15424630110160828,38.15960569238661,0.0
2,0.28284273,0.07071068,0.0701,0.005716443181545683,0.15545922258033748,27.195096258842284,0.0
3,0.4242641,0.07071068,0.0701,0.004042135611804359,0.020293910229475347,5.020591137568587,0.0
4,0.56568545,0.14142136,0.0701,0.004042135611804359,0.10606811256525873,26.24061208028378,0.0
5,0.70710677,0.21213204,0.0701,0.005716443181545683,0.2876992382647705,50.32836488142594,0.0
6,0.8485281,0.21213204,0.0701,0.004042135611804359,0.2049986670329666,50.715435284828985,0.0
7,0.9899494,0.28284273,0.0701,0.004042135611804359,0.24526720075347902,60.67762794430214,0.0
