Tile Number, Tile x cohordinate [m], Tile y cohordinate [m], area_m2[m2], Tile z cohordinate [m],absorbedPARTile [umol^s-1],absorbedPARTilem2 [umol m^-2 m^-1],Thermal time[dd]
1,0.1118034,0.0,0.0701,0.00108033979058772,0.004735963441985697,4.383772108781875,0.0
2,0.22360681,0.0559017,0.0701,0.0012078565728149138,0.0032029304412552065,2.651747329395879,0.0
3,0.3354102,0.0559017,0.0701,0.00108033979058772,0.004547130789359919,4.2089820526616135,0.0
4,0.44721362,0.1118034,0.0701,0.00108033979058772,0.007227017503419612,6.689578192327818,0.0
5,0.559017,0.1677051,0.0701,0.0012078565728149138,0.014697175050311937,12.167980355531883,0.0
6,0.6708204,0.1677051,0.0701,0.00108033979058772,0.010310208499008919,9.543486770398433,0.0
7,0.7826238,0.22360681,0.0701,0.00108033979058772,0.005098992760858573,4.719804644133907,0.0
