Tile Number, Tile x cohordinate [m], Tile y cohordinate [m], area_m2[m2], Tile z cohordinate [m],absorbedPARTile [umol^s-1],absorbedPARTilem2 [umol m^-2 m^-1],Thermal time[dd]
1,0.1118034,0.0,0.0701,0.00108033979058772,0.010652373704295377,9.860206758190715,0.0
2,0.22360681,0.0559017,0.0701,0.0012078565728149138,0.014656201817616898,12.134058088917438,0.0
3,0.3354102,0.0559017,0.0701,0.00108033979058772,0.017004136790540445,15.739619088999728,0.0
4,0.44721362,0.1118034,0.0701,0.00108033979058772,0.008384878107899127,7.761334147784779,0.0
5,0.559017,0.1677051,0.0701,0.0012078565728149138,0.013338164967669939,11.042838419619061,0.0
6,0.6708204,0.1677051,0.0701,0.00108033979058772,0.008480600028290076,7.849937679030143,0.0
7,0.7826238,0.22360681,0.0701,0.00108033979058772,0.007242818071829412,6.704203746757507,0.0
