Tile Number, Tile x cohordinate [m], Tile y cohordinate [m], area_m2[m2], Tile z cohordinate [m],absorbedPARTile [umol^s-1],absorbedPARTilem2 [umol m^-2 m^-1],Thermal time[dd]
1,0.1118034,0.0,0.0701,0.00108033979058772,0.00508493267966155,4.706790145066559,0.0
2,0.22360681,0.0559017,0.0701,0.0012078565728149138,0.003879180134545257,3.2116231528258483,0.0
3,0.3354102,0.0559017,0.0701,0.00108033979058772,0.002360227506798294,2.1847084846465736,0.0
4,0.44721362,0.1118034,0.0701,0.00108033979058772,0.013144117148719206,12.166650958555014,0.0
5,0.559017,0.1677051,0.0701,0.0012078565728149138,0.005521866064066104,4.571623972867388,0.0
6,0.6708204,0.1677051,0.0701,0.00108033979058772,0.007144984804000464,6.6136458790557855,0.0
7,0.7826238,0.22360681,0.0701,0.00108033979058772,0.003987344431694385,3.690824374362083,0.0
