Tile Number, Tile x cohordinate [m], Tile y cohordinate [m], area_m2[m2], Tile z cohordinate [m],absorbedPARTile [umol^s-1],absorbedPARTilem2 [umol m^-2 m^-1],Thermal time[dd]
1,0.1118034,0.0,0.0701,0.00108033979058772,0.012337757048582745,11.420256067649635,0.0
2,0.22360681,0.0559017,0.0701,0.0012078565728149138,0.02143093973492657,17.74295079173324,0.0
3,0.3354102,0.0559017,0.0701,0.00108033979058772,0.01745481186816382,16.156779580124656,0.0
4,0.44721362,0.1118034,0.0701,0.00108033979058772,0.017274472768318304,15.989851451200137,0.0
5,0.559017,0.1677051,0.0701,0.0012078565728149138,0.004115497241437908,3.4072731266815297,0.0
6,0.6708204,0.1677051,0.0701,0.00108033979058772,0.005040379433168038,4.665550114030329,0.0
7,0.7826238,0.22360681,0.0701,0.00108033979058772,0.01571155889363162,14.543164132725606,0.0
