Tile Number, Tile x cohordinate [m], Tile y cohordinate [m], area_m2[m2], Tile z cohordinate [m],absorbedPARTile [umol^s-1],absorbedPARTilem2 [umol m^-2 m^-1],Thermal time[dd]
1,0.1118034,0.0,0.0701,0.00108033979058772,0.0025220147914659314,2.334464409659409,0.0
2,0.22360681,0.0559017,0.0701,0.0012078565728149138,0.0031519462756588214,2.6095368826061858,0.0
3,0.3354102,0.0559017,0.0701,0.00108033979058772,0.0040355826470361645,3.7354753404396512,0.0
4,0.44721362,0.1118034,0.0701,0.00108033979058772,0.004341011873350382,4.018191231287345,0.0
5,0.559017,0.1677051,0.0701,0.0012078565728149138,7.195025932672917E-4,0.5956854559233705,0.0
6,0.6708204,0.1677051,0.0701,0.00108033979058772,0.004886000315079786,4.52265144508075,0.0
7,0.7826238,0.22360681,0.0701,0.00108033979058772,0.0010252268250210833,0.9489855265474816,0.0
