Tile Number, Tile x cohordinate [m], Tile y cohordinate [m], area_m2[m2], Tile z cohordinate [m],absorbedPARTile [umol^s-1],absorbedPARTilem2 [umol m^-2 m^-1],Thermal time[dd]
1,0.14142136,0.0,0.0701,0.004042135611804359,0.11107146695541381,27.47841181553849,0.0
2,0.28284273,0.07071068,0.0701,0.005716443181545683,0.27165021495544434,47.52084580013129,0.0
3,0.4242641,0.07071068,0.0701,0.004042135611804359,0.058486340994272225,14.46916843251695,0.0
4,0.56568545,0.14142136,0.0701,0.004042135611804359,0.06930725843010424,17.14619821950168,0.0
5,0.70710677,0.21213204,0.0701,0.005716443181545683,0.08229073404611825,14.395443360965492,0.0
6,0.8485281,0.21213204,0.0701,0.004042135611804359,0.04629390777340353,11.452833902506923,0.0
7,0.9899494,0.28284273,0.0701,0.004042135611804359,0.03586918034157337,8.873819135811182,0.0
