Tile Number, Tile x cohordinate [m], Tile y cohordinate [m], area_m2[m2], Tile z cohordinate [m],absorbedPARTile [umol^s-1],absorbedPARTilem2 [umol m^-2 m^-1],Thermal time[dd]
1,0.1118034,0.0,0.0701,0.00108033979058772,0.005849837845503739,5.414812910224612,0.0
2,0.22360681,0.0559017,0.0701,0.0012078565728149138,0.007014699950393221,5.807560357969853,0.0
3,0.3354102,0.0559017,0.0701,0.00108033979058772,0.0029456738273818304,2.726617915072204,0.0
4,0.44721362,0.1118034,0.0701,0.00108033979058772,0.004252631176129683,3.9363829909626786,0.0
5,0.559017,0.1677051,0.0701,0.0012078565728149138,0.002234357266275187,1.8498531336945163,0.0
6,0.6708204,0.1677051,0.0701,0.00108033979058772,0.0031821093297291735,2.9454708208035747,0.0
7,0.7826238,0.22360681,0.0701,0.00108033979058772,0.0016963235984996544,1.570175988405306,0.0
