Tile Number, Tile x cohordinate [m], Tile y cohordinate [m], area_m2[m2], Tile z cohordinate [m],absorbedPARTile [umol^s-1],absorbedPARTilem2 [umol m^-2 m^-1],Thermal time[dd]
1,0.1118034,0.0,0.0701,0.00108033979058772,0.004004335460858401,3.7065518605771124,0.0
2,0.22360681,0.0559017,0.0701,0.0012078565728149138,0.0010642138659569388,0.8810763545184713,0.0
3,0.3354102,0.0559017,0.0701,0.00108033979058772,5.502034463263489E-4,0.5092874030188508,0.0
4,0.44721362,0.1118034,0.0701,0.00108033979058772,4.404942709724588E-4,0.40773678319561274,0.0
5,0.559017,0.1677051,0.0701,0.0012078565728149138,0.0047937612670869555,3.968816641793056,0.0
6,0.6708204,0.1677051,0.0701,0.00108033979058772,0.004620738442214779,4.2771158504687055,0.0
7,0.7826238,0.22360681,0.0701,0.00108033979058772,0.0023068959487306424,2.135342943793322,0.0
