Tile Number, Tile x cohordinate [m], Tile y cohordinate [m], area_m2[m2], Tile z cohordinate [m],absorbedPARTile [umol^s-1],absorbedPARTilem2 [umol m^-2 m^-1],Thermal time[dd]
1,0.14142136,0.0,0.0701,0.004042135611804359,0.22994571416625978,56.88718446128898,0.0
2,0.28284273,0.07071068,0.0701,0.005716443181545683,0.14245849330863952,24.920827301937745,0.0
3,0.4242641,0.07071068,0.0701,0.004042135611804359,0.11293039010153605,27.938298203489843,0.0
4,0.56568545,0.14142136,0.0701,0.004042135611804359,0.10313782282338341,25.51567605059741,0.0
5,0.70710677,0.21213204,0.0701,0.005716443181545683,0.22845639500134782,39.964780151908194,0.0
6,0.8485281,0.21213204,0.0701,0.004042135611804359,0.20751576341438294,51.33814976626934,0.0
7,0.9899494,0.28284273,0.0701,0.004042135611804359,0.15965167898672425,39.49686361845186,0.0
