Tile Number, Tile x cohordinate [m], Tile y cohordinate [m], area_m2[m2], Tile z cohordinate [m],absorbedPARTile [umol^s-1],absorbedPARTilem2 [umol m^-2 m^-1],Thermal time[dd]
1,0.1118034,0.0,0.0701,0.00108033979058772,0.018336074258174996,16.972506629789056,0.0
2,0.22360681,0.0559017,0.0701,0.0012078565728149138,0.014298788440123798,11.838150954297847,0.0
3,0.3354102,0.0559017,0.0701,0.00108033979058772,0.009513942845554933,8.806435649638725,0.0
4,0.44721362,0.1118034,0.0701,0.00108033979058772,0.0015435702850118407,1.4287822206123844,0.0
5,0.559017,0.1677051,0.0701,0.0012078565728149138,0.011178136180395952,9.254522790189624,0.0
6,0.6708204,0.1677051,0.0701,0.00108033979058772,0.01304047171808531,12.070713151268002,0.0
7,0.7826238,0.22360681,0.0701,0.00108033979058772,0.006380367915659561,5.905889953556697,0.0
