Tile Number, Tile x cohordinate [m], Tile y cohordinate [m], area_m2[m2], Tile z cohordinate [m],absorbedPARTile [umol^s-1],absorbedPARTilem2 [umol m^-2 m^-1],Thermal time[dd]
1,0.1118034,0.0,0.0701,0.00108033979058772,0.005206371429478625,4.819198066051317,0.0
2,0.22360681,0.0559017,0.0701,0.0012078565728149138,0.010816730507302546,8.955310382667472,0.0
3,0.3354102,0.0559017,0.0701,0.00108033979058772,0.015700629355104655,14.533047372589408,0.0
4,0.44721362,0.1118034,0.0701,0.00108033979058772,0.0035140431941977335,3.2527203244879512,0.0
5,0.559017,0.1677051,0.0701,0.0012078565728149138,0.00597369433171316,4.9456984100284735,0.0
6,0.6708204,0.1677051,0.0701,0.00108033979058772,0.0033359075032336825,3.0878317472865664,0.0
7,0.7826238,0.22360681,0.0701,0.00108033979058772,0.008198459922015967,7.5887790058680435,0.0
