Tile Number, Tile x cohordinate [m], Tile y cohordinate [m], area_m2[m2], Tile z cohordinate [m],absorbedPARTile [umol^s-1],absorbedPARTilem2 [umol m^-2 m^-1],Thermal time[dd]
1,0.14142136,0.0,0.0701,0.004042135611804359,0.07594419586374686,18.788136558794548,0.0
2,0.28284273,0.07071068,0.0701,0.005716443181545683,0.08255969021878938,14.44249292730062,0.0
3,0.4242641,0.07071068,0.0701,0.004042135611804359,0.03244535405708417,8.026785138611658,0.0
4,0.56568545,0.14142136,0.0701,0.004042135611804359,0.060910115845190106,15.068795729493248,0.0
5,0.70710677,0.21213204,0.0701,0.005716443181545683,0.10830133785126109,18.94558109155862,0.0
6,0.8485281,0.21213204,0.0701,0.004042135611804359,0.05001451623267732,12.37329002189302,0.0
7,0.9899494,0.28284273,0.0701,0.004042135611804359,0.2261579311408043,55.950109758898016,0.0
