Tile Number, Tile x cohordinate [m], Tile y cohordinate [m], area_m2[m2], Tile z cohordinate [m],absorbedPARTile [umol^s-1],absorbedPARTilem2 [umol m^-2 m^-1],Thermal time[dd]
1,0.1118034,0.0,0.0701,0.00108033979058772,0.002472587106351367,2.2887124290833025,0.0
2,0.22360681,0.0559017,0.0701,0.0012078565728149138,8.608739116793693E-4,0.7127285896810578,0.0
3,0.3354102,0.0559017,0.0701,0.00108033979058772,0.005977561754020803,5.533038592208963,0.0
4,0.44721362,0.1118034,0.0701,0.00108033979058772,0.001618370489544526,1.498019885636268,0.0
5,0.559017,0.1677051,0.0701,0.0012078565728149138,0.008678395215702238,7.184955077470174,0.0
6,0.6708204,0.1677051,0.0701,0.00108033979058772,0.016283488111849993,15.07256166413305,0.0
7,0.7826238,0.22360681,0.0701,0.00108033979058772,0.011825345714882078,10.945950355534832,0.0
