Tile Number, Tile x cohordinate [m], Tile y cohordinate [m], area_m2[m2], Tile z cohordinate [m],absorbedPARTile [umol^s-1],absorbedPARTilem2 [umol m^-2 m^-1],Thermal time[dd]
1,0.14142136,0.0,0.0701,0.004042135611804359,0.1496215387736511,37.01546735263093,0.0
2,0.28284273,0.07071068,0.0701,0.005716443181545683,0.177454203598938,31.042765223629097,0.0
3,0.4242641,0.07071068,0.0701,0.004042135611804359,0.16508613733612057,40.841315876195495,0.0
4,0.56568545,0.14142136,0.0701,0.004042135611804359,0.1181670456163597,29.233815231550675,0.0
5,0.70710677,0.21213204,0.0701,0.005716443181545683,0.20942360862106324,36.63529960328175,0.0
6,0.8485281,0.21213204,0.0701,0.004042135611804359,0.12103846747161867,29.944187700716107,0.0
7,0.9899494,0.28284273,0.0701,0.004042135611804359,0.16009122581954954,39.60560485700449,0.0
