Tile Number, Tile x cohordinate [m], Tile y cohordinate [m], area_m2[m2], Tile z cohordinate [m],absorbedPARTile [umol^s-1],absorbedPARTilem2 [umol m^-2 m^-1],Thermal time[dd]
1,0.1118034,0.0,0.0701,0.00108033979058772,0.005078094024729763,4.700460048747449,0.0
2,0.22360681,0.0559017,0.0701,0.0012078565728149138,0.008499855124504744,7.037139438415112,0.0
3,0.3354102,0.0559017,0.0701,0.00108033979058772,0.002053496558459538,1.9007876747207535,0.0
4,0.44721362,0.1118034,0.0701,0.00108033979058772,0.005554851146312138,5.141762984857034,0.0
5,0.559017,0.1677051,0.0701,0.0012078565728149138,0.007831075863515573,6.483448482020696,0.0
6,0.6708204,0.1677051,0.0701,0.00108033979058772,0.004573381477440036,4.2332806004970465,0.0
7,0.7826238,0.22360681,0.0701,0.00108033979058772,0.006802573252159769,6.296697864344212,0.0
