Tile Number, Tile x cohordinate [m], Tile y cohordinate [m], area_m2[m2], Tile z cohordinate [m],absorbedPARTile [umol^s-1],absorbedPARTilem2 [umol m^-2 m^-1],Thermal time[dd]
1,0.14142136,0.0,0.0701,0.004042135611804359,0.05786386166029454,14.31517079518884,0.0
2,0.28284273,0.07071068,0.0701,0.005716443181545683,0.07534046801433562,13.179605853086452,0.0
3,0.4242641,0.07071068,0.0701,0.004042135611804359,0.09703163311094881,24.005041500236825,0.0
4,0.56568545,0.14142136,0.0701,0.004042135611804359,0.030350992216114998,7.508652635869059,0.0
5,0.70710677,0.21213204,0.0701,0.005716443181545683,0.11180652019566537,19.558756493304937,0.0
6,0.8485281,0.21213204,0.0701,0.004042135611804359,0.08228721161647795,20.35736044485305,0.0
7,0.9899494,0.28284273,0.0701,0.004042135611804359,0.08081703937613485,19.9936486891045,0.0
