Tile Number, Tile x cohordinate [m], Tile y cohordinate [m], area_m2[m2], Tile z cohordinate [m],absorbedPARTile [umol^s-1],absorbedPARTilem2 [umol m^-2 m^-1],Thermal time[dd]
1,0.1118034,0.0,0.0701,0.00108033979058772,8.255405187508945E-4,0.7641489519716653,0.0
2,0.22360681,0.0559017,0.0701,0.0012078565728149138,0.0010865744743076265,0.8995889899206833,0.0
3,0.3354102,0.0559017,0.0701,0.00108033979058772,7.771230109016708E-4,0.7193320265274179,0.0
4,0.44721362,0.1118034,0.0701,0.00108033979058772,0.0022704402916704997,2.1015983225382717,0.0
5,0.559017,0.1677051,0.0701,0.0012078565728149138,6.192439817114687E-4,0.5126800612330308,0.0
6,0.6708204,0.1677051,0.0701,0.00108033979058772,0.001428203941459888,1.321995129590594,0.0
7,0.7826238,0.22360681,0.0701,0.00108033979058772,5.119936709203543E-4,0.4739191089516592,0.0
