Tile Number, Tile x cohordinate [m], Tile y cohordinate [m], area_m2[m2], Tile z cohordinate [m],absorbedPARTile [umol^s-1],absorbedPARTilem2 [umol m^-2 m^-1],Thermal time[dd]
1,0.1118034,0.0,0.0701,0.00108033979058772,0.0012282897913992012,1.1369476548956827,0.0
2,0.22360681,0.0559017,0.0701,0.0012078565728149138,0.005081273568459608,4.206851775966813,0.0
3,0.3354102,0.0559017,0.0701,0.00108033979058772,3.4400206732055136E-4,0.31842025103362104,0.0
4,0.44721362,0.1118034,0.0701,0.00108033979058772,0.002626870191436231,2.431522206552419,0.0
5,0.559017,0.1677051,0.0701,0.0012078565728149138,0.002907115359307238,2.4068382163390445,0.0
6,0.6708204,0.1677051,0.0701,0.00108033979058772,0.00424431131817815,3.928681841727949,0.0
7,0.7826238,0.22360681,0.0701,0.00108033979058772,7.449327839738437E-4,0.6895356354213241,0.0
