Tile Number, Tile x cohordinate [m], Tile y cohordinate [m], area_m2[m2], Tile z cohordinate [m],absorbedPARTile [umol^s-1],absorbedPARTilem2 [umol m^-2 m^-1],Thermal time[dd]
1,0.14142136,0.0,0.0701,0.004042135611804359,0.029027080459426344,7.181124842684092,0.0
2,0.28284273,0.07071068,0.0701,0.005716443181545683,0.07845055905467273,13.723666371413193,0.0
3,0.4242641,0.07071068,0.0701,0.004042135611804359,0.021052987488049773,5.208382278557938,0.0
4,0.56568545,0.14142136,0.0701,0.004042135611804359,0.04767138640852366,11.793613818721868,0.0
5,0.70710677,0.21213204,0.0701,0.005716443181545683,0.10324276635704835,18.060665186062828,0.0
6,0.8485281,0.21213204,0.0701,0.004042135611804359,0.03991187100469444,9.873956452163235,0.0
7,0.9899494,0.28284273,0.0701,0.004042135611804359,0.0427926513528592,10.586644156096755,0.0
