Tile Number, Tile x cohordinate [m], Tile y cohordinate [m], area_m2[m2], Tile z cohordinate [m],absorbedPARTile [umol^s-1],absorbedPARTilem2 [umol m^-2 m^-1],Thermal time[dd]
1,0.14142136,0.0,0.0701,0.004042135611804359,0.15171004449781414,37.53215108735371,0.0
2,0.28284273,0.07071068,0.0701,0.005716443181545683,0.17884399420608524,31.2858867876873,0.0
3,0.4242641,0.07071068,0.0701,0.004042135611804359,0.07042671749557972,17.423145648530603,0.0
4,0.56568545,0.14142136,0.0701,0.004042135611804359,0.07201294414479255,17.815568565906393,0.0
5,0.70710677,0.21213204,0.0701,0.005716443181545683,0.08248080979448319,14.428694062901716,0.0
6,0.8485281,0.21213204,0.0701,0.004042135611804359,0.1311203564862442,32.438386308299464,0.0
7,0.9899494,0.28284273,0.0701,0.004042135611804359,0.1309639631586647,32.39969554119042,0.0
