Tile Number, Tile x cohordinate [m], Tile y cohordinate [m], area_m2[m2], Tile z cohordinate [m],absorbedPARTile [umol^s-1],absorbedPARTilem2 [umol m^-2 m^-1],Thermal time[dd]
1,0.14142136,0.0,0.0701,0.004042135611804359,0.11495675130799793,28.439607758900166,0.0
2,0.28284273,0.07071068,0.0701,0.005716443181545683,0.10166821722936631,17.78522308374908,0.0
3,0.4242641,0.07071068,0.0701,0.004042135611804359,0.02907346029076703,7.1925989335595295,0.0
4,0.56568545,0.14142136,0.0701,0.004042135611804359,0.09159535782400609,22.66013974308968,0.0
5,0.70710677,0.21213204,0.0701,0.005716443181545683,0.08593355019397736,15.032695587948025,0.0
6,0.8485281,0.21213204,0.0701,0.004042135611804359,0.07690601251345158,19.026084203820584,0.0
7,0.9899494,0.28284273,0.0701,0.004042135611804359,0.05691110509332419,14.07946456005215,0.0
