Tile Number, Tile x cohordinate [m], Tile y cohordinate [m], area_m2[m2], Tile z cohordinate [m],absorbedPARTile [umol^s-1],absorbedPARTilem2 [umol m^-2 m^-1],Thermal time[dd]
1,0.1118034,0.0,0.0701,0.00108033979058772,0.016989242489887244,15.72583240745475,0.0
2,0.22360681,0.0559017,0.0701,0.0012078565728149138,0.0076940693260278015,6.370019006558658,0.0
3,0.3354102,0.0559017,0.0701,0.00108033979058772,0.016069196299888133,14.874205726650377,0.0
4,0.44721362,0.1118034,0.0701,0.00108033979058772,0.0059646485216953765,5.521085656254987,0.0
5,0.559017,0.1677051,0.0701,0.0012078565728149138,0.0038514460445034054,3.1886617427825867,0.0
6,0.6708204,0.1677051,0.0701,0.00108033979058772,0.002293149958008355,2.1226191777689216,0.0
7,0.7826238,0.22360681,0.0701,0.00108033979058772,0.0024110259832357786,2.231729317240224,0.0
