Tile Number, Tile x cohordinate [m], Tile y cohordinate [m], area_m2[m2], Tile z cohordinate [m],absorbedPARTile [umol^s-1],absorbedPARTilem2 [umol m^-2 m^-1],Thermal time[dd]
1,0.1118034,0.0,0.0701,0.00108033979058772,0.02100678676153632,19.444610801670404,0.0
2,0.22360681,0.0559017,0.0701,0.0012078565728149138,0.014493855428178479,11.999649423938225,0.0
3,0.3354102,0.0559017,0.0701,0.00108033979058772,0.016511252174686634,15.283387984537978,0.0
4,0.44721362,0.1118034,0.0701,0.00108033979058772,0.02703630951168688,25.025746295041813,0.0
5,0.559017,0.1677051,0.0701,0.0012078565728149138,0.014628533774986055,12.111151360375684,0.0
6,0.6708204,0.1677051,0.0701,0.00108033979058772,0.013143920885140282,12.166469290175646,0.0
7,0.7826238,0.22360681,0.0701,0.00108033979058772,0.010603296699203837,9.81477937921318,0.0
