Tile Number, Tile x cohordinate [m], Tile y cohordinate [m], area_m2[m2], Tile z cohordinate [m],absorbedPARTile [umol^s-1],absorbedPARTilem2 [umol m^-2 m^-1],Thermal time[dd]
1,0.1118034,0.0,0.0701,0.00108033979058772,0.005474348588709874,5.067247023949522,0.0
2,0.22360681,0.0559017,0.0701,0.0012078565728149138,0.017277887912665723,14.304585744315277,0.0
3,0.3354102,0.0559017,0.0701,0.00108033979058772,9.375393236133933E-4,0.8678189323225416,0.0
4,0.44721362,0.1118034,0.0701,0.00108033979058772,0.005241343572881263,4.851569495584254,0.0
5,0.559017,0.1677051,0.0701,0.0012078565728149138,0.003727086706982581,3.085703046924349,0.0
6,0.6708204,0.1677051,0.0701,0.00108033979058772,0.0039641122915124475,3.669319899210521,0.0
7,0.7826238,0.22360681,0.0701,0.00108033979058772,0.0057016357982720995,5.277631952415943,0.0
