Tile Number, Tile x cohordinate [m], Tile y cohordinate [m], area_m2[m2], Tile z cohordinate [m],absorbedPARTile [umol^s-1],absorbedPARTilem2 [umol m^-2 m^-1],Thermal time[dd]
1,0.1118034,0.0,0.0701,0.00108033979058772,0.007011850626390223,6.49041226425223,0.0
2,0.22360681,0.0559017,0.0701,0.0012078565728149138,0.0014266489450077194,1.1811410204796993,0.0
3,0.3354102,0.0559017,0.0701,0.00108033979058772,0.005719874014997515,5.294513878717569,0.0
4,0.44721362,0.1118034,0.0701,0.00108033979058772,0.0014918041732093063,1.3808657111460683,0.0
5,0.559017,0.1677051,0.0701,0.0012078565728149138,0.0027384918983095145,2.267232683039055,0.0
6,0.6708204,0.1677051,0.0701,0.00108033979058772,0.0034870768119401874,3.22775930528595,0.0
7,0.7826238,0.22360681,0.0701,0.00108033979058772,0.00242460760333132,2.2443009361085364,0.0
