Tile Number, Tile x cohordinate [m], Tile y cohordinate [m], area_m2[m2], Tile z cohordinate [m],absorbedPARTile [umol^s-1],absorbedPARTilem2 [umol m^-2 m^-1],Thermal time[dd]
1,0.14142136,0.0,0.0701,0.004042135611804359,0.05760334981551887,14.250721734149204,0.0
2,0.28284273,0.07071068,0.0701,0.005716443181545683,0.0989733771535635,17.313804057928525,0.0
3,0.4242641,0.07071068,0.0701,0.004042135611804359,0.05617131357821942,13.896444595817318,0.0
4,0.56568545,0.14142136,0.0701,0.004042135611804359,0.09087200360069274,22.481186265823624,0.0
5,0.70710677,0.21213204,0.0701,0.005716443181545683,0.2513724213947296,43.97357122453903,0.0
6,0.8485281,0.21213204,0.0701,0.004042135611804359,0.17796750209403991,44.02808791825701,0.0
7,0.9899494,0.28284273,0.0701,0.004042135611804359,0.12595344240459444,31.160122890674213,0.0
