Tile Number, Tile x cohordinate [m], Tile y cohordinate [m], area_m2[m2], Tile z cohordinate [m],absorbedPARTile [umol^s-1],absorbedPARTilem2 [umol m^-2 m^-1],Thermal time[dd]
1,0.14142136,0.0,0.0701,0.004042135611804359,0.05468334800450851,13.52833087658297,0.0
2,0.28284273,0.07071068,0.0701,0.005716443181545683,0.0966661216890951,16.91018674009759,0.0
3,0.4242641,0.07071068,0.0701,0.004042135611804359,0.16492647756567005,40.80181701079764,0.0
4,0.56568545,0.14142136,0.0701,0.004042135611804359,0.07156553583053649,17.704882444206397,0.0
5,0.70710677,0.21213204,0.0701,0.005716443181545683,0.18156034145654043,31.761068148576943,0.0
6,0.8485281,0.21213204,0.0701,0.004042135611804359,0.06338164654388498,15.68023753552202,0.0
7,0.9899494,0.28284273,0.0701,0.004042135611804359,0.1498004327751398,37.059724650918064,0.0
