Tile Number, Tile x cohordinate [m], Tile y cohordinate [m], area_m2[m2], Tile z cohordinate [m],absorbedPARTile [umol^s-1],absorbedPARTilem2 [umol m^-2 m^-1],Thermal time[dd]
1,0.1118034,0.0,0.0701,0.00108033979058772,0.005800806201889783,5.369427519404857,0.0
2,0.22360681,0.0559017,0.0701,0.0012078565728149138,0.001642071150376196,1.3594918364763655,0.0
3,0.3354102,0.0559017,0.0701,0.00108033979058772,0.01574423492685133,14.573410202993864,0.0
4,0.44721362,0.1118034,0.0701,0.00108033979058772,0.0015651301658260342,1.448738794462603,0.0
5,0.559017,0.1677051,0.0701,0.0012078565728149138,0.0010834185849774723,0.896976188532519,0.0
6,0.6708204,0.1677051,0.0701,0.00108033979058772,5.270073698115567E-4,0.4878163096490757,0.0
7,0.7826238,0.22360681,0.0701,0.00108033979058772,0.0012510178615069197,1.157985545294364,0.0
