Tile Number, Tile x cohordinate [m], Tile y cohordinate [m], area_m2[m2], Tile z cohordinate [m],absorbedPARTile [umol^s-1],absorbedPARTilem2 [umol m^-2 m^-1],Thermal time[dd]
1,0.1118034,0.0,0.0701,0.00108033979058772,0.018969511651448723,17.558838262477625,0.0
2,0.22360681,0.0559017,0.0701,0.0012078565728149138,0.028079702407483014,23.247546968298707,0.0
3,0.3354102,0.0559017,0.0701,0.00108033979058772,0.01981922971661238,18.34536679041549,0.0
4,0.44721362,0.1118034,0.0701,0.00108033979058772,0.01796111705842726,16.62543323397925,0.0
5,0.559017,0.1677051,0.0701,0.0012078565728149138,0.031519576187342295,26.09546273684285,0.0
6,0.6708204,0.1677051,0.0701,0.00108033979058772,0.012555595120926499,11.621894546803723,0.0
7,0.7826238,0.22360681,0.0701,0.00108033979058772,0.010357784599332105,9.58752485983815,0.0
