Tile Number, Tile x cohordinate [m], Tile y cohordinate [m], area_m2[m2], Tile z cohordinate [m],absorbedPARTile [umol^s-1],absorbedPARTilem2 [umol m^-2 m^-1],Thermal time[dd]
1,0.1118034,0.0,0.0701,0.00108033979058772,0.0015258787203960955,1.4124062944733307,0.0
2,0.22360681,0.0559017,0.0701,0.0012078565728149138,0.00852568154985132,7.058521468308269,0.0
3,0.3354102,0.0559017,0.0701,0.00108033979058772,0.007021301627108801,6.499160438484928,0.0
4,0.44721362,0.1118034,0.0701,0.00108033979058772,0.004418082395311468,4.08953038090726,0.0
5,0.559017,0.1677051,0.0701,0.0012078565728149138,0.004005179970488256,3.3159400384386455,0.0
6,0.6708204,0.1677051,0.0701,0.00108033979058772,0.0041319043927206195,3.8246340907917555,0.0
7,0.7826238,0.22360681,0.0701,0.00108033979058772,0.02348973940239554,21.74291792919781,0.0
