Tile Number, Tile x cohordinate [m], Tile y cohordinate [m], area_m2[m2], Tile z cohordinate [m],absorbedPARTile [umol^s-1],absorbedPARTilem2 [umol m^-2 m^-1],Thermal time[dd]
1,0.1118034,0.0,0.0701,0.00108033979058772,0.0046999932686381364,4.350476868098392,0.0
2,0.22360681,0.0559017,0.0701,0.0012078565728149138,0.004220202654994126,3.493960085971904,0.0
3,0.3354102,0.0559017,0.0701,0.00108033979058772,0.00553130910058301,5.119971650376685,0.0
4,0.44721362,0.1118034,0.0701,0.00108033979058772,0.012512673225768652,11.58216455117476,0.0
5,0.559017,0.1677051,0.0701,0.0012078565728149138,0.010118631724627056,8.377345416969128,0.0
6,0.6708204,0.1677051,0.0701,0.00108033979058772,0.008383149037033077,7.759733659789137,0.0
7,0.7826238,0.22360681,0.0701,0.00108033979058772,0.012131896491745486,11.22970439249078,0.0
