Tile Number, Tile x cohordinate [m], Tile y cohordinate [m], area_m2[m2], Tile z cohordinate [m],absorbedPARTile [umol^s-1],absorbedPARTilem2 [umol m^-2 m^-1],Thermal time[dd]
1,0.14142136,0.0,0.0701,0.004042135611804359,0.04171890384239196,10.321005490404405,0.0
2,0.28284273,0.07071068,0.0701,0.005716443181545683,0.21933993115005496,38.37000109756135,0.0
3,0.4242641,0.07071068,0.0701,0.004042135611804359,0.056489459554441575,13.975151993781173,0.0
4,0.56568545,0.14142136,0.0701,0.004042135611804359,0.19381233424270633,47.948003940469206,0.0
5,0.70710677,0.21213204,0.0701,0.005716443181545683,0.07640311280348779,13.365498506158328,0.0
6,0.8485281,0.21213204,0.0701,0.004042135611804359,0.09166369827716826,22.67704675951006,0.0
7,0.9899494,0.28284273,0.0701,0.004042135611804359,0.07143378088092804,17.672287063382537,0.0
