Tile Number, Tile x cohordinate [m], Tile y cohordinate [m], area_m2[m2], Tile z cohordinate [m],absorbedPARTile [umol^s-1],absorbedPARTilem2 [umol m^-2 m^-1],Thermal time[dd]
1,0.14142136,0.0,0.0701,0.004042135611804359,0.10935191976444245,27.053006199272247,0.0
2,0.28284273,0.07071068,0.0701,0.005716443181545683,0.14116312232887268,24.694222936490945,0.0
3,0.4242641,0.07071068,0.0701,0.004042135611804359,0.0415152189953646,10.270615086274338,0.0
4,0.56568545,0.14142136,0.0701,0.004042135611804359,0.07552580937837601,18.684630262729414,0.0
5,0.70710677,0.21213204,0.0701,0.005716443181545683,0.164333591431675,28.747524677966002,0.0
6,0.8485281,0.21213204,0.0701,0.004042135611804359,0.0794228901681888,19.648744573598165,0.0
7,0.9899494,0.28284273,0.0701,0.004042135611804359,0.09672017459040642,23.927988538522026,0.0
