Tile Number, Tile x cohordinate [m], Tile y cohordinate [m], area_m2[m2], Tile z cohordinate [m],absorbedPARTile [umol^s-1],absorbedPARTilem2 [umol m^-2 m^-1],Thermal time[dd]
1,0.1118034,0.0,0.0701,0.00108033979058772,0.013952289964905978,12.914723762341232,0.0
2,0.22360681,0.0559017,0.0701,0.0012078565728149138,0.007532585231428876,6.236324246573549,0.0
3,0.3354102,0.0559017,0.0701,0.00108033979058772,0.006965462033063053,6.447473372496763,0.0
4,0.44721362,0.1118034,0.0701,0.00108033979058772,0.002558201890070934,2.367960443888896,0.0
5,0.559017,0.1677051,0.0701,0.0012078565728149138,0.0057922875036737365,4.795509362651222,0.0
6,0.6708204,0.1677051,0.0701,0.00108033979058772,0.003251944940848049,3.0101130858828644,0.0
7,0.7826238,0.22360681,0.0701,0.00108033979058772,0.0065079203851055355,6.023956945587588,0.0
