Tile Number, Tile x cohordinate [m], Tile y cohordinate [m], area_m2[m2], Tile z cohordinate [m],absorbedPARTile [umol^s-1],absorbedPARTilem2 [umol m^-2 m^-1],Thermal time[dd]
1,0.14142136,0.0,0.0701,0.004042135611804359,0.167367573616306,41.40572946823899,0.0
2,0.28284273,0.07071068,0.0701,0.005716443181545683,0.09429094535915056,16.49468775681157,0.0
3,0.4242641,0.07071068,0.0701,0.004042135611804359,0.07027234342489493,17.38495443341304,0.0
4,0.56568545,0.14142136,0.0701,0.004042135611804359,0.0670937528230682,16.59859026677197,0.0
5,0.70710677,0.21213204,0.0701,0.005716443181545683,0.1494437398119291,26.142784081957874,0.0
6,0.8485281,0.21213204,0.0701,0.004042135611804359,0.05692545811987228,14.083015412355612,0.0
7,0.9899494,0.28284273,0.0701,0.004042135611804359,0.09444063786013127,23.36404488368319,0.0
