Tile Number, Tile x cohordinate [m], Tile y cohordinate [m], area_m2[m2], Tile z cohordinate [m],absorbedPARTile [umol^s-1],absorbedPARTilem2 [umol m^-2 m^-1],Thermal time[dd]
1,0.14142136,0.0,0.0701,0.004042135611804359,0.19703592728385927,48.74550143949892,0.0
2,0.28284273,0.07071068,0.0701,0.005716443181545683,0.15623893079694115,27.331493698970927,0.0
3,0.4242641,0.07071068,0.0701,0.004042135611804359,0.11838765807432233,29.28839342465196,0.0
4,0.56568545,0.14142136,0.0701,0.004042135611804359,0.09160410333014476,22.6623033286243,0.0
5,0.70710677,0.21213204,0.0701,0.005716443181545683,0.3710677716384888,64.91235193877233,0.0
6,0.8485281,0.21213204,0.0701,0.004042135611804359,0.17138706465428669,42.400127337088925,0.0
7,0.9899494,0.28284273,0.0701,0.004042135611804359,0.14532761225257404,35.953175798498656,0.0
