Tile Number, Tile x cohordinate [m], Tile y cohordinate [m], area_m2[m2], Tile z cohordinate [m],absorbedPARTile [umol^s-1],absorbedPARTilem2 [umol m^-2 m^-1],Thermal time[dd]
1,0.14142136,0.0,0.0701,0.004042135611804359,0.03962960345016761,9.80412515959044,0.0
2,0.28284273,0.07071068,0.0701,0.005716443181545683,0.06497098662525604,11.365631488300453,0.0
3,0.4242641,0.07071068,0.0701,0.004042135611804359,0.10516286436536512,26.016659128965177,0.0
4,0.56568545,0.14142136,0.0701,0.004042135611804359,0.11623195651570124,28.755085845280863,0.0
5,0.70710677,0.21213204,0.0701,0.005716443181545683,0.12347182192513348,21.599413831967386,0.0
6,0.8485281,0.21213204,0.0701,0.004042135611804359,0.11536857696874543,28.541490946476763,0.0
7,0.9899494,0.28284273,0.0701,0.004042135611804359,0.13473593158581673,33.33285780723034,0.0
