Tile Number, Tile x cohordinate [m], Tile y cohordinate [m], area_m2[m2], Tile z cohordinate [m],absorbedPARTile [umol^s-1],absorbedPARTilem2 [umol m^-2 m^-1],Thermal time[dd]
1,0.1118034,0.0,0.0701,0.00108033979058772,0.003830278390934866,3.5454385965466857,0.0
2,0.22360681,0.0559017,0.0701,0.0012078565728149138,0.005255957865943843,4.351475153788182,0.0
3,0.3354102,0.0559017,0.0701,0.00108033979058772,0.005387759409570498,4.987097074929992,0.0
4,0.44721362,0.1118034,0.0701,0.00108033979058772,0.006982813686078564,6.463534664663065,0.0
5,0.559017,0.1677051,0.0701,0.0012078565728149138,0.01071901705342926,8.874412156775001,0.0
6,0.6708204,0.1677051,0.0701,0.00108033979058772,0.007680047014400861,7.10891802867208,0.0
7,0.7826238,0.22360681,0.0701,0.00108033979058772,0.008881663125973287,8.22117559989301,0.0
