Tile Number, Tile x cohordinate [m], Tile y cohordinate [m], area_m2[m2], Tile z cohordinate [m],absorbedPARTile [umol^s-1],absorbedPARTilem2 [umol m^-2 m^-1],Thermal time[dd]
1,0.1118034,0.0,0.0701,0.00108033979058772,0.0075733767563157,7.010180336128949,0.0
2,0.22360681,0.0559017,0.0701,0.0012078565728149138,0.004053450709099003,3.3559040041090493,0.0
3,0.3354102,0.0559017,0.0701,0.00108033979058772,0.013445750437286422,12.44585319769787,0.0
4,0.44721362,0.1118034,0.0701,0.00108033979058772,0.008244664872758814,7.631547911674716,0.0
5,0.559017,0.1677051,0.0701,0.0012078565728149138,0.005235930967824244,4.334894627117762,0.0
6,0.6708204,0.1677051,0.0701,0.00108033979058772,0.002174688564108503,2.012967200741021,0.0
7,0.7826238,0.22360681,0.0701,0.00108033979058772,0.0014299528942365203,1.3236140209726108,0.0
