Tile Number, Tile x cohordinate [m], Tile y cohordinate [m], area_m2[m2], Tile z cohordinate [m],absorbedPARTile [umol^s-1],absorbedPARTilem2 [umol m^-2 m^-1],Thermal time[dd]
1,0.1118034,0.0,0.0701,0.00108033979058772,0.0020165766420869972,1.8666133189354726,0.0
2,0.22360681,0.0559017,0.0701,0.0012078565728149138,0.004292668345613086,3.5539553637639347,0.0
3,0.3354102,0.0559017,0.0701,0.00108033979058772,0.00951922883757255,8.811328547284145,0.0
4,0.44721362,0.1118034,0.0701,0.00108033979058772,0.0028486552023402538,2.636814109004118,0.0
5,0.559017,0.1677051,0.0701,0.0012078565728149138,0.0019474426064552237,1.6123127946530127,0.0
6,0.6708204,0.1677051,0.0701,0.00108033979058772,0.001841983455909626,1.7050038070962483,0.0
7,0.7826238,0.22360681,0.0701,0.00108033979058772,0.006879798953541722,6.368180653421101,0.0
