Tile Number, Tile x cohordinate [m], Tile y cohordinate [m], area_m2[m2], Tile z cohordinate [m],absorbedPARTile [umol^s-1],absorbedPARTilem2 [umol m^-2 m^-1],Thermal time[dd]
1,0.1118034,0.0,0.0701,0.00108033979058772,0.005665042189206459,5.243759637997409,0.0
2,0.22360681,0.0559017,0.0701,0.0012078565728149138,0.008187263545405983,6.778340847477891,0.0
3,0.3354102,0.0559017,0.0701,0.00108033979058772,9.097681992384471E-4,0.8421130158906028,0.0
4,0.44721362,0.1118034,0.0701,0.00108033979058772,6.629271338313428E-4,0.6136283598984179,0.0
5,0.559017,0.1677051,0.0701,0.0012078565728149138,0.002116178404844963,1.7520113335254717,0.0
6,0.6708204,0.1677051,0.0701,0.00108033979058772,1.3862329911763956E-4,0.12831453615369157,0.0
7,0.7826238,0.22360681,0.0701,0.00108033979058772,2.7609557188267275E-4,0.2555636423726214,0.0
