Tile Number, Tile x cohordinate [m], Tile y cohordinate [m], area_m2[m2], Tile z cohordinate [m],absorbedPARTile [umol^s-1],absorbedPARTilem2 [umol m^-2 m^-1],Thermal time[dd]
1,0.1118034,0.0,0.0701,0.00108033979058772,0.006714665752348733,6.215327631962774,0.0
2,0.22360681,0.0559017,0.0701,0.0012078565728149138,0.0020135421864887885,1.6670374875687612,0.0
3,0.3354102,0.0559017,0.0701,0.00108033979058772,0.0026124363188001977,2.4181617131578537,0.0
4,0.44721362,0.1118034,0.0701,0.00108033979058772,7.655663520895899E-4,0.708634782093059,0.0
5,0.559017,0.1677051,0.0701,0.0012078565728149138,0.0021829722105284554,1.807310784790475,0.0
6,0.6708204,0.1677051,0.0701,0.00108033979058772,0.0024047784080681624,2.2259463448624155,0.0
7,0.7826238,0.22360681,0.0701,0.00108033979058772,0.0037845225949115326,3.503085443934912,0.0
