Tile Number, Tile x cohordinate [m], Tile y cohordinate [m], area_m2[m2], Tile z cohordinate [m],absorbedPARTile [umol^s-1],absorbedPARTilem2 [umol m^-2 m^-1],Thermal time[dd]
1,0.14142136,0.0,0.0701,0.004042135611804359,0.05579331036911706,13.802928879026801,0.0
2,0.28284273,0.07071068,0.0701,0.005716443181545683,0.2389740416575114,41.80467365248869,0.0
3,0.4242641,0.07071068,0.0701,0.004042135611804359,0.16549060406147637,40.941378507487386,0.0
4,0.56568545,0.14142136,0.0701,0.004042135611804359,0.09492965184929372,23.48502399871693,0.0
5,0.70710677,0.21213204,0.0701,0.005716443181545683,0.18205337522444726,31.84731649431376,0.0
6,0.8485281,0.21213204,0.0701,0.004042135611804359,0.045771339309199625,11.323553612484531,0.0
7,0.9899494,0.28284273,0.0701,0.004042135611804359,0.0758253301736643,18.75872990313079,0.0
