Tile Number, Tile x cohordinate [m], Tile y cohordinate [m], area_m2[m2], Tile z cohordinate [m],absorbedPARTile [umol^s-1],absorbedPARTilem2 [umol m^-2 m^-1],Thermal time[dd]
1,0.14142136,0.0,0.0701,0.004042135611804359,0.07485765768828392,18.519333559634926,0.0
2,0.28284273,0.07071068,0.0701,0.005716443181545683,0.16636598226905824,29.103058840177983,0.0
3,0.4242641,0.07071068,0.0701,0.004042135611804359,0.06753274397259147,16.70719403262319,0.0
4,0.56568545,0.14142136,0.0701,0.004042135611804359,0.1144303491192591,28.3093790285227,0.0
5,0.70710677,0.21213204,0.0701,0.005716443181545683,0.10530955621658326,18.422216905182,0.0
6,0.8485281,0.21213204,0.0701,0.004042135611804359,0.1796845409499359,44.452872987536146,0.0
7,0.9899494,0.28284273,0.0701,0.004042135611804359,0.06905736804742574,17.084376844199788,0.0
