Tile Number, Tile x cohordinate [m], Tile y cohordinate [m], area_m2[m2], Tile z cohordinate [m],absorbedPARTile [umol^s-1],absorbedPARTilem2 [umol m^-2 m^-1],Thermal time[dd]
1,0.14142136,0.0,0.0701,0.004042135611804359,0.10930965845091042,27.042551004892175,0.0
2,0.28284273,0.07071068,0.0701,0.005716443181545683,0.04961084767980849,8.678621671595813,0.0
3,0.4242641,0.07071068,0.0701,0.004042135611804359,0.08640887731054024,21.37703570810391,0.0
4,0.56568545,0.14142136,0.0701,0.004042135611804359,0.01009884325383957,2.4983929842303265,0.0
5,0.70710677,0.21213204,0.0701,0.005716443181545683,0.051139323087827364,8.946003916022423,0.0
6,0.8485281,0.21213204,0.0701,0.004042135611804359,0.02295765061939209,5.679584463309007,0.0
7,0.9899494,0.28284273,0.0701,0.004042135611804359,0.020109796531785542,4.975042517885434,0.0
