Tile Number, Tile x cohordinate [m], Tile y cohordinate [m], area_m2[m2], Tile z cohordinate [m],absorbedPARTile [umol^s-1],absorbedPARTilem2 [umol m^-2 m^-1],Thermal time[dd]
1,0.1118034,0.0,0.0701,0.00108033979058772,0.00631967138650112,5.849707139883398,0.0
2,0.22360681,0.0559017,0.0701,0.0012078565728149138,0.01945597375353344,16.107851040783117,0.0
3,0.3354102,0.0559017,0.0701,0.00108033979058772,0.006902477831709979,6.389173010053564,0.0
4,0.44721362,0.1118034,0.0701,0.00108033979058772,0.006650221255032285,6.155675568900847,0.0
5,0.559017,0.1677051,0.0701,0.0012078565728149138,0.00272583820373187,2.2567565264634815,0.0
6,0.6708204,0.1677051,0.0701,0.00108033979058772,0.010907145360294569,10.096032244041414,0.0
7,0.7826238,0.22360681,0.0701,0.00108033979058772,0.004788855423744469,4.4327307625494985,0.0
