Tile Number, Tile x cohordinate [m], Tile y cohordinate [m], area_m2[m2], Tile z cohordinate [m],absorbedPARTile [umol^s-1],absorbedPARTilem2 [umol m^-2 m^-1],Thermal time[dd]
1,0.1118034,0.0,0.0701,0.00108033979058772,0.0014028471503921226,1.2985240038497095,0.0
2,0.22360681,0.0559017,0.0701,0.0012078565728149138,0.0018765603650086839,1.5536284748075293,0.0
3,0.3354102,0.0559017,0.0701,0.00108033979058772,0.002221817227341826,2.056591126883447,0.0
4,0.44721362,0.1118034,0.0701,0.00108033979058772,0.017544562061242164,16.23985547333925,0.0
5,0.559017,0.1677051,0.0701,0.0012078565728149138,0.008604877501934203,7.124088816175009,0.0
6,0.6708204,0.1677051,0.0701,0.00108033979058772,0.0011148233527777161,1.0319191818078244,0.0
7,0.7826238,0.22360681,0.0701,0.00108033979058772,0.0021362361040237216,1.9773742693135272,0.0
