Tile Number, Tile x cohordinate [m], Tile y cohordinate [m], area_m2[m2], Tile z cohordinate [m],absorbedPARTile [umol^s-1],absorbedPARTilem2 [umol m^-2 m^-1],Thermal time[dd]
1,0.14142136,0.0,0.0701,0.004042135611804359,0.1315658395886739,32.54859614419135,0.0
2,0.28284273,0.07071068,0.0701,0.005716443181545683,0.3182482314142863,55.67242099802248,0.0
3,0.4242641,0.07071068,0.0701,0.004042135611804359,0.2785746021364212,68.91767839824378,0.0
4,0.56568545,0.14142136,0.0701,0.004042135611804359,0.28498964281781514,70.50472081776576,0.0
5,0.70710677,0.21213204,0.0701,0.005716443181545683,0.3081198001322429,53.900614481211306,0.0
6,0.8485281,0.21213204,0.0701,0.004042135611804359,0.0668636813760817,16.541671976768384,0.0
7,0.9899494,0.28284273,0.0701,0.004042135611804359,0.09623238939657906,23.807313420051763,0.0
