Tile Number, Tile x cohordinate [m], Tile y cohordinate [m], area_m2[m2], Tile z cohordinate [m],absorbedPARTile [umol^s-1],absorbedPARTilem2 [umol m^-2 m^-1],Thermal time[dd]
1,0.14142136,0.0,0.0701,0.004042135611804359,0.07456716264524578,18.44746683596791,0.0
2,0.28284273,0.07071068,0.0701,0.005716443181545683,0.11087168521060942,19.395222114432098,0.0
3,0.4242641,0.07071068,0.0701,0.004042135611804359,0.050309546927853825,12.446278838575697,0.0
4,0.56568545,0.14142136,0.0701,0.004042135611804359,0.04061675342254073,10.048340116033344,0.0
5,0.70710677,0.21213204,0.0701,0.005716443181545683,0.06588240444643378,11.525069410139695,0.0
6,0.8485281,0.21213204,0.0701,0.004042135611804359,0.06168478914151669,15.260445236269884,0.0
7,0.9899494,0.28284273,0.0701,0.004042135611804359,0.05250901147389786,12.990413117401197,0.0
