Tile Number, Tile x cohordinate [m], Tile y cohordinate [m], area_m2[m2], Tile z cohordinate [m],absorbedPARTile [umol^s-1],absorbedPARTilem2 [umol m^-2 m^-1],Thermal time[dd]
1,0.1118034,0.0,0.0701,0.00108033979058772,0.008600736967244857,7.961140598705464,0.0
2,0.22360681,0.0559017,0.0701,0.0012078565728149138,0.008925377319676527,7.389434739652826,0.0
3,0.3354102,0.0559017,0.0701,0.00108033979058772,0.015390464569056628,14.245948083319231,0.0
4,0.44721362,0.1118034,0.0701,0.00108033979058772,0.003110273345294926,2.8789769407668433,0.0
5,0.559017,0.1677051,0.0701,0.0012078565728149138,0.00749712175989855,6.206963582130023,0.0
6,0.6708204,0.1677051,0.0701,0.00108033979058772,0.005118637535070111,4.73798852885489,0.0
7,0.7826238,0.22360681,0.0701,0.00108033979058772,0.013467779387738096,12.466243958682144,0.0
