Tile Number, Tile x cohordinate [m], Tile y cohordinate [m], area_m2[m2], Tile z cohordinate [m],absorbedPARTile [umol^s-1],absorbedPARTilem2 [umol m^-2 m^-1],Thermal time[dd]
1,0.14142136,0.0,0.0701,0.004042135611804359,0.07130874449313881,17.64135381427925,0.0
2,0.28284273,0.07071068,0.0701,0.005716443181545683,0.17867657492233915,31.25659947065657,0.0
3,0.4242641,0.07071068,0.0701,0.004042135611804359,0.09221730461802581,22.81400563324028,0.0
4,0.56568545,0.14142136,0.0701,0.004042135611804359,0.06832635462438068,16.90352852706014,0.0
5,0.70710677,0.21213204,0.0701,0.005716443181545683,0.1880869430889448,32.90279236853842,0.0
6,0.8485281,0.21213204,0.0701,0.004042135611804359,0.23480552241783145,58.08947174659911,0.0
7,0.9899494,0.28284273,0.0701,0.004042135611804359,0.11159480013896002,27.607881292519394,0.0
