Tile Number, Tile x cohordinate [m], Tile y cohordinate [m], area_m2[m2], Tile z cohordinate [m],absorbedPARTile [umol^s-1],absorbedPARTilem2 [umol m^-2 m^-1],Thermal time[dd]
1,0.1118034,0.0,0.0701,0.00108033979058772,0.009929890784712837,9.191451496302694,0.0
2,0.22360681,0.0559017,0.0701,0.0012078565728149138,0.013040741228077258,10.796597478197073,0.0
3,0.3354102,0.0559017,0.0701,0.00108033979058772,0.009107852917853447,8.430544720470444,0.0
4,0.44721362,0.1118034,0.0701,0.00108033979058772,0.0034108048890381976,3.1571593666680298,0.0
5,0.559017,0.1677051,0.0701,0.0012078565728149138,0.004485044351701571,3.713225934805455,0.0
6,0.6708204,0.1677051,0.0701,0.00108033979058772,9.158310224839323E-4,0.8477249754780461,0.0
7,0.7826238,0.22360681,0.0701,0.00108033979058772,0.0031822503679057156,2.9456013706340736,0.0
