Tile Number, Tile x cohordinate [m], Tile y cohordinate [m], area_m2[m2], Tile z cohordinate [m],absorbedPARTile [umol^s-1],absorbedPARTilem2 [umol m^-2 m^-1],Thermal time[dd]
1,0.1118034,0.0,0.0701,0.00108033979058772,0.0025625750444407936,2.3720083873303577,0.0
2,0.22360681,0.0559017,0.0701,0.0012078565728149138,0.0062342969876161974,5.161454702429733,0.0
3,0.3354102,0.0559017,0.0701,0.00108033979058772,0.0030842295181037847,2.8548698705487103,0.0
4,0.44721362,0.1118034,0.0701,0.00108033979058772,0.0029241999028503155,2.7067409053400784,0.0
5,0.559017,0.1677051,0.0701,0.0012078565728149138,0.002029978176405857,1.6806450551285126,0.0
6,0.6708204,0.1677051,0.0701,0.00108033979058772,0.0033162623510007883,3.069647512655898,0.0
7,0.7826238,0.22360681,0.0701,0.00108033979058772,0.0014755659526780084,1.3658350507253647,0.0
