Tile Number, Tile x cohordinate [m], Tile y cohordinate [m], area_m2[m2], Tile z cohordinate [m],absorbedPARTile [umol^s-1],absorbedPARTilem2 [umol m^-2 m^-1],Thermal time[dd]
1,0.1118034,0.0,0.0701,0.00108033979058772,0.009452499978499243,8.749561999708398,0.0
2,0.22360681,0.0559017,0.0701,0.0012078565728149138,0.006341015006254136,5.249807923366579,0.0
3,0.3354102,0.0559017,0.0701,0.00108033979058772,0.011410612185667648,10.562058608856864,0.0
4,0.44721362,0.1118034,0.0701,0.00108033979058772,0.0208951059644822,19.341235180382434,0.0
5,0.559017,0.1677051,0.0701,0.0012078565728149138,0.0019921365062673547,1.6493154494533022,0.0
6,0.6708204,0.1677051,0.0701,0.00108033979058772,0.010683381984253042,9.888909098165433,0.0
7,0.7826238,0.22360681,0.0701,0.00108033979058772,0.022460185043028633,20.789926686686215,0.0
