Tile Number, Tile x cohordinate [m], Tile y cohordinate [m], area_m2[m2], Tile z cohordinate [m],absorbedPARTile [umol^s-1],absorbedPARTilem2 [umol m^-2 m^-1],Thermal time[dd]
1,0.14142136,0.0,0.0701,0.004042135611804359,0.09297184012824894,23.000673173047616,0.0
2,0.28284273,0.07071068,0.0701,0.005716443181545683,0.18032478523508708,31.544927415219863,0.0
3,0.4242641,0.07071068,0.0701,0.004042135611804359,0.1297795482500732,32.10667842787719,0.0
4,0.56568545,0.14142136,0.0701,0.004042135611804359,0.07337624591779882,18.15284121183766,0.0
5,0.70710677,0.21213204,0.0701,0.005716443181545683,0.06838535771519344,11.96292091837123,0.0
6,0.8485281,0.21213204,0.0701,0.004042135611804359,0.03668101719470183,9.074662682662414,0.0
7,0.9899494,0.28284273,0.0701,0.004042135611804359,0.09682808705254048,23.954685431575022,0.0
