Tile Number, Tile x cohordinate [m], Tile y cohordinate [m], area_m2[m2], Tile z cohordinate [m],absorbedPARTile [umol^s-1],absorbedPARTilem2 [umol m^-2 m^-1],Thermal time[dd]
1,0.1118034,0.0,0.0701,0.00108033979058772,0.017843435705454786,16.516503289902623,0.0
2,0.22360681,0.0559017,0.0701,0.0012078565728149138,0.008030748906194906,6.648760363558083,0.0
3,0.3354102,0.0559017,0.0701,0.00108033979058772,0.0030834853289989127,2.8541810232884726,0.0
4,0.44721362,0.1118034,0.0701,0.00108033979058772,0.004374598774045306,4.049280432099481,0.0
5,0.559017,0.1677051,0.0701,0.0012078565728149138,0.006564821775782873,5.435100427928735,0.0
6,0.6708204,0.1677051,0.0701,0.00108033979058772,0.005229048492751892,4.840188742753997,0.0
7,0.7826238,0.22360681,0.0701,0.00108033979058772,0.002143416193589447,1.9840204093782372,0.0
