Tile Number, Tile x cohordinate [m], Tile y cohordinate [m], area_m2[m2], Tile z cohordinate [m],absorbedPARTile [umol^s-1],absorbedPARTilem2 [umol m^-2 m^-1],Thermal time[dd]
1,0.14142136,0.0,0.0701,0.004042135611804359,0.19575128550071721,48.42768880120186,0.0
2,0.28284273,0.07071068,0.0701,0.005716443181545683,0.5031805191858928,88.02335704311795,0.0
3,0.4242641,0.07071068,0.0701,0.004042135611804359,0.2535679989619573,62.73119541597163,0.0
4,0.56568545,0.14142136,0.0701,0.004042135611804359,0.3644887930669149,90.17233167598046,0.0
5,0.70710677,0.21213204,0.0701,0.005716443181545683,0.17247890342121122,30.172416298656227,0.0
6,0.8485281,0.21213204,0.0701,0.004042135611804359,0.23997791074199679,59.36908945884515,0.0
7,0.9899494,0.28284273,0.0701,0.004042135611804359,0.0793195157651961,19.623170369038867,0.0
