Tile Number, Tile x cohordinate [m], Tile y cohordinate [m], area_m2[m2], Tile z cohordinate [m],absorbedPARTile [umol^s-1],absorbedPARTilem2 [umol m^-2 m^-1],Thermal time[dd]
1,0.14142136,0.0,0.0701,0.004042135611804359,0.014663720938453377,3.627716223975888,0.0
2,0.28284273,0.07071068,0.0701,0.005716443181545683,0.019519369244385663,3.4146004122633076,0.0
3,0.4242641,0.07071068,0.0701,0.004042135611804359,0.10183363219126225,25.193027144827774,0.0
4,0.56568545,0.14142136,0.0701,0.004042135611804359,0.08075753710291864,19.978928185160385,0.0
5,0.70710677,0.21213204,0.0701,0.005716443181545683,0.07400770257124425,12.946459926368608,0.0
6,0.8485281,0.21213204,0.0701,0.004042135611804359,0.07613621486106843,18.83564090198403,0.0
7,0.9899494,0.28284273,0.0701,0.004042135611804359,0.12022569572723392,29.743112867399976,0.0
