Tile Number, Tile x cohordinate [m], Tile y cohordinate [m], area_m2[m2], Tile z cohordinate [m],absorbedPARTile [umol^s-1],absorbedPARTilem2 [umol m^-2 m^-1],Thermal time[dd]
1,0.1118034,0.0,0.0701,0.00108033979058772,0.005743676933005536,5.316546685632023,0.0
2,0.22360681,0.0559017,0.0701,0.0012078565728149138,0.0180999704241991,14.985198434626271,0.0
3,0.3354102,0.0559017,0.0701,0.00108033979058772,0.0061577717245675625,5.699847194573523,0.0
4,0.44721362,0.1118034,0.0701,0.00108033979058772,0.01536736470810678,14.22456605041523,0.0
5,0.559017,0.1677051,0.0701,0.0012078565728149138,0.0019217054779331153,1.591004694749952,0.0
6,0.6708204,0.1677051,0.0701,0.00108033979058772,8.652433174087295E-4,0.8008992401714882,0.0
7,0.7826238,0.22360681,0.0701,0.00108033979058772,0.0014650972239757237,1.3561448321538636,0.0
