Tile Number, Tile x cohordinate [m], Tile y cohordinate [m], area_m2[m2], Tile z cohordinate [m],absorbedPARTile [umol^s-1],absorbedPARTilem2 [umol m^-2 m^-1],Thermal time[dd]
1,0.1118034,0.0,0.0701,0.00108033979058772,0.01442978743942261,13.356711994818413,0.0
2,0.22360681,0.0559017,0.0701,0.0012078565728149138,0.016054080881355636,13.2913801544678,0.0
3,0.3354102,0.0559017,0.0701,0.00108033979058772,0.012267077006623765,11.3548321680814,0.0
4,0.44721362,0.1118034,0.0701,0.00108033979058772,0.01748760390396826,16.187133026410848,0.0
5,0.559017,0.1677051,0.0701,0.0012078565728149138,0.02368823584332228,19.611795288009045,0.0
6,0.6708204,0.1677051,0.0701,0.00108033979058772,0.02542349792014852,23.532871918304316,0.0
7,0.7826238,0.22360681,0.0701,0.00108033979058772,0.017794280415541527,16.471003447777473,0.0
