Tile Number, Tile x cohordinate [m], Tile y cohordinate [m], area_m2[m2], Tile z cohordinate [m],absorbedPARTile [umol^s-1],absorbedPARTilem2 [umol m^-2 m^-1],Thermal time[dd]
1,0.1118034,0.0,0.0701,0.00108033979058772,0.0019460675688375536,1.8013476739377208,0.0
2,0.22360681,0.0559017,0.0701,0.0012078565728149138,0.001412730020750133,1.1696173639704266,0.0
3,0.3354102,0.0559017,0.0701,0.00108033979058772,6.563379436584561E-4,0.6075291768170449,0.0
4,0.44721362,0.1118034,0.0701,0.00108033979058772,0.00404077309167872,3.740279796119037,0.0
5,0.559017,0.1677051,0.0701,0.0012078565728149138,0.018606952895924674,15.40493574709877,0.0
6,0.6708204,0.1677051,0.0701,0.00108033979058772,0.011540567764306366,10.682350002148988,0.0
7,0.7826238,0.22360681,0.0701,0.00108033979058772,0.036338817195400275,33.6364702216804,0.0
