Tile Number, Tile x cohordinate [m], Tile y cohordinate [m], area_m2[m2], Tile z cohordinate [m],absorbedPARTile [umol^s-1],absorbedPARTilem2 [umol m^-2 m^-1],Thermal time[dd]
1,0.14142136,0.0,0.0701,0.004042135611804359,0.0740667092936044,18.32365769156912,0.0
2,0.28284273,0.07071068,0.0701,0.005716443181545683,0.12995000888023378,22.732668681068965,0.0
3,0.4242641,0.07071068,0.0701,0.004042135611804359,0.0431614548733439,10.677883925343405,0.0
4,0.56568545,0.14142136,0.0701,0.004042135611804359,0.12095070918740383,29.922476829868884,0.0
5,0.70710677,0.21213204,0.0701,0.005716443181545683,0.0529858039089029,9.269016104272017,0.0
6,0.8485281,0.21213204,0.0701,0.004042135611804359,0.15021558870439417,37.16243172686128,0.0
7,0.9899494,0.28284273,0.0701,0.004042135611804359,0.07537108178540368,18.646351588327576,0.0
