Tile Number, Tile x cohordinate [m], Tile y cohordinate [m], area_m2[m2], Tile z cohordinate [m],absorbedPARTile [umol^s-1],absorbedPARTilem2 [umol m^-2 m^-1],Thermal time[dd]
1,0.14142136,0.0,0.0701,0.004042135611804359,0.03864683329588374,9.560993743758209,0.0
2,0.28284273,0.07071068,0.0701,0.005716443181545683,0.08031585398840904,14.04996978675335,0.0
3,0.4242641,0.07071068,0.0701,0.004042135611804359,0.03878013265560071,9.593971202339185,0.0
4,0.56568545,0.14142136,0.0701,0.004042135611804359,0.06761693305145886,16.728021903568816,0.0
5,0.70710677,0.21213204,0.0701,0.005716443181545683,0.12087627546455265,21.14536463071581,0.0
6,0.8485281,0.21213204,0.0701,0.004042135611804359,0.12276573316047193,30.371502826861075,0.0
7,0.9899494,0.28284273,0.0701,0.004042135611804359,0.10210489448862473,25.260135803075237,0.0
