Tile Number, Tile x cohordinate [m], Tile y cohordinate [m], area_m2[m2], Tile z cohordinate [m],absorbedPARTile [umol^s-1],absorbedPARTilem2 [umol m^-2 m^-1],Thermal time[dd]
1,0.14142136,0.0,0.0701,0.004042135611804359,0.0689222698078859,17.050954353587326,0.0
2,0.28284273,0.07071068,0.0701,0.005716443181545683,0.1359830031700611,23.78804421760951,0.0
3,0.4242641,0.07071068,0.0701,0.004042135611804359,0.15541158074676995,38.44788885680066,0.0
4,0.56568545,0.14142136,0.0701,0.004042135611804359,0.08740330913901327,21.62305215187907,0.0
5,0.70710677,0.21213204,0.0701,0.005716443181545683,0.17230433052600225,30.14187757209763,0.0
6,0.8485281,0.21213204,0.0701,0.004042135611804359,0.16181025223344167,40.03088163615856,0.0
7,0.9899494,0.28284273,0.0701,0.004042135611804359,0.1839298669300397,45.50314106060773,0.0
