Tile Number, Tile x cohordinate [m], Tile y cohordinate [m], area_m2[m2], Tile z cohordinate [m],absorbedPARTile [umol^s-1],absorbedPARTilem2 [umol m^-2 m^-1],Thermal time[dd]
1,0.14142136,0.0,0.0701,0.004042135611804359,0.05613239144389629,13.886815494257869,0.0
2,0.28284273,0.07071068,0.0701,0.005716443181545683,0.0800492938418579,14.003339366737688,0.0
3,0.4242641,0.07071068,0.0701,0.004042135611804359,0.07731338827798843,19.12686651388143,0.0
4,0.56568545,0.14142136,0.0701,0.004042135611804359,0.06236286662764072,15.428197521508366,0.0
5,0.70710677,0.21213204,0.0701,0.005716443181545683,0.12801266547340392,22.39376154155883,0.0
6,0.8485281,0.21213204,0.0701,0.004042135611804359,0.1007719683270645,24.93037790042901,0.0
7,0.9899494,0.28284273,0.0701,0.004042135611804359,0.11701518697868347,28.948852343538604,0.0
