Tile Number, Tile x cohordinate [m], Tile y cohordinate [m], area_m2[m2], Tile z cohordinate [m],absorbedPARTile [umol^s-1],absorbedPARTilem2 [umol m^-2 m^-1],Thermal time[dd]
1,0.14142136,0.0,0.0701,0.004042135611804359,0.06585286069431603,16.29160102941725,0.0
2,0.28284273,0.07071068,0.0701,0.005716443181545683,0.10740004125218391,18.78791371510558,0.0
3,0.4242641,0.07071068,0.0701,0.004042135611804359,0.07556735112631323,18.69490744091609,0.0
4,0.56568545,0.14142136,0.0701,0.004042135611804359,0.10509489554765225,25.999844052916174,0.0
5,0.70710677,0.21213204,0.0701,0.005716443181545683,0.10334076920072237,18.077809210863144,0.0
6,0.8485281,0.21213204,0.0701,0.004042135611804359,0.1310464336102168,32.42009823409148,0.0
7,0.9899494,0.28284273,0.0701,0.004042135611804359,0.10662863692076602,26.379282429163307,0.0
