Tile Number, Tile x cohordinate [m], Tile y cohordinate [m], area_m2[m2], Tile z cohordinate [m],absorbedPARTile [umol^s-1],absorbedPARTilem2 [umol m^-2 m^-1],Thermal time[dd]
1,0.14142136,0.0,0.0701,0.004042135611804359,0.17109635288009645,42.328206995440496,0.0
2,0.28284273,0.07071068,0.0701,0.005716443181545683,0.19249410681304935,33.673754938118776,0.0
3,0.4242641,0.07071068,0.0701,0.004042135611804359,0.0741301274072692,18.339346950850672,0.0
4,0.56568545,0.14142136,0.0701,0.004042135611804359,0.09643047147371768,23.856317732663182,0.0
5,0.70710677,0.21213204,0.0701,0.005716443181545683,0.2473975237551371,43.27822666965487,0.0
6,0.8485281,0.21213204,0.0701,0.004042135611804359,0.16578554701423645,41.01434561722481,0.0
7,0.9899494,0.28284273,0.0701,0.004042135611804359,0.2964500412932078,73.33995436161929,0.0
