Tile Number, Tile x cohordinate [m], Tile y cohordinate [m], area_m2[m2], Tile z cohordinate [m],absorbedPARTile [umol^s-1],absorbedPARTilem2 [umol m^-2 m^-1],Thermal time[dd]
1,0.1118034,0.0,0.0701,0.00108033979058772,0.0036098450316995705,3.341397829784428,0.0
2,0.22360681,0.0559017,0.0701,0.0012078565728149138,0.0036532296676739582,3.0245558536475023,0.0
3,0.3354102,0.0559017,0.0701,0.00108033979058772,0.0017042631946409918,1.5775251541127158,0.0
4,0.44721362,0.1118034,0.0701,0.00108033979058772,0.0064884262394714785,6.005912487905017,0.0
5,0.559017,0.1677051,0.0701,0.0012078565728149138,0.007040661196141299,5.8290540074083586,0.0
6,0.6708204,0.1677051,0.0701,0.00108033979058772,0.00888029789951816,8.219911898910206,0.0
7,0.7826238,0.22360681,0.0701,0.00108033979058772,0.0015230977636428698,1.409832144398091,0.0
