Tile Number, Tile x cohordinate [m], Tile y cohordinate [m], area_m2[m2], Tile z cohordinate [m],absorbedPARTile [umol^s-1],absorbedPARTilem2 [umol m^-2 m^-1],Thermal time[dd]
1,0.14142136,0.0,0.0701,0.004042135611804359,0.10038337813957453,24.83424302896276,0.0
2,0.28284273,0.07071068,0.0701,0.005716443181545683,0.03465745428335846,6.062765461439843,0.0
3,0.4242641,0.07071068,0.0701,0.004042135611804359,0.05292055938218118,13.09222759069137,0.0
4,0.56568545,0.14142136,0.0701,0.004042135611804359,0.06294208088507877,15.571491639535123,0.0
5,0.70710677,0.21213204,0.0701,0.005716443181545683,0.12088667793804168,21.147184376519043,0.0
6,0.8485281,0.21213204,0.0701,0.004042135611804359,0.00910855574369926,2.2534018198447607,0.0
7,0.9899494,0.28284273,0.0701,0.004042135611804359,0.07549287173441172,18.676481688033377,0.0
