Tile Number, Tile x cohordinate [m], Tile y cohordinate [m], area_m2[m2], Tile z cohordinate [m],absorbedPARTile [umol^s-1],absorbedPARTilem2 [umol m^-2 m^-1],Thermal time[dd]
1,0.14142136,0.0,0.0701,0.004042135611804359,0.05035946527042329,12.458628335812673,0.0
2,0.28284273,0.07071068,0.0701,0.005716443181545683,0.06956819833937644,12.16983990393931,0.0
3,0.4242641,0.07071068,0.0701,0.004042135611804359,0.04120007054512203,10.192649258180337,0.0
4,0.56568545,0.14142136,0.0701,0.004042135611804359,0.11106300054414243,27.476317276392734,0.0
5,0.70710677,0.21213204,0.0701,0.005716443181545683,0.044181105476592666,7.728775406921202,0.0
6,0.8485281,0.21213204,0.0701,0.004042135611804359,0.011550613793122031,2.8575522699907587,0.0
7,0.9899494,0.28284273,0.0701,0.004042135611804359,0.01215233890762642,3.0064154384473425,0.0
