Tile Number, Tile x cohordinate [m], Tile y cohordinate [m], area_m2[m2], Tile z cohordinate [m],absorbedPARTile [umol^s-1],absorbedPARTilem2 [umol m^-2 m^-1],Thermal time[dd]
1,0.1118034,0.0,0.0701,0.00108033979058772,0.003842913541324574,3.557134130210992,0.0
2,0.22360681,0.0559017,0.0701,0.0012078565728149138,0.0062096809731141435,5.14107478725099,0.0
3,0.3354102,0.0559017,0.0701,0.00108033979058772,0.002711473301156055,2.5098337807968507,0.0
4,0.44721362,0.1118034,0.0701,0.00108033979058772,0.009197082041084671,8.513138293352437,0.0
5,0.559017,0.1677051,0.0701,0.0012078565728149138,0.0012284567941689046,1.0170551883540129,0.0
6,0.6708204,0.1677051,0.0701,0.00108033979058772,0.001576551279008472,1.4593105731584746,0.0
7,0.7826238,0.22360681,0.0701,0.00108033979058772,9.142125189268162E-4,0.8462268324204478,0.0
