Tile Number, Tile x cohordinate [m], Tile y cohordinate [m], area_m2[m2], Tile z cohordinate [m],absorbedPARTile [umol^s-1],absorbedPARTilem2 [umol m^-2 m^-1],Thermal time[dd]
1,0.1118034,0.0,0.0701,0.00108033979058772,0.001303785325610717,1.2068289411995459,0.0
2,0.22360681,0.0559017,0.0701,0.0012078565728149138,0.0010719804111892382,0.8875063772604923,0.0
3,0.3354102,0.0559017,0.0701,0.00108033979058772,0.002694185524480484,2.493831614787427,0.0
4,0.44721362,0.1118034,0.0701,0.00108033979058772,0.005994649796369766,5.548855877194519,0.0
5,0.559017,0.1677051,0.0701,0.0012078565728149138,0.0018425384741147675,1.5254613135239439,0.0
6,0.6708204,0.1677051,0.0701,0.00108033979058772,0.0031339507791594647,2.9008935952035535,0.0
7,0.7826238,0.22360681,0.0701,0.00108033979058772,0.0036310570783636958,3.361032436274841,0.0
