Tile Number, Tile x cohordinate [m], Tile y cohordinate [m], area_m2[m2], Tile z cohordinate [m],absorbedPARTile [umol^s-1],absorbedPARTilem2 [umol m^-2 m^-1],Thermal time[dd]
1,0.1118034,0.0,0.0701,0.00108033979058772,0.005659642485406928,5.238761484780639,0.0
2,0.22360681,0.0559017,0.0701,0.0012078565728149138,0.0027731806264685134,2.295951927475633,0.0
3,0.3354102,0.0559017,0.0701,0.00108033979058772,0.005282591295090972,4.889749818635458,0.0
4,0.44721362,0.1118034,0.0701,0.00108033979058772,0.0023797200843519387,2.202751490859499,0.0
5,0.559017,0.1677051,0.0701,0.0012078565728149138,0.002090257069962691,1.7305507268063622,0.0
6,0.6708204,0.1677051,0.0701,0.00108033979058772,0.00409731151678734,3.792613724389754,0.0
7,0.7826238,0.22360681,0.0701,0.00108033979058772,0.011928014316658152,11.040983976133237,0.0
