Tile Number, Tile x cohordinate [m], Tile y cohordinate [m], area_m2[m2], Tile z cohordinate [m],absorbedPARTile [umol^s-1],absorbedPARTilem2 [umol m^-2 m^-1],Thermal time[dd]
1,0.1118034,0.0,0.0701,0.00108033979058772,0.009333876229607543,8.639759741266017,0.0
2,0.22360681,0.0559017,0.0701,0.0012078565728149138,0.0031839333922293192,2.636019428042811,0.0
3,0.3354102,0.0559017,0.0701,0.00108033979058772,0.0057647714458461344,5.336072498736734,0.0
4,0.44721362,0.1118034,0.0701,0.00108033979058772,0.006890317843602186,6.377917303086427,0.0
5,0.559017,0.1677051,0.0701,0.0012078565728149138,0.01417750838657758,11.737741637268115,0.0
6,0.6708204,0.1677051,0.0701,0.00108033979058772,0.006180891454979534,5.721247619341173,0.0
7,0.7826238,0.22360681,0.0701,0.00108033979058772,0.0024617439299747723,2.2786756087504183,0.0
