Tile Number, Tile x cohordinate [m], Tile y cohordinate [m], area_m2[m2], Tile z cohordinate [m],absorbedPARTile [umol^s-1],absorbedPARTilem2 [umol m^-2 m^-1],Thermal time[dd]
1,0.1118034,0.0,0.0701,0.00108033979058772,0.014273606636917787,13.212145624251002,0.0
2,0.22360681,0.0559017,0.0701,0.0012078565728149138,0.003212650849840944,2.659794980751606,0.0
3,0.3354102,0.0559017,0.0701,0.00108033979058772,0.0013525080584461697,1.2519283934829304,0.0
4,0.44721362,0.1118034,0.0701,0.00108033979058772,0.0015261645915520148,1.4126709067355188,0.0
5,0.559017,0.1677051,0.0701,0.0012078565728149138,4.6219115266663105E-4,0.3826540030241281,0.0
6,0.6708204,0.1677051,0.0701,0.00108033979058772,8.754941688932906E-4,0.8103877840295132,0.0
7,0.7826238,0.22360681,0.0701,0.00108033979058772,0.0023840818068788334,2.2067888525904054,0.0
