Tile Number, Tile x cohordinate [m], Tile y cohordinate [m], area_m2[m2], Tile z cohordinate [m],absorbedPARTile [umol^s-1],absorbedPARTilem2 [umol m^-2 m^-1],Thermal time[dd]
1,0.14142136,0.0,0.0701,0.004042135611804359,0.041009282865545754,10.145449535583422,0.0
2,0.28284273,0.07071068,0.0701,0.005716443181545683,0.04775297168617963,8.353616080772028,0.0
3,0.4242641,0.07071068,0.0701,0.004042135611804359,0.08775761041187286,21.71070415242673,0.0
4,0.56568545,0.14142136,0.0701,0.004042135611804359,0.0874019762190056,21.622722395498858,0.0
5,0.70710677,0.21213204,0.0701,0.005716443181545683,0.0895637246864319,15.66773636018447,0.0
6,0.8485281,0.21213204,0.0701,0.004042135611804359,0.04547889605597496,11.251204913353646,0.0
7,0.9899494,0.28284273,0.0701,0.004042135611804359,0.11282248546361924,27.911603246101055,0.0
