Tile Number, Tile x cohordinate [m], Tile y cohordinate [m], area_m2[m2], Tile z cohordinate [m],absorbedPARTile [umol^s-1],absorbedPARTilem2 [umol m^-2 m^-1],Thermal time[dd]
1,0.14142136,0.0,0.0701,0.004042135611804359,0.027557495090830542,6.8175582754704305,0.0
2,0.28284273,0.07071068,0.0701,0.005716443181545683,0.08671648861974239,15.169658101332674,0.0
3,0.4242641,0.07071068,0.0701,0.004042135611804359,0.181299774161644,44.85247195373389,0.0
4,0.56568545,0.14142136,0.0701,0.004042135611804359,0.0281958908091197,6.975493530394791,0.0
5,0.70710677,0.21213204,0.0701,0.005716443181545683,0.09894134122660637,17.308199886603855,0.0
6,0.8485281,0.21213204,0.0701,0.004042135611804359,0.033227403672016716,8.220259502175487,0.0
7,0.9899494,0.28284273,0.0701,0.004042135611804359,0.017669552437733712,4.3713408293707,0.0
