Tile Number, Tile x cohordinate [m], Tile y cohordinate [m], area_m2[m2], Tile z cohordinate [m],absorbedPARTile [umol^s-1],absorbedPARTilem2 [umol m^-2 m^-1],Thermal time[dd]
1,0.1118034,0.0,0.0701,0.00108033979058772,0.002674780720985992,2.475869855289579,0.0
2,0.22360681,0.0559017,0.0701,0.0012078565728149138,0.0034763325999755887,2.8781004948907003,0.0
3,0.3354102,0.0559017,0.0701,0.00108033979058772,0.004972658285730698,4.602865069910553,0.0
4,0.44721362,0.1118034,0.0701,0.00108033979058772,0.002290667946576115,2.120321741856754,0.0
5,0.559017,0.1677051,0.0701,0.0012078565728149138,8.431878626574237E-4,0.6980860821019267,0.0
6,0.6708204,0.1677051,0.0701,0.00108033979058772,0.004188940980125158,3.8774291353707477,0.0
7,0.7826238,0.22360681,0.0701,0.00108033979058772,0.00531852467623472,4.923011003178332,0.0
