Tile Number, Tile x cohordinate [m], Tile y cohordinate [m], area_m2[m2], Tile z cohordinate [m],absorbedPARTile [umol^s-1],absorbedPARTilem2 [umol m^-2 m^-1],Thermal time[dd]
1,0.14142136,0.0,0.0701,0.004042135611804359,0.14882217971611023,36.81771073724017,0.0
2,0.28284273,0.07071068,0.0701,0.005716443181545683,0.2266575501037598,39.65010110403534,0.0
3,0.4242641,0.07071068,0.0701,0.004042135611804359,0.14997935912841798,37.10398995284303,0.0
4,0.56568545,0.14142136,0.0701,0.004042135611804359,0.19894347057785036,49.21741615913882,0.0
5,0.70710677,0.21213204,0.0701,0.005716443181545683,0.22297568074645993,39.006017144767455,0.0
6,0.8485281,0.21213204,0.0701,0.004042135611804359,0.226874659671936,56.12742407983239,0.0
7,0.9899494,0.28284273,0.0701,0.004042135611804359,0.182726601006279,45.20546031970266,0.0
