Tile Number, Tile x cohordinate [m], Tile y cohordinate [m], area_m2[m2], Tile z cohordinate [m],absorbedPARTile [umol^s-1],absorbedPARTilem2 [umol m^-2 m^-1],Thermal time[dd]
1,0.14142136,0.0,0.0701,0.004042135611804359,0.048652186992383634,12.036257974696177,0.0
2,0.28284273,0.07071068,0.0701,0.005716443181545683,0.05638636229175863,9.863889222898246,0.0
3,0.4242641,0.07071068,0.0701,0.004042135611804359,0.06536850358826413,16.171773999211382,0.0
4,0.56568545,0.14142136,0.0701,0.004042135611804359,0.04177058695331216,10.333791580700154,0.0
5,0.70710677,0.21213204,0.0701,0.005716443181545683,0.11856258670716682,20.74062191152723,0.0
6,0.8485281,0.21213204,0.0701,0.004042135611804359,0.21650658687581223,53.56242532871537,0.0
7,0.9899494,0.28284273,0.0701,0.004042135611804359,0.13312181447459956,32.933534957570515,0.0
