Tile Number, Tile x cohordinate [m], Tile y cohordinate [m], area_m2[m2], Tile z cohordinate [m],absorbedPARTile [umol^s-1],absorbedPARTilem2 [umol m^-2 m^-1],Thermal time[dd]
1,0.14142136,0.0,0.0701,0.004042135611804359,0.10026764867272774,24.8056122560345,0.0
2,0.28284273,0.07071068,0.0701,0.005716443181545683,0.039794965175235425,6.961490547777153,0.0
3,0.4242641,0.07071068,0.0701,0.004042135611804359,0.1127074217967001,27.883137188064033,0.0
4,0.56568545,0.14142136,0.0701,0.004042135611804359,0.05336367773180687,13.201852400985128,0.0
5,0.70710677,0.21213204,0.0701,0.005716443181545683,0.08639256278300068,15.11299247439398,0.0
6,0.8485281,0.21213204,0.0701,0.004042135611804359,0.01703044658443524,4.213229891322983,0.0
7,0.9899494,0.28284273,0.0701,0.004042135611804359,0.04701587176035596,11.631443443672255,0.0
