Tile Number, Tile x cohordinate [m], Tile y cohordinate [m], area_m2[m2], Tile z cohordinate [m],absorbedPARTile [umol^s-1],absorbedPARTilem2 [umol m^-2 m^-1],Thermal time[dd]
1,0.14142136,0.0,0.0701,0.004042135611804359,0.06446724622435034,15.948808356672862,0.0
2,0.28284273,0.07071068,0.0701,0.005716443181545683,0.12829093090526583,22.442439613399067,0.0
3,0.4242641,0.07071068,0.0701,0.004042135611804359,0.13869230632794619,34.31164108470761,0.0
4,0.56568545,0.14142136,0.0701,0.004042135611804359,0.017615454217893994,4.357957255677197,0.0
5,0.70710677,0.21213204,0.0701,0.005716443181545683,0.04751253727455377,8.31155593882886,0.0
6,0.8485281,0.21213204,0.0701,0.004042135611804359,0.05782166954735994,14.304732720619699,0.0
7,0.9899494,0.28284273,0.0701,0.004042135611804359,0.10506660686634064,25.992845603574445,0.0
