Tile Number, Tile x cohordinate [m], Tile y cohordinate [m], area_m2[m2], Tile z cohordinate [m],absorbedPARTile [umol^s-1],absorbedPARTilem2 [umol m^-2 m^-1],Thermal time[dd]
1,0.1118034,0.0,0.0701,0.00108033979058772,0.007420700830107109,6.86885820068716,0.0
2,0.22360681,0.0559017,0.0701,0.0012078565728149138,0.011196476718764043,9.26970715792076,0.0
3,0.3354102,0.0559017,0.0701,0.00108033979058772,0.010595073952562269,9.807168119576898,0.0
4,0.44721362,0.1118034,0.0701,0.00108033979058772,0.006457906711799214,5.977662554006294,0.0
5,0.559017,0.1677051,0.0701,0.0012078565728149138,0.0032040730367417754,2.65269329890276,0.0
6,0.6708204,0.1677051,0.0701,0.00108033979058772,0.004443994704587856,4.113515713579577,0.0
7,0.7826238,0.22360681,0.0701,0.00108033979058772,0.0030933064775070826,2.863271819160045,0.0
