Tile Number, Tile x cohordinate [m], Tile y cohordinate [m], area_m2[m2], Tile z cohordinate [m],absorbedPARTile [umol^s-1],absorbedPARTilem2 [umol m^-2 m^-1],Thermal time[dd]
1,0.14142136,0.0,0.0701,0.004042135611804359,0.1983717850297928,49.07598459845885,0.0
2,0.28284273,0.07071068,0.0701,0.005716443181545683,0.19777205895690916,34.59704796775975,0.0
3,0.4242641,0.07071068,0.0701,0.004042135611804359,0.07899606103091718,19.54314961631243,0.0
4,0.56568545,0.14142136,0.0701,0.004042135611804359,0.11703958861829758,28.95488916218042,0.0
5,0.70710677,0.21213204,0.0701,0.005716443181545683,0.11798747110572813,20.640014666222086,0.0
6,0.8485281,0.21213204,0.0701,0.004042135611804359,0.20032194667175296,49.55844284064772,0.0
7,0.9899494,0.28284273,0.0701,0.004042135611804359,0.059935039396299426,14.827567690027392,0.0
