Tile Number, Tile x cohordinate [m], Tile y cohordinate [m], area_m2[m2], Tile z cohordinate [m],absorbedPARTile [umol^s-1],absorbedPARTilem2 [umol m^-2 m^-1],Thermal time[dd]
1,0.14142136,0.0,0.0701,0.004042135611804359,0.17297642402954103,42.79332527201542,0.0
2,0.28284273,0.07071068,0.0701,0.005716443181545683,0.04595322164121628,8.038778691891219,0.0
3,0.4242641,0.07071068,0.0701,0.004042135611804359,0.04390967156830729,10.862988228320859,0.0
4,0.56568545,0.14142136,0.0701,0.004042135611804359,0.07326991214095593,18.12653487601549,0.0
5,0.70710677,0.21213204,0.0701,0.005716443181545683,0.2740940839990234,47.94836147132148,0.0
6,0.8485281,0.21213204,0.0701,0.004042135611804359,0.03197406164798379,7.910190235728129,0.0
7,0.9899494,0.28284273,0.0701,0.004042135611804359,0.08394995498626112,20.768713137951078,0.0
