Tile Number, Tile x cohordinate [m], Tile y cohordinate [m], area_m2[m2], Tile z cohordinate [m],absorbedPARTile [umol^s-1],absorbedPARTilem2 [umol m^-2 m^-1],Thermal time[dd]
1,0.14142136,0.0,0.0701,0.004042135611804359,0.1215039381755829,30.059342348819673,0.0
2,0.28284273,0.07071068,0.0701,0.005716443181545683,0.049518015637476744,8.662382195511903,0.0
3,0.4242641,0.07071068,0.0701,0.004042135611804359,0.08456685603091815,20.921330740105613,0.0
4,0.56568545,0.14142136,0.0701,0.004042135611804359,0.10169669650957686,25.159150082097494,0.0
5,0.70710677,0.21213204,0.0701,0.005716443181545683,0.2532852269744873,44.30818586497363,0.0
6,0.8485281,0.21213204,0.0701,0.004042135611804359,0.09127412917632362,22.580669710776966,0.0
7,0.9899494,0.28284273,0.0701,0.004042135611804359,0.19320908449107405,47.7987635859718,0.0
