Tile Number, Tile x cohordinate [m], Tile y cohordinate [m], area_m2[m2], Tile z cohordinate [m],absorbedPARTile [umol^s-1],absorbedPARTilem2 [umol m^-2 m^-1],Thermal time[dd]
1,0.14142136,0.0,0.0701,0.004042135611804359,0.02870521242558609,7.101496630087688,0.0
2,0.28284273,0.07071068,0.0701,0.005716443181545683,0.3088572620422363,54.02962160794601,0.0
3,0.4242641,0.07071068,0.0701,0.004042135611804359,0.17668683228613535,43.711257922706,0.0
4,0.56568545,0.14142136,0.0701,0.004042135611804359,0.07086386266853612,17.531292730899587,0.0
5,0.70710677,0.21213204,0.0701,0.005716443181545683,0.36460676263885494,63.782102097316404,0.0
6,0.8485281,0.21213204,0.0701,0.004042135611804359,0.21272734067980453,52.6274625865028,0.0
7,0.9899494,0.28284273,0.0701,0.004042135611804359,0.11199552453860592,27.707018094974924,0.0
