Tile Number, Tile x cohordinate [m], Tile y cohordinate [m], area_m2[m2], Tile z cohordinate [m],absorbedPARTile [umol^s-1],absorbedPARTilem2 [umol m^-2 m^-1],Thermal time[dd]
1,0.1118034,0.0,0.0701,0.00108033979058772,0.01367958417581866,12.66229782055586,0.0
2,0.22360681,0.0559017,0.0701,0.0012078565728149138,0.036840636385901765,30.50083694957634,0.0
3,0.3354102,0.0559017,0.0701,0.00108033979058772,0.012193438983453096,11.286670258456088,0.0
4,0.44721362,0.1118034,0.0701,0.00108033979058772,0.021182224394705813,19.607001962949443,0.0
5,0.559017,0.1677051,0.0701,0.0012078565728149138,0.004619975341335716,3.8249370374901783,0.0
6,0.6708204,0.1677051,0.0701,0.00108033979058772,0.01134887988464526,10.504917048803055,0.0
7,0.7826238,0.22360681,0.0701,0.00108033979058772,0.02215786444990585,20.51008825459596,0.0
