Tile Number, Tile x cohordinate [m], Tile y cohordinate [m], area_m2[m2], Tile z cohordinate [m],absorbedPARTile [umol^s-1],absorbedPARTilem2 [umol m^-2 m^-1],Thermal time[dd]
1,0.14142136,0.0,0.0701,0.004042135611804359,0.08852988967225074,21.901761389131646,0.0
2,0.28284273,0.07071068,0.0701,0.005716443181545683,0.04400910852567196,7.698687300478378,0.0
3,0.4242641,0.07071068,0.0701,0.004042135611804359,0.0331499293953678,8.201092832847852,0.0
4,0.56568545,0.14142136,0.0701,0.004042135611804359,0.03396407124741554,8.402506622546094,0.0
5,0.70710677,0.21213204,0.0701,0.005716443181545683,0.15459530619335174,27.043967950635757,0.0
6,0.8485281,0.21213204,0.0701,0.004042135611804359,0.11003132335878371,27.22108655569502,0.0
7,0.9899494,0.28284273,0.0701,0.004042135611804359,0.0554447665221405,13.716701230959107,0.0
