Tile Number, Tile x cohordinate [m], Tile y cohordinate [m], area_m2[m2], Tile z cohordinate [m],absorbedPARTile [umol^s-1],absorbedPARTilem2 [umol m^-2 m^-1],Thermal time[dd]
1,0.14142136,0.0,0.0701,0.004042135611804359,0.1165694543063243,28.838580765549608,0.0
2,0.28284273,0.07071068,0.0701,0.005716443181545683,0.11846954409979188,20.724345600468055,0.0
3,0.4242641,0.07071068,0.0701,0.004042135611804359,0.04626803904226564,11.446434134260072,0.0
4,0.56568545,0.14142136,0.0701,0.004042135611804359,0.11878407524603209,29.3864646448634,0.0
5,0.70710677,0.21213204,0.0701,0.005716443181545683,0.13256780072085064,23.190609354575148,0.0
6,0.8485281,0.21213204,0.0701,0.004042135611804359,0.07981735241177779,19.746332156369267,0.0
7,0.9899494,0.28284273,0.0701,0.004042135611804359,0.12332046760390501,30.50874078637265,0.0
