Tile Number, Tile x cohordinate [m], Tile y cohordinate [m], area_m2[m2], Tile z cohordinate [m],absorbedPARTile [umol^s-1],absorbedPARTilem2 [umol m^-2 m^-1],Thermal time[dd]
1,0.14142136,0.0,0.0701,0.004042135611804359,0.020631997050075533,5.104231780305279,0.0
2,0.28284273,0.07071068,0.0701,0.005716443181545683,0.07470748775550842,13.06887611455417,0.0
3,0.4242641,0.07071068,0.0701,0.004042135611804359,0.13907800480066773,34.407060563360226,0.0
4,0.56568545,0.14142136,0.0701,0.004042135611804359,0.0931196332388878,23.037236298294395,0.0
5,0.70710677,0.21213204,0.0701,0.005716443181545683,0.0890067035695064,15.570294454573704,0.0
6,0.8485281,0.21213204,0.0701,0.004042135611804359,0.08312447986271856,20.564495565158147,0.0
7,0.9899494,0.28284273,0.0701,0.004042135611804359,0.12566128280620575,31.087844366040976,0.0
