Tile Number, Tile x cohordinate [m], Tile y cohordinate [m], area_m2[m2], Tile z cohordinate [m],absorbedPARTile [umol^s-1],absorbedPARTilem2 [umol m^-2 m^-1],Thermal time[dd]
1,0.1118034,0.0,0.0701,0.00108033979058772,0.0025857054713549973,2.3934187131516627,0.0
2,0.22360681,0.0559017,0.0701,0.0012078565728149138,0.003205707414914642,2.654046421624159,0.0
3,0.3354102,0.0559017,0.0701,0.00108033979058772,0.0029973675924958106,2.7744674579330275,0.0
4,0.44721362,0.1118034,0.0701,0.00108033979058772,0.001227171413815281,1.1359124457941912,0.0
5,0.559017,0.1677051,0.0701,0.0012078565728149138,0.010345179662442626,8.564907370030824,0.0
6,0.6708204,0.1677051,0.0701,0.00108033979058772,0.0012080995364271941,1.1182588542535965,0.0
7,0.7826238,0.22360681,0.0701,0.00108033979058772,0.00215867155693337,1.998141303079305,0.0
