Tile Number, Tile x cohordinate [m], Tile y cohordinate [m], area_m2[m2], Tile z cohordinate [m],absorbedPARTile [umol^s-1],absorbedPARTilem2 [umol m^-2 m^-1],Thermal time[dd]
1,0.14142136,0.0,0.0701,0.004042135611804359,0.03635831269234519,8.994827532794055,0.0
2,0.28284273,0.07071068,0.0701,0.005716443181545683,0.056849176687761536,9.94485117446579,0.0
3,0.4242641,0.07071068,0.0701,0.004042135611804359,0.3259279578929138,80.63261334951194,0.0
4,0.56568545,0.14142136,0.0701,0.004042135611804359,0.030038173803992797,7.431263245169582,0.0
5,0.70710677,0.21213204,0.0701,0.005716443181545683,0.08222216989514829,14.383449163036381,0.0
6,0.8485281,0.21213204,0.0701,0.004042135611804359,0.15234922380195617,37.69028019669765,0.0
7,0.9899494,0.28284273,0.0701,0.004042135611804359,0.027063978198732137,6.695465169376421,0.0
