Tile Number, Tile x cohordinate [m], Tile y cohordinate [m], area_m2[m2], Tile z cohordinate [m],absorbedPARTile [umol^s-1],absorbedPARTilem2 [umol m^-2 m^-1],Thermal time[dd]
1,0.1118034,0.0,0.0701,0.00108033979058772,0.009221102041109782,8.535372038915066,0.0
2,0.22360681,0.0559017,0.0701,0.0012078565728149138,0.0028199047593772198,2.33463543838274,0.0
3,0.3354102,0.0559017,0.0701,0.00108033979058772,0.0024481408173515685,2.2660840956526704,0.0
4,0.44721362,0.1118034,0.0701,0.00108033979058772,0.0018432218764526346,1.7061501321263899,0.0
5,0.559017,0.1677051,0.0701,0.0012078565728149138,0.003986825380021258,3.3007440367939944,0.0
6,0.6708204,0.1677051,0.0701,0.00108033979058772,0.0016997956913386298,1.5733898780252435,0.0
7,0.7826238,0.22360681,0.0701,0.00108033979058772,0.004638578511647066,4.293629237819348,0.0
