Tile Number, Tile x cohordinate [m], Tile y cohordinate [m], area_m2[m2], Tile z cohordinate [m],absorbedPARTile [umol^s-1],absorbedPARTilem2 [umol m^-2 m^-1],Thermal time[dd]
1,0.14142136,0.0,0.0701,0.004042135611804359,0.06693550473090958,16.559440642079398,0.0
2,0.28284273,0.07071068,0.0701,0.005716443181545683,0.2718584714800517,47.55727693711516,0.0
3,0.4242641,0.07071068,0.0701,0.004042135611804359,0.40818824471639,100.98331276277487,0.0
4,0.56568545,0.14142136,0.0701,0.004042135611804359,0.05134691214871108,12.702916744990269,0.0
5,0.70710677,0.21213204,0.0701,0.005716443181545683,0.21484408184795376,37.58352440929213,0.0
6,0.8485281,0.21213204,0.0701,0.004042135611804359,0.12776152915299732,31.60743266007499,0.0
7,0.9899494,0.28284273,0.0701,0.004042135611804359,0.1039298701520602,25.711623788314018,0.0
