Tile Number, Tile x cohordinate [m], Tile y cohordinate [m], area_m2[m2], Tile z cohordinate [m],absorbedPARTile [umol^s-1],absorbedPARTilem2 [umol m^-2 m^-1],Thermal time[dd]
1,0.14142136,0.0,0.0701,0.004042135611804359,0.32435815387176514,80.24425329138714,0.0
2,0.28284273,0.07071068,0.0701,0.005716443181545683,0.40061982810546876,70.0820099810988,0.0
3,0.4242641,0.07071068,0.0701,0.004042135611804359,0.2859703487258911,70.74734155152144,0.0
4,0.56568545,0.14142136,0.0701,0.004042135611804359,0.22958384020080566,56.797659022212336,0.0
5,0.70710677,0.21213204,0.0701,0.005716443181545683,0.3379546774145509,59.11974748661291,0.0
6,0.8485281,0.21213204,0.0701,0.004042135611804359,0.24130283485717774,59.696867703422534,0.0
7,0.9899494,0.28284273,0.0701,0.004042135611804359,0.19056080385147095,47.14359490932739,0.0
