Tile Number, Tile x cohordinate [m], Tile y cohordinate [m], area_m2[m2], Tile z cohordinate [m],absorbedPARTile [umol^s-1],absorbedPARTilem2 [umol m^-2 m^-1],Thermal time[dd]
1,0.1118034,0.0,0.0701,0.00108033979058772,0.0011590052700778401,1.0728154976568298,0.0
2,0.22360681,0.0559017,0.0701,0.0012078565728149138,0.0012574009948766696,1.0410184645899574,0.0
3,0.3354102,0.0559017,0.0701,0.00108033979058772,0.0074214497720805905,6.869551447367516,0.0
4,0.44721362,0.1118034,0.0701,0.00108033979058772,0.0050403017396421935,4.665478198206695,0.0
5,0.559017,0.1677051,0.0701,0.0012078565728149138,0.0064971407958036975,5.379066473647685,0.0
6,0.6708204,0.1677051,0.0701,0.00108033979058772,0.003741259608487938,3.4630397223938596,0.0
7,0.7826238,0.22360681,0.0701,0.00108033979058772,0.0017098114514679159,1.5826608131667117,0.0
