Tile Number, Tile x cohordinate [m], Tile y cohordinate [m], area_m2[m2], Tile z cohordinate [m],absorbedPARTile [umol^s-1],absorbedPARTilem2 [umol m^-2 m^-1],Thermal time[dd]
1,0.1118034,0.0,0.0701,0.00108033979058772,0.002546606617836747,2.357227457531077,0.0
2,0.22360681,0.0559017,0.0701,0.0012078565728149138,0.018117750840143422,14.999919069794805,0.0
3,0.3354102,0.0559017,0.0701,0.00108033979058772,0.0180741987602029,16.730105581291497,0.0
4,0.44721362,0.1118034,0.0701,0.00108033979058772,0.007090788985180068,6.563480348458313,0.0
5,0.559017,0.1677051,0.0701,0.0012078565728149138,0.016804106921351456,13.912336364730317,0.0
6,0.6708204,0.1677051,0.0701,0.00108033979058772,0.013461431270544078,12.460367921115699,0.0
7,0.7826238,0.22360681,0.0701,0.00108033979058772,0.00933634549790011,8.642045381685893,0.0
