Tile Number, Tile x cohordinate [m], Tile y cohordinate [m], area_m2[m2], Tile z cohordinate [m],absorbedPARTile [umol^s-1],absorbedPARTilem2 [umol m^-2 m^-1],Thermal time[dd]
1,0.1118034,0.0,0.0701,0.00108033979058772,0.005325825042229782,4.929768475279856,0.0
2,0.22360681,0.0559017,0.0701,0.0012078565728149138,0.006741201313232533,5.581127316732765,0.0
3,0.3354102,0.0559017,0.0701,0.00108033979058772,0.009285738874043468,8.595202134498718,0.0
4,0.44721362,0.1118034,0.0701,0.00108033979058772,0.01330241813491767,12.31317984472364,0.0
5,0.559017,0.1677051,0.0701,0.0012078565728149138,0.00518293385849777,4.291017638310255,0.0
6,0.6708204,0.1677051,0.0701,0.00108033979058772,0.00652851375418465,6.0430188826360345,0.0
7,0.7826238,0.22360681,0.0701,0.00108033979058772,0.01443530659970992,13.361820721105637,0.0
