Tile Number, Tile x cohordinate [m], Tile y cohordinate [m], area_m2[m2], Tile z cohordinate [m],absorbedPARTile [umol^s-1],absorbedPARTilem2 [umol m^-2 m^-1],Thermal time[dd]
1,0.14142136,0.0,0.0701,0.004042135611804359,0.11632532784458798,28.778185349566186,0.0
2,0.28284273,0.07071068,0.0701,0.005716443181545683,0.23211057639490765,40.6040205462423,0.0
3,0.4242641,0.07071068,0.0701,0.004042135611804359,0.11050714473929404,27.338801898822247,0.0
4,0.56568545,0.14142136,0.0701,0.004042135611804359,0.12354275940748478,30.56373443946301,0.0
5,0.70710677,0.21213204,0.0701,0.005716443181545683,0.20138343393046065,35.228800065849356,0.0
6,0.8485281,0.21213204,0.0701,0.004042135611804359,0.09547831089673041,23.620758941857982,0.0
7,0.9899494,0.28284273,0.0701,0.004042135611804359,0.13194449596301414,32.64227345012696,0.0
