Tile Number, Tile x cohordinate [m], Tile y cohordinate [m], area_m2[m2], Tile z cohordinate [m],absorbedPARTile [umol^s-1],absorbedPARTilem2 [umol m^-2 m^-1],Thermal time[dd]
1,0.1118034,0.0,0.0701,0.00108033979058772,0.013826089395641823,12.797908136032126,0.0
2,0.22360681,0.0559017,0.0701,0.0012078565728149138,0.00798147298456167,6.607964193928109,0.0
3,0.3354102,0.0559017,0.0701,0.00108033979058772,0.0065843421664293555,6.094695598361125,0.0
4,0.44721362,0.1118034,0.0701,0.00108033979058772,0.007043723169892087,6.519914596555037,0.0
5,0.559017,0.1677051,0.0701,0.0012078565728149138,0.00740822796586336,6.1333672661137735,0.0
6,0.6708204,0.1677051,0.0701,0.00108033979058772,0.00512376277147837,4.742732625529762,0.0
7,0.7826238,0.22360681,0.0701,0.00108033979058772,0.006578164706877979,6.088977527430852,0.0
