Tile Number, Tile x cohordinate [m], Tile y cohordinate [m], area_m2[m2], Tile z cohordinate [m],absorbedPARTile [umol^s-1],absorbedPARTilem2 [umol m^-2 m^-1],Thermal time[dd]
1,0.1118034,0.0,0.0701,0.00108033979058772,0.00410124956460226,3.796258918104945,0.0
2,0.22360681,0.0559017,0.0701,0.0012078565728149138,0.0029456548938232904,2.4387455929129334,0.0
3,0.3354102,0.0559017,0.0701,0.00108033979058772,0.00453495841259698,4.197714878325365,0.0
4,0.44721362,0.1118034,0.0701,0.00108033979058772,0.006906933979445583,6.393297775034386,0.0
5,0.559017,0.1677051,0.0701,0.0012078565728149138,0.002855940519472072,2.364469907893363,0.0
6,0.6708204,0.1677051,0.0701,0.00108033979058772,0.01574053687023376,14.569987153459087,0.0
7,0.7826238,0.22360681,0.0701,0.00108033979058772,0.003156846795934082,2.9220869428651826,0.0
