Tile Number, Tile x cohordinate [m], Tile y cohordinate [m], area_m2[m2], Tile z cohordinate [m],absorbedPARTile [umol^s-1],absorbedPARTilem2 [umol m^-2 m^-1],Thermal time[dd]
1,0.14142136,0.0,0.0701,0.004042135611804359,0.1569527286747742,38.82915957010963,0.0
2,0.28284273,0.07071068,0.0701,0.005716443181545683,0.2964005721069336,51.85052360247358,0.0
3,0.4242641,0.07071068,0.0701,0.004042135611804359,0.23611587377136226,58.41364477773249,0.0
4,0.56568545,0.14142136,0.0701,0.004042135611804359,0.21640418650794985,53.5370920945796,0.0
5,0.70710677,0.21213204,0.0701,0.005716443181545683,0.2480975254666138,43.400680735801544,0.0
6,0.8485281,0.21213204,0.0701,0.004042135611804359,0.18225787658042908,45.089500720405425,0.0
7,0.9899494,0.28284273,0.0701,0.004042135611804359,0.19564307701339725,48.40091867330116,0.0
