Tile Number, Tile x cohordinate [m], Tile y cohordinate [m], area_m2[m2], Tile z cohordinate [m],absorbedPARTile [umol^s-1],absorbedPARTilem2 [umol m^-2 m^-1],Thermal time[dd]
1,0.14142136,0.0,0.0701,0.004042135611804359,0.07907584150036016,19.562886823844508,0.0
2,0.28284273,0.07071068,0.0701,0.005716443181545683,0.2522212237237295,44.122055570843756,0.0
3,0.4242641,0.07071068,0.0701,0.004042135611804359,0.0987774154798647,24.436937541482354,0.0
4,0.56568545,0.14142136,0.0701,0.004042135611804359,0.27829954198353496,68.84963017341852,0.0
5,0.70710677,0.21213204,0.0701,0.005716443181545683,0.07873704467191471,13.773782432772263,0.0
6,0.8485281,0.21213204,0.0701,0.004042135611804359,0.059281092545066284,14.665785178494776,0.0
7,0.9899494,0.28284273,0.0701,0.004042135611804359,0.051736358490333104,12.799263423831205,0.0
