Tile Number, Tile x cohordinate [m], Tile y cohordinate [m], area_m2[m2], Tile z cohordinate [m],absorbedPARTile [umol^s-1],absorbedPARTilem2 [umol m^-2 m^-1],Thermal time[dd]
1,0.1118034,0.0,0.0701,0.00108033979058772,9.90076736711607E-4,0.9164493850337507,0.0
2,0.22360681,0.0559017,0.0701,0.0012078565728149138,0.002874217760227263,2.3796018707162303,0.0
3,0.3354102,0.0559017,0.0701,0.00108033979058772,0.0010112914438960687,0.9360864541941124,0.0
4,0.44721362,0.1118034,0.0701,0.00108033979058772,0.0017663461373234564,1.6349912802550202,0.0
5,0.559017,0.1677051,0.0701,0.0012078565728149138,3.169726119420987E-4,0.2624257044057748,0.0
6,0.6708204,0.1677051,0.0701,0.00108033979058772,9.561549465988522E-4,0.8850501989551738,0.0
7,0.7826238,0.22360681,0.0701,0.00108033979058772,0.0016600198983963265,1.5365720237826772,0.0
