Tile Number, Tile x cohordinate [m], Tile y cohordinate [m], area_m2[m2], Tile z cohordinate [m],absorbedPARTile [umol^s-1],absorbedPARTilem2 [umol m^-2 m^-1],Thermal time[dd]
1,0.14142136,0.0,0.0701,0.004042135611804359,0.10122524532463073,25.042515899026217,0.0
2,0.28284273,0.07071068,0.0701,0.005716443181545683,0.20912753382308957,36.583506068636034,0.0
3,0.4242641,0.07071068,0.0701,0.004042135611804359,0.012949424223949613,3.2036095439581627,0.0
4,0.56568545,0.14142136,0.0701,0.004042135611804359,0.07334656907232522,18.14549933904474,0.0
5,0.70710677,0.21213204,0.0701,0.005716443181545683,0.11361570291511534,19.875243977216357,0.0
6,0.8485281,0.21213204,0.0701,0.004042135611804359,0.11045095841897964,27.3249017416503,0.0
7,0.9899494,0.28284273,0.0701,0.004042135611804359,0.08599840126302243,21.27548640671009,0.0
