Tile Number, Tile x cohordinate [m], Tile y cohordinate [m], area_m2[m2], Tile z cohordinate [m],absorbedPARTile [umol^s-1],absorbedPARTilem2 [umol m^-2 m^-1],Thermal time[dd]
1,0.1118034,0.0,0.0701,0.00108033979058772,0.00839280878519928,7.7686750579032875,0.0
2,0.22360681,0.0559017,0.0701,0.0012078565728149138,0.0037111615580074715,3.0725184111542294,0.0
3,0.3354102,0.0559017,0.0701,0.00108033979058772,0.003029262355201342,2.8039903571017977,0.0
4,0.44721362,0.1118034,0.0701,0.00108033979058772,0.0036670202709225513,3.394321215298051,0.0
5,0.559017,0.1677051,0.0701,0.0012078565728149138,0.0077167267739711425,6.388777399279523,0.0
6,0.6708204,0.1677051,0.0701,0.00108033979058772,0.0014597260557749482,1.3511730924775407,0.0
7,0.7826238,0.22360681,0.0701,0.00108033979058772,0.0021745307839327863,2.012821153935107,0.0
