Tile Number, Tile x cohordinate [m], Tile y cohordinate [m], area_m2[m2], Tile z cohordinate [m],absorbedPARTile [umol^s-1],absorbedPARTilem2 [umol m^-2 m^-1],Thermal time[dd]
1,0.14142136,0.0,0.0701,0.004042135611804359,0.08901567391118527,22.02194148341544,0.0
2,0.28284273,0.07071068,0.0701,0.005716443181545683,0.06665990498962879,11.661080653233126,0.0
3,0.4242641,0.07071068,0.0701,0.004042135611804359,0.16096990119514465,39.82298385166985,0.0
4,0.56568545,0.14142136,0.0701,0.004042135611804359,0.12537566565696714,31.01718440391489,0.0
5,0.70710677,0.21213204,0.0701,0.005716443181545683,0.1926789337096405,33.70608743766812,0.0
6,0.8485281,0.21213204,0.0701,0.004042135611804359,0.08228519007946013,20.356860328772846,0.0
7,0.9899494,0.28284273,0.0701,0.004042135611804359,0.17446348976776124,43.1612163773701,0.0
