Tile Number, Tile x cohordinate [m], Tile y cohordinate [m], area_m2[m2], Tile z cohordinate [m],absorbedPARTile [umol^s-1],absorbedPARTilem2 [umol m^-2 m^-1],Thermal time[dd]
1,0.14142136,0.0,0.0701,0.004042135611804359,0.12836163595031738,31.75589546660913,0.0
2,0.28284273,0.07071068,0.0701,0.005716443181545683,0.0805112329136467,14.084148194380736,0.0
3,0.4242641,0.07071068,0.0701,0.004042135611804359,0.10549991745248316,26.100044032265732,0.0
4,0.56568545,0.14142136,0.0701,0.004042135611804359,0.03269153347614647,8.087688443870238,0.0
5,0.70710677,0.21213204,0.0701,0.005716443181545683,0.14114341569122318,24.690775576476398,0.0
6,0.8485281,0.21213204,0.0701,0.004042135611804359,0.07765051223985192,19.210268951167052,0.0
7,0.9899494,0.28284273,0.0701,0.004042135611804359,0.11892421949443815,29.421135487671542,0.0
