Tile Number, Tile x cohordinate [m], Tile y cohordinate [m], area_m2[m2], Tile z cohordinate [m],absorbedPARTile [umol^s-1],absorbedPARTilem2 [umol m^-2 m^-1],Thermal time[dd]
1,0.1118034,0.0,0.0701,0.00108033979058772,0.006583537868135016,6.093951111949213,0.0
2,0.22360681,0.0559017,0.0701,0.0012078565728149138,0.011008096436766313,9.113744698273162,0.0
3,0.3354102,0.0559017,0.0701,0.00108033979058772,0.004441113176366959,4.110848471063842,0.0
4,0.44721362,0.1118034,0.0701,0.00108033979058772,0.007165901865089312,6.633007436661166,0.0
5,0.559017,0.1677051,0.0701,0.0012078565728149138,0.005087058247775142,4.211640986412597,0.0
6,0.6708204,0.1677051,0.0701,0.00108033979058772,0.004061766352597093,3.7597118869309027,0.0
7,0.7826238,0.22360681,0.0701,0.00108033979058772,0.0013454839782291372,1.2454266610851898,0.0
