Tile Number, Tile x cohordinate [m], Tile y cohordinate [m], area_m2[m2], Tile z cohordinate [m],absorbedPARTile [umol^s-1],absorbedPARTilem2 [umol m^-2 m^-1],Thermal time[dd]
1,0.14142136,0.0,0.0701,0.004042135611804359,0.013152702725719436,3.2538994207193936,0.0
2,0.28284273,0.07071068,0.0701,0.005716443181545683,0.08481661728927614,14.837306100249275,0.0
3,0.4242641,0.07071068,0.0701,0.004042135611804359,0.05062682439351067,12.524771372257716,0.0
4,0.56568545,0.14142136,0.0701,0.004042135611804359,0.09153976511123182,22.646386440847195,0.0
5,0.70710677,0.21213204,0.0701,0.005716443181545683,0.06467853351089119,11.314471509083136,0.0
6,0.8485281,0.21213204,0.0701,0.004042135611804359,0.14633842945871356,36.203245886000815,0.0
7,0.9899494,0.28284273,0.0701,0.004042135611804359,0.03356834345107027,8.304605949646943,0.0
