Tile Number, Tile x cohordinate [m], Tile y cohordinate [m], area_m2[m2], Tile z cohordinate [m],absorbedPARTile [umol^s-1],absorbedPARTilem2 [umol m^-2 m^-1],Thermal time[dd]
1,0.14142136,0.0,0.0701,0.004042135611804359,0.025650818001071215,6.345857849539344,0.0
2,0.28284273,0.07071068,0.0701,0.005716443181545683,0.07842530260599137,13.719248161019204,0.0
3,0.4242641,0.07071068,0.0701,0.004042135611804359,0.044461627904744026,10.999538900897218,0.0
4,0.56568545,0.14142136,0.0701,0.004042135611804359,0.022224137582199575,5.498117756687286,0.0
5,0.70710677,0.21213204,0.0701,0.005716443181545683,0.3172100603311157,55.49080962707033,0.0
6,0.8485281,0.21213204,0.0701,0.004042135611804359,0.07902862642079353,19.551206097589617,0.0
7,0.9899494,0.28284273,0.0701,0.004042135611804359,0.18755604311367038,46.40023520387226,0.0
