Tile Number, Tile x cohordinate [m], Tile y cohordinate [m], area_m2[m2], Tile z cohordinate [m],absorbedPARTile [umol^s-1],absorbedPARTilem2 [umol m^-2 m^-1],Thermal time[dd]
1,0.1118034,0.0,0.0701,0.00108033979058772,0.0012495324708678248,1.156610616172956,0.0
2,0.22360681,0.0559017,0.0701,0.0012078565728149138,0.003047763180854545,2.5232823577320302,0.0
3,0.3354102,0.0559017,0.0701,0.00108033979058772,0.002434714485677483,2.2536562171360592,0.0
4,0.44721362,0.1118034,0.0701,0.00108033979058772,0.006131177454222787,5.675230615070968,0.0
5,0.559017,0.1677051,0.0701,0.0012078565728149138,0.0019436533829848145,1.6091756477800372,0.0
6,0.6708204,0.1677051,0.0701,0.00108033979058772,0.0038965772762199293,3.60680714546313,0.0
7,0.7826238,0.22360681,0.0701,0.00108033979058772,4.358593301276086E-4,0.40344652110841445,0.0
