Tile Number, Tile x cohordinate [m], Tile y cohordinate [m], area_m2[m2], Tile z cohordinate [m],absorbedPARTile [umol^s-1],absorbedPARTilem2 [umol m^-2 m^-1],Thermal time[dd]
1,0.1118034,0.0,0.0701,0.00108033979058772,0.012291686943020524,11.377611979221532,0.0
2,0.22360681,0.0559017,0.0701,0.0012078565728149138,0.0030002590194618747,2.4839530512052113,0.0
3,0.3354102,0.0559017,0.0701,0.00108033979058772,0.009139563175290608,8.45989683516013,0.0
4,0.44721362,0.1118034,0.0701,0.00108033979058772,0.0011751006324398892,1.0877139235986282,0.0
5,0.559017,0.1677051,0.0701,0.0012078565728149138,0.0010131606662639428,0.838808753511825,0.0
6,0.6708204,0.1677051,0.0701,0.00108033979058772,0.00497388397245546,4.603999608076639,0.0
7,0.7826238,0.22360681,0.0701,0.00108033979058772,0.0040084526509286,3.710362874580363,0.0
