Tile Number, Tile x cohordinate [m], Tile y cohordinate [m], area_m2[m2], Tile z cohordinate [m],absorbedPARTile [umol^s-1],absorbedPARTilem2 [umol m^-2 m^-1],Thermal time[dd]
1,0.14142136,0.0,0.0701,0.004042135611804359,0.1467474915779114,36.30444539004596,0.0
2,0.28284273,0.07071068,0.0701,0.005716443181545683,0.25649688467651366,44.87001384087209,0.0
3,0.4242641,0.07071068,0.0701,0.004042135611804359,0.14267253677253725,35.296326119263966,0.0
4,0.56568545,0.14142136,0.0701,0.004042135611804359,0.174445122721405,43.15667248074709,0.0
5,0.70710677,0.21213204,0.0701,0.005716443181545683,0.15736236770477294,27.52802095764439,0.0
6,0.8485281,0.21213204,0.0701,0.004042135611804359,0.13783867591049195,34.10045806181215,0.0
7,0.9899494,0.28284273,0.0701,0.004042135611804359,0.0898933719734788,22.239078696657458,0.0
