Tile Number, Tile x cohordinate [m], Tile y cohordinate [m], area_m2[m2], Tile z cohordinate [m],absorbedPARTile [umol^s-1],absorbedPARTilem2 [umol m^-2 m^-1],Thermal time[dd]
1,0.1118034,0.0,0.0701,0.00108033979058772,6.51818564835568E-4,0.6033458829475953,0.0
2,0.22360681,0.0559017,0.0701,0.0012078565728149138,5.825342041358135E-4,0.48228756397642114,0.0
3,0.3354102,0.0559017,0.0701,0.00108033979058772,4.4504434850098097E-4,0.41194849285230034,0.0
4,0.44721362,0.1118034,0.0701,0.00108033979058772,0.0016714001527840438,1.5471059821602784,0.0
5,0.559017,0.1677051,0.0701,0.0012078565728149138,0.004118275580558172,3.409573349392401,0.0
6,0.6708204,0.1677051,0.0701,0.00108033979058772,8.078146468433575E-4,0.7477412698128013,0.0
7,0.7826238,0.22360681,0.0701,0.00108033979058772,8.926356541709694E-4,0.8262545376444601,0.0
