Tile Number, Tile x cohordinate [m], Tile y cohordinate [m], area_m2[m2], Tile z cohordinate [m],absorbedPARTile [umol^s-1],absorbedPARTilem2 [umol m^-2 m^-1],Thermal time[dd]
1,0.1118034,0.0,0.0701,0.00108033979058772,0.0013904228307030156,1.2870236223981033,0.0
2,0.22360681,0.0559017,0.0701,0.0012078565728149138,0.0019049395966527557,1.5771240058853078,0.0
3,0.3354102,0.0559017,0.0701,0.00108033979058772,0.0027698106919623877,2.56383289414488,0.0
4,0.44721362,0.1118034,0.0701,0.00108033979058772,0.0013586879519817284,1.257648717393426,0.0
5,0.559017,0.1677051,0.0701,0.0012078565728149138,0.004317976539966064,3.5749083435486098,0.0
6,0.6708204,0.1677051,0.0701,0.00108033979058772,0.004699674103435027,4.350181437710758,0.0
7,0.7826238,0.22360681,0.0701,0.00108033979058772,0.0015268375493542338,1.4132938198301601,0.0
