Tile Number, Tile x cohordinate [m], Tile y cohordinate [m], area_m2[m2], Tile z cohordinate [m],absorbedPARTile [umol^s-1],absorbedPARTilem2 [umol m^-2 m^-1],Thermal time[dd]
1,0.14142136,0.0,0.0701,0.004042135611804359,0.16424701772171021,40.63372273855809,0.0
2,0.28284273,0.07071068,0.0701,0.005716443181545683,0.1071362628730011,18.7417699206506,0.0
3,0.4242641,0.07071068,0.0701,0.004042135611804359,0.053480946966629035,13.230864103234726,0.0
4,0.56568545,0.14142136,0.0701,0.004042135611804359,0.03674280255682885,9.089948009049433,0.0
5,0.70710677,0.21213204,0.0701,0.005716443181545683,0.11350665476551057,19.85616775339298,0.0
6,0.8485281,0.21213204,0.0701,0.004042135611804359,0.1795967241217041,44.431147633251804,0.0
7,0.9899494,0.28284273,0.0701,0.004042135611804359,0.038985794694534545,9.64485075183605,0.0
