Tile Number, Tile x cohordinate [m], Tile y cohordinate [m], area_m2[m2], Tile z cohordinate [m],absorbedPARTile [umol^s-1],absorbedPARTilem2 [umol m^-2 m^-1],Thermal time[dd]
1,0.14142136,0.0,0.0701,0.004042135611804359,0.1084046945239862,26.8186683809937,0.0
2,0.28284273,0.07071068,0.0701,0.005716443181545683,0.05189026343726987,9.077368879443517,0.0
3,0.4242641,0.07071068,0.0701,0.004042135611804359,0.2554808776580811,63.20443008195798,0.0
4,0.56568545,0.14142136,0.0701,0.004042135611804359,0.054112261712498236,13.387047568239105,0.0
5,0.70710677,0.21213204,0.0701,0.005716443181545683,0.278170889628156,48.66153319360741,0.0
6,0.8485281,0.21213204,0.0701,0.004042135611804359,0.25875239517889026,64.01378380855124,0.0
7,0.9899494,0.28284273,0.0701,0.004042135611804359,0.08719276521972219,21.570964854590915,0.0
