Tile Number, Tile x cohordinate [m], Tile y cohordinate [m], area_m2[m2], Tile z cohordinate [m],absorbedPARTile [umol^s-1],absorbedPARTilem2 [umol m^-2 m^-1],Thermal time[dd]
1,0.14142136,0.0,0.0701,0.004042135611804359,0.03390876008218237,8.388822973469194,0.0
2,0.28284273,0.07071068,0.0701,0.005716443181545683,0.0592124855635357,10.358274137087651,0.0
3,0.4242641,0.07071068,0.0701,0.004042135611804359,0.061288298411746024,15.162355818237302,0.0
4,0.56568545,0.14142136,0.0701,0.004042135611804359,0.16924237379859924,41.86954373929368,0.0
5,0.70710677,0.21213204,0.0701,0.005716443181545683,0.16086893355884554,28.141438382205315,0.0
6,0.8485281,0.21213204,0.0701,0.004042135611804359,0.07794906080443147,19.28412806754793,0.0
7,0.9899494,0.28284273,0.0701,0.004042135611804359,0.03362181541764259,8.317834592054727,0.0
