Tile Number, Tile x cohordinate [m], Tile y cohordinate [m], area_m2[m2], Tile z cohordinate [m],absorbedPARTile [umol^s-1],absorbedPARTilem2 [umol m^-2 m^-1],Thermal time[dd]
1,0.1118034,0.0,0.0701,0.00108033979058772,0.004248296348901648,3.932370524453715,0.0
2,0.22360681,0.0559017,0.0701,0.0012078565728149138,0.008753569723342023,7.2471930197323005,0.0
3,0.3354102,0.0559017,0.0701,0.00108033979058772,0.010121749872875698,9.36904292617911,0.0
4,0.44721362,0.1118034,0.0701,0.00108033979058772,0.0027615380412746976,2.5561754415917446,0.0
5,0.559017,0.1677051,0.0701,0.0012078565728149138,0.0033693341688676693,2.789515116861454,0.0
6,0.6708204,0.1677051,0.0701,0.00108033979058772,0.0010931210640064252,1.0118307902106911,0.0
7,0.7826238,0.22360681,0.0701,0.00108033979058772,0.001505948149140889,1.3939578660910308,0.0
