Tile Number, Tile x cohordinate [m], Tile y cohordinate [m], area_m2[m2], Tile z cohordinate [m],absorbedPARTile [umol^s-1],absorbedPARTilem2 [umol m^-2 m^-1],Thermal time[dd]
1,0.14142136,0.0,0.0701,0.004042135611804359,0.11605630264551163,28.71163013595814,0.0
2,0.28284273,0.07071068,0.0701,0.005716443181545683,0.16249919647743227,28.426626718170883,0.0
3,0.4242641,0.07071068,0.0701,0.004042135611804359,0.024009362074576615,5.93977154167253,0.0
4,0.56568545,0.14142136,0.0701,0.004042135611804359,0.01802711265185833,4.459799072355033,0.0
5,0.70710677,0.21213204,0.0701,0.005716443181545683,0.05255295678542495,9.193296446132965,0.0
6,0.8485281,0.21213204,0.0701,0.004042135611804359,0.0693829080565554,17.164913481362326,0.0
7,0.9899494,0.28284273,0.0701,0.004042135611804359,0.06914569925584019,17.10622945304262,0.0
