Tile Number, Tile x cohordinate [m], Tile y cohordinate [m], area_m2[m2], Tile z cohordinate [m],absorbedPARTile [umol^s-1],absorbedPARTilem2 [umol m^-2 m^-1],Thermal time[dd]
1,0.1118034,0.0,0.0701,0.00108033979058772,7.948522985153366E-4,0.7357428703824062,0.0
2,0.22360681,0.0559017,0.0701,0.0012078565728149138,0.004632233405216613,3.83508564632072,0.0
3,0.3354102,0.0559017,0.0701,0.00108033979058772,0.011069303629155784,10.246131564897677,0.0
4,0.44721362,0.1118034,0.0701,0.00108033979058772,0.0032029957576553284,2.964804023290537,0.0
5,0.559017,0.1677051,0.0701,0.0012078565728149138,0.008807407121803425,7.29176569472792,0.0
6,0.6708204,0.1677051,0.0701,0.00108033979058772,0.006450944973332863,5.971218527296361,0.0
7,0.7826238,0.22360681,0.0701,0.00108033979058772,0.007955971562592359,7.3643233655813045,0.0
