Tile Number, Tile x cohordinate [m], Tile y cohordinate [m], area_m2[m2], Tile z cohordinate [m],absorbedPARTile [umol^s-1],absorbedPARTilem2 [umol m^-2 m^-1],Thermal time[dd]
1,0.1118034,0.0,0.0701,0.00108033979058772,0.017517325589687525,16.21464445011125,0.0
2,0.22360681,0.0559017,0.0701,0.0012078565728149138,0.016141422579946444,13.363691470692423,0.0
3,0.3354102,0.0559017,0.0701,0.00108033979058772,0.018200462825846076,16.84697998205247,0.0
4,0.44721362,0.1118034,0.0701,0.00108033979058772,0.02238786240612596,20.722982344236947,0.0
5,0.559017,0.1677051,0.0701,0.0012078565728149138,0.028848758790532805,23.884258644468588,0.0
6,0.6708204,0.1677051,0.0701,0.00108033979058772,0.015972448195498586,14.784652323885387,0.0
7,0.7826238,0.22360681,0.0701,0.00108033979058772,0.025764142159195542,23.848184046964974,0.0
