Tile Number, Tile x cohordinate [m], Tile y cohordinate [m], area_m2[m2], Tile z cohordinate [m],absorbedPARTile [umol^s-1],absorbedPARTilem2 [umol m^-2 m^-1],Thermal time[dd]
1,0.1118034,0.0,0.0701,0.00108033979058772,0.0018710910402770346,1.7319467972748972,0.0
2,0.22360681,0.0559017,0.0701,0.0012078565728149138,0.0021432733244285663,1.7744435661211502,0.0
3,0.3354102,0.0559017,0.0701,0.00108033979058772,0.003014791452870998,2.7905955877371778,0.0
4,0.44721362,0.1118034,0.0701,0.00108033979058772,0.001345398280397196,1.2453473361980683,0.0
5,0.559017,0.1677051,0.0701,0.0012078565728149138,0.006954319189361958,5.757570348899037,0.0
6,0.6708204,0.1677051,0.0701,0.00108033979058772,0.001729095473756097,1.6005107733886623,0.0
7,0.7826238,0.22360681,0.0701,0.00108033979058772,0.0014029752561217897,1.2986425829586001,0.0
