Tile Number, Tile x cohordinate [m], Tile y cohordinate [m], area_m2[m2], Tile z cohordinate [m],absorbedPARTile [umol^s-1],absorbedPARTilem2 [umol m^-2 m^-1],Thermal time[dd]
1,0.14142136,0.0,0.0701,0.004042135611804359,0.1733451988471508,42.88455794034373,0.0
2,0.28284273,0.07071068,0.0701,0.005716443181545683,0.18922148904749558,33.10126297736271,0.0
3,0.4242641,0.07071068,0.0701,0.004042135611804359,0.17391813497540157,43.02629888702983,0.0
4,0.56568545,0.14142136,0.0701,0.004042135611804359,0.169265204176875,41.875191837345874,0.0
5,0.70710677,0.21213204,0.0701,0.005716443181545683,0.21952302546742758,38.40203051017997,0.0
6,0.8485281,0.21213204,0.0701,0.004042135611804359,0.06329091730917122,15.657791669418764,0.0
7,0.9899494,0.28284273,0.0701,0.004042135611804359,0.05142591540314748,12.722461674211765,0.0
