Tile Number, Tile x cohordinate [m], Tile y cohordinate [m], area_m2[m2], Tile z cohordinate [m],absorbedPARTile [umol^s-1],absorbedPARTilem2 [umol m^-2 m^-1],Thermal time[dd]
1,0.1118034,0.0,0.0701,0.00108033979058772,0.01122758463355808,10.392641955222363,0.0
2,0.22360681,0.0559017,0.0701,0.0012078565728149138,0.002849860945480998,2.359436550350831,0.0
3,0.3354102,0.0559017,0.0701,0.00108033979058772,0.0017962263643112623,1.6626494552552675,0.0
4,0.44721362,0.1118034,0.0701,0.00108033979058772,0.004237397357980034,3.92228204024109,0.0
5,0.559017,0.1677051,0.0701,0.0012078565728149138,0.017909349113348606,14.827380598352674,0.0
6,0.6708204,0.1677051,0.0701,0.00108033979058772,0.00855704080479291,7.920693914400543,0.0
7,0.7826238,0.22360681,0.0701,0.00108033979058772,0.013455062330092266,12.454472608819236,0.0
