Tile Number, Tile x cohordinate [m], Tile y cohordinate [m], area_m2[m2], Tile z cohordinate [m],absorbedPARTile [umol^s-1],absorbedPARTilem2 [umol m^-2 m^-1],Thermal time[dd]
1,0.1118034,0.0,0.0701,0.00108033979058772,0.0012339061700856586,1.1421463699068202,0.0
2,0.22360681,0.0559017,0.0701,0.0012078565728149138,0.005796941086492127,4.799362123751445,0.0
3,0.3354102,0.0559017,0.0701,0.00108033979058772,4.3277824634000204E-4,0.40059456303517677,0.0
4,0.44721362,0.1118034,0.0701,0.00108033979058772,7.849253247734525E-4,0.7265541190021726,0.0
5,0.559017,0.1677051,0.0701,0.0012078565728149138,0.001343137747376057,1.1120010252921586,0.0
6,0.6708204,0.1677051,0.0701,0.00108033979058772,0.0026356066868464174,2.439609009876986,0.0
7,0.7826238,0.22360681,0.0701,0.00108033979058772,0.00241675101735659,2.2370286074919483,0.0
