Tile Number, Tile x cohordinate [m], Tile y cohordinate [m], area_m2[m2], Tile z cohordinate [m],absorbedPARTile [umol^s-1],absorbedPARTilem2 [umol m^-2 m^-1],Thermal time[dd]
1,0.14142136,0.0,0.0701,0.004042135611804359,0.10446507680725574,25.8440306906536,0.0
2,0.28284273,0.07071068,0.0701,0.005716443181545683,0.18002943348907471,31.493260366911603,0.0
3,0.4242641,0.07071068,0.0701,0.004042135611804359,0.09271822711684406,22.937930841824425,0.0
4,0.56568545,0.14142136,0.0701,0.004042135611804359,0.08736839723189473,21.614415156371894,0.0
5,0.70710677,0.21213204,0.0701,0.005716443181545683,0.08472789282576562,14.821785179163776,0.0
6,0.8485281,0.21213204,0.0701,0.004042135611804359,0.06465897706168533,15.996241410817575,0.0
7,0.9899494,0.28284273,0.0701,0.004042135611804359,0.058800917903411395,14.546992864785008,0.0
