Tile Number, Tile x cohordinate [m], Tile y cohordinate [m], area_m2[m2], Tile z cohordinate [m],absorbedPARTile [umol^s-1],absorbedPARTilem2 [umol m^-2 m^-1],Thermal time[dd]
1,0.14142136,0.0,0.0701,0.004042135611804359,0.17228501236187618,42.62227419059062,0.0
2,0.28284273,0.07071068,0.0701,0.005716443181545683,0.21008129880409246,36.750351946520716,0.0
3,0.4242641,0.07071068,0.0701,0.004042135611804359,0.17303828718852995,42.80862984487742,0.0
4,0.56568545,0.14142136,0.0701,0.004042135611804359,0.15791510388188362,39.06724539887277,0.0
5,0.70710677,0.21213204,0.0701,0.005716443181545683,0.20249733085403437,35.423658457369754,0.0
6,0.8485281,0.21213204,0.0701,0.004042135611804359,0.16811018990109766,41.58944826347757,0.0
7,0.9899494,0.28284273,0.0701,0.004042135611804359,0.07160698370527425,17.715136398729033,0.0
