Tile Number, Tile x cohordinate [m], Tile y cohordinate [m], area_m2[m2], Tile z cohordinate [m],absorbedPARTile [umol^s-1],absorbedPARTilem2 [umol m^-2 m^-1],Thermal time[dd]
1,0.1118034,0.0,0.0701,0.00108033979058772,0.003765729080544096,3.485689514865954,0.0
2,0.22360681,0.0559017,0.0701,0.0012078565728149138,0.004597154263349836,3.8060431733514126,0.0
3,0.3354102,0.0559017,0.0701,0.00108033979058772,0.0049673163496195055,4.597920388470757,0.0
4,0.44721362,0.1118034,0.0701,0.00108033979058772,0.002487913400639064,2.3028989789273657,0.0
5,0.559017,0.1677051,0.0701,0.0012078565728149138,0.0036868003107521723,3.0523494210575612,0.0
6,0.6708204,0.1677051,0.0701,0.00108033979058772,0.0028436039939371115,2.6321385352196938,0.0
7,0.7826238,0.22360681,0.0701,0.00108033979058772,0.010032931330733677,9.286829401401222,0.0
