Tile Number, Tile x cohordinate [m], Tile y cohordinate [m], area_m2[m2], Tile z cohordinate [m],absorbedPARTile [umol^s-1],absorbedPARTilem2 [umol m^-2 m^-1],Thermal time[dd]
1,0.14142136,0.0,0.0701,0.004042135611804359,0.012673861757074148,3.1354370496779778,0.0
2,0.28284273,0.07071068,0.0701,0.005716443181545683,0.09939831451649665,17.388140030392133,0.0
3,0.4242641,0.07071068,0.0701,0.004042135611804359,0.08164820691812813,20.199274531930257,0.0
4,0.56568545,0.14142136,0.0701,0.004042135611804359,0.03042311780647814,7.52649607243079,0.0
5,0.70710677,0.21213204,0.0701,0.005716443181545683,0.11436016432935714,20.005475554894787,0.0
6,0.8485281,0.21213204,0.0701,0.004042135611804359,0.3547793848300171,87.7702825689334,0.0
7,0.9899494,0.28284273,0.0701,0.004042135611804359,0.05336513573422313,13.20221310199971,0.0
