Tile Number, Tile x cohordinate [m], Tile y cohordinate [m], area_m2[m2], Tile z cohordinate [m],absorbedPARTile [umol^s-1],absorbedPARTilem2 [umol m^-2 m^-1],Thermal time[dd]
1,0.14142136,0.0,0.0701,0.004042135611804359,0.09464621824601491,23.414904232707325,0.0
2,0.28284273,0.07071068,0.0701,0.005716443181545683,0.15560668188858037,27.2208918984664,0.0
3,0.4242641,0.07071068,0.0701,0.004042135611804359,0.04804586421593999,11.886257372372746,0.0
4,0.56568545,0.14142136,0.0701,0.004042135611804359,0.1689984710052649,41.8092036575255,0.0
5,0.70710677,0.21213204,0.0701,0.005716443181545683,0.1041993774393648,18.228008943699514,0.0
6,0.8485281,0.21213204,0.0701,0.004042135611804359,0.07406507378191723,18.323253075830255,0.0
7,0.9899494,0.28284273,0.0701,0.004042135611804359,0.060965522493169645,15.082503000426398,0.0
