Tile Number, Tile x cohordinate [m], Tile y cohordinate [m], area_m2[m2], Tile z cohordinate [m],absorbedPARTile [umol^s-1],absorbedPARTilem2 [umol m^-2 m^-1],Thermal time[dd]
1,0.1118034,0.0,0.0701,0.00108033979058772,0.012280138701019067,11.366922525679167,0.0
2,0.22360681,0.0559017,0.0701,0.0012078565728149138,0.004861865038387081,4.025200630449432,0.0
3,0.3354102,0.0559017,0.0701,0.00108033979058772,0.0064155281611333595,5.938435496894197,0.0
4,0.44721362,0.1118034,0.0701,0.00108033979058772,0.007354449508957349,6.807533678784918,0.0
5,0.559017,0.1677051,0.0701,0.0012078565728149138,0.013481027758034616,11.161116362199392,0.0
6,0.6708204,0.1677051,0.0701,0.00108033979058772,0.008499592953676959,7.867518189858639,0.0
7,0.7826238,0.22360681,0.0701,0.00108033979058772,0.019367504188645634,17.927233966000124,0.0
