Tile Number, Tile x cohordinate [m], Tile y cohordinate [m], area_m2[m2], Tile z cohordinate [m],absorbedPARTile [umol^s-1],absorbedPARTilem2 [umol m^-2 m^-1],Thermal time[dd]
1,0.14142136,0.0,0.0701,0.004042135611804359,0.07588910937937399,18.77450849440898,0.0
2,0.28284273,0.07071068,0.0701,0.005716443181545683,0.07926652467288178,13.866406462112113,0.0
3,0.4242641,0.07071068,0.0701,0.004042135611804359,0.048482043736560766,11.994165558171112,0.0
4,0.56568545,0.14142136,0.0701,0.004042135611804359,0.2031449043958823,50.256825575726026,0.0
5,0.70710677,0.21213204,0.0701,0.005716443181545683,0.2052451983258804,35.904353775171025,0.0
6,0.8485281,0.21213204,0.0701,0.004042135611804359,0.19092301685290336,47.233204223862664,0.0
7,0.9899494,0.28284273,0.0701,0.004042135611804359,0.04337128522567749,10.729794690464896,0.0
