Tile Number, Tile x cohordinate [m], Tile y cohordinate [m], area_m2[m2], Tile z cohordinate [m],absorbedPARTile [umol^s-1],absorbedPARTilem2 [umol m^-2 m^-1],Thermal time[dd]
1,0.14142136,0.0,0.0701,0.004042135611804359,0.035209928550270525,8.710724214062983,0.0
2,0.28284273,0.07071068,0.0701,0.005716443181545683,0.11269485652651787,19.714156678811953,0.0
3,0.4242641,0.07071068,0.0701,0.004042135611804359,0.10816296711942354,26.758866477302806,0.0
4,0.56568545,0.14142136,0.0701,0.004042135611804359,0.13696651671756904,33.88469113148554,0.0
5,0.70710677,0.21213204,0.0701,0.005716443181545683,0.06429500233979796,11.247378885416136,0.0
6,0.8485281,0.21213204,0.0701,0.004042135611804359,0.027408614700754546,6.780726163840821,0.0
7,0.9899494,0.28284273,0.0701,0.004042135611804359,0.054886142596260096,13.578501036920827,0.0
