Tile Number, Tile x cohordinate [m], Tile y cohordinate [m], area_m2[m2], Tile z cohordinate [m],absorbedPARTile [umol^s-1],absorbedPARTilem2 [umol m^-2 m^-1],Thermal time[dd]
1,0.14142136,0.0,0.0701,0.004042135611804359,0.1204475652242279,29.798002044385047,0.0
2,0.28284273,0.07071068,0.0701,0.005716443181545683,0.17525792804809573,30.658562060737097,0.0
3,0.4242641,0.07071068,0.0701,0.004042135611804359,0.14426356718315125,35.68993745827191,0.0
4,0.56568545,0.14142136,0.0701,0.004042135611804359,0.11642672884262084,28.803271345626474,0.0
5,0.70710677,0.21213204,0.0701,0.005716443181545683,0.10164468470977785,17.781106447085143,0.0
6,0.8485281,0.21213204,0.0701,0.004042135611804359,0.10290639126329422,25.458421276805723,0.0
7,0.9899494,0.28284273,0.0701,0.004042135611804359,0.11456508402217865,28.34271163184409,0.0
