Tile Number, Tile x cohordinate [m], Tile y cohordinate [m], area_m2[m2], Tile z cohordinate [m],absorbedPARTile [umol^s-1],absorbedPARTilem2 [umol m^-2 m^-1],Thermal time[dd]
1,0.14142136,0.0,0.0701,0.004042135611804359,0.06719160360903025,16.622797961752884,0.0
2,0.28284273,0.07071068,0.0701,0.005716443181545683,0.16901846700843806,29.567068479588517,0.0
3,0.4242641,0.07071068,0.0701,0.004042135611804359,0.06985229453772188,17.28103686915657,0.0
4,0.56568545,0.14142136,0.0701,0.004042135611804359,0.05072789971579552,12.549776798099856,0.0
5,0.70710677,0.21213204,0.0701,0.005716443181545683,0.14336157090473178,25.078806235238027,0.0
6,0.8485281,0.21213204,0.0701,0.004042135611804359,0.08883912275029897,21.97826378977975,0.0
7,0.9899494,0.28284273,0.0701,0.004042135611804359,0.09085228710520744,22.476308523615344,0.0
