Tile Number, Tile x cohordinate [m], Tile y cohordinate [m], area_m2[m2], Tile z cohordinate [m],absorbedPARTile [umol^s-1],absorbedPARTilem2 [umol m^-2 m^-1],Thermal time[dd]
1,0.1118034,0.0,0.0701,0.00108033979058772,4.4131025149750754E-4,0.4084920830856638,0.0
2,0.22360681,0.0559017,0.0701,0.0012078565728149138,8.954422620348027E-4,0.7413481717849757,0.0
3,0.3354102,0.0559017,0.0701,0.00108033979058772,7.259130308132246E-4,0.6719302918744832,0.0
4,0.44721362,0.1118034,0.0701,0.00108033979058772,5.152007674553816E-4,0.47688770879679,0.0
5,0.559017,0.1677051,0.0701,0.0012078565728149138,6.077939168149558E-4,0.5032004051594388,0.0
6,0.6708204,0.1677051,0.0701,0.00108033979058772,5.548435219091982E-4,0.5135824179977261,0.0
7,0.7826238,0.22360681,0.0701,0.00108033979058772,0.001152505520420288,1.0667991038202056,0.0
