Tile Number, Tile x cohordinate [m], Tile y cohordinate [m], area_m2[m2], Tile z cohordinate [m],absorbedPARTile [umol^s-1],absorbedPARTilem2 [umol m^-2 m^-1],Thermal time[dd]
1,0.14142136,0.0,0.0701,0.004042135611804359,0.25337651064849853,62.68382236077289,0.0
2,0.28284273,0.07071068,0.0701,0.005716443181545683,0.4320599551428223,75.58195567090314,0.0
3,0.4242641,0.07071068,0.0701,0.004042135611804359,0.28279417550262453,69.96157542977355,0.0
4,0.56568545,0.14142136,0.0701,0.004042135611804359,0.27872613686462405,68.95516717713589,0.0
5,0.70710677,0.21213204,0.0701,0.005716443181545683,0.32649652405059815,57.11532743028436,0.0
6,0.8485281,0.21213204,0.0701,0.004042135611804359,0.19965771739448546,49.394116518856904,0.0
7,0.9899494,0.28284273,0.0701,0.004042135611804359,0.18211008649337765,45.05293834317596,0.0
