Tile Number, Tile x cohordinate [m], Tile y cohordinate [m], area_m2[m2], Tile z cohordinate [m],absorbedPARTile [umol^s-1],absorbedPARTilem2 [umol m^-2 m^-1],Thermal time[dd]
1,0.14142136,0.0,0.0701,0.004042135611804359,0.07353337660855651,18.191714398155018,0.0
2,0.28284273,0.07071068,0.0701,0.005716443181545683,0.13782816613209248,24.11082586756767,0.0
3,0.4242641,0.07071068,0.0701,0.004042135611804359,0.035840697904002794,8.8667727523382,0.0
4,0.56568545,0.14142136,0.0701,0.004042135611804359,0.11704119299422304,28.955286075119407,0.0
5,0.70710677,0.21213204,0.0701,0.005716443181545683,0.18551846895052587,32.45347903560603,0.0
6,0.8485281,0.21213204,0.0701,0.004042135611804359,0.09773127187857032,24.178127916629766,0.0
7,0.9899494,0.28284273,0.0701,0.004042135611804359,0.1083344259206613,26.801284351838493,0.0
