Tile Number, Tile x cohordinate [m], Tile y cohordinate [m], area_m2[m2], Tile z cohordinate [m],absorbedPARTile [umol^s-1],absorbedPARTilem2 [umol m^-2 m^-1],Thermal time[dd]
1,0.14142136,0.0,0.0701,0.004042135611804359,0.1131755356666565,27.99894573951128,0.0
2,0.28284273,0.07071068,0.0701,0.005716443181545683,0.07539057467360695,13.188371209039449,0.0
3,0.4242641,0.07071068,0.0701,0.004042135611804359,0.02165254846959003,5.3567100535562195,0.0
4,0.56568545,0.14142136,0.0701,0.004042135611804359,0.049456690363830075,12.235287262357142,0.0
5,0.70710677,0.21213204,0.0701,0.005716443181545683,0.07560035407632638,13.225068749110635,0.0
6,0.8485281,0.21213204,0.0701,0.004042135611804359,0.14323035179428256,35.43432619529217,0.0
7,0.9899494,0.28284273,0.0701,0.004042135611804359,0.06941784745860936,17.173557278950888,0.0
