Tile Number, Tile x cohordinate [m], Tile y cohordinate [m], area_m2[m2], Tile z cohordinate [m],absorbedPARTile [umol^s-1],absorbedPARTilem2 [umol m^-2 m^-1],Thermal time[dd]
1,0.1118034,0.0,0.0701,0.00108033979058772,0.0018306940196111878,1.6945539130936431,0.0
2,0.22360681,0.0559017,0.0701,0.0012078565728149138,0.0037701030982737983,3.1213168708330663,0.0
3,0.3354102,0.0559017,0.0701,0.00108033979058772,0.0017325190768494694,1.6036797792173838,0.0
4,0.44721362,0.1118034,0.0701,0.00108033979058772,0.00522960115444964,4.840700305599838,0.0
5,0.559017,0.1677051,0.0701,0.0012078565728149138,0.00916354520869217,7.58661699984502,0.0
6,0.6708204,0.1677051,0.0701,0.00108033979058772,0.005244849031486143,4.854814269714968,0.0
7,0.7826238,0.22360681,0.0701,0.00108033979058772,0.0053876024528138906,4.98695179030938,0.0
