Tile Number, Tile x cohordinate [m], Tile y cohordinate [m], area_m2[m2], Tile z cohordinate [m],absorbedPARTile [umol^s-1],absorbedPARTilem2 [umol m^-2 m^-1],Thermal time[dd]
1,0.14142136,0.0,0.0701,0.004042135611804359,0.08105892166965961,20.053488911391547,0.0
2,0.28284273,0.07071068,0.0701,0.005716443181545683,0.0716659882335949,12.536814581653369,0.0
3,0.4242641,0.07071068,0.0701,0.004042135611804359,0.06172399651788712,15.270144904993499,0.0
4,0.56568545,0.14142136,0.0701,0.004042135611804359,0.04527120281834602,11.199822857535825,0.0
5,0.70710677,0.21213204,0.0701,0.005716443181545683,0.18892319948509215,33.04908200522143,0.0
6,0.8485281,0.21213204,0.0701,0.004042135611804359,0.11806029496298791,29.207405762986575,0.0
7,0.9899494,0.28284273,0.0701,0.004042135611804359,0.09489288828446865,23.475928914247792,0.0
