Tile Number, Tile x cohordinate [m], Tile y cohordinate [m], area_m2[m2], Tile z cohordinate [m],absorbedPARTile [umol^s-1],absorbedPARTilem2 [umol m^-2 m^-1],Thermal time[dd]
1,0.14142136,0.0,0.0701,0.004042135611804359,0.04393626235106945,10.869566627789819,0.0
2,0.28284273,0.07071068,0.0701,0.005716443181545683,0.08048367505927084,14.079327389992297,0.0
3,0.4242641,0.07071068,0.0701,0.004042135611804359,0.1163910282398653,28.794439231569914,0.0
4,0.56568545,0.14142136,0.0701,0.004042135611804359,0.11228729653375627,27.77920072890197,0.0
5,0.70710677,0.21213204,0.0701,0.005716443181545683,0.02925224095706545,5.117210130155771,0.0
6,0.8485281,0.21213204,0.0701,0.004042135611804359,0.01777682224821891,4.39787873427719,0.0
7,0.9899494,0.28284273,0.0701,0.004042135611804359,0.07656363139255047,18.94138117705888,0.0
