Tile Number, Tile x cohordinate [m], Tile y cohordinate [m], area_m2[m2], Tile z cohordinate [m],absorbedPARTile [umol^s-1],absorbedPARTilem2 [umol m^-2 m^-1],Thermal time[dd]
1,0.14142136,0.0,0.0701,0.004042135611804359,0.2763435291707357,68.36572438681229,0.0
2,0.28284273,0.07071068,0.0701,0.005716443181545683,0.10555920968496453,18.46588977316173,0.0
3,0.4242641,0.07071068,0.0701,0.004042135611804359,0.09982417794457381,24.695900269415635,0.0
4,0.56568545,0.14142136,0.0701,0.004042135611804359,0.0238653210395216,5.904136657322196,0.0
5,0.70710677,0.21213204,0.0701,0.005716443181545683,0.035214662502314885,6.160240097548404,0.0
6,0.8485281,0.21213204,0.0701,0.004042135611804359,0.06799858131157706,16.82243938402238,0.0
7,0.9899494,0.28284273,0.0701,0.004042135611804359,0.02522739072533921,6.241104492305248,0.0
