Tile Number, Tile x cohordinate [m], Tile y cohordinate [m], area_m2[m2], Tile z cohordinate [m],absorbedPARTile [umol^s-1],absorbedPARTilem2 [umol m^-2 m^-1],Thermal time[dd]
1,0.14142136,0.0,0.0701,0.004042135611804359,0.03069383008764193,7.593468659984068,0.0
2,0.28284273,0.07071068,0.0701,0.005716443181545683,0.13203565054528463,23.097518221038836,0.0
3,0.4242641,0.07071068,0.0701,0.004042135611804359,0.049404074794895725,12.222270487565941,0.0
4,0.56568545,0.14142136,0.0701,0.004042135611804359,0.02337591927850312,5.783061609867264,0.0
5,0.70710677,0.21213204,0.0701,0.005716443181545683,0.058304689157590274,10.199469723728651,0.0
6,0.8485281,0.21213204,0.0701,0.004042135611804359,0.11380292649152576,28.154158450098496,0.0
7,0.9899494,0.28284273,0.0701,0.004042135611804359,0.2762246969219843,68.3363260043324,0.0
