Tile Number, Tile x cohordinate [m], Tile y cohordinate [m], area_m2[m2], Tile z cohordinate [m],absorbedPARTile [umol^s-1],absorbedPARTilem2 [umol m^-2 m^-1],Thermal time[dd]
1,0.1118034,0.0,0.0701,0.00108033979058772,0.007519994476523484,6.9607678454873,0.0
2,0.22360681,0.0559017,0.0701,0.0012078565728149138,0.0010532519509417059,0.8720008440133737,0.0
3,0.3354102,0.0559017,0.0701,0.00108033979058772,4.392905279311819E-4,0.40662255686444887,0.0
4,0.44721362,0.1118034,0.0701,0.00108033979058772,0.0022079591296370214,2.043763590745705,0.0
5,0.559017,0.1677051,0.0701,0.0012078565728149138,7.38195301692506E-4,0.6111613897767177,0.0
6,0.6708204,0.1677051,0.0701,0.00108033979058772,0.0035431369772225465,3.279650539664961,0.0
7,0.7826238,0.22360681,0.0701,0.00108033979058772,3.956358252281333E-4,0.36621424914183887,0.0
