Tile Number, Tile x cohordinate [m], Tile y cohordinate [m], area_m2[m2], Tile z cohordinate [m],absorbedPARTile [umol^s-1],absorbedPARTilem2 [umol m^-2 m^-1],Thermal time[dd]
1,0.1118034,0.0,0.0701,0.00108033979058772,0.00968973377203729,8.969153831468098,0.0
2,0.22360681,0.0559017,0.0701,0.0012078565728149138,0.003728437756824233,3.0868215984743093,0.0
3,0.3354102,0.0559017,0.0701,0.00108033979058772,0.004827549641682524,4.468547473435437,0.0
4,0.44721362,0.1118034,0.0701,0.00108033979058772,0.010095652008357847,9.344885837136177,0.0
5,0.559017,0.1677051,0.0701,0.0012078565728149138,0.009545380897390675,7.902743680191376,0.0
6,0.6708204,0.1677051,0.0701,0.00108033979058772,0.004534552499249031,4.197339150844543,0.0
7,0.7826238,0.22360681,0.0701,0.00108033979058772,0.0037986832224021576,3.5161930121407647,0.0
