Tile Number, Tile x cohordinate [m], Tile y cohordinate [m], area_m2[m2], Tile z cohordinate [m],absorbedPARTile [umol^s-1],absorbedPARTilem2 [umol m^-2 m^-1],Thermal time[dd]
1,0.14142136,0.0,0.0701,0.004042135611804359,0.10634792386823894,26.309835711020725,0.0
2,0.28284273,0.07071068,0.0701,0.005716443181545683,0.17184650556182868,30.061788441560733,0.0
3,0.4242641,0.07071068,0.0701,0.004042135611804359,0.09159209548095787,22.659332659072337,0.0
4,0.56568545,0.14142136,0.0701,0.004042135611804359,0.07421731013873022,18.360915433413805,0.0
5,0.70710677,0.21213204,0.0701,0.005716443181545683,0.12230280742524863,21.394913504970564,0.0
6,0.8485281,0.21213204,0.0701,0.004042135611804359,0.06523541511056703,16.13884871157174,0.0
7,0.9899494,0.28284273,0.0701,0.004042135611804359,0.08824072189570864,21.830223023200123,0.0
