Tile Number, Tile x cohordinate [m], Tile y cohordinate [m], area_m2[m2], Tile z cohordinate [m],absorbedPARTile [umol^s-1],absorbedPARTilem2 [umol m^-2 m^-1],Thermal time[dd]
1,0.14142136,0.0,0.0701,0.004042135611804359,0.08317901429199218,20.577987054437813,0.0
2,0.28284273,0.07071068,0.0701,0.005716443181545683,0.21606462350524905,37.79703858559595,0.0
3,0.4242641,0.07071068,0.0701,0.004042135611804359,0.09442915586072922,23.36120430620021,0.0
4,0.56568545,0.14142136,0.0701,0.004042135611804359,0.0833607764162588,20.62295390902226,0.0
5,0.70710677,0.21213204,0.0701,0.005716443181545683,0.1339826129606628,23.438108051733476,0.0
6,0.8485281,0.21213204,0.0701,0.004042135611804359,0.04597062937336087,11.372856773808277,0.0
7,0.9899494,0.28284273,0.0701,0.004042135611804359,0.058969579404037,14.58871870400056,0.0
