Tile Number, Tile x cohordinate [m], Tile y cohordinate [m], area_m2[m2], Tile z cohordinate [m],absorbedPARTile [umol^s-1],absorbedPARTilem2 [umol m^-2 m^-1],Thermal time[dd]
1,0.14142136,0.0,0.0701,0.004042135611804359,0.22513822884307863,55.697841553262414,0.0
2,0.28284273,0.07071068,0.0701,0.005716443181545683,0.38022892493042,66.51494869360513,0.0
3,0.4242641,0.07071068,0.0701,0.004042135611804359,0.25395095782104493,62.825937130715005,0.0
4,0.56568545,0.14142136,0.0701,0.004042135611804359,0.25643902573944094,63.44147014527544,0.0
5,0.70710677,0.21213204,0.0701,0.005716443181545683,0.3094414820248413,54.131821518633664,0.0
6,0.8485281,0.21213204,0.0701,0.004042135611804359,0.15579305974494936,38.54226446287023,0.0
7,0.9899494,0.28284273,0.0701,0.004042135611804359,0.2538178637731934,62.79301046505271,0.0
