Tile Number, Tile x cohordinate [m], Tile y cohordinate [m], area_m2[m2], Tile z cohordinate [m],absorbedPARTile [umol^s-1],absorbedPARTilem2 [umol m^-2 m^-1],Thermal time[dd]
1,0.14142136,0.0,0.0701,0.004042135611804359,0.09069693867930075,22.437876258885524,0.0
2,0.28284273,0.07071068,0.0701,0.005716443181545683,0.11464489916416805,20.05528534496322,0.0
3,0.4242641,0.07071068,0.0701,0.004042135611804359,0.22372799734388987,55.34895877578448,0.0
4,0.56568545,0.14142136,0.0701,0.004042135611804359,0.04907547040849979,12.140975741927942,0.0
5,0.70710677,0.21213204,0.0701,0.005716443181545683,0.09550153073588707,16.706460241605022,0.0
6,0.8485281,0.21213204,0.0701,0.004042135611804359,0.057616280572735504,14.253920725588003,0.0
7,0.9899494,0.28284273,0.0701,0.004042135611804359,0.08588674681945642,21.24786376999302,0.0
