Tile Number, Tile x cohordinate [m], Tile y cohordinate [m], area_m2[m2], Tile z cohordinate [m],absorbedPARTile [umol^s-1],absorbedPARTilem2 [umol m^-2 m^-1],Thermal time[dd]
1,0.1118034,0.0,0.0701,0.00108033979058772,0.020974935475562215,19.415128146072966,0.0
2,0.22360681,0.0559017,0.0701,0.0012078565728149138,0.01959892766632899,16.226204424796585,0.0
3,0.3354102,0.0559017,0.0701,0.00108033979058772,0.013759488043110075,12.736259612935966,0.0
4,0.44721362,0.1118034,0.0701,0.00108033979058772,0.010920768775870372,10.10864255025664,0.0
5,0.559017,0.1677051,0.0701,0.0012078565728149138,0.01471573925196856,12.183349896977818,0.0
6,0.6708204,0.1677051,0.0701,0.00108033979058772,0.013009379420305191,12.041933041481244,0.0
7,0.7826238,0.22360681,0.0701,0.00108033979058772,0.01617738135164976,14.974345564786647,0.0
