Tile Number, Tile x cohordinate [m], Tile y cohordinate [m], area_m2[m2], Tile z cohordinate [m],absorbedPARTile [umol^s-1],absorbedPARTilem2 [umol m^-2 m^-1],Thermal time[dd]
1,0.14142136,0.0,0.0701,0.004042135611804359,0.09255959845603942,22.898687066741424,0.0
2,0.28284273,0.07071068,0.0701,0.005716443181545683,0.06265117223210812,10.959817187436421,0.0
3,0.4242641,0.07071068,0.0701,0.004042135611804359,0.1553766438492966,38.43924567883025,0.0
4,0.56568545,0.14142136,0.0701,0.004042135611804359,0.07684882936388492,19.01193743709666,0.0
5,0.70710677,0.21213204,0.0701,0.005716443181545683,0.09988273845457077,17.472882224565947,0.0
6,0.8485281,0.21213204,0.0701,0.004042135611804359,0.04891089776207328,12.100261460609447,0.0
7,0.9899494,0.28284273,0.0701,0.004042135611804359,0.08226542812464475,20.35197134020016,0.0
