Tile Number, Tile x cohordinate [m], Tile y cohordinate [m], area_m2[m2], Tile z cohordinate [m],absorbedPARTile [umol^s-1],absorbedPARTilem2 [umol m^-2 m^-1],Thermal time[dd]
1,0.1118034,0.0,0.0701,0.00108033979058772,0.006182073069933895,5.722341363147201,0.0
2,0.22360681,0.0559017,0.0701,0.0012078565728149138,0.012337017873180993,10.213975856777044,0.0
3,0.3354102,0.0559017,0.0701,0.00108033979058772,0.011502268229338669,10.646898623516657,0.0
4,0.44721362,0.1118034,0.0701,0.00108033979058772,0.018973386590914944,17.562425040915283,0.0
5,0.559017,0.1677051,0.0701,0.0012078565728149138,0.02481020799259432,20.540690468549627,0.0
6,0.6708204,0.1677051,0.0701,0.00108033979058772,0.016745811304880568,15.500504055090495,0.0
7,0.7826238,0.22360681,0.0701,0.00108033979058772,0.01620089424522679,14.996109915023382,0.0
