Tile Number, Tile x cohordinate [m], Tile y cohordinate [m], area_m2[m2], Tile z cohordinate [m],absorbedPARTile [umol^s-1],absorbedPARTilem2 [umol m^-2 m^-1],Thermal time[dd]
1,0.14142136,0.0,0.0701,0.004042135611804359,0.05714484268305422,14.137289831685154,0.0
2,0.28284273,0.07071068,0.0701,0.005716443181545683,0.09812001861914635,17.164522676601752,0.0
3,0.4242641,0.07071068,0.0701,0.004042135611804359,0.12047408490784645,29.804562854354188,0.0
4,0.56568545,0.14142136,0.0701,0.004042135611804359,0.036510955980617814,9.032590562769311,0.0
5,0.70710677,0.21213204,0.0701,0.005716443181545683,0.12123727621259689,21.208515918427313,0.0
6,0.8485281,0.21213204,0.0701,0.004042135611804359,0.0479119710686113,11.853133014313686,0.0
7,0.9899494,0.28284273,0.0701,0.004042135611804359,0.12132556153158128,30.015213041658207,0.0
