Tile Number, Tile x cohordinate [m], Tile y cohordinate [m], area_m2[m2], Tile z cohordinate [m],absorbedPARTile [umol^s-1],absorbedPARTilem2 [umol m^-2 m^-1],Thermal time[dd]
1,0.14142136,0.0,0.0701,0.004042135611804359,0.2496177157781982,61.75391915333883,0.0
2,0.28284273,0.07071068,0.0701,0.005716443181545683,0.3807153523498536,66.60004136469193,0.0
3,0.4242641,0.07071068,0.0701,0.004042135611804359,0.2310486801296997,57.16005159623094,0.0
4,0.56568545,0.14142136,0.0701,0.004042135611804359,0.2699070828652954,66.77338634485156,0.0
5,0.70710677,0.21213204,0.0701,0.005716443181545683,0.34325133176208494,60.046312166663114,0.0
6,0.8485281,0.21213204,0.0701,0.004042135611804359,0.15866423894607543,39.25257690086495,0.0
7,0.9899494,0.28284273,0.0701,0.004042135611804359,0.15488663458114627,38.318020337770605,0.0
