Tile Number, Tile x cohordinate [m], Tile y cohordinate [m], area_m2[m2], Tile z cohordinate [m],absorbedPARTile [umol^s-1],absorbedPARTilem2 [umol m^-2 m^-1],Thermal time[dd]
1,0.14142136,0.0,0.0701,0.004042135611804359,0.04570219357371747,11.306447374069316,0.0
2,0.28284273,0.07071068,0.0701,0.005716443181545683,0.10557047524440766,18.46786050200226,0.0
3,0.4242641,0.07071068,0.0701,0.004042135611804359,0.04874914799382686,12.060245542347314,0.0
4,0.56568545,0.14142136,0.0701,0.004042135611804359,0.060175439270870684,14.88704117079563,0.0
5,0.70710677,0.21213204,0.0701,0.005716443181545683,0.08342320035806655,14.593550168989793,0.0
6,0.8485281,0.21213204,0.0701,0.004042135611804359,0.07514815822542129,18.591201642508988,0.0
7,0.9899494,0.28284273,0.0701,0.004042135611804359,0.03277403956678111,8.108099953665628,0.0
