Tile Number, Tile x cohordinate [m], Tile y cohordinate [m], area_m2[m2], Tile z cohordinate [m],absorbedPARTile [umol^s-1],absorbedPARTilem2 [umol m^-2 m^-1],Thermal time[dd]
1,0.14142136,0.0,0.0701,0.004042135611804359,0.13514190596836087,33.4332934238283,0.0
2,0.28284273,0.07071068,0.0701,0.005716443181545683,0.31120951264099117,54.44111010246103,0.0
3,0.4242641,0.07071068,0.0701,0.004042135611804359,0.08041615241170764,19.89447166910139,0.0
4,0.56568545,0.14142136,0.0701,0.004042135611804359,0.121249620026474,29.996425570776353,0.0
5,0.70710677,0.21213204,0.0701,0.005716443181545683,0.03787225559889167,6.625143362074195,0.0
6,0.8485281,0.21213204,0.0701,0.004042135611804359,0.12745586910369872,31.531814205215145,0.0
7,0.9899494,0.28284273,0.0701,0.004042135611804359,0.049850319613769054,12.3326687675173,0.0
