Tile Number, Tile x cohordinate [m], Tile y cohordinate [m], area_m2[m2], Tile z cohordinate [m],absorbedPARTile [umol^s-1],absorbedPARTilem2 [umol m^-2 m^-1],Thermal time[dd]
1,0.1118034,0.0,0.0701,0.00108033979058772,0.010495390912087597,9.714898038123689,0.0
2,0.22360681,0.0559017,0.0701,0.0012078565728149138,0.0015927972642753342,1.3186973520898386,0.0
3,0.3354102,0.0559017,0.0701,0.00108033979058772,0.013173162968659176,12.193536777436284,0.0
4,0.44721362,0.1118034,0.0701,0.00108033979058772,5.075862168675095E-4,0.46983941653336264,0.0
5,0.559017,0.1677051,0.0701,0.0012078565728149138,0.0012508857859869437,1.0356244393088412,0.0
6,0.6708204,0.1677051,0.0701,0.00108033979058772,0.002878693341826972,2.6646184532932207,0.0
7,0.7826238,0.22360681,0.0701,0.00108033979058772,4.2146678916531313E-4,0.3901242857453481,0.0
