Tile Number, Tile x cohordinate [m], Tile y cohordinate [m], area_m2[m2], Tile z cohordinate [m],absorbedPARTile [umol^s-1],absorbedPARTilem2 [umol m^-2 m^-1],Thermal time[dd]
1,0.14142136,0.0,0.0701,0.004042135611804359,0.22947354743286133,56.77037325584116,0.0
2,0.28284273,0.07071068,0.0701,0.005716443181545683,0.33004135744598395,57.73543914709973,0.0
3,0.4242641,0.07071068,0.0701,0.004042135611804359,0.2066820736468506,51.13189994003944,0.0
4,0.56568545,0.14142136,0.0701,0.004042135611804359,0.21147180558086395,52.316850766534664,0.0
5,0.70710677,0.21213204,0.0701,0.005716443181545683,0.2924719690115357,51.163277535184655,0.0
6,0.8485281,0.21213204,0.0701,0.004042135611804359,0.2961292635765076,73.26059588691513,0.0
7,0.9899494,0.28284273,0.0701,0.004042135611804359,0.24849580874511715,61.476366111871165,0.0
