Tile Number, Tile x cohordinate [m], Tile y cohordinate [m], area_m2[m2], Tile z cohordinate [m],absorbedPARTile [umol^s-1],absorbedPARTilem2 [umol m^-2 m^-1],Thermal time[dd]
1,0.14142136,0.0,0.0701,0.004042135611804359,0.2076983034616089,51.38330907430761,0.0
2,0.28284273,0.07071068,0.0701,0.005716443181545683,0.19322760083786011,33.80206794701541,0.0
3,0.4242641,0.07071068,0.0701,0.004042135611804359,0.18798085504562376,46.505331116714174,0.0
4,0.56568545,0.14142136,0.0701,0.004042135611804359,0.08130773627201082,20.11504414512111,0.0
5,0.70710677,0.21213204,0.0701,0.005716443181545683,0.16733558058166503,29.272674505341406,0.0
6,0.8485281,0.21213204,0.0701,0.004042135611804359,0.08346990017843245,20.649950470408022,0.0
7,0.9899494,0.28284273,0.0701,0.004042135611804359,0.3044413245874024,75.31694970805385,0.0
