Tile Number, Tile x cohordinate [m], Tile y cohordinate [m], area_m2[m2], Tile z cohordinate [m],absorbedPARTile [umol^s-1],absorbedPARTilem2 [umol m^-2 m^-1],Thermal time[dd]
1,0.1118034,0.0,0.0701,0.00108033979058772,0.006295080093514597,5.8269445857307405,0.0
2,0.22360681,0.0559017,0.0701,0.0012078565728149138,0.007389313210827371,6.117707497013948,0.0
3,0.3354102,0.0559017,0.0701,0.00108033979058772,0.015318105594864934,14.178970105814274,0.0
4,0.44721362,0.1118034,0.0701,0.00108033979058772,0.006515471748309624,6.030946749415863,0.0
5,0.559017,0.1677051,0.0701,0.0012078565728149138,0.018367020270251142,15.206292438717902,0.0
6,0.6708204,0.1677051,0.0701,0.00108033979058772,0.005721321401702309,5.29585363007858,0.0
7,0.7826238,0.22360681,0.0701,0.00108033979058772,0.005744638862365655,5.317437080828515,0.0
