Tile Number, Tile x cohordinate [m], Tile y cohordinate [m], area_m2[m2], Tile z cohordinate [m],absorbedPARTile [umol^s-1],absorbedPARTilem2 [umol m^-2 m^-1],Thermal time[dd]
1,0.14142136,0.0,0.0701,0.004042135611804359,0.11002000876531602,27.218287393431723,0.0
2,0.28284273,0.07071068,0.0701,0.005716443181545683,0.18867563469345092,33.00577451771933,0.0
3,0.4242641,0.07071068,0.0701,0.004042135611804359,0.06480922871479156,16.03341276466019,0.0
4,0.56568545,0.14142136,0.0701,0.004042135611804359,0.0859673639770031,21.26780796912163,0.0
5,0.70710677,0.21213204,0.0701,0.005716443181545683,0.18000808920829772,31.489526527511973,0.0
6,0.8485281,0.21213204,0.0701,0.004042135611804359,0.08628599759480952,21.34663600667582,0.0
7,0.9899494,0.28284273,0.0701,0.004042135611804359,0.076835323282758,19.008596113988283,0.0
