Tile Number, Tile x cohordinate [m], Tile y cohordinate [m], area_m2[m2], Tile z cohordinate [m],absorbedPARTile [umol^s-1],absorbedPARTilem2 [umol m^-2 m^-1],Thermal time[dd]
1,0.14142136,0.0,0.0701,0.004042135611804359,0.04015095443841616,9.933104253395712,0.0
2,0.28284273,0.07071068,0.0701,0.005716443181545683,0.17841772318785987,31.21131751363215,0.0
3,0.4242641,0.07071068,0.0701,0.004042135611804359,0.42600571660970055,105.3912479743689,0.0
4,0.56568545,0.14142136,0.0701,0.004042135611804359,0.2200875178370158,54.44832607651465,0.0
5,0.70710677,0.21213204,0.0701,0.005716443181545683,0.1816600598224322,31.778512276459413,0.0
6,0.8485281,0.21213204,0.0701,0.004042135611804359,0.3876473212511699,95.9016120387235,0.0
7,0.9899494,0.28284273,0.0701,0.004042135611804359,0.13475187982925474,33.336803306582574,0.0
