Tile Number, Tile x cohordinate [m], Tile y cohordinate [m], area_m2[m2], Tile z cohordinate [m],absorbedPARTile [umol^s-1],absorbedPARTilem2 [umol m^-2 m^-1],Thermal time[dd]
1,0.1118034,0.0,0.0701,0.00108033979058772,0.0072011682342310425,6.665651211748395,0.0
2,0.22360681,0.0559017,0.0701,0.0012078565728149138,0.0019014680851410423,1.5742498968314298,0.0
3,0.3354102,0.0559017,0.0701,0.00108033979058772,0.006899390709066373,6.386315462205654,0.0
4,0.44721362,0.1118034,0.0701,0.00108033979058772,8.81503112461581E-4,0.8159498707180183,0.0
5,0.559017,0.1677051,0.0701,0.0012078565728149138,0.0025854901305348223,2.140560550587003,0.0
6,0.6708204,0.1677051,0.0701,0.00108033979058772,0.010103631390788511,9.352271830413647,0.0
7,0.7826238,0.22360681,0.0701,0.00108033979058772,0.0012371870738206738,1.145183288257509,0.0
