Tile Number, Tile x cohordinate [m], Tile y cohordinate [m], area_m2[m2], Tile z cohordinate [m],absorbedPARTile [umol^s-1],absorbedPARTilem2 [umol m^-2 m^-1],Thermal time[dd]
1,0.1118034,0.0,0.0701,0.00108033979058772,0.007130445342949443,6.6001876493601905,0.0
2,0.22360681,0.0559017,0.0701,0.0012078565728149138,0.0070629958753697306,5.847545175756585,0.0
3,0.3354102,0.0559017,0.0701,0.00108033979058772,0.003903685508757979,3.613386772169448,0.0
4,0.44721362,0.1118034,0.0701,0.00108033979058772,0.008740507607025895,8.090517153192087,0.0
5,0.559017,0.1677051,0.0701,0.0012078565728149138,0.006328763766891742,5.239664964642729,0.0
6,0.6708204,0.1677051,0.0701,0.00108033979058772,0.0021302739788375304,1.9718555193441794,0.0
7,0.7826238,0.22360681,0.0701,0.00108033979058772,0.007572383637489499,7.009261070880317,0.0
