Tile Number, Tile x cohordinate [m], Tile y cohordinate [m], area_m2[m2], Tile z cohordinate [m],absorbedPARTile [umol^s-1],absorbedPARTilem2 [umol m^-2 m^-1],Thermal time[dd]
1,0.1118034,0.0,0.0701,0.00108033979058772,0.002242818915658854,2.0760310183879547,0.0
2,0.22360681,0.0559017,0.0701,0.0012078565728149138,0.003622841547329575,2.999397137763245,0.0
3,0.3354102,0.0559017,0.0701,0.00108033979058772,0.003975011896871916,3.6794089521681452,0.0
4,0.44721362,0.1118034,0.0701,0.00108033979058772,0.005986363041355427,5.541185369187191,0.0
5,0.559017,0.1677051,0.0701,0.0012078565728149138,0.01663043255512514,13.768549121993733,0.0
6,0.6708204,0.1677051,0.0701,0.00108033979058772,0.012878459901559428,11.920749391775495,0.0
7,0.7826238,0.22360681,0.0701,0.00108033979058772,0.012218015934699485,11.30941953739639,0.0
