Tile Number, Tile x cohordinate [m], Tile y cohordinate [m], area_m2[m2], Tile z cohordinate [m],absorbedPARTile [umol^s-1],absorbedPARTilem2 [umol m^-2 m^-1],Thermal time[dd]
1,0.1118034,0.0,0.0701,0.00108033979058772,0.0023623805814184293,2.186701445230728,0.0
2,0.22360681,0.0559017,0.0701,0.0012078565728149138,0.004403169538573511,3.6454407234063475,0.0
3,0.3354102,0.0559017,0.0701,0.00108033979058772,0.019500887612285394,18.050698291577913,0.0
4,0.44721362,0.1118034,0.0701,0.00108033979058772,0.00208558444580175,1.9304893367550249,0.0
5,0.559017,0.1677051,0.0701,0.0012078565728149138,0.0021352829337497425,1.7678282188533847,0.0
6,0.6708204,0.1677051,0.0701,0.00108033979058772,0.003685342441486121,3.411280852185629,0.0
7,0.7826238,0.22360681,0.0701,0.00108033979058772,0.0036437850154262433,3.3728138565034,0.0
