Tile Number, Tile x cohordinate [m], Tile y cohordinate [m], area_m2[m2], Tile z cohordinate [m],absorbedPARTile [umol^s-1],absorbedPARTilem2 [umol m^-2 m^-1],Thermal time[dd]
1,0.14142136,0.0,0.0701,0.004042135611804359,0.025511698463296623,6.311440513968435,0.0
2,0.28284273,0.07071068,0.0701,0.005716443181545683,0.10628260677271634,18.592436484950476,0.0
3,0.4242641,0.07071068,0.0701,0.004042135611804359,0.10137056112288087,25.07846615211168,0.0
4,0.56568545,0.14142136,0.0701,0.004042135611804359,0.10520195971389412,26.026331082675693,0.0
5,0.70710677,0.21213204,0.0701,0.005716443181545683,0.21825973111917177,38.181037436666344,0.0
6,0.8485281,0.21213204,0.0701,0.004042135611804359,0.047078229627371966,11.646870404319964,0.0
7,0.9899494,0.28284273,0.0701,0.004042135611804359,0.10596894417431925,26.216078417768873,0.0
