Tile Number, Tile x cohordinate [m], Tile y cohordinate [m], area_m2[m2], Tile z cohordinate [m],absorbedPARTile [umol^s-1],absorbedPARTilem2 [umol m^-2 m^-1],Thermal time[dd]
1,0.14142136,0.0,0.0701,0.004042135611804359,0.05688541308639646,14.073108512310283,0.0
2,0.28284273,0.07071068,0.0701,0.005716443181545683,0.05887020767674626,10.298398113497596,0.0
3,0.4242641,0.07071068,0.0701,0.004042135611804359,0.08785049422332288,21.733683047835076,0.0
4,0.56568545,0.14142136,0.0701,0.004042135611804359,0.01449146961358618,3.5851022838685433,0.0
5,0.70710677,0.21213204,0.0701,0.005716443181545683,0.031049934480483272,5.431687763594216,0.0
6,0.8485281,0.21213204,0.0701,0.004042135611804359,0.026411217970082307,6.533976221122543,0.0
7,0.9899494,0.28284273,0.0701,0.004042135611804359,0.21824343682445527,53.99211154299548,0.0
