Tile Number, Tile x cohordinate [m], Tile y cohordinate [m], area_m2[m2], Tile z cohordinate [m],absorbedPARTile [umol^s-1],absorbedPARTilem2 [umol m^-2 m^-1],Thermal time[dd]
1,0.1118034,0.0,0.0701,0.00108033979058772,0.002809673886267263,2.6007316501216358,0.0
2,0.22360681,0.0559017,0.0701,0.0012078565728149138,0.004605463276966126,3.812922312649323,0.0
3,0.3354102,0.0559017,0.0701,0.00108033979058772,0.0025802786988935026,2.388395504242045,0.0
4,0.44721362,0.1118034,0.0701,0.00108033979058772,0.004789787153471964,4.43359320391805,0.0
5,0.559017,0.1677051,0.0701,0.0012078565728149138,0.008326510082190855,6.893624847183549,0.0
6,0.6708204,0.1677051,0.0701,0.00108033979058772,0.012320867209224576,11.404622246230376,0.0
7,0.7826238,0.22360681,0.0701,0.00108033979058772,0.004113788458097491,3.8078653530474265,0.0
