Tile Number, Tile x cohordinate [m], Tile y cohordinate [m], area_m2[m2], Tile z cohordinate [m],absorbedPARTile [umol^s-1],absorbedPARTilem2 [umol m^-2 m^-1],Thermal time[dd]
1,0.1118034,0.0,0.0701,0.00108033979058772,0.001136194130331561,1.0517007151180238,0.0
2,0.22360681,0.0559017,0.0701,0.0012078565728149138,0.0013672828745554125,1.1319910867968002,0.0
3,0.3354102,0.0559017,0.0701,0.00108033979058772,0.006285193070987636,5.817792814581423,0.0
4,0.44721362,0.1118034,0.0701,0.00108033979058772,7.445669553102848E-4,0.6891970117153882,0.0
5,0.559017,0.1677051,0.0701,0.0012078565728149138,0.0016155324460798172,1.337520101674666,0.0
6,0.6708204,0.1677051,0.0701,0.00108033979058772,0.00244982219210768,2.267640434473808,0.0
7,0.7826238,0.22360681,0.0701,0.00108033979058772,0.0013774604543040818,1.2750251969842972,0.0
