Tile Number, Tile x cohordinate [m], Tile y cohordinate [m], area_m2[m2], Tile z cohordinate [m],absorbedPARTile [umol^s-1],absorbedPARTilem2 [umol m^-2 m^-1],Thermal time[dd]
1,0.14142136,0.0,0.0701,0.004042135611804359,0.04926606228578268,12.188127024217012,0.0
2,0.28284273,0.07071068,0.0701,0.005716443181545683,0.08715157786346674,15.245769982428412,0.0
3,0.4242641,0.07071068,0.0701,0.004042135611804359,0.056826991033235116,14.058655248300353,0.0
4,0.56568545,0.14142136,0.0701,0.004042135611804359,0.02308859708970633,5.711979831225867,0.0
5,0.70710677,0.21213204,0.0701,0.005716443181545683,0.11022469210780066,19.28204105371633,0.0
6,0.8485281,0.21213204,0.0701,0.004042135611804359,0.09395381970012087,23.243609003553704,0.0
7,0.9899494,0.28284273,0.0701,0.004042135611804359,0.10677698607434748,26.41598311608441,0.0
