Tile Number, Tile x cohordinate [m], Tile y cohordinate [m], area_m2[m2], Tile z cohordinate [m],absorbedPARTile [umol^s-1],absorbedPARTilem2 [umol m^-2 m^-1],Thermal time[dd]
1,0.14142136,0.0,0.0701,0.004042135611804359,0.05091611376949786,12.596339821159424,0.0
2,0.28284273,0.07071068,0.0701,0.005716443181545683,0.09093387450623037,15.907422083681508,0.0
3,0.4242641,0.07071068,0.0701,0.004042135611804359,0.0969365666856575,23.981522639312495,0.0
4,0.56568545,0.14142136,0.0701,0.004042135611804359,0.059381268869075785,14.690568197579278,0.0
5,0.70710677,0.21213204,0.0701,0.005716443181545683,0.09251301953582765,16.1836681652826,0.0
6,0.8485281,0.21213204,0.0701,0.004042135611804359,0.10282718241293431,25.43882548439129,0.0
7,0.9899494,0.28284273,0.0701,0.004042135611804359,0.10889399084278584,26.939717342678886,0.0
