Tile Number, Tile x cohordinate [m], Tile y cohordinate [m], area_m2[m2], Tile z cohordinate [m],absorbedPARTile [umol^s-1],absorbedPARTilem2 [umol m^-2 m^-1],Thermal time[dd]
1,0.14142136,0.0,0.0701,0.004042135611804359,0.08420612429360548,20.83208788139023,0.0
2,0.28284273,0.07071068,0.0701,0.005716443181545683,0.1708834305871328,29.893313929681568,0.0
3,0.4242641,0.07071068,0.0701,0.004042135611804359,0.05290608998946176,13.088647950098125,0.0
4,0.56568545,0.14142136,0.0701,0.004042135611804359,0.12678238285350402,31.365197764087366,0.0
5,0.70710677,0.21213204,0.0701,0.005716443181545683,0.2242090823456764,39.22178096154049,0.0
6,0.8485281,0.21213204,0.0701,0.004042135611804359,0.17551269316151943,43.42078297644564,0.0
7,0.9899494,0.28284273,0.0701,0.004042135611804359,0.09338706319587406,23.103396858619305,0.0
