Tile Number, Tile x cohordinate [m], Tile y cohordinate [m], area_m2[m2], Tile z cohordinate [m],absorbedPARTile [umol^s-1],absorbedPARTilem2 [umol m^-2 m^-1],Thermal time[dd]
1,0.14142136,0.0,0.0701,0.004042135611804359,0.04281017737376441,10.590979988089632,0.0
2,0.28284273,0.07071068,0.0701,0.005716443181545683,0.1506413928970973,26.352294269872374,0.0
3,0.4242641,0.07071068,0.0701,0.004042135611804359,0.09984569913668434,24.701224482697267,0.0
4,0.56568545,0.14142136,0.0701,0.004042135611804359,0.0576134489069499,14.253220188530975,0.0
5,0.70710677,0.21213204,0.0701,0.005716443181545683,0.10370250886934203,18.141089760871488,0.0
6,0.8485281,0.21213204,0.0701,0.004042135611804359,0.13938742512124777,34.48360928668273,0.0
7,0.9899494,0.28284273,0.0701,0.004042135611804359,0.09536731050579889,23.593298113822584,0.0
