Tile Number, Tile x cohordinate [m], Tile y cohordinate [m], area_m2[m2], Tile z cohordinate [m],absorbedPARTile [umol^s-1],absorbedPARTilem2 [umol m^-2 m^-1],Thermal time[dd]
1,0.14142136,0.0,0.0701,0.004042135611804359,0.16215485487899783,40.11613425473717,0.0
2,0.28284273,0.07071068,0.0701,0.005716443181545683,0.21621868880157474,37.82398983682557,0.0
3,0.4242641,0.07071068,0.0701,0.004042135611804359,0.1384881998072815,34.261146361059886,0.0
4,0.56568545,0.14142136,0.0701,0.004042135611804359,0.19735630307632449,48.82476048056861,0.0
5,0.70710677,0.21213204,0.0701,0.005716443181545683,0.29727664545654303,52.003778576202286,0.0
6,0.8485281,0.21213204,0.0701,0.004042135611804359,0.337450459757843,83.48321089781777,0.0
7,0.9899494,0.28284273,0.0701,0.004042135611804359,0.20267889273651127,50.1415370985136,0.0
