Tile Number, Tile x cohordinate [m], Tile y cohordinate [m], area_m2[m2], Tile z cohordinate [m],absorbedPARTile [umol^s-1],absorbedPARTilem2 [umol m^-2 m^-1],Thermal time[dd]
1,0.14142136,0.0,0.0701,0.004042135611804359,0.1073054838004112,26.54673026977226,0.0
2,0.28284273,0.07071068,0.0701,0.005716443181545683,0.14252289987510683,24.932094197176944,0.0
3,0.4242641,0.07071068,0.0701,0.004042135611804359,0.03666990901049138,9.071914584805922,0.0
4,0.56568545,0.14142136,0.0701,0.004042135611804359,0.05151598611333192,12.744744625313503,0.0
5,0.70710677,0.21213204,0.0701,0.005716443181545683,0.05455725793126823,9.543916767579304,0.0
6,0.8485281,0.21213204,0.0701,0.004042135611804359,0.01706284820471663,4.221245856988946,0.0
7,0.9899494,0.28284273,0.0701,0.004042135611804359,0.10546045403952062,26.090281021631625,0.0
