Tile Number, Tile x cohordinate [m], Tile y cohordinate [m], area_m2[m2], Tile z cohordinate [m],absorbedPARTile [umol^s-1],absorbedPARTilem2 [umol m^-2 m^-1],Thermal time[dd]
1,0.1118034,0.0,0.0701,0.00108033979058772,0.0014230171198860463,1.3171940275493372,0.0
2,0.22360681,0.0559017,0.0701,0.0012078565728149138,0.0015612785988902448,1.2926026434179017,0.0
3,0.3354102,0.0559017,0.0701,0.00108033979058772,0.0012955017904965997,1.1991614136435989,0.0
4,0.44721362,0.1118034,0.0701,0.00108033979058772,0.0017521186052583278,1.621821782853292,0.0
5,0.559017,0.1677051,0.0701,0.0012078565728149138,0.0010484271545975865,0.868006333031929,0.0
6,0.6708204,0.1677051,0.0701,0.00108033979058772,0.004626376441550087,4.282334578302697,0.0
7,0.7826238,0.22360681,0.0701,0.00108033979058772,3.0654431305656094E-4,0.2837480538320231,0.0
