Tile Number, Tile x cohordinate [m], Tile y cohordinate [m], area_m2[m2], Tile z cohordinate [m],absorbedPARTile [umol^s-1],absorbedPARTilem2 [umol m^-2 m^-1],Thermal time[dd]
1,0.14142136,0.0,0.0701,0.004042135611804359,0.13060139656550088,32.30999875019087,0.0
2,0.28284273,0.07071068,0.0701,0.005716443181545683,0.10631050444748202,18.59731673546285,0.0
3,0.4242641,0.07071068,0.0701,0.004042135611804359,0.07519913252599345,18.603812377394604,0.0
4,0.56568545,0.14142136,0.0701,0.004042135611804359,0.06688003499036978,16.545717762426914,0.0
5,0.70710677,0.21213204,0.0701,0.005716443181545683,0.15763761262282527,27.57617063906533,0.0
6,0.8485281,0.21213204,0.0701,0.004042135611804359,0.1882342449204763,46.56801824529852,0.0
7,0.9899494,0.28284273,0.0701,0.004042135611804359,0.11553597681139238,28.582904659108788,0.0
