Tile Number, Tile x cohordinate [m], Tile y cohordinate [m], area_m2[m2], Tile z cohordinate [m],absorbedPARTile [umol^s-1],absorbedPARTilem2 [umol m^-2 m^-1],Thermal time[dd]
1,0.14142136,0.0,0.0701,0.004042135611804359,0.15464669826648716,38.25866153893209,0.0
2,0.28284273,0.07071068,0.0701,0.005716443181545683,0.07731477660390616,13.524979458118366,0.0
3,0.4242641,0.07071068,0.0701,0.004042135611804359,0.054141943484221695,13.394390659756564,0.0
4,0.56568545,0.14142136,0.0701,0.004042135611804359,0.007003193963268661,1.7325479983444991,0.0
5,0.70710677,0.21213204,0.0701,0.005716443181545683,0.07688747943067074,13.45023067471143,0.0
6,0.8485281,0.21213204,0.0701,0.004042135611804359,0.08841969694814651,21.874500373003826,0.0
7,0.9899494,0.28284273,0.0701,0.004042135611804359,0.03271433902156338,8.093330398422754,0.0
