Tile Number, Tile x cohordinate [m], Tile y cohordinate [m], area_m2[m2], Tile z cohordinate [m],absorbedPARTile [umol^s-1],absorbedPARTilem2 [umol m^-2 m^-1],Thermal time[dd]
1,0.1118034,0.0,0.0701,0.00108033979058772,6.990786403331253E-4,0.6470914488420507,0.0
2,0.22360681,0.0559017,0.0701,0.0012078565728149138,0.002180944439654022,1.8056319671890544,0.0
3,0.3354102,0.0559017,0.0701,0.00108033979058772,0.0019604928054062836,1.8147001734887023,0.0
4,0.44721362,0.1118034,0.0701,0.00108033979058772,0.015263180097589512,14.12812915951761,0.0
5,0.559017,0.1677051,0.0701,0.0012078565728149138,0.013247738206128602,10.9679729400774,0.0
6,0.6708204,0.1677051,0.0701,0.00108033979058772,0.004308633030085383,3.988220250354221,0.0
7,0.7826238,0.22360681,0.0701,0.00108033979058772,0.00330049348173236,3.0550513000514825,0.0
