Tile Number, Tile x cohordinate [m], Tile y cohordinate [m], area_m2[m2], Tile z cohordinate [m],absorbedPARTile [umol^s-1],absorbedPARTilem2 [umol m^-2 m^-1],Thermal time[dd]
1,0.1118034,0.0,0.0701,0.00108033979058772,0.0032054969522911313,2.9671192158416164,0.0
2,0.22360681,0.0559017,0.0701,0.0012078565728149138,0.008469347221783998,7.011881553160038,0.0
3,0.3354102,0.0559017,0.0701,0.00108033979058772,0.007220401616334809,6.683454297658342,0.0
4,0.44721362,0.1118034,0.0701,0.00108033979058772,0.009457655781466217,8.754334389850735,0.0
5,0.559017,0.1677051,0.0701,0.0012078565728149138,0.0024706032613810397,2.0454442331868017,0.0
6,0.6708204,0.1677051,0.0701,0.00108033979058772,0.0016820064306640138,1.5569235210238612,0.0
7,0.7826238,0.22360681,0.0701,0.00108033979058772,0.003450668658078542,3.1940586546398797,0.0
