Tile Number, Tile x cohordinate [m], Tile y cohordinate [m], area_m2[m2], Tile z cohordinate [m],absorbedPARTile [umol^s-1],absorbedPARTilem2 [umol m^-2 m^-1],Thermal time[dd]
1,0.1118034,0.0,0.0701,0.00108033979058772,0.0053411347140463914,4.943939638787848,0.0
2,0.22360681,0.0559017,0.0701,0.0012078565728149138,0.011626596820954783,9.625809125547878,0.0
3,0.3354102,0.0559017,0.0701,0.00108033979058772,0.0076882047652954925,7.1164691259895205,0.0
4,0.44721362,0.1118034,0.0701,0.00108033979058772,0.007962072648631212,7.36997074253808,0.0
5,0.559017,0.1677051,0.0701,0.0012078565728149138,0.0025113476309608935,2.079177021083049,0.0
6,0.6708204,0.1677051,0.0701,0.00108033979058772,0.004218007456240694,3.9043340743249297,0.0
7,0.7826238,0.22360681,0.0701,0.00108033979058772,0.001511744890115899,1.3993235306953644,0.0
