Tile Number, Tile x cohordinate [m], Tile y cohordinate [m], area_m2[m2], Tile z cohordinate [m],absorbedPARTile [umol^s-1],absorbedPARTilem2 [umol m^-2 m^-1],Thermal time[dd]
1,0.14142136,0.0,0.0701,0.004042135611804359,0.22194111270891823,54.90689428152225,0.0
2,0.28284273,0.07071068,0.0701,0.005716443181545683,0.36773533331273395,64.32939533097941,0.0
3,0.4242641,0.07071068,0.0701,0.004042135611804359,0.058281229754542876,14.41842514742519,0.0
4,0.56568545,0.14142136,0.0701,0.004042135611804359,0.11154603811081848,27.595817860506095,0.0
5,0.70710677,0.21213204,0.0701,0.005716443181545683,0.23427137552871705,40.982017679282144,0.0
6,0.8485281,0.21213204,0.0701,0.004042135611804359,0.036183774742140615,8.951647895353176,0.0
7,0.9899494,0.28284273,0.0701,0.004042135611804359,0.09061628674981693,22.417923457389136,0.0
