Tile Number, Tile x cohordinate [m], Tile y cohordinate [m], area_m2[m2], Tile z cohordinate [m],absorbedPARTile [umol^s-1],absorbedPARTilem2 [umol m^-2 m^-1],Thermal time[dd]
1,0.1118034,0.0,0.0701,0.00108033979058772,0.007255521335769644,6.715962328687847,0.0
2,0.22360681,0.0559017,0.0701,0.0012078565728149138,0.008444810253977059,6.991567081757398,0.0
3,0.3354102,0.0559017,0.0701,0.00108033979058772,0.009657716240647669,8.939517293345029,0.0
4,0.44721362,0.1118034,0.0701,0.00108033979058772,0.0091853014037919,8.502233726663876,0.0
5,0.559017,0.1677051,0.0701,0.0012078565728149138,0.005480375970507611,4.537273790492836,0.0
6,0.6708204,0.1677051,0.0701,0.00108033979058772,0.008612102418670824,7.971660854947979,0.0
7,0.7826238,0.22360681,0.0701,0.00108033979058772,0.0022999974279808806,2.1289574335956374,0.0
