Tile Number, Tile x cohordinate [m], Tile y cohordinate [m], area_m2[m2], Tile z cohordinate [m],absorbedPARTile [umol^s-1],absorbedPARTilem2 [umol m^-2 m^-1],Thermal time[dd]
1,0.14142136,0.0,0.0701,0.004042135611804359,0.18691264219814935,46.24106169330471,0.0
2,0.28284273,0.07071068,0.0701,0.005716443181545683,0.18466503728294376,32.304184860805655,0.0
3,0.4242641,0.07071068,0.0701,0.004042135611804359,0.11629969639589785,28.771844283567493,0.0
4,0.56568545,0.14142136,0.0701,0.004042135611804359,0.09496049644614767,23.49265476616666,0.0
5,0.70710677,0.21213204,0.0701,0.005716443181545683,0.18082231171016694,31.631961687979896,0.0
6,0.8485281,0.21213204,0.0701,0.004042135611804359,0.11578696272386707,28.64499706188264,0.0
7,0.9899494,0.28284273,0.0701,0.004042135611804359,0.0971023076105396,24.02252594568304,0.0
