Tile Number, Tile x cohordinate [m], Tile y cohordinate [m], area_m2[m2], Tile z cohordinate [m],absorbedPARTile [umol^s-1],absorbedPARTilem2 [umol m^-2 m^-1],Thermal time[dd]
1,0.14142136,0.0,0.0701,0.004042135611804359,0.23039814603637698,56.99911338044645,0.0
2,0.28284273,0.07071068,0.0701,0.005716443181545683,0.4439831249060059,77.66772288392731,0.0
3,0.4242641,0.07071068,0.0701,0.004042135611804359,0.30900771238586433,76.4466465408683,0.0
4,0.56568545,0.14142136,0.0701,0.004042135611804359,0.24401000084442137,60.366604260340075,0.0
5,0.70710677,0.21213204,0.0701,0.005716443181545683,0.33743135912597655,59.0282013499761,0.0
6,0.8485281,0.21213204,0.0701,0.004042135611804359,0.26881251374191284,66.50259653755612,0.0
7,0.9899494,0.28284273,0.0701,0.004042135611804359,0.23446855522613527,58.00610809330848,0.0
