Tile Number, Tile x cohordinate [m], Tile y cohordinate [m], area_m2[m2], Tile z cohordinate [m],absorbedPARTile [umol^s-1],absorbedPARTilem2 [umol m^-2 m^-1],Thermal time[dd]
1,0.1118034,0.0,0.0701,0.00108033979058772,0.007639643870990221,7.071519477065774,0.0
2,0.22360681,0.0559017,0.0701,0.0012078565728149138,0.008952088857316375,7.411549565403698,0.0
3,0.3354102,0.0559017,0.0701,0.00108033979058772,0.0027260856853558307,2.5233595106895046,0.0
4,0.44721362,0.1118034,0.0701,0.00108033979058772,0.004511726107183899,4.176210250230121,0.0
5,0.559017,0.1677051,0.0701,0.0012078565728149138,0.00384763337069932,3.185505181076589,0.0
6,0.6708204,0.1677051,0.0701,0.00108033979058772,0.007012836925236128,6.491325216690433,0.0
7,0.7826238,0.22360681,0.0701,0.00108033979058772,0.0023914915921780327,2.213647606996895,0.0
