Tile Number, Tile x cohordinate [m], Tile y cohordinate [m], area_m2[m2], Tile z cohordinate [m],absorbedPARTile [umol^s-1],absorbedPARTilem2 [umol m^-2 m^-1],Thermal time[dd]
1,0.1118034,0.0,0.0701,0.00108033979058772,0.002255081089477844,2.0873813119954123,0.0
2,0.22360681,0.0559017,0.0701,0.0012078565728149138,0.0035819667083985163,2.9655563326121834,0.0
3,0.3354102,0.0559017,0.0701,0.00108033979058772,9.943729836087002E-4,0.9204261402495852,0.0
4,0.44721362,0.1118034,0.0701,0.00108033979058772,0.0027168251876723997,2.514787672676954,0.0
5,0.559017,0.1677051,0.0701,0.0012078565728149138,0.0013597476591842616,1.1257525850237045,0.0
6,0.6708204,0.1677051,0.0701,0.00108033979058772,7.458080106696291E-4,0.6903457756229632,0.0
7,0.7826238,0.22360681,0.0701,0.00108033979058772,0.005476185737494543,5.0689475526171455,0.0
