Tile Number, Tile x cohordinate [m], Tile y cohordinate [m], area_m2[m2], Tile z cohordinate [m],absorbedPARTile [umol^s-1],absorbedPARTilem2 [umol m^-2 m^-1],Thermal time[dd]
1,0.1118034,0.0,0.0701,0.00108033979058772,4.5430147228132884E-4,0.4205172078630766,0.0
2,0.22360681,0.0559017,0.0701,0.0012078565728149138,8.775310009912677E-4,0.7265192082750179,0.0
3,0.3354102,0.0559017,0.0701,0.00108033979058772,0.0011618428396117952,1.075442050486483,0.0
4,0.44721362,0.1118034,0.0701,0.00108033979058772,0.0011345024555360949,1.0501348422230286,0.0
5,0.559017,0.1677051,0.0701,0.0012078565728149138,9.77580385711238E-4,0.8093513813755085,0.0
6,0.6708204,0.1677051,0.0701,0.00108033979058772,0.014955746229908263,13.843557703055748,0.0
7,0.7826238,0.22360681,0.0701,0.00108033979058772,0.001674484981312093,1.5499614064952192,0.0
