Tile Number, Tile x cohordinate [m], Tile y cohordinate [m], area_m2[m2], Tile z cohordinate [m],absorbedPARTile [umol^s-1],absorbedPARTilem2 [umol m^-2 m^-1],Thermal time[dd]
1,0.1118034,0.0,0.0701,0.00108033979058772,0.01106703043444224,10.24402741698667,0.0
2,0.22360681,0.0559017,0.0701,0.0012078565728149138,0.006056581158021597,5.01432148016276,0.0
3,0.3354102,0.0559017,0.0701,0.00108033979058772,0.011291336280320172,10.451652691767956,0.0
4,0.44721362,0.1118034,0.0701,0.00108033979058772,0.0063353834160531485,5.864250739673868,0.0
5,0.559017,0.1677051,0.0701,0.0012078565728149138,0.004887300234700994,4.046258756791897,0.0
6,0.6708204,0.1677051,0.0701,0.00108033979058772,0.007552689164851473,6.991031183571148,0.0
7,0.7826238,0.22360681,0.0701,0.00108033979058772,0.008124046725572704,7.51989956896164,0.0
