Tile Number, Tile x cohordinate [m], Tile y cohordinate [m], area_m2[m2], Tile z cohordinate [m],absorbedPARTile [umol^s-1],absorbedPARTilem2 [umol m^-2 m^-1],Thermal time[dd]
1,0.1118034,0.0,0.0701,0.00108033979058772,0.009668247926693163,8.949265787418144,0.0
2,0.22360681,0.0559017,0.0701,0.0012078565728149138,0.007117577216403792,5.892733770381573,0.0
3,0.3354102,0.0559017,0.0701,0.00108033979058772,0.010872684798253578,10.064134351969658,0.0
4,0.44721362,0.1118034,0.0701,0.00108033979058772,0.007191804712452255,6.656984011058051,0.0
5,0.559017,0.1677051,0.0701,0.0012078565728149138,0.009082759005325017,7.519733062475802,0.0
6,0.6708204,0.1677051,0.0701,0.00108033979058772,0.007146671221605833,6.615206885713192,0.0
7,0.7826238,0.22360681,0.0701,0.00108033979058772,0.006330249707009612,5.859498800433767,0.0
