Tile Number, Tile x cohordinate [m], Tile y cohordinate [m], area_m2[m2], Tile z cohordinate [m],absorbedPARTile [umol^s-1],absorbedPARTilem2 [umol m^-2 m^-1],Thermal time[dd]
1,0.1118034,0.0,0.0701,0.00108033979058772,0.006867069605179086,6.356397926844205,0.0
2,0.22360681,0.0559017,0.0701,0.0012078565728149138,0.0038609997575763276,3.1965713847781236,0.0
3,0.3354102,0.0559017,0.0701,0.00108033979058772,0.002602512584022491,2.408975959875261,0.0
4,0.44721362,0.1118034,0.0701,0.00108033979058772,0.0025345002486309386,2.3460213820802944,0.0
5,0.559017,0.1677051,0.0701,0.0012078565728149138,0.009170521927632317,7.592393115235848,0.0
6,0.6708204,0.1677051,0.0701,0.00108033979058772,0.012234939868609535,11.325084917916017,0.0
7,0.7826238,0.22360681,0.0701,0.00108033979058772,0.0029306962209147166,2.7127541227749994,0.0
