Tile Number, Tile x cohordinate [m], Tile y cohordinate [m], area_m2[m2], Tile z cohordinate [m],absorbedPARTile [umol^s-1],absorbedPARTilem2 [umol m^-2 m^-1],Thermal time[dd]
1,0.14142136,0.0,0.0701,0.004042135611804359,0.2142012355543772,52.9920952995341,0.0
2,0.28284273,0.07071068,0.0701,0.005716443181545683,0.24709303314145414,43.224960923103595,0.0
3,0.4242641,0.07071068,0.0701,0.004042135611804359,0.08773273365694287,21.704549793117916,0.0
4,0.56568545,0.14142136,0.0701,0.004042135611804359,0.07236169494002959,17.901847411727044,0.0
5,0.70710677,0.21213204,0.0701,0.005716443181545683,0.22409783795852664,39.20232054120274,0.0
6,0.8485281,0.21213204,0.0701,0.004042135611804359,0.07229291234370115,17.88483101175086,0.0
7,0.9899494,0.28284273,0.0701,0.004042135611804359,0.0730986317316284,18.084161134563733,0.0
