Tile Number, Tile x cohordinate [m], Tile y cohordinate [m], area_m2[m2], Tile z cohordinate [m],absorbedPARTile [umol^s-1],absorbedPARTilem2 [umol m^-2 m^-1],Thermal time[dd]
1,0.1118034,0.0,0.0701,0.00108033979058772,0.011146078725321116,10.31719725814921,0.0
2,0.22360681,0.0559017,0.0701,0.0012078565728149138,0.0019386066152088577,1.604997363793723,0.0
3,0.3354102,0.0559017,0.0701,0.00108033979058772,8.003270331237186E-4,0.7408104747195599,0.0
4,0.44721362,0.1118034,0.0701,0.00108033979058772,8.39419573048425E-4,0.7769958862588677,0.0
5,0.559017,0.1677051,0.0701,0.0012078565728149138,0.004327956632363688,3.5831709904739526,0.0
6,0.6708204,0.1677051,0.0701,0.00108033979058772,0.00258779535320492,2.3953531803148,0.0
7,0.7826238,0.22360681,0.0701,0.00108033979058772,0.0019443174581354537,1.799727710739709,0.0
