Tile Number, Tile x cohordinate [m], Tile y cohordinate [m], area_m2[m2], Tile z cohordinate [m],absorbedPARTile [umol^s-1],absorbedPARTilem2 [umol m^-2 m^-1],Thermal time[dd]
1,0.14142136,0.0,0.0701,0.004042135611804359,0.0657963086065809,16.277610383588847,0.0
2,0.28284273,0.07071068,0.0701,0.005716443181545683,0.2257559229412079,39.49237590080712,0.0
3,0.4242641,0.07071068,0.0701,0.004042135611804359,0.17486545225054423,43.260659474135366,0.0
4,0.56568545,0.14142136,0.0701,0.004042135611804359,0.055066204703369585,13.623047317501728,0.0
5,0.70710677,0.21213204,0.0701,0.005716443181545683,0.3120657530794779,54.590895626657435,0.0
6,0.8485281,0.21213204,0.0701,0.004042135611804359,0.1420953290325006,35.153528401554794,0.0
7,0.9899494,0.28284273,0.0701,0.004042135611804359,0.02230534677035089,5.518208420621014,0.0
