Tile Number, Tile x cohordinate [m], Tile y cohordinate [m], area_m2[m2], Tile z cohordinate [m],absorbedPARTile [umol^s-1],absorbedPARTilem2 [umol m^-2 m^-1],Thermal time[dd]
1,0.1118034,0.0,0.0701,0.00108033979058772,0.013148849905150039,12.171031762142984,0.0
2,0.22360681,0.0559017,0.0701,0.0012078565728149138,0.003081477527820073,2.551194899439657,0.0
3,0.3354102,0.0559017,0.0701,0.00108033979058772,0.0027307952287121493,2.5277188274501663,0.0
4,0.44721362,0.1118034,0.0701,0.00108033979058772,0.005728978586949619,5.302941386462286,0.0
5,0.559017,0.1677051,0.0701,0.0012078565728149138,0.006641575368332424,5.498645714908195,0.0
6,0.6708204,0.1677051,0.0701,0.00108033979058772,0.00455758084880074,4.218654990316845,0.0
7,0.7826238,0.22360681,0.0701,0.00108033979058772,0.006782003115297471,6.277657431841853,0.0
