Tile Number, Tile x cohordinate [m], Tile y cohordinate [m], area_m2[m2], Tile z cohordinate [m],absorbedPARTile [umol^s-1],absorbedPARTilem2 [umol m^-2 m^-1],Thermal time[dd]
1,0.1118034,0.0,0.0701,0.00108033979058772,0.013519256687863553,12.513893134037847,0.0
2,0.22360681,0.0559017,0.0701,0.0012078565728149138,0.013467696744703625,11.15007944471181,0.0
3,0.3354102,0.0559017,0.0701,0.00108033979058772,0.004531001826838221,4.194052525246055,0.0
4,0.44721362,0.1118034,0.0701,0.00108033979058772,0.008158277530505605,7.551584789881143,0.0
5,0.559017,0.1677051,0.0701,0.0012078565728149138,0.007227673344638805,5.983883771725221,0.0
6,0.6708204,0.1677051,0.0701,0.00108033979058772,0.042582029662497835,39.41540433249489,0.0
7,0.7826238,0.22360681,0.0701,0.00108033979058772,0.0029789284514223522,2.757399549082399,0.0
