Tile Number, Tile x cohordinate [m], Tile y cohordinate [m], area_m2[m2], Tile z cohordinate [m],absorbedPARTile [umol^s-1],absorbedPARTilem2 [umol m^-2 m^-1],Thermal time[dd]
1,0.1118034,0.0,0.0701,0.00108033979058772,0.016374478968323516,15.156785958439587,0.0
2,0.22360681,0.0559017,0.0701,0.0012078565728149138,0.01580152612847842,13.082286824546486,0.0
3,0.3354102,0.0559017,0.0701,0.00108033979058772,0.011896748996676709,11.012043710992735,0.0
4,0.44721362,0.1118034,0.0701,0.00108033979058772,0.03632049230290279,33.61950806527633,0.0
5,0.559017,0.1677051,0.0701,0.0012078565728149138,0.006416905739496013,5.312638838021465,0.0
6,0.6708204,0.1677051,0.0701,0.00108033979058772,0.013042172834195042,12.072287763371113,0.0
7,0.7826238,0.22360681,0.0701,0.00108033979058772,0.0041822614019706,3.8712462860369063,0.0
