Tile Number, Tile x cohordinate [m], Tile y cohordinate [m], area_m2[m2], Tile z cohordinate [m],absorbedPARTile [umol^s-1],absorbedPARTilem2 [umol m^-2 m^-1],Thermal time[dd]
1,0.14142136,0.0,0.0701,0.004042135611804359,0.1843561103329468,45.60859111074022,0.0
2,0.28284273,0.07071068,0.0701,0.005716443181545683,0.24533689990081783,42.91775359419922,0.0
3,0.4242641,0.07071068,0.0701,0.004042135611804359,0.2030892578312683,50.243058950862796,0.0
4,0.56568545,0.14142136,0.0701,0.004042135611804359,0.18674394424591068,46.19932683617967,0.0
5,0.70710677,0.21213204,0.0701,0.005716443181545683,0.3006737732112884,52.59805156149361,0.0
6,0.8485281,0.21213204,0.0701,0.004042135611804359,0.18661042069473266,46.16629391398179,0.0
7,0.9899494,0.28284273,0.0701,0.004042135611804359,0.2948690271696472,72.94882099168892,0.0
