Tile Number, Tile x cohordinate [m], Tile y cohordinate [m], area_m2[m2], Tile z cohordinate [m],absorbedPARTile [umol^s-1],absorbedPARTilem2 [umol m^-2 m^-1],Thermal time[dd]
1,0.14142136,0.0,0.0701,0.004042135611804359,0.24989627305541995,61.82283254565755,0.0
2,0.28284273,0.07071068,0.0701,0.005716443181545683,0.24207226266265874,42.34665769864334,0.0
3,0.4242641,0.07071068,0.0701,0.004042135611804359,0.08748542317780136,21.643366670409396,0.0
4,0.56568545,0.14142136,0.0701,0.004042135611804359,0.1482145553698731,36.66738813439066,0.0
5,0.70710677,0.21213204,0.0701,0.005716443181545683,0.04914707104839087,8.597491392383938,0.0
6,0.8485281,0.21213204,0.0701,0.004042135611804359,0.08100921728947282,20.041192347159104,0.0
7,0.9899494,0.28284273,0.0701,0.004042135611804359,0.07539885524550917,18.653222575046673,0.0
