Tile Number, Tile x cohordinate [m], Tile y cohordinate [m], area_m2[m2], Tile z cohordinate [m],absorbedPARTile [umol^s-1],absorbedPARTilem2 [umol m^-2 m^-1],Thermal time[dd]
1,0.14142136,0.0,0.0701,0.004042135611804359,0.10567597629285336,26.14359992877154,0.0
2,0.28284273,0.07071068,0.0701,0.005716443181545683,0.259685921366272,45.42788463368491,0.0
3,0.4242641,0.07071068,0.0701,0.004042135611804359,0.042599162881014355,10.538776273762526,0.0
4,0.56568545,0.14142136,0.0701,0.004042135611804359,0.09736289074635983,24.08699264369763,0.0
5,0.70710677,0.21213204,0.0701,0.005716443181545683,0.110165852940979,19.271748085702303,0.0
6,0.8485281,0.21213204,0.0701,0.004042135611804359,0.04405081334440707,10.897905853471189,0.0
7,0.9899494,0.28284273,0.0701,0.004042135611804359,0.10309065514745712,25.504007051717576,0.0
