Tile Number, Tile x cohordinate [m], Tile y cohordinate [m], area_m2[m2], Tile z cohordinate [m],absorbedPARTile [umol^s-1],absorbedPARTilem2 [umol m^-2 m^-1],Thermal time[dd]
1,0.1118034,0.0,0.0701,0.00108033979058772,0.0031760992025367954,2.9399076385115404,0.0
2,0.22360681,0.0559017,0.0701,0.0012078565728149138,0.001465401561951283,1.2132248107373873,0.0
3,0.3354102,0.0559017,0.0701,0.00108033979058772,7.959799696460657E-4,0.736786681913328,0.0
4,0.44721362,0.1118034,0.0701,0.00108033979058772,0.003698712169354495,3.423656336255415,0.0
5,0.559017,0.1677051,0.0701,0.0012078565728149138,0.0013989292509796912,1.158191529081538,0.0
6,0.6708204,0.1677051,0.0701,0.00108033979058772,0.005073292093589639,4.6960152146480665,0.0
7,0.7826238,0.22360681,0.0701,0.00108033979058772,0.0019609188873770562,1.815094569746699,0.0
