Tile Number, Tile x cohordinate [m], Tile y cohordinate [m], area_m2[m2], Tile z cohordinate [m],absorbedPARTile [umol^s-1],absorbedPARTilem2 [umol m^-2 m^-1],Thermal time[dd]
1,0.14142136,0.0,0.0701,0.004042135611804359,0.06934531343207359,17.155612797740524,0.0
2,0.28284273,0.07071068,0.0701,0.005716443181545683,0.18514739600952151,32.38856577936966,0.0
3,0.4242641,0.07071068,0.0701,0.004042135611804359,0.08600288673192978,21.276596084696713,0.0
4,0.56568545,0.14142136,0.0701,0.004042135611804359,0.11208403171324731,27.728914236802257,0.0
5,0.70710677,0.21213204,0.0701,0.005716443181545683,0.02363244183272303,4.134116457068151,0.0
6,0.8485281,0.21213204,0.0701,0.004042135611804359,0.07833947061907769,19.38071310381096,0.0
7,0.9899494,0.28284273,0.0701,0.004042135611804359,0.07455246320183516,18.443830282219515,0.0
