Tile Number, Tile x cohordinate [m], Tile y cohordinate [m], area_m2[m2], Tile z cohordinate [m],absorbedPARTile [umol^s-1],absorbedPARTilem2 [umol m^-2 m^-1],Thermal time[dd]
1,0.14142136,0.0,0.0701,0.004042135611804359,0.0759719259952259,18.794996826272477,0.0
2,0.28284273,0.07071068,0.0701,0.005716443181545683,0.07033959563711166,12.304783482181374,0.0
3,0.4242641,0.07071068,0.0701,0.004042135611804359,0.09966093273086549,24.655514386954987,0.0
4,0.56568545,0.14142136,0.0701,0.004042135611804359,0.10274742451772689,25.4190938615891,0.0
5,0.70710677,0.21213204,0.0701,0.005716443181545683,0.3320279572857666,58.08296290911244,0.0
6,0.8485281,0.21213204,0.0701,0.004042135611804359,0.09105841860268592,22.52730421432807,0.0
7,0.9899494,0.28284273,0.0701,0.004042135611804359,0.07309842716254235,18.084110525404196,0.0
