Tile Number, Tile x cohordinate [m], Tile y cohordinate [m], area_m2[m2], Tile z cohordinate [m],absorbedPARTile [umol^s-1],absorbedPARTilem2 [umol m^-2 m^-1],Thermal time[dd]
1,0.14142136,0.0,0.0701,0.004042135611804359,0.07793510678451536,19.28067592708155,0.0
2,0.28284273,0.07071068,0.0701,0.005716443181545683,0.22824208438568117,39.92728994884652,0.0
3,0.4242641,0.07071068,0.0701,0.004042135611804359,0.13671190197443006,33.821700977865895,0.0
4,0.56568545,0.14142136,0.0701,0.004042135611804359,0.08386452819198607,20.747579063669757,0.0
5,0.70710677,0.21213204,0.0701,0.005716443181545683,0.13152695904380798,23.00853080608143,0.0
6,0.8485281,0.21213204,0.0701,0.004042135611804359,0.12032683719947816,29.768134658343573,0.0
7,0.9899494,0.28284273,0.0701,0.004042135611804359,0.1748786296679688,43.2639194878237,0.0
