Tile Number, Tile x cohordinate [m], Tile y cohordinate [m], area_m2[m2], Tile z cohordinate [m],absorbedPARTile [umol^s-1],absorbedPARTilem2 [umol m^-2 m^-1],Thermal time[dd]
1,0.1118034,0.0,0.0701,0.00108033979058772,0.01630336601979299,15.09096134552605,0.0
2,0.22360681,0.0559017,0.0701,0.0012078565728149138,0.016726565346526723,13.84813869708504,0.0
3,0.3354102,0.0559017,0.0701,0.00108033979058772,0.016344826692996736,15.129338783407137,0.0
4,0.44721362,0.1118034,0.0701,0.00108033979058772,0.015031423060011604,13.913606803128394,0.0
5,0.559017,0.1677051,0.0701,0.0012078565728149138,0.007622784699743026,6.311001547127488,0.0
6,0.6708204,0.1677051,0.0701,0.00108033979058772,0.005249219333921317,4.8588595733067175,0.0
7,0.7826238,0.22360681,0.0701,0.00108033979058772,0.0035860954907936155,3.3194144305679325,0.0
