Tile Number, Tile x cohordinate [m], Tile y cohordinate [m], area_m2[m2], Tile z cohordinate [m],absorbedPARTile [umol^s-1],absorbedPARTilem2 [umol m^-2 m^-1],Thermal time[dd]
1,0.1118034,0.0,0.0701,0.00108033979058772,0.009488215833247304,8.782621834270847,0.0
2,0.22360681,0.0559017,0.0701,0.0012078565728149138,0.00790521768340806,6.544831448807638,0.0
3,0.3354102,0.0559017,0.0701,0.00108033979058772,0.004317613204605778,3.9965326115193225,0.0
4,0.44721362,0.1118034,0.0701,0.00108033979058772,0.009052592279607296,8.379393556061245,0.0
5,0.559017,0.1677051,0.0701,0.0012078565728149138,0.010104710623354166,8.365819958080872,0.0
6,0.6708204,0.1677051,0.0701,0.00108033979058772,0.020168387966946363,18.668559783375635,0.0
7,0.7826238,0.22360681,0.0701,0.00108033979058772,0.007349860542414412,6.803285972106965,0.0
