Tile Number, Tile x cohordinate [m], Tile y cohordinate [m], area_m2[m2], Tile z cohordinate [m],absorbedPARTile [umol^s-1],absorbedPARTilem2 [umol m^-2 m^-1],Thermal time[dd]
1,0.14142136,0.0,0.0701,0.004042135611804359,0.22264363958343505,55.08069519816276,0.0
2,0.28284273,0.07071068,0.0701,0.005716443181545683,0.23756434546569824,41.558069925828015,0.0
3,0.4242641,0.07071068,0.0701,0.004042135611804359,0.09752498746751369,24.127094396018975,0.0
4,0.56568545,0.14142136,0.0701,0.004042135611804359,0.10470444473672368,25.90324887441985,0.0
5,0.70710677,0.21213204,0.0701,0.005716443181545683,0.08868537931201935,15.514083932176773,0.0
6,0.8485281,0.21213204,0.0701,0.004042135611804359,0.04576491253968269,11.321963668421754,0.0
7,0.9899494,0.28284273,0.0701,0.004042135611804359,0.18539670266197203,45.86602738427502,0.0
