Tile Number, Tile x cohordinate [m], Tile y cohordinate [m], area_m2[m2], Tile z cohordinate [m],absorbedPARTile [umol^s-1],absorbedPARTilem2 [umol m^-2 m^-1],Thermal time[dd]
1,0.1118034,0.0,0.0701,0.00108033979058772,0.029707479937416913,27.49827433575841,0.0
2,0.22360681,0.0559017,0.0701,0.0012078565728149138,0.02367917424011249,19.60429307010194,0.0
3,0.3354102,0.0559017,0.0701,0.00108033979058772,0.022527749669617864,20.85246684967741,0.0
4,0.44721362,0.1118034,0.0701,0.00108033979058772,0.020059631009029927,18.56789056905625,0.0
5,0.559017,0.1677051,0.0701,0.0012078565728149138,0.0223742241972217,18.523908136773635,0.0
6,0.6708204,0.1677051,0.0701,0.00108033979058772,0.015076133682826235,13.954992507148708,0.0
7,0.7826238,0.22360681,0.0701,0.00108033979058772,0.02085111769825183,19.30051811468365,0.0
