Tile Number, Tile x cohordinate [m], Tile y cohordinate [m], area_m2[m2], Tile z cohordinate [m],absorbedPARTile [umol^s-1],absorbedPARTilem2 [umol m^-2 m^-1],Thermal time[dd]
1,0.14142136,0.0,0.0701,0.004042135611804359,0.059521769016748674,14.72532708772205,0.0
2,0.28284273,0.07071068,0.0701,0.005716443181545683,0.08968957383701005,15.689751649514108,0.0
3,0.4242641,0.07071068,0.0701,0.004042135611804359,0.08316934761309425,20.57559557631182,0.0
4,0.56568545,0.14142136,0.0701,0.004042135611804359,0.05908600903635521,14.617522693648555,0.0
5,0.70710677,0.21213204,0.0701,0.005716443181545683,0.2322592340283712,40.63002581363366,0.0
6,0.8485281,0.21213204,0.0701,0.004042135611804359,0.16154949905529023,39.96637287069558,0.0
7,0.9899494,0.28284273,0.0701,0.004042135611804359,0.13103542525928816,32.4173748343875,0.0
