Tile Number, Tile x cohordinate [m], Tile y cohordinate [m], area_m2[m2], Tile z cohordinate [m],absorbedPARTile [umol^s-1],absorbedPARTilem2 [umol m^-2 m^-1],Thermal time[dd]
1,0.1118034,0.0,0.0701,0.00108033979058772,0.0021300357193388083,1.9716349780841074,0.0
2,0.22360681,0.0559017,0.0701,0.0012078565728149138,0.004915957759830424,4.069984690627438,0.0
3,0.3354102,0.0559017,0.0701,0.00108033979058772,0.004090118748734538,3.7859558486774394,0.0
4,0.44721362,0.1118034,0.0701,0.00108033979058772,0.003922528701926675,3.6308286856608003,0.0
5,0.559017,0.1677051,0.0701,0.0012078565728149138,0.012704351029650014,10.518095704064002,0.0
6,0.6708204,0.1677051,0.0701,0.00108033979058772,0.002382269722927936,2.2051115248027178,0.0
7,0.7826238,0.22360681,0.0701,0.00108033979058772,0.006879200555898913,6.367626755797389,0.0
