Tile Number, Tile x cohordinate [m], Tile y cohordinate [m], area_m2[m2], Tile z cohordinate [m],absorbedPARTile [umol^s-1],absorbedPARTilem2 [umol m^-2 m^-1],Thermal time[dd]
1,0.14142136,0.0,0.0701,0.004042135611804359,0.18508860761596685,45.78980652589871,0.0
2,0.28284273,0.07071068,0.0701,0.005716443181545683,0.21824062926910404,38.177695874533896,0.0
3,0.4242641,0.07071068,0.0701,0.004042135611804359,0.17132352434906004,42.38440784835107,0.0
4,0.56568545,0.14142136,0.0701,0.004042135611804359,0.21447935188720704,53.06089960486658,0.0
5,0.70710677,0.21213204,0.0701,0.005716443181545683,0.2695260248348999,47.14925282647909,0.0
6,0.8485281,0.21213204,0.0701,0.004042135611804359,0.2252089118008423,55.71532809120964,0.0
7,0.9899494,0.28284273,0.0701,0.004042135611804359,0.18985035087677002,46.967833123249214,0.0
