Tile Number, Tile x cohordinate [m], Tile y cohordinate [m], area_m2[m2], Tile z cohordinate [m],absorbedPARTile [umol^s-1],absorbedPARTilem2 [umol m^-2 m^-1],Thermal time[dd]
1,0.14142136,0.0,0.0701,0.004042135611804359,0.036322858769099145,8.986056445762113,0.0
2,0.28284273,0.07071068,0.0701,0.005716443181545683,0.2957808260566712,51.74210897635378,0.0
3,0.4242641,0.07071068,0.0701,0.004042135611804359,0.04926165077541539,12.187035643127667,0.0
4,0.56568545,0.14142136,0.0701,0.004042135611804359,0.08032157154612579,19.871072932724104,0.0
5,0.70710677,0.21213204,0.0701,0.005716443181545683,0.051237838260452015,8.963237564551056,0.0
6,0.8485281,0.21213204,0.0701,0.004042135611804359,0.02974071537887407,7.357673822724166,0.0
7,0.9899494,0.28284273,0.0701,0.004042135611804359,0.15570456600208285,38.52037164398308,0.0
