Tile Number, Tile x cohordinate [m], Tile y cohordinate [m], area_m2[m2], Tile z cohordinate [m],absorbedPARTile [umol^s-1],absorbedPARTilem2 [umol m^-2 m^-1],Thermal time[dd]
1,0.1118034,0.0,0.0701,0.00108033979058772,0.00245037195771966,2.268149316602162,0.0
2,0.22360681,0.0559017,0.0701,0.0012078565728149138,5.193439475265856E-4,0.4299715373624642,0.0
3,0.3354102,0.0559017,0.0701,0.00108033979058772,9.800785087849234E-4,0.907194678307412,0.0
4,0.44721362,0.1118034,0.0701,0.00108033979058772,5.984283922549947E-4,0.5539260864671487,0.0
5,0.559017,0.1677051,0.0701,0.0012078565728149138,0.0026681672296354508,2.2090099848670595,0.0
6,0.6708204,0.1677051,0.0701,0.00108033979058772,0.007898336122245756,7.310974001937808,0.0
7,0.7826238,0.22360681,0.0701,0.00108033979058772,0.0046662634166961415,4.319255346651287,0.0
