Tile Number, Tile x cohordinate [m], Tile y cohordinate [m], area_m2[m2], Tile z cohordinate [m],absorbedPARTile [umol^s-1],absorbedPARTilem2 [umol m^-2 m^-1],Thermal time[dd]
1,0.14142136,0.0,0.0701,0.004042135611804359,0.14625315563341776,36.18214965532345,0.0
2,0.28284273,0.07071068,0.0701,0.005716443181545683,0.32101526143569953,56.15646849635956,0.0
3,0.4242641,0.07071068,0.0701,0.004042135611804359,0.267213372928365,66.10697873372048,0.0
4,0.56568545,0.14142136,0.0701,0.004042135611804359,0.29230444562021896,72.31435896573936,0.0
5,0.70710677,0.21213204,0.0701,0.005716443181545683,0.2313310766834259,40.467659580738754,0.0
6,0.8485281,0.21213204,0.0701,0.004042135611804359,0.08880103334405025,21.968840700129444,0.0
7,0.9899494,0.28284273,0.0701,0.004042135611804359,0.12789772702435653,31.64112719297524,0.0
