Tile Number, Tile x cohordinate [m], Tile y cohordinate [m], area_m2[m2], Tile z cohordinate [m],absorbedPARTile [umol^s-1],absorbedPARTilem2 [umol m^-2 m^-1],Thermal time[dd]
1,0.1118034,0.0,0.0701,0.00108033979058772,0.009348140258774989,8.65296302165217,0.0
2,0.22360681,0.0559017,0.0701,0.0012078565728149138,0.006168945204790337,5.107349120445311,0.0
3,0.3354102,0.0559017,0.0701,0.00108033979058772,0.005435336232083579,5.031135832853736,0.0
4,0.44721362,0.1118034,0.0701,0.00108033979058772,0.007104940809134351,6.576579767805428,0.0
5,0.559017,0.1677051,0.0701,0.0012078565728149138,0.006729757156651521,5.571652552229607,0.0
6,0.6708204,0.1677051,0.0701,0.00108033979058772,0.006862287394013985,6.351971346238026,0.0
7,0.7826238,0.22360681,0.0701,0.00108033979058772,0.003038284122341312,2.81234121783892,0.0
