Tile Number, Tile x cohordinate [m], Tile y cohordinate [m], area_m2[m2], Tile z cohordinate [m],absorbedPARTile [umol^s-1],absorbedPARTilem2 [umol m^-2 m^-1],Thermal time[dd]
1,0.1118034,0.0,0.0701,0.00108033979058772,0.005039284343769195,4.664536461281089,0.0
2,0.22360681,0.0559017,0.0701,0.0012078565728149138,0.002740088075190251,2.268554178419104,0.0
3,0.3354102,0.0559017,0.0701,0.00108033979058772,0.004751297885634273,4.397966201957165,0.0
4,0.44721362,0.1118034,0.0701,0.00108033979058772,0.006941967788325764,6.425726284273244,0.0
5,0.559017,0.1677051,0.0701,0.0012078565728149138,0.006898661351573078,5.7114905087577785,0.0
6,0.6708204,0.1677051,0.0701,0.00108033979058772,8.291276282115527E-4,0.7674693049679265,0.0
7,0.7826238,0.22360681,0.0701,0.00108033979058772,0.0016733168939906144,1.5488801843356215,0.0
