Tile Number, Tile x cohordinate [m], Tile y cohordinate [m], area_m2[m2], Tile z cohordinate [m],absorbedPARTile [umol^s-1],absorbedPARTilem2 [umol m^-2 m^-1],Thermal time[dd]
1,0.14142136,0.0,0.0701,0.004042135611804359,0.04224527194517836,10.45122578812258,0.0
2,0.28284273,0.07071068,0.0701,0.005716443181545683,0.13315816868341446,23.293884755696897,0.0
3,0.4242641,0.07071068,0.0701,0.004042135611804359,0.07498644696359752,18.551195250503852,0.0
4,0.56568545,0.14142136,0.0701,0.004042135611804359,0.12262218748146533,30.33599049061303,0.0
5,0.70710677,0.21213204,0.0701,0.005716443181545683,0.1548105132130432,27.081614965196525,0.0
6,0.8485281,0.21213204,0.0701,0.004042135611804359,0.22701621251689907,56.162443400943154,0.0
7,0.9899494,0.28284273,0.0701,0.004042135611804359,0.03389964161309361,8.386567119147502,0.0
