Tile Number, Tile x cohordinate [m], Tile y cohordinate [m], area_m2[m2], Tile z cohordinate [m],absorbedPARTile [umol^s-1],absorbedPARTilem2 [umol m^-2 m^-1],Thermal time[dd]
1,0.1118034,0.0,0.0701,0.00108033979058772,6.218706319964758E-4,0.5756250370618762,0.0
2,0.22360681,0.0559017,0.0701,0.0012078565728149138,0.003807286246654536,3.152101277870801,0.0
3,0.3354102,0.0559017,0.0701,0.00108033979058772,0.0013777429423993224,1.2752866777681224,0.0
4,0.44721362,0.1118034,0.0701,0.00108033979058772,0.0038291740331706115,3.5444163646767906,0.0
5,0.559017,0.1677051,0.0701,0.0012078565728149138,0.006766856557842349,5.60236762389111,0.0
6,0.6708204,0.1677051,0.0701,0.00108033979058772,0.026957211105740706,24.952530065633894,0.0
7,0.7826238,0.22360681,0.0701,0.00108033979058772,0.011614782419068173,10.751045661985263,0.0
