Tile Number, Tile x cohordinate [m], Tile y cohordinate [m], area_m2[m2], Tile z cohordinate [m],absorbedPARTile [umol^s-1],absorbedPARTilem2 [umol m^-2 m^-1],Thermal time[dd]
1,0.1118034,0.0,0.0701,0.00108033979058772,0.0022754535334441957,2.1062387530929665,0.0
2,0.22360681,0.0559017,0.0701,0.0012078565728149138,5.000956739133132E-4,0.41403564394060344,0.0
3,0.3354102,0.0559017,0.0701,0.00108033979058772,0.0010764169335644412,0.9963688674087025,0.0
4,0.44721362,0.1118034,0.0701,0.00108033979058772,7.899344522638701E-4,0.7311907412334917,0.0
5,0.559017,0.1677051,0.0701,0.0012078565728149138,0.0012947573095755697,1.0719462382508989,0.0
6,0.6708204,0.1677051,0.0701,0.00108033979058772,0.0030567150266230764,2.829401502429324,0.0
7,0.7826238,0.22360681,0.0701,0.00108033979058772,0.006361420393017339,5.88835146908422,0.0
