Tile Number, Tile x cohordinate [m], Tile y cohordinate [m], area_m2[m2], Tile z cohordinate [m],absorbedPARTile [umol^s-1],absorbedPARTilem2 [umol m^-2 m^-1],Thermal time[dd]
1,0.1118034,0.0,0.0701,0.00108033979058772,0.0234077700530134,21.667044254918398,0.0
2,0.22360681,0.0559017,0.0701,0.0012078565728149138,0.010133770734671706,8.38987919820225,0.0
3,0.3354102,0.0559017,0.0701,0.00108033979058772,0.008101793159393814,7.499300895865666,0.0
4,0.44721362,0.1118034,0.0701,0.00108033979058772,0.006834824543082047,6.326550778402606,0.0
5,0.559017,0.1677051,0.0701,0.0012078565728149138,0.012516604820006008,10.362658201077648,0.0
6,0.6708204,0.1677051,0.0701,0.00108033979058772,0.010016961817934086,9.272047466181654,0.0
7,0.7826238,0.22360681,0.0701,0.00108033979058772,0.012179772109069493,11.27401972526026,0.0
