Tile Number, Tile x cohordinate [m], Tile y cohordinate [m], area_m2[m2], Tile z cohordinate [m],absorbedPARTile [umol^s-1],absorbedPARTilem2 [umol m^-2 m^-1],Thermal time[dd]
1,0.1118034,0.0,0.0701,0.00108033979058772,0.012204392783740725,11.296809476119885,0.0
2,0.22360681,0.0559017,0.0701,0.0012078565728149138,0.003389739362096418,2.806408838920849,0.0
3,0.3354102,0.0559017,0.0701,0.00108033979058772,0.014752536653296788,13.655459867187899,0.0
4,0.44721362,0.1118034,0.0701,0.00108033979058772,0.004178256750299279,3.8675394414809525,0.0
5,0.559017,0.1677051,0.0701,0.0012078565728149138,0.002714180766230021,2.247105183941346,0.0
6,0.6708204,0.1677051,0.0701,0.00108033979058772,9.048761279583483E-4,0.8375847449496265,0.0
7,0.7826238,0.22360681,0.0701,0.00108033979058772,0.004449005091688061,4.118153501749426,0.0
