Tile Number, Tile x cohordinate [m], Tile y cohordinate [m], area_m2[m2], Tile z cohordinate [m],absorbedPARTile [umol^s-1],absorbedPARTilem2 [umol m^-2 m^-1],Thermal time[dd]
1,0.1118034,0.0,0.0701,0.00108033979058772,0.004719325087280759,4.3683710702846374,0.0
2,0.22360681,0.0559017,0.0701,0.0012078565728149138,0.007958274233967173,6.58875764977657,0.0
3,0.3354102,0.0559017,0.0701,0.00108033979058772,0.0058284430718770295,5.39500916531666,0.0
4,0.44721362,0.1118034,0.0701,0.00108033979058772,0.0012892451760515712,1.1933700741969375,0.0
5,0.559017,0.1677051,0.0701,0.0012078565728149138,0.0016006068280216578,1.3251629904132063,0.0
6,0.6708204,0.1677051,0.0701,0.00108033979058772,0.003071442068326378,2.843033363286074,0.0
7,0.7826238,0.22360681,0.0701,0.00108033979058772,0.003444319156252734,3.1881813354102015,0.0
