Tile Number, Tile x cohordinate [m], Tile y cohordinate [m], area_m2[m2], Tile z cohordinate [m],absorbedPARTile [umol^s-1],absorbedPARTilem2 [umol m^-2 m^-1],Thermal time[dd]
1,0.1118034,0.0,0.0701,0.00108033979058772,0.0010268818356354585,0.9505174618041426,0.0
2,0.22360681,0.0559017,0.0701,0.0012078565728149138,0.005113392947661655,4.233443823338127,0.0
3,0.3354102,0.0559017,0.0701,0.00108033979058772,7.532641336608406E-4,0.6972474218051844,0.0
4,0.44721362,0.1118034,0.0701,0.00108033979058772,0.0020387946019020204,1.887179033545444,0.0
5,0.559017,0.1677051,0.0701,0.0012078565728149138,0.00128375266373229,1.0628353503433774,0.0
6,0.6708204,0.1677051,0.0701,0.00108033979058772,4.911950719930997E-4,0.45466720403391114,0.0
7,0.7826238,0.22360681,0.0701,0.00108033979058772,6.470989109935588E-4,0.5989772075705255,0.0
