Tile Number, Tile x cohordinate [m], Tile y cohordinate [m], area_m2[m2], Tile z cohordinate [m],absorbedPARTile [umol^s-1],absorbedPARTilem2 [umol m^-2 m^-1],Thermal time[dd]
1,0.1118034,0.0,0.0701,0.00108033979058772,0.010748181683330135,9.948889948303185,0.0
2,0.22360681,0.0559017,0.0701,0.0012078565728149138,0.005188088098662754,4.295284900070459,0.0
3,0.3354102,0.0559017,0.0701,0.00108033979058772,0.004668538524057601,4.321361264975579,0.0
4,0.44721362,0.1118034,0.0701,0.00108033979058772,0.006944436834471827,6.428011719066606,0.0
5,0.559017,0.1677051,0.0701,0.0012078565728149138,0.0015243915394107868,1.2620633721917722,0.0
6,0.6708204,0.1677051,0.0701,0.00108033979058772,4.2713962369697156E-4,0.395375258245928,0.0
7,0.7826238,0.22360681,0.0701,0.00108033979058772,6.299277560087835E-4,0.5830829906450952,0.0
