Tile Number, Tile x cohordinate [m], Tile y cohordinate [m], area_m2[m2], Tile z cohordinate [m],absorbedPARTile [umol^s-1],absorbedPARTilem2 [umol m^-2 m^-1],Thermal time[dd]
1,0.14142136,0.0,0.0701,0.004042135611804359,0.20213714036499023,50.00751082538735,0.0
2,0.28284273,0.07071068,0.0701,0.005716443181545683,0.19214036597106932,33.61187365446988,0.0
3,0.4242641,0.07071068,0.0701,0.004042135611804359,0.15342720216491698,37.95696554980969,0.0
4,0.56568545,0.14142136,0.0701,0.004042135611804359,0.06798209555041791,16.81836090602402,0.0
5,0.70710677,0.21213204,0.0701,0.005716443181545683,0.05579137403022766,9.759805574616434,0.0
6,0.8485281,0.21213204,0.0701,0.004042135611804359,0.13465945227512358,33.31393728648635,0.0
7,0.9899494,0.28284273,0.0701,0.004042135611804359,0.03799933526170612,9.400806630716598,0.0
