Tile Number, Tile x cohordinate [m], Tile y cohordinate [m], area_m2[m2], Tile z cohordinate [m],absorbedPARTile [umol^s-1],absorbedPARTilem2 [umol m^-2 m^-1],Thermal time[dd]
1,0.14142136,0.0,0.0701,0.004042135611804359,0.12224965671546939,30.24382862328032,0.0
2,0.28284273,0.07071068,0.0701,0.005716443181545683,0.3150125388217163,55.106388503723274,0.0
3,0.4242641,0.07071068,0.0701,0.004042135611804359,0.06557705134040831,16.223367456772564,0.0
4,0.56568545,0.14142136,0.0701,0.004042135611804359,0.16849879253421307,41.68558621391658,0.0
5,0.70710677,0.21213204,0.0701,0.005716443181545683,0.25259945766906744,44.18822152987209,0.0
6,0.8485281,0.21213204,0.0701,0.004042135611804359,0.11607531885025023,28.71633463045433,0.0
7,0.9899494,0.28284273,0.0701,0.004042135611804359,0.12018437593780519,29.732890600411196,0.0
