Tile Number, Tile x cohordinate [m], Tile y cohordinate [m], area_m2[m2], Tile z cohordinate [m],absorbedPARTile [umol^s-1],absorbedPARTilem2 [umol m^-2 m^-1],Thermal time[dd]
1,0.1118034,0.0,0.0701,0.00108033979058772,0.006466281301204547,5.985414364573946,0.0
2,0.22360681,0.0559017,0.0701,0.0012078565728149138,0.008609074855289476,7.127563859031705,0.0
3,0.3354102,0.0559017,0.0701,0.00108033979058772,0.0071229377713829985,6.59323838059137,0.0
4,0.44721362,0.1118034,0.0701,0.00108033979058772,0.00516846344004376,4.784109115551547,0.0
5,0.559017,0.1677051,0.0701,0.0012078565728149138,0.0039025005223306142,3.2309304019729956,0.0
6,0.6708204,0.1677051,0.0701,0.00108033979058772,0.0038948357081881498,3.6051950896572134,0.0
7,0.7826238,0.22360681,0.0701,0.00108033979058772,0.0052367860525923925,4.84735089665031,0.0
