Tile Number, Tile x cohordinate [m], Tile y cohordinate [m], area_m2[m2], Tile z cohordinate [m],absorbedPARTile [umol^s-1],absorbedPARTilem2 [umol m^-2 m^-1],Thermal time[dd]
1,0.1118034,0.0,0.0701,0.00108033979058772,0.01573270948566735,14.562741854679386,0.0
2,0.22360681,0.0559017,0.0701,0.0012078565728149138,0.01233808018942818,10.214855362068564,0.0
3,0.3354102,0.0559017,0.0701,0.00108033979058772,0.014488336039499483,13.410906610796614,0.0
4,0.44721362,0.1118034,0.0701,0.00108033979058772,0.00477647305495875,4.421269212309844,0.0
5,0.559017,0.1677051,0.0701,0.0012078565728149138,0.003434870019332991,2.84377309081327,0.0
6,0.6708204,0.1677051,0.0701,0.00108033979058772,0.010368733031743113,9.59765910880907,0.0
7,0.7826238,0.22360681,0.0701,0.00108033979058772,0.004557564307880092,4.218639679466692,0.0
