Tile Number, Tile x cohordinate [m], Tile y cohordinate [m], area_m2[m2], Tile z cohordinate [m],absorbedPARTile [umol^s-1],absorbedPARTilem2 [umol m^-2 m^-1],Thermal time[dd]
1,0.14142136,0.0,0.0701,0.004042135611804359,0.0386825178534317,9.569821888327072,0.0
2,0.28284273,0.07071068,0.0701,0.005716443181545683,0.12311550851955415,21.537082519600002,0.0
3,0.4242641,0.07071068,0.0701,0.004042135611804359,0.07376378556600036,18.248716186212544,0.0
4,0.56568545,0.14142136,0.0701,0.004042135611804359,0.06256325680671691,15.477772844634831,0.0
5,0.70710677,0.21213204,0.0701,0.005716443181545683,0.030841240205183775,5.395180049151566,0.0
6,0.8485281,0.21213204,0.0701,0.004042135611804359,0.02710305116862014,6.705131586745966,0.0
7,0.9899494,0.28284273,0.0701,0.004042135611804359,0.08701995675643444,21.5282130817946,0.0
