Tile Number, Tile x cohordinate [m], Tile y cohordinate [m], area_m2[m2], Tile z cohordinate [m],absorbedPARTile [umol^s-1],absorbedPARTilem2 [umol m^-2 m^-1],Thermal time[dd]
1,0.1118034,0.0,0.0701,0.00108033979058772,5.293822334170549E-4,0.49001456581457914,0.0
2,0.22360681,0.0559017,0.0701,0.0012078565728149138,8.967285664176489E-4,0.7424131197364103,0.0
3,0.3354102,0.0559017,0.0701,0.00108033979058772,0.0014107176379996222,1.3058092003000021,0.0
4,0.44721362,0.1118034,0.0701,0.00108033979058772,0.004054196462829495,3.752704934272536,0.0
5,0.559017,0.1677051,0.0701,0.0012078565728149138,0.001842405510347475,1.525351231109951,0.0
6,0.6708204,0.1677051,0.0701,0.00108033979058772,5.07855249858317E-4,0.47008844280560713,0.0
7,0.7826238,0.22360681,0.0701,0.00108033979058772,0.001137661455651851,1.0530589223534452,0.0
