Tile Number, Tile x cohordinate [m], Tile y cohordinate [m], area_m2[m2], Tile z cohordinate [m],absorbedPARTile [umol^s-1],absorbedPARTilem2 [umol m^-2 m^-1],Thermal time[dd]
1,0.14142136,0.0,0.0701,0.004042135611804359,0.0597340757175962,14.777850486548038,0.0
2,0.28284273,0.07071068,0.0701,0.005716443181545683,0.10201770699660777,17.846360710091577,0.0
3,0.4242641,0.07071068,0.0701,0.004042135611804359,0.0768120200148235,19.00283102588326,0.0
4,0.56568545,0.14142136,0.0701,0.004042135611804359,0.11597977399001615,28.692697407607312,0.0
5,0.70710677,0.21213204,0.0701,0.005716443181545683,0.138771424016879,24.275833697581906,0.0
6,0.8485281,0.21213204,0.0701,0.004042135611804359,0.174396960264655,43.14475737908416,0.0
7,0.9899494,0.28284273,0.0701,0.004042135611804359,0.046416938255294735,11.483270902574885,0.0
