Tile Number, Tile x cohordinate [m], Tile y cohordinate [m], area_m2[m2], Tile z cohordinate [m],absorbedPARTile [umol^s-1],absorbedPARTilem2 [umol m^-2 m^-1],Thermal time[dd]
1,0.1118034,0.0,0.0701,0.00108033979058772,0.010532268232740285,9.749032965832521,0.0
2,0.22360681,0.0559017,0.0701,0.0012078565728149138,0.002168389688255973,1.7952377269451238,0.0
3,0.3354102,0.0559017,0.0701,0.00108033979058772,0.0030734402847332307,2.8448829817341417,0.0
4,0.44721362,0.1118034,0.0701,0.00108033979058772,0.007491400535234213,6.934300301166161,0.0
5,0.559017,0.1677051,0.0701,0.0012078565728149138,0.006474370401765107,5.3602145714011105,0.0
6,0.6708204,0.1677051,0.0701,0.00108033979058772,0.0034305244128092238,3.175412442175226,0.0
7,0.7826238,0.22360681,0.0701,0.00108033979058772,0.004184277137110592,3.8731121204323014,0.0
