Tile Number, Tile x cohordinate [m], Tile y cohordinate [m], area_m2[m2], Tile z cohordinate [m],absorbedPARTile [umol^s-1],absorbedPARTilem2 [umol m^-2 m^-1],Thermal time[dd]
1,0.14142136,0.0,0.0701,0.004042135611804359,0.07864397283134461,19.456045116764134,0.0
2,0.28284273,0.07071068,0.0701,0.005716443181545683,0.16439820723289486,28.758828175467464,0.0
3,0.4242641,0.07071068,0.0701,0.004042135611804359,0.06886797543979406,17.037522253997867,0.0
4,0.56568545,0.14142136,0.0701,0.004042135611804359,0.029128590437418667,7.206237799729837,0.0
5,0.70710677,0.21213204,0.0701,0.005716443181545683,0.026918840138221975,4.709019102144443,0.0
6,0.8485281,0.21213204,0.0701,0.004042135611804359,0.0729408204305172,18.045119569345005,0.0
7,0.9899494,0.28284273,0.0701,0.004042135611804359,0.09900408472337108,24.493014146840284,0.0
