Tile Number, Tile x cohordinate [m], Tile y cohordinate [m], area_m2[m2], Tile z cohordinate [m],absorbedPARTile [umol^s-1],absorbedPARTilem2 [umol m^-2 m^-1],Thermal time[dd]
1,0.14142136,0.0,0.0701,0.004042135611804359,0.1745947167984009,43.193681154221345,0.0
2,0.28284273,0.07071068,0.0701,0.005716443181545683,0.09302735268314365,16.2736424956453,0.0
3,0.4242641,0.07071068,0.0701,0.004042135611804359,0.08491846077302934,21.008315635190375,0.0
4,0.56568545,0.14142136,0.0701,0.004042135611804359,0.2232874842582703,55.23997849211138,0.0
5,0.70710677,0.21213204,0.0701,0.005716443181545683,0.271144572782898,47.43239181633614,0.0
6,0.8485281,0.21213204,0.0701,0.004042135611804359,0.11830205773109437,29.26721641540517,0.0
7,0.9899494,0.28284273,0.0701,0.004042135611804359,0.17418744226173402,43.09292388732572,0.0
