Tile Number, Tile x cohordinate [m], Tile y cohordinate [m], area_m2[m2], Tile z cohordinate [m],absorbedPARTile [umol^s-1],absorbedPARTilem2 [umol m^-2 m^-1],Thermal time[dd]
1,0.1118034,0.0,0.0701,0.00108033979058772,0.013685735223947924,12.667991444157298,0.0
2,0.22360681,0.0559017,0.0701,0.0012078565728149138,0.008440570314288106,6.988056781127025,0.0
3,0.3354102,0.0559017,0.0701,0.00108033979058772,0.00714104079095033,6.609995163711877,0.0
4,0.44721362,0.1118034,0.0701,0.00108033979058772,0.008646894984645983,8.003866061382366,0.0
5,0.559017,0.1677051,0.0701,0.0012078565728149138,0.0036809891323525247,3.047538271679035,0.0
6,0.6708204,0.1677051,0.0701,0.00108033979058772,0.010448379505242664,9.671382648563375,0.0
7,0.7826238,0.22360681,0.0701,0.00108033979058772,0.0010346206058547492,0.9576807360690669,0.0
