Tile Number, Tile x cohordinate [m], Tile y cohordinate [m], area_m2[m2], Tile z cohordinate [m],absorbedPARTile [umol^s-1],absorbedPARTilem2 [umol m^-2 m^-1],Thermal time[dd]
1,0.14142136,0.0,0.0701,0.004042135611804359,0.02411962843517214,5.967050775024699,0.0
2,0.28284273,0.07071068,0.0701,0.005716443181545683,0.10418582425872802,18.225638032241747,0.0
3,0.4242641,0.07071068,0.0701,0.004042135611804359,0.04283003038339138,10.595891503074183,0.0
4,0.56568545,0.14142136,0.0701,0.004042135611804359,0.14635076050483703,36.206296512527906,0.0
5,0.70710677,0.21213204,0.0701,0.005716443181545683,0.018308250084060958,3.202734550596993,0.0
6,0.8485281,0.21213204,0.0701,0.004042135611804359,0.19000195174488066,47.00533826475608,0.0
7,0.9899494,0.28284273,0.0701,0.004042135611804359,0.042013941406694656,10.39399600646752,0.0
