Tile Number, Tile x cohordinate [m], Tile y cohordinate [m], area_m2[m2], Tile z cohordinate [m],absorbedPARTile [umol^s-1],absorbedPARTilem2 [umol m^-2 m^-1],Thermal time[dd]
1,0.1118034,0.0,0.0701,0.00108033979058772,0.00336177098030468,3.1117718791750044,0.0
2,0.22360681,0.0559017,0.0701,0.0012078565728149138,0.0053439521397977315,4.424326745470808,0.0
3,0.3354102,0.0559017,0.0701,0.00108033979058772,0.00421003015212635,3.896950004809167,0.0
4,0.44721362,0.1118034,0.0701,0.00108033979058772,0.004539465476870006,4.201886773420123,0.0
5,0.559017,0.1677051,0.0701,0.0012078565728149138,0.013711093229011158,11.351590526230618,0.0
6,0.6708204,0.1677051,0.0701,0.00108033979058772,0.006234887768146052,5.771228480582193,0.0
7,0.7826238,0.22360681,0.0701,0.00108033979058772,0.013324867407013998,12.33395967000816,0.0
