Tile Number, Tile x cohordinate [m], Tile y cohordinate [m], area_m2[m2], Tile z cohordinate [m],absorbedPARTile [umol^s-1],absorbedPARTilem2 [umol m^-2 m^-1],Thermal time[dd]
1,0.1118034,0.0,0.0701,0.00108033979058772,0.00165961702541261,1.5361991105684953,0.0
2,0.22360681,0.0559017,0.0701,0.0012078565728149138,0.0021541505539521247,1.7834489644179108,0.0
3,0.3354102,0.0559017,0.0701,0.00108033979058772,9.787913397737544E-4,0.9060032300034773,0.0
4,0.44721362,0.1118034,0.0701,0.00108033979058772,0.0018744796048284086,1.7350833702132415,0.0
5,0.559017,0.1677051,0.0701,0.0012078565728149138,0.0010599471748479296,0.8775439060431813,0.0
6,0.6708204,0.1677051,0.0701,0.00108033979058772,3.5339135587322763E-4,0.3271113023440318,0.0
7,0.7826238,0.22360681,0.0701,0.00108033979058772,0.0016462653516184664,1.523840337976328,0.0
