Tile Number, Tile x cohordinate [m], Tile y cohordinate [m], area_m2[m2], Tile z cohordinate [m],absorbedPARTile [umol^s-1],absorbedPARTilem2 [umol m^-2 m^-1],Thermal time[dd]
1,0.1118034,0.0,0.0701,0.00108033979058772,0.007397821851270793,6.8476806239324715,0.0
2,0.22360681,0.0559017,0.0701,0.0012078565728149138,0.008015009359088117,6.635729389963173,0.0
3,0.3354102,0.0559017,0.0701,0.00108033979058772,0.012952886124131067,11.989640886118353,0.0
4,0.44721362,0.1118034,0.0701,0.00108033979058772,0.014129608001808479,13.078855490569106,0.0
5,0.559017,0.1677051,0.0701,0.0012078565728149138,0.01961884840378404,16.242697059686687,0.0
6,0.6708204,0.1677051,0.0701,0.00108033979058772,0.023349303502694964,21.612925587043886,0.0
7,0.7826238,0.22360681,0.0701,0.00108033979058772,0.012175554347986357,11.27011561923743,0.0
