Tile Number, Tile x cohordinate [m], Tile y cohordinate [m], area_m2[m2], Tile z cohordinate [m],absorbedPARTile [umol^s-1],absorbedPARTilem2 [umol m^-2 m^-1],Thermal time[dd]
1,0.1118034,0.0,0.0701,0.00108033979058772,0.009922695615647128,9.184791398129512,0.0
2,0.22360681,0.0559017,0.0701,0.0012078565728149138,0.0014512340539763334,1.2014953485695967,0.0
3,0.3354102,0.0559017,0.0701,0.00108033979058772,0.010338527233964584,9.569699574187007,0.0
4,0.44721362,0.1118034,0.0701,0.00108033979058772,0.007221562511420157,6.684528862434592,0.0
5,0.559017,0.1677051,0.0701,0.0012078565728149138,0.009494962755453596,7.861001851673128,0.0
6,0.6708204,0.1677051,0.0701,0.00108033979058772,0.003615221034006194,3.3463740440768768,0.0
7,0.7826238,0.22360681,0.0701,0.00108033979058772,0.004214938581448468,3.901493417321492,0.0
