Tile Number, Tile x cohordinate [m], Tile y cohordinate [m], area_m2[m2], Tile z cohordinate [m],absorbedPARTile [umol^s-1],absorbedPARTilem2 [umol m^-2 m^-1],Thermal time[dd]
1,0.14142136,0.0,0.0701,0.004042135611804359,0.06641918831560713,16.431707071292056,0.0
2,0.28284273,0.07071068,0.0701,0.005716443181545683,0.3195961836369833,55.908223608122505,0.0
3,0.4242641,0.07071068,0.0701,0.004042135611804359,0.05909394736635583,14.619486588669156,0.0
4,0.56568545,0.14142136,0.0701,0.004042135611804359,0.07813379552523295,19.329830324607784,0.0
5,0.70710677,0.21213204,0.0701,0.005716443181545683,0.19023075446294146,33.27781776561007,0.0
6,0.8485281,0.21213204,0.0701,0.004042135611804359,0.06810648648489118,16.849134473865234,0.0
7,0.9899494,0.28284273,0.0701,0.004042135611804359,0.122205618972679,30.232933951003172,0.0
