Tile Number, Tile x cohordinate [m], Tile y cohordinate [m], area_m2[m2], Tile z cohordinate [m],absorbedPARTile [umol^s-1],absorbedPARTilem2 [umol m^-2 m^-1],Thermal time[dd]
1,0.14142136,0.0,0.0701,0.004042135611804359,0.035480961857456965,8.777776221520362,0.0
2,0.28284273,0.07071068,0.0701,0.005716443181545683,0.05463363603307239,9.557277890812495,0.0
3,0.4242641,0.07071068,0.0701,0.004042135611804359,0.029530342180615135,7.305628760790921,0.0
4,0.56568545,0.14142136,0.0701,0.004042135611804359,0.020523941281731635,5.077499434159261,0.0
5,0.70710677,0.21213204,0.0701,0.005716443181545683,0.06565016805757135,11.484443380721233,0.0
6,0.8485281,0.21213204,0.0701,0.004042135611804359,0.03283401291130486,8.122936997813431,0.0
7,0.9899494,0.28284273,0.0701,0.004042135611804359,0.08761973195269582,21.676593852224432,0.0
