Tile Number, Tile x cohordinate [m], Tile y cohordinate [m], area_m2[m2], Tile z cohordinate [m],absorbedPARTile [umol^s-1],absorbedPARTilem2 [umol m^-2 m^-1],Thermal time[dd]
1,0.1118034,0.0,0.0701,0.00108033979058772,0.007746824045457272,7.170729165907044,0.0
2,0.22360681,0.0559017,0.0701,0.0012078565728149138,0.015705084709737367,13.002441732909244,0.0
3,0.3354102,0.0559017,0.0701,0.00108033979058772,0.014619792318318791,13.532587104253023,0.0
4,0.44721362,0.1118034,0.0701,0.00108033979058772,0.01884801476131777,17.446376524800762,0.0
5,0.559017,0.1677051,0.0701,0.0012078565728149138,0.014492425602587141,11.99846565293137,0.0
6,0.6708204,0.1677051,0.0701,0.00108033979058772,0.013216388119401243,12.233547476957545,0.0
7,0.7826238,0.22360681,0.0701,0.00108033979058772,0.011541463573029532,10.683179193789405,0.0
