Tile Number, Tile x cohordinate [m], Tile y cohordinate [m], area_m2[m2], Tile z cohordinate [m],absorbedPARTile [umol^s-1],absorbedPARTilem2 [umol m^-2 m^-1],Thermal time[dd]
1,0.14142136,0.0,0.0701,0.004042135611804359,0.04371032013385656,10.813669884357198,0.0
2,0.28284273,0.07071068,0.0701,0.005716443181545683,0.14273635332692466,24.9694344531786,0.0
3,0.4242641,0.07071068,0.0701,0.004042135611804359,0.07026980963637035,17.384327589395937,0.0
4,0.56568545,0.14142136,0.0701,0.004042135611804359,0.05250872001243336,12.990341011590681,0.0
5,0.70710677,0.21213204,0.0701,0.005716443181545683,0.04662018085936109,8.15545250407883,0.0
6,0.8485281,0.21213204,0.0701,0.004042135611804359,0.024428976259780383,6.043581563280503,0.0
7,0.9899494,0.28284273,0.0701,0.004042135611804359,0.10077979666279953,24.932314583530925,0.0
