Tile Number, Tile x cohordinate [m], Tile y cohordinate [m], area_m2[m2], Tile z cohordinate [m],absorbedPARTile [umol^s-1],absorbedPARTilem2 [umol m^-2 m^-1],Thermal time[dd]
1,0.14142136,0.0,0.0701,0.004042135611804359,0.040588118807897575,10.041256084869339,0.0
2,0.28284273,0.07071068,0.0701,0.005716443181545683,0.06365739311637639,11.135839383811371,0.0
3,0.4242641,0.07071068,0.0701,0.004042135611804359,0.031364161032382105,7.759304497550375,0.0
4,0.56568545,0.14142136,0.0701,0.004042135611804359,0.027415186145018634,6.782351899564506,0.0
5,0.70710677,0.21213204,0.0701,0.005716443181545683,0.039219062824935924,6.86074567338416,0.0
6,0.8485281,0.21213204,0.0701,0.004042135611804359,0.056635807349513775,14.011357556663532,0.0
7,0.9899494,0.28284273,0.0701,0.004042135611804359,0.1461058769445419,36.1457137949219,0.0
