Tile Number, Tile x cohordinate [m], Tile y cohordinate [m], area_m2[m2], Tile z cohordinate [m],absorbedPARTile [umol^s-1],absorbedPARTilem2 [umol m^-2 m^-1],Thermal time[dd]
1,0.1118034,0.0,0.0701,0.00108033979058772,0.0035882398845312976,3.3213993558260455,0.0
2,0.22360681,0.0559017,0.0701,0.0012078565728149138,0.005905671314342371,4.889381278589381,0.0
3,0.3354102,0.0559017,0.0701,0.00108033979058772,0.009532996100569461,8.824072003664122,0.0
4,0.44721362,0.1118034,0.0701,0.00108033979058772,0.012608851513898074,11.671190512235677,0.0
5,0.559017,0.1677051,0.0701,0.0012078565728149138,0.0081269903478628,6.728439891603042,0.0
6,0.6708204,0.1677051,0.0701,0.00108033979058772,0.005478938629883222,5.0714957253426745,0.0
7,0.7826238,0.22360681,0.0701,0.00108033979058772,0.025958270618110676,24.027876085161147,0.0
