Tile Number, Tile x cohordinate [m], Tile y cohordinate [m], area_m2[m2], Tile z cohordinate [m],absorbedPARTile [umol^s-1],absorbedPARTilem2 [umol m^-2 m^-1],Thermal time[dd]
1,0.1118034,0.0,0.0701,0.00108033979058772,0.0030750204663760597,2.846345652698033,0.0
2,0.22360681,0.0559017,0.0701,0.0012078565728149138,0.0023373676262987086,1.9351367363522851,0.0
3,0.3354102,0.0559017,0.0701,0.00108033979058772,0.002778796875429507,2.5721508173995913,0.0
4,0.44721362,0.1118034,0.0701,0.00108033979058772,6.584088703240641E-4,0.6094460984037999,0.0
5,0.559017,0.1677051,0.0701,0.0012078565728149138,0.004563824275574833,3.7784488475637676,0.0
6,0.6708204,0.1677051,0.0701,0.00108033979058772,0.00541664657547393,5.013836038129447,0.0
7,0.7826238,0.22360681,0.0701,0.00108033979058772,0.0016942278915993499,1.5682361293733948,0.0
