Tile Number, Tile x cohordinate [m], Tile y cohordinate [m], area_m2[m2], Tile z cohordinate [m],absorbedPARTile [umol^s-1],absorbedPARTilem2 [umol m^-2 m^-1],Thermal time[dd]
1,0.1118034,0.0,0.0701,0.00108033979058772,0.005981242786147331,5.536445883284046,0.0
2,0.22360681,0.0559017,0.0701,0.0012078565728149138,0.012223607875266633,10.120082260081157,0.0
3,0.3354102,0.0559017,0.0701,0.00108033979058772,0.01141762095329033,10.568546167385897,0.0
4,0.44721362,0.1118034,0.0701,0.00108033979058772,0.004248769701598808,3.9328086761364385,0.0
5,0.559017,0.1677051,0.0701,0.0012078565728149138,0.010472190193133094,8.670061022831229,0.0
6,0.6708204,0.1677051,0.0701,0.00108033979058772,0.009642032602773132,8.924999973876488,0.0
7,0.7826238,0.22360681,0.0701,0.00108033979058772,0.013795206744013726,12.769322081998796,0.0
