Tile Number, Tile x cohordinate [m], Tile y cohordinate [m], area_m2[m2], Tile z cohordinate [m],absorbedPARTile [umol^s-1],absorbedPARTilem2 [umol m^-2 m^-1],Thermal time[dd]
1,0.14142136,0.0,0.0701,0.004042135611804359,0.07210283228129387,17.837806349378777,0.0
2,0.28284273,0.07071068,0.0701,0.005716443181545683,0.16025533613143922,28.034099358984164,0.0
3,0.4242641,0.07071068,0.0701,0.004042135611804359,0.06895916202189803,17.06008126509034,0.0
4,0.56568545,0.14142136,0.0701,0.004042135611804359,0.03709254584036349,9.176472390496032,0.0
5,0.70710677,0.21213204,0.0701,0.005716443181545683,0.1556644365175438,27.230995143986252,0.0
6,0.8485281,0.21213204,0.0701,0.004042135611804359,0.02075750169757217,5.135280874039324,0.0
7,0.9899494,0.28284273,0.0701,0.004042135611804359,0.1023175479155731,25.31274497984985,0.0
