Tile Number, Tile x cohordinate [m], Tile y cohordinate [m], area_m2[m2], Tile z cohordinate [m],absorbedPARTile [umol^s-1],absorbedPARTilem2 [umol m^-2 m^-1],Thermal time[dd]
1,0.14142136,0.0,0.0701,0.004042135611804359,0.07941617620593071,19.64708357978131,0.0
2,0.28284273,0.07071068,0.0701,0.005716443181545683,0.18060046282394412,31.593152785454805,0.0
3,0.4242641,0.07071068,0.0701,0.004042135611804359,0.06432260685691833,15.913025448496894,0.0
4,0.56568545,0.14142136,0.0701,0.004042135611804359,0.05375434752999306,13.298501755609774,0.0
5,0.70710677,0.21213204,0.0701,0.005716443181545683,0.11685207175151827,20.441394769522113,0.0
6,0.8485281,0.21213204,0.0701,0.004042135611804359,0.1342574721912384,33.21448983531444,0.0
7,0.9899494,0.28284273,0.0701,0.004042135611804359,0.055024106470851895,13.61263246838218,0.0
