Tile Number, Tile x cohordinate [m], Tile y cohordinate [m], area_m2[m2], Tile z cohordinate [m],absorbedPARTile [umol^s-1],absorbedPARTilem2 [umol m^-2 m^-1],Thermal time[dd]
1,0.14142136,0.0,0.0701,0.004042135611804359,0.07447742753751074,18.42526691089044,0.0
2,0.28284273,0.07071068,0.0701,0.005716443181545683,0.06433141643261091,11.253748946598675,0.0
3,0.4242641,0.07071068,0.0701,0.004042135611804359,0.3510817837897619,86.85551834641277,0.0
4,0.56568545,0.14142136,0.0701,0.004042135611804359,0.011611247454047546,2.872552672438525,0.0
5,0.70710677,0.21213204,0.0701,0.005716443181545683,0.1228323634778579,21.48755083832478,0.0
6,0.8485281,0.21213204,0.0701,0.004042135611804359,0.03727171485976493,9.22079772655804,0.0
7,0.9899494,0.28284273,0.0701,0.004042135611804359,0.050277773114931514,12.438418188668376,0.0
