Tile Number, Tile x cohordinate [m], Tile y cohordinate [m], area_m2[m2], Tile z cohordinate [m],absorbedPARTile [umol^s-1],absorbedPARTilem2 [umol m^-2 m^-1],Thermal time[dd]
1,0.14142136,0.0,0.0701,0.004042135611804359,0.1348436699659729,33.35951163345071,0.0
2,0.28284273,0.07071068,0.0701,0.005716443181545683,0.31390973998107913,54.91347154371616,0.0
3,0.4242641,0.07071068,0.0701,0.004042135611804359,0.22837483931686398,56.49855948670665,0.0
4,0.56568545,0.14142136,0.0701,0.004042135611804359,0.20492415677482603,50.69700189582467,0.0
5,0.70710677,0.21213204,0.0701,0.005716443181545683,0.22477545722602846,39.32085915795823,0.0
6,0.8485281,0.21213204,0.0701,0.004042135611804359,0.14807282097549437,36.63232389904813,0.0
7,0.9899494,0.28284273,0.0701,0.004042135611804359,0.2623102053570557,64.89396461390953,0.0
