Tile Number, Tile x cohordinate [m], Tile y cohordinate [m], area_m2[m2], Tile z cohordinate [m],absorbedPARTile [umol^s-1],absorbedPARTilem2 [umol m^-2 m^-1],Thermal time[dd]
1,0.1118034,0.0,0.0701,0.00108033979058772,0.009718462160399559,8.99574582466557,0.0
2,0.22360681,0.0559017,0.0701,0.0012078565728149138,0.006099705545100444,5.050024715173806,0.0
3,0.3354102,0.0559017,0.0701,0.00108033979058772,0.015723404572040484,14.554128903728273,0.0
4,0.44721362,0.1118034,0.0701,0.00108033979058772,0.005907377512583511,5.4680736228088165,0.0
5,0.559017,0.1677051,0.0701,0.0012078565728149138,0.012780274351406627,10.580953599169606,0.0
6,0.6708204,0.1677051,0.0701,0.00108033979058772,0.01688233292471711,15.626873203969359,0.0
7,0.7826238,0.22360681,0.0701,0.00108033979058772,0.012624451536035426,11.685630434076254,0.0
