Tile Number, Tile x cohordinate [m], Tile y cohordinate [m], area_m2[m2], Tile z cohordinate [m],absorbedPARTile [umol^s-1],absorbedPARTilem2 [umol m^-2 m^-1],Thermal time[dd]
1,0.14142136,0.0,0.0701,0.004042135611804359,0.1614200211921692,39.934340827351235,0.0
2,0.28284273,0.07071068,0.0701,0.005716443181545683,0.21777758579467774,38.096693849372315,0.0
3,0.4242641,0.07071068,0.0701,0.004042135611804359,0.14919629415294652,36.910264395198546,0.0
4,0.56568545,0.14142136,0.0701,0.004042135611804359,0.16070562571643834,39.757603690268404,0.0
5,0.70710677,0.21213204,0.0701,0.005716443181545683,0.2903289963250732,50.78839885303827,0.0
6,0.8485281,0.21213204,0.0701,0.004042135611804359,0.2390017786698914,59.12760026455519,0.0
7,0.9899494,0.28284273,0.0701,0.004042135611804359,0.28812428400756834,71.28021216461691,0.0
