Tile Number, Tile x cohordinate [m], Tile y cohordinate [m], area_m2[m2], Tile z cohordinate [m],absorbedPARTile [umol^s-1],absorbedPARTilem2 [umol m^-2 m^-1],Thermal time[dd]
1,0.1118034,0.0,0.0701,0.00108033979058772,0.0033593623620677363,3.1095423785512857,0.0
2,0.22360681,0.0559017,0.0701,0.0012078565728149138,0.0037973936898790307,3.143911102813467,0.0
3,0.3354102,0.0559017,0.0701,0.00108033979058772,0.0028257223032145205,2.6155866217584083,0.0
4,0.44721362,0.1118034,0.0701,0.00108033979058772,0.00377713379008397,3.4962461097810316,0.0
5,0.559017,0.1677051,0.0701,0.0012078565728149138,0.0075802775313252016,6.275809315388614,0.0
6,0.6708204,0.1677051,0.0701,0.00108033979058772,0.004221030725029912,3.9071325168293694,0.0
7,0.7826238,0.22360681,0.0701,0.00108033979058772,0.002195529995784373,2.0322587531372642,0.0
