Tile Number, Tile x cohordinate [m], Tile y cohordinate [m], area_m2[m2], Tile z cohordinate [m],absorbedPARTile [umol^s-1],absorbedPARTilem2 [umol m^-2 m^-1],Thermal time[dd]
1,0.14142136,0.0,0.0701,0.004042135611804359,0.02586313907202214,6.398384803442345,0.0
2,0.28284273,0.07071068,0.0701,0.005716443181545683,0.16268270527389525,28.458728637255007,0.0
3,0.4242641,0.07071068,0.0701,0.004042135611804359,0.014822737098093255,3.667055863936383,0.0
4,0.56568545,0.14142136,0.0701,0.004042135611804359,0.026758834012756343,6.619974335995009,0.0
5,0.70710677,0.21213204,0.0701,0.005716443181545683,0.29298495358963017,51.25301595500321,0.0
6,0.8485281,0.21213204,0.0701,0.004042135611804359,0.07915742757757128,19.5830707278612,0.0
7,0.9899494,0.28284273,0.0701,0.004042135611804359,0.08277076964513064,20.4769897881241,0.0
