Tile Number, Tile x cohordinate [m], Tile y cohordinate [m], area_m2[m2], Tile z cohordinate [m],absorbedPARTile [umol^s-1],absorbedPARTilem2 [umol m^-2 m^-1],Thermal time[dd]
1,0.14142136,0.0,0.0701,0.004042135611804359,0.04439148678254744,10.982186409805193,0.0
2,0.28284273,0.07071068,0.0701,0.005716443181545683,0.15084970812187198,26.38873567550852,0.0
3,0.4242641,0.07071068,0.0701,0.004042135611804359,0.0803566906207323,19.879761180219795,0.0
4,0.56568545,0.14142136,0.0701,0.004042135611804359,0.05502044251245459,13.611726027146858,0.0
5,0.70710677,0.21213204,0.0701,0.005716443181545683,0.11197547048312029,19.58831163486575,0.0
6,0.8485281,0.21213204,0.0701,0.004042135611804359,0.17963006719214122,44.43939650801487,0.0
7,0.9899494,0.28284273,0.0701,0.004042135611804359,0.06419599239950378,15.881701794474798,0.0
