Tile Number, Tile x cohordinate [m], Tile y cohordinate [m], area_m2[m2], Tile z cohordinate [m],absorbedPARTile [umol^s-1],absorbedPARTilem2 [umol m^-2 m^-1],Thermal time[dd]
1,0.1118034,0.0,0.0701,0.00108033979058772,8.677241175653413E-4,0.8031955548849009,0.0
2,0.22360681,0.0559017,0.0701,0.0012078565728149138,4.7264237482367075E-4,0.3913067043400493,0.0
3,0.3354102,0.0559017,0.0701,0.00108033979058772,0.0011854577494381632,1.09730083050376,0.0
4,0.44721362,0.1118034,0.0701,0.00108033979058772,2.990696755078194E-4,0.2768292699328619,0.0
5,0.559017,0.1677051,0.0701,0.0012078565728149138,0.0010003013744920635,0.8281623803734063,0.0
6,0.6708204,0.1677051,0.0701,0.00108033979058772,8.519044875994295E-4,0.7885523564174023,0.0
7,0.7826238,0.22360681,0.0701,0.00108033979058772,0.008642735171452202,8.000015593936824,0.0
