Tile Number, Tile x cohordinate [m], Tile y cohordinate [m], area_m2[m2], Tile z cohordinate [m],absorbedPARTile [umol^s-1],absorbedPARTilem2 [umol m^-2 m^-1],Thermal time[dd]
1,0.1118034,0.0,0.0701,0.00108033979058772,0.011730868700640351,10.858499152621784,0.0
2,0.22360681,0.0559017,0.0701,0.0012078565728149138,0.0030133250426083104,2.494770579908959,0.0
3,0.3354102,0.0559017,0.0701,0.00108033979058772,0.01807877270559989,16.7343393838755,0.0
4,0.44721362,0.1118034,0.0701,0.00108033979058772,0.004179476565769559,3.8686685450101455,0.0
5,0.559017,0.1677051,0.0701,0.0012078565728149138,0.0068848606257558434,5.7000647102583155,0.0
6,0.6708204,0.1677051,0.0701,0.00108033979058772,0.006431466872413608,5.953188921158592,0.0
7,0.7826238,0.22360681,0.0701,0.00108033979058772,0.010512492766721102,9.73072810823913,0.0
