Tile Number, Tile x cohordinate [m], Tile y cohordinate [m], area_m2[m2], Tile z cohordinate [m],absorbedPARTile [umol^s-1],absorbedPARTilem2 [umol m^-2 m^-1],Thermal time[dd]
1,0.14142136,0.0,0.0701,0.004042135611804359,0.10335972629556657,25.57057363283961,0.0
2,0.28284273,0.07071068,0.0701,0.005716443181545683,0.2472896395111084,43.259354052434254,0.0
3,0.4242641,0.07071068,0.0701,0.004042135611804359,0.07986008751582145,19.756904563667742,0.0
4,0.56568545,0.14142136,0.0701,0.004042135611804359,0.1059122037873459,26.202041187843275,0.0
5,0.70710677,0.21213204,0.0701,0.005716443181545683,0.07394012082394123,12.93463758419591,0.0
6,0.8485281,0.21213204,0.0701,0.004042135611804359,0.10390401668727876,25.705227796871785,0.0
7,0.9899494,0.28284273,0.0701,0.004042135611804359,0.08659932647866252,21.424151685006343,0.0
