Tile Number, Tile x cohordinate [m], Tile y cohordinate [m], area_m2[m2], Tile z cohordinate [m],absorbedPARTile [umol^s-1],absorbedPARTilem2 [umol m^-2 m^-1],Thermal time[dd]
1,0.14142136,0.0,0.0701,0.004042135611804359,0.11939014422720272,29.53640245976518,0.0
2,0.28284273,0.07071068,0.0701,0.005716443181545683,0.326426367301941,57.10305463294709,0.0
3,0.4242641,0.07071068,0.0701,0.004042135611804359,0.08591545898260376,21.2549669861898,0.0
4,0.56568545,0.14142136,0.0701,0.004042135611804359,0.1915824597451369,47.3963464228299,0.0
5,0.70710677,0.21213204,0.0701,0.005716443181545683,0.21847319147644048,38.21837890066581,0.0
6,0.8485281,0.21213204,0.0701,0.004042135611804359,0.1350544852760633,33.41166607118772,0.0
7,0.9899494,0.28284273,0.0701,0.004042135611804359,0.12587849671579998,31.141581778749224,0.0
