Tile Number, Tile x cohordinate [m], Tile y cohordinate [m], area_m2[m2], Tile z cohordinate [m],absorbedPARTile [umol^s-1],absorbedPARTilem2 [umol m^-2 m^-1],Thermal time[dd]
1,0.14142136,0.0,0.0701,0.004042135611804359,0.024818495568255786,6.139946293681403,0.0
2,0.28284273,0.07071068,0.0701,0.005716443181545683,0.048918905237857406,8.557577445321535,0.0
3,0.4242641,0.07071068,0.0701,0.004042135611804359,0.17757006243202209,43.92976374010297,0.0
4,0.56568545,0.14142136,0.0701,0.004042135611804359,0.03311076928634584,8.191404857781503,0.0
5,0.70710677,0.21213204,0.0701,0.005716443181545683,0.15889600227903364,27.796305715413297,0.0
6,0.8485281,0.21213204,0.0701,0.004042135611804359,0.02298981959165782,5.687542873257399,0.0
7,0.9899494,0.28284273,0.0701,0.004042135611804359,0.037369838998425,9.245073047349731,0.0
