Tile Number, Tile x cohordinate [m], Tile y cohordinate [m], area_m2[m2], Tile z cohordinate [m],absorbedPARTile [umol^s-1],absorbedPARTilem2 [umol m^-2 m^-1],Thermal time[dd]
1,0.1118034,0.0,0.0701,0.00108033979058772,0.00717714404656924,6.6434135899639255,0.0
2,0.22360681,0.0559017,0.0701,0.0012078565728149138,0.007343747209620059,6.079982818245904,0.0
3,0.3354102,0.0559017,0.0701,0.00108033979058772,0.008021352976384377,7.424842671045791,0.0
4,0.44721362,0.1118034,0.0701,0.00108033979058772,0.008576543579301222,7.9387463592685625,0.0
5,0.559017,0.1677051,0.0701,0.0012078565728149138,0.008022950228384548,6.642303737841187,0.0
6,0.6708204,0.1677051,0.0701,0.00108033979058772,0.022600594525610442,20.91989457623828,0.0
7,0.7826238,0.22360681,0.0701,0.00108033979058772,0.01256536604952895,11.630938857387838,0.0
