Tile Number, Tile x cohordinate [m], Tile y cohordinate [m], area_m2[m2], Tile z cohordinate [m],absorbedPARTile [umol^s-1],absorbedPARTilem2 [umol m^-2 m^-1],Thermal time[dd]
1,0.1118034,0.0,0.0701,0.00108033979058772,0.005626458582174635,5.208045312404686,0.0
2,0.22360681,0.0559017,0.0701,0.0012078565728149138,0.014154672580814615,11.718835579813176,0.0
3,0.3354102,0.0559017,0.0701,0.00108033979058772,0.010880924616091924,10.071761413298079,0.0
4,0.44721362,0.1118034,0.0701,0.00108033979058772,0.002543325173424308,2.354190038710602,0.0
5,0.559017,0.1677051,0.0701,0.0012078565728149138,0.005221226059617889,4.322720244382827,0.0
6,0.6708204,0.1677051,0.0701,0.00108033979058772,0.0031992285082388058,2.961316926499931,0.0
7,0.7826238,0.22360681,0.0701,0.00108033979058772,0.002670278274104188,2.471702234212367,0.0
