Tile Number, Tile x cohordinate [m], Tile y cohordinate [m], area_m2[m2], Tile z cohordinate [m],absorbedPARTile [umol^s-1],absorbedPARTilem2 [umol m^-2 m^-1],Thermal time[dd]
1,0.14142136,0.0,0.0701,0.004042135611804359,0.15345669320398966,37.96426145521834,0.0
2,0.28284273,0.07071068,0.0701,0.005716443181545683,0.18447379221246218,32.270729604729816,0.0
3,0.4242641,0.07071068,0.0701,0.004042135611804359,0.03318501083768652,8.209771770342247,0.0
4,0.56568545,0.14142136,0.0701,0.004042135611804359,0.06108696513323704,15.11254717799252,0.0
5,0.70710677,0.21213204,0.0701,0.005716443181545683,0.16405570990159515,28.698913763581874,0.0
6,0.8485281,0.21213204,0.0701,0.004042135611804359,0.12844144809738398,31.77564051099446,0.0
7,0.9899494,0.28284273,0.0701,0.004042135611804359,0.08488811434499821,21.000808111706377,0.0
