Tile Number, Tile x cohordinate [m], Tile y cohordinate [m], area_m2[m2], Tile z cohordinate [m],absorbedPARTile [umol^s-1],absorbedPARTilem2 [umol m^-2 m^-1],Thermal time[dd]
1,0.14142136,0.0,0.0701,0.004042135611804359,0.021909507012282014,5.420280049065915,0.0
2,0.28284273,0.07071068,0.0701,0.005716443181545683,0.1212038019051361,21.202660125515937,0.0
3,0.4242641,0.07071068,0.0701,0.004042135611804359,0.07070571427393435,17.49216777078199,0.0
4,0.56568545,0.14142136,0.0701,0.004042135611804359,0.04506044162293933,11.147681807445572,0.0
5,0.70710677,0.21213204,0.0701,0.005716443181545683,0.15048304639595028,26.324594090561888,0.0
6,0.8485281,0.21213204,0.0701,0.004042135611804359,0.09751926568460942,24.125678861397237,0.0
7,0.9899494,0.28284273,0.0701,0.004042135611804359,0.04829620648255109,11.948190541037356,0.0
