Tile Number, Tile x cohordinate [m], Tile y cohordinate [m], area_m2[m2], Tile z cohordinate [m],absorbedPARTile [umol^s-1],absorbedPARTilem2 [umol m^-2 m^-1],Thermal time[dd]
1,0.1118034,0.0,0.0701,0.00108033979058772,0.004038183791451166,3.7378830499748026,0.0
2,0.22360681,0.0559017,0.0701,0.0012078565728149138,8.12603396852046E-4,0.67276480928383,0.0
3,0.3354102,0.0559017,0.0701,0.00108033979058772,0.0011379279313400807,1.0533055814976806,0.0
4,0.44721362,0.1118034,0.0701,0.00108033979058772,0.0020093194030964003,1.8598957666858706,0.0
5,0.559017,0.1677051,0.0701,0.0012078565728149138,0.0024544835687083395,2.032098532185951,0.0
6,0.6708204,0.1677051,0.0701,0.00108033979058772,0.0024692497521018094,2.285623258177414,0.0
7,0.7826238,0.22360681,0.0701,0.00108033979058772,0.0020368915809902606,1.8854175313510975,0.0
