Tile Number, Tile x cohordinate [m], Tile y cohordinate [m], area_m2[m2], Tile z cohordinate [m],absorbedPARTile [umol^s-1],absorbedPARTilem2 [umol m^-2 m^-1],Thermal time[dd]
1,0.1118034,0.0,0.0701,0.00108033979058772,0.0011763762285992973,1.0888946596693734,0.0
2,0.22360681,0.0559017,0.0701,0.0012078565728149138,0.0024066275373557503,1.9924779079912582,0.0
3,0.3354102,0.0559017,0.0701,0.00108033979058772,0.006647675737048853,6.153319349121099,0.0
4,0.44721362,0.1118034,0.0701,0.00108033979058772,7.857647023538821E-4,0.7273310760186062,0.0
5,0.559017,0.1677051,0.0701,0.0012078565728149138,8.378604821896746E-4,0.6936754752569985,0.0
6,0.6708204,0.1677051,0.0701,0.00108033979058772,0.008655786321104777,8.0120961909548,0.0
7,0.7826238,0.22360681,0.0701,0.00108033979058772,7.740130179688567E-4,0.7164533091461741,0.0
