Tile Number, Tile x cohordinate [m], Tile y cohordinate [m], area_m2[m2], Tile z cohordinate [m],absorbedPARTile [umol^s-1],absorbedPARTilem2 [umol m^-2 m^-1],Thermal time[dd]
1,0.14142136,0.0,0.0701,0.004042135611804359,0.08785445295330048,21.734662413783624,0.0
2,0.28284273,0.07071068,0.0701,0.005716443181545683,0.18457743662788392,32.28886053197429,0.0
3,0.4242641,0.07071068,0.0701,0.004042135611804359,0.08342077848120243,20.637798058428924,0.0
4,0.56568545,0.14142136,0.0701,0.004042135611804359,0.05443502127274811,13.466896339098575,0.0
5,0.70710677,0.21213204,0.0701,0.005716443181545683,0.09168000390918732,16.037945449218608,0.0
6,0.8485281,0.21213204,0.0701,0.004042135611804359,0.20460052743400575,50.61693794649176,0.0
7,0.9899494,0.28284273,0.0701,0.004042135611804359,0.04540258161812276,11.232325181157297,0.0
