Tile Number, Tile x cohordinate [m], Tile y cohordinate [m], area_m2[m2], Tile z cohordinate [m],absorbedPARTile [umol^s-1],absorbedPARTilem2 [umol m^-2 m^-1],Thermal time[dd]
1,0.14142136,0.0,0.0701,0.004042135611804359,0.10958493951446534,27.110653881686066,0.0
2,0.28284273,0.07071068,0.0701,0.005716443181545683,0.061915976969981204,10.831206574371931,0.0
3,0.4242641,0.07071068,0.0701,0.004042135611804359,0.03694646585063063,9.140333081041332,0.0
4,0.56568545,0.14142136,0.0701,0.004042135611804359,0.08143304225680112,20.14604409089838,0.0
5,0.70710677,0.21213204,0.0701,0.005716443181545683,0.12010896926682474,21.011136724768107,0.0
6,0.8485281,0.21213204,0.0701,0.004042135611804359,0.031732753253180083,7.850491992527429,0.0
7,0.9899494,0.28284273,0.0701,0.004042135611804359,0.05003430525604368,12.37818570706216,0.0
