Tile Number, Tile x cohordinate [m], Tile y cohordinate [m], area_m2[m2], Tile z cohordinate [m],absorbedPARTile [umol^s-1],absorbedPARTilem2 [umol m^-2 m^-1],Thermal time[dd]
1,0.14142136,0.0,0.0701,0.004042135611804359,0.01531153411781229,3.787981302036873,0.0
2,0.28284273,0.07071068,0.0701,0.005716443181545683,0.01894618345353067,3.314330756351149,0.0
3,0.4242641,0.07071068,0.0701,0.004042135611804359,0.04171053953855574,10.318936212022997,0.0
4,0.56568545,0.14142136,0.0701,0.004042135611804359,0.1306873064431381,32.331252336385845,0.0
5,0.70710677,0.21213204,0.0701,0.005716443181545683,0.0702009006204319,12.280521014721273,0.0
6,0.8485281,0.21213204,0.0701,0.004042135611804359,0.059031015683821436,14.60391766951894,0.0
7,0.9899494,0.28284273,0.0701,0.004042135611804359,0.05856834981237472,14.489456920083523,0.0
