Tile Number, Tile x cohordinate [m], Tile y cohordinate [m], area_m2[m2], Tile z cohordinate [m],absorbedPARTile [umol^s-1],absorbedPARTilem2 [umol m^-2 m^-1],Thermal time[dd]
1,0.14142136,0.0,0.0701,0.004042135611804359,0.0691431072331524,17.10558820224435,0.0
2,0.28284273,0.07071068,0.0701,0.005716443181545683,0.06604250290401457,11.553076066113752,0.0
3,0.4242641,0.07071068,0.0701,0.004042135611804359,0.04961746510018229,12.275061963602372,0.0
4,0.56568545,0.14142136,0.0701,0.004042135611804359,0.09127901292925834,22.581877921832643,0.0
5,0.70710677,0.21213204,0.0701,0.005716443181545683,0.11713371459369659,20.49066366509822,0.0
6,0.8485281,0.21213204,0.0701,0.004042135611804359,0.06623541572044374,16.38624283831909,0.0
7,0.9899494,0.28284273,0.0701,0.004042135611804359,0.11006158327013493,27.228572675473597,0.0
