Tile Number, Tile x cohordinate [m], Tile y cohordinate [m], area_m2[m2], Tile z cohordinate [m],absorbedPARTile [umol^s-1],absorbedPARTilem2 [umol m^-2 m^-1],Thermal time[dd]
1,0.1118034,0.0,0.0701,0.00108033979058772,0.001090556328507092,1.0094567820313405,0.0
2,0.22360681,0.0559017,0.0701,0.0012078565728149138,0.0017679700459226164,1.4637251522358787,0.0
3,0.3354102,0.0559017,0.0701,0.00108033979058772,0.00742414670026375,6.872047817682352,0.0
4,0.44721362,0.1118034,0.0701,0.00108033979058772,0.002404311771639022,2.225514409990437,0.0
5,0.559017,0.1677051,0.0701,0.0012078565728149138,0.001245915969545026,1.0315098643222305,0.0
6,0.6708204,0.1677051,0.0701,0.00108033979058772,0.006945565300639595,6.429056266511401,0.0
7,0.7826238,0.22360681,0.0701,0.00108033979058772,0.0013561271057182488,1.2552783092257453,0.0
