Tile Number, Tile x cohordinate [m], Tile y cohordinate [m], area_m2[m2], Tile z cohordinate [m],absorbedPARTile [umol^s-1],absorbedPARTilem2 [umol m^-2 m^-1],Thermal time[dd]
1,0.1118034,0.0,0.0701,0.00108033979058772,0.003296260071906827,3.051132709009649,0.0
2,0.22360681,0.0559017,0.0701,0.0012078565728149138,0.0015732187528709623,1.302488050551044,0.0
3,0.3354102,0.0559017,0.0701,0.00108033979058772,0.0015313548410410421,1.4174751817740265,0.0
4,0.44721362,0.1118034,0.0701,0.00108033979058772,0.0018085592962914184,1.6740652450721425,0.0
5,0.559017,0.1677051,0.0701,0.0012078565728149138,0.0031246137567116994,2.58690793843989,0.0
6,0.6708204,0.1677051,0.0701,0.00108033979058772,0.001007506330309882,0.9325828217081447,0.0
7,0.7826238,0.22360681,0.0701,0.00108033979058772,0.0053577051610247,4.95927781953679,0.0
