Tile Number, Tile x cohordinate [m], Tile y cohordinate [m], area_m2[m2], Tile z cohordinate [m],absorbedPARTile [umol^s-1],absorbedPARTilem2 [umol m^-2 m^-1],Thermal time[dd]
1,0.14142136,0.0,0.0701,0.004042135611804359,0.17394386208358764,43.03266361861156,0.0
2,0.28284273,0.07071068,0.0701,0.005716443181545683,0.15460342809402466,27.045388746822297,0.0
3,0.4242641,0.07071068,0.0701,0.004042135611804359,0.09363458061983108,23.16463117822852,0.0
4,0.56568545,0.14142136,0.0701,0.004042135611804359,0.1351899662779522,33.445183254899526,0.0
5,0.70710677,0.21213204,0.0701,0.005716443181545683,0.11742112025146484,20.540940672783012,0.0
6,0.8485281,0.21213204,0.0701,0.004042135611804359,0.0488766680086726,12.09179322582269,0.0
7,0.9899494,0.28284273,0.0701,0.004042135611804359,0.11027188352474215,27.28059969158683,0.0
