Tile Number, Tile x cohordinate [m], Tile y cohordinate [m], area_m2[m2], Tile z cohordinate [m],absorbedPARTile [umol^s-1],absorbedPARTilem2 [umol m^-2 m^-1],Thermal time[dd]
1,0.14142136,0.0,0.0701,0.004042135611804359,0.24799194686492923,61.35171371804339,0.0
2,0.28284273,0.07071068,0.0701,0.005716443181545683,0.10526319408073426,18.41410659351151,0.0
3,0.4242641,0.07071068,0.0701,0.004042135611804359,0.10833516920954703,26.801468237031152,0.0
4,0.56568545,0.14142136,0.0701,0.004042135611804359,0.05201717989976405,12.868736948819048,0.0
5,0.70710677,0.21213204,0.0701,0.005716443181545683,0.20985335539337158,36.71047690473656,0.0
6,0.8485281,0.21213204,0.0701,0.004042135611804359,0.064248053730824,15.894581454219063,0.0
7,0.9899494,0.28284273,0.0701,0.004042135611804359,0.04526577557839058,11.198480191065261,0.0
