Tile Number, Tile x cohordinate [m], Tile y cohordinate [m], area_m2[m2], Tile z cohordinate [m],absorbedPARTile [umol^s-1],absorbedPARTilem2 [umol m^-2 m^-1],Thermal time[dd]
1,0.14142136,0.0,0.0701,0.004042135611804359,0.03517455377764949,8.701972708418856,0.0
2,0.28284273,0.07071068,0.0701,0.005716443181545683,0.06075364410983721,10.627875093024171,0.0
3,0.4242641,0.07071068,0.0701,0.004042135611804359,0.11806945129885275,29.209670985320557,0.0
4,0.56568545,0.14142136,0.0701,0.004042135611804359,0.11383799840337337,28.162835029811752,0.0
5,0.70710677,0.21213204,0.0701,0.005716443181545683,0.1087076417628626,19.016657440732033,0.0
6,0.8485281,0.21213204,0.0701,0.004042135611804359,0.08387820237816472,20.750961974955246,0.0
7,0.9899494,0.28284273,0.0701,0.004042135611804359,0.11157806165750425,27.60374029304207,0.0
