Tile Number, Tile x cohordinate [m], Tile y cohordinate [m], area_m2[m2], Tile z cohordinate [m],absorbedPARTile [umol^s-1],absorbedPARTilem2 [umol m^-2 m^-1],Thermal time[dd]
1,0.1118034,0.0,0.0701,0.00108033979058772,0.011413462694202863,10.56469713847509,0.0
2,0.22360681,0.0559017,0.0701,0.0012078565728149138,0.01306449102197943,10.816260238194166,0.0
3,0.3354102,0.0559017,0.0701,0.00108033979058772,0.011879873086410125,10.99642278282401,0.0
4,0.44721362,0.1118034,0.0701,0.00108033979058772,8.584271263436375E-4,0.79458993718693,0.0
5,0.559017,0.1677051,0.0701,0.0012078565728149138,0.021448142464728176,17.75719315311023,0.0
6,0.6708204,0.1677051,0.0701,0.00108033979058772,0.005221988009991754,4.833653314899121,0.0
7,0.7826238,0.22360681,0.0701,0.00108033979058772,0.004793720679123599,4.437234211761975,0.0
