Tile Number, Tile x cohordinate [m], Tile y cohordinate [m], area_m2[m2], Tile z cohordinate [m],absorbedPARTile [umol^s-1],absorbedPARTilem2 [umol m^-2 m^-1],Thermal time[dd]
1,0.14142136,0.0,0.0701,0.004042135611804359,0.15501311771024068,38.34931150195744,0.0
2,0.28284273,0.07071068,0.0701,0.005716443181545683,0.17022216631793977,29.77763635742339,0.0
3,0.4242641,0.07071068,0.0701,0.004042135611804359,0.12448266202904484,30.796260685939064,0.0
4,0.56568545,0.14142136,0.0701,0.004042135611804359,0.14365224861259163,35.53870092657951,0.0
5,0.70710677,0.21213204,0.0701,0.005716443181545683,0.22971925125068032,40.18569658704558,0.0
6,0.8485281,0.21213204,0.0701,0.004042135611804359,0.21187695689042407,52.41708275983468,0.0
7,0.9899494,0.28284273,0.0701,0.004042135611804359,0.10298283813345482,25.477333771957383,0.0
