Tile Number, Tile x cohordinate [m], Tile y cohordinate [m], area_m2[m2], Tile z cohordinate [m],absorbedPARTile [umol^s-1],absorbedPARTilem2 [umol m^-2 m^-1],Thermal time[dd]
1,0.14142136,0.0,0.0701,0.004042135611804359,0.03407077887204796,8.428905446059288,0.0
2,0.28284273,0.07071068,0.0701,0.005716443181545683,0.1533485808013836,26.825873350134362,0.0
3,0.4242641,0.07071068,0.0701,0.004042135611804359,0.04111869182405909,10.172516652825562,0.0
4,0.56568545,0.14142136,0.0701,0.004042135611804359,0.051166274201696185,12.658228005085705,0.0
5,0.70710677,0.21213204,0.0701,0.005716443181545683,0.14879917206961316,26.030027299139356,0.0
6,0.8485281,0.21213204,0.0701,0.004042135611804359,0.07011922045953886,17.347072734216976,0.0
7,0.9899494,0.28284273,0.0701,0.004042135611804359,0.05214315669747083,12.899902849670788,0.0
