Tile Number, Tile x cohordinate [m], Tile y cohordinate [m], area_m2[m2], Tile z cohordinate [m],absorbedPARTile [umol^s-1],absorbedPARTilem2 [umol m^-2 m^-1],Thermal time[dd]
1,0.1118034,0.0,0.0701,0.00108033979058772,0.004981347375887292,4.610907993287343,0.0
2,0.22360681,0.0559017,0.0701,0.0012078565728149138,0.0023128717258311345,1.914856265128383,0.0
3,0.3354102,0.0559017,0.0701,0.00108033979058772,0.00221242458931498,2.0478969751835114,0.0
4,0.44721362,0.1118034,0.0701,0.00108033979058772,0.0031012123578530648,2.870589776357272,0.0
5,0.559017,0.1677051,0.0701,0.0012078565728149138,1.9188469598661903E-4,0.15886380908573533,0.0
6,0.6708204,0.1677051,0.0701,0.00108033979058772,0.001107967803210779,1.025573447228144,0.0
7,0.7826238,0.22360681,0.0701,0.00108033979058772,0.0015845788243728412,1.4667411477187267,0.0
