Tile Number, Tile x cohordinate [m], Tile y cohordinate [m], area_m2[m2], Tile z cohordinate [m],absorbedPARTile [umol^s-1],absorbedPARTilem2 [umol m^-2 m^-1],Thermal time[dd]
1,0.14142136,0.0,0.0701,0.004042135611804359,0.1502155193771362,37.162414575715296,0.0
2,0.28284273,0.07071068,0.0701,0.005716443181545683,0.18448003775894165,32.27182216286101,0.0
3,0.4242641,0.07071068,0.0701,0.004042135611804359,0.17022659136154172,42.11303323530867,0.0
4,0.56568545,0.14142136,0.0701,0.004042135611804359,0.09468378500902176,23.424198023568064,0.0
5,0.70710677,0.21213204,0.0701,0.005716443181545683,0.19621714309448243,34.32504039013763,0.0
6,0.8485281,0.21213204,0.0701,0.004042135611804359,0.045903408084591625,11.356226631916714,0.0
7,0.9899494,0.28284273,0.0701,0.004042135611804359,0.012424254242440797,3.0736856542264213,0.0
