Tile Number, Tile x cohordinate [m], Tile y cohordinate [m], area_m2[m2], Tile z cohordinate [m],absorbedPARTile [umol^s-1],absorbedPARTilem2 [umol m^-2 m^-1],Thermal time[dd]
1,0.1118034,0.0,0.0701,0.00108033979058772,0.0104038205788742,9.630137360037786,0.0
2,0.22360681,0.0559017,0.0701,0.0012078565728149138,0.013192884163610044,10.922558572384123,0.0
3,0.3354102,0.0559017,0.0701,0.00108033979058772,0.005080898635471054,4.7030560937748795,0.0
4,0.44721362,0.1118034,0.0701,0.00108033979058772,0.00972453807020925,9.00136989763097,0.0
5,0.559017,0.1677051,0.0701,0.0012078565728149138,0.016716867587179097,13.84010979732501,0.0
6,0.6708204,0.1677051,0.0701,0.00108033979058772,0.012552641522567196,11.619160593666908,0.0
7,0.7826238,0.22360681,0.0701,0.00108033979058772,0.013648506444643847,12.633531194124462,0.0
