Tile Number, Tile x cohordinate [m], Tile y cohordinate [m], area_m2[m2], Tile z cohordinate [m],absorbedPARTile [umol^s-1],absorbedPARTilem2 [umol m^-2 m^-1],Thermal time[dd]
1,0.14142136,0.0,0.0701,0.004042135611804359,0.06293262033174993,15.569151155633193,0.0
2,0.28284273,0.07071068,0.0701,0.005716443181545683,0.06328156750145912,11.070094723542457,0.0
3,0.4242641,0.07071068,0.0701,0.004042135611804359,0.04014503582887143,9.931640025048834,0.0
4,0.56568545,0.14142136,0.0701,0.004042135611804359,0.032809330578306914,8.116830737319383,0.0
5,0.70710677,0.21213204,0.0701,0.005716443181545683,0.14295788184907915,25.008187313150977,0.0
6,0.8485281,0.21213204,0.0701,0.004042135611804359,0.18098791211364745,44.775319161757835,0.0
7,0.9899494,0.28284273,0.0701,0.004042135611804359,0.029033698525203763,7.1827621122893195,0.0
