Tile Number, Tile x cohordinate [m], Tile y cohordinate [m], area_m2[m2], Tile z cohordinate [m],absorbedPARTile [umol^s-1],absorbedPARTilem2 [umol m^-2 m^-1],Thermal time[dd]
1,0.1118034,0.0,0.0701,0.00108033979058772,0.022017962827079896,20.3805904576576,0.0
2,0.22360681,0.0559017,0.0701,0.0012078565728149138,0.022957270653755666,19.006619801102435,0.0
3,0.3354102,0.0559017,0.0701,0.00108033979058772,0.025283524453305305,23.403307620050462,0.0
4,0.44721362,0.1118034,0.0701,0.00108033979058772,0.00853173644417084,7.89727132009963,0.0
5,0.559017,0.1677051,0.0701,0.0012078565728149138,0.0033913763273856444,2.8077641035491743,0.0
6,0.6708204,0.1677051,0.0701,0.00108033979058772,0.0051639680921676335,4.779948065560339,0.0
7,0.7826238,0.22360681,0.0701,0.00108033979058772,0.0029603260555829875,2.7401805259551986,0.0
