Tile Number, Tile x cohordinate [m], Tile y cohordinate [m], area_m2[m2], Tile z cohordinate [m],absorbedPARTile [umol^s-1],absorbedPARTilem2 [umol m^-2 m^-1],Thermal time[dd]
1,0.1118034,0.0,0.0701,0.00108033979058772,0.0058532502095606734,5.4179715128111905,0.0
2,0.22360681,0.0559017,0.0701,0.0012078565728149138,0.0060306007232430086,4.99281194387896,0.0
3,0.3354102,0.0559017,0.0701,0.00108033979058772,0.013545494770950907,12.53818001425456,0.0
4,0.44721362,0.1118034,0.0701,0.00108033979058772,0.006563308428652348,6.075226040764283,0.0
5,0.559017,0.1677051,0.0701,0.0012078565728149138,0.0036437737882281883,3.016727209370862,0.0
6,0.6708204,0.1677051,0.0701,0.00108033979058772,0.0010058606277742726,0.9310595023321971,0.0
7,0.7826238,0.22360681,0.0701,0.00108033979058772,0.003825179370595138,3.540718766374593,0.0
