Tile Number, Tile x cohordinate [m], Tile y cohordinate [m], area_m2[m2], Tile z cohordinate [m],absorbedPARTile [umol^s-1],absorbedPARTilem2 [umol m^-2 m^-1],Thermal time[dd]
1,0.1118034,0.0,0.0701,0.00108033979058772,0.006569439875171938,6.080901520435595,0.0
2,0.22360681,0.0559017,0.0701,0.0012078565728149138,0.009212902191042746,7.627480280686014,0.0
3,0.3354102,0.0559017,0.0701,0.00108033979058772,0.019356241287271515,17.916808633644283,0.0
4,0.44721362,0.1118034,0.0701,0.00108033979058772,0.01279458817220702,11.843114808579426,0.0
5,0.559017,0.1677051,0.0701,0.0012078565728149138,0.028677328169741813,23.742329027451664,0.0
6,0.6708204,0.1677051,0.0701,0.00108033979058772,0.010010041181724706,9.265641485147098,0.0
7,0.7826238,0.22360681,0.0701,0.00108033979058772,0.013604737013571894,12.593016689842301,0.0
