Tile Number, Tile x cohordinate [m], Tile y cohordinate [m], area_m2[m2], Tile z cohordinate [m],absorbedPARTile [umol^s-1],absorbedPARTilem2 [umol m^-2 m^-1],Thermal time[dd]
1,0.1118034,0.0,0.0701,0.00108033979058772,0.012440121739076973,11.515008377419269,0.0
2,0.22360681,0.0559017,0.0701,0.0012078565728149138,0.008863045001388974,7.337829011215809,0.0
3,0.3354102,0.0559017,0.0701,0.00108033979058772,0.01104623134408556,10.224775057184793,0.0
4,0.44721362,0.1118034,0.0701,0.00108033979058772,0.011122406321779257,10.295285259953735,0.0
5,0.559017,0.1677051,0.0701,0.0012078565728149138,0.01148373048177639,9.507528244859005,0.0
6,0.6708204,0.1677051,0.0701,0.00108033979058772,0.010662080011491234,9.8691912529584,0.0
7,0.7826238,0.22360681,0.0701,0.00108033979058772,0.01431414067901589,13.249665340224855,0.0
