Tile Number, Tile x cohordinate [m], Tile y cohordinate [m], area_m2[m2], Tile z cohordinate [m],absorbedPARTile [umol^s-1],absorbedPARTilem2 [umol m^-2 m^-1],Thermal time[dd]
1,0.1118034,0.0,0.0701,0.00108033979058772,0.0019776949261976536,1.8306230534392889,0.0
2,0.22360681,0.0559017,0.0701,0.0012078565728149138,0.006012576356084843,4.977889338361188,0.0
3,0.3354102,0.0559017,0.0701,0.00108033979058772,5.613511101550524E-4,0.5196060675036968,0.0
4,0.44721362,0.1118034,0.0701,0.00108033979058772,5.124310204826721E-4,0.47432393488339675,0.0
5,0.559017,0.1677051,0.0701,0.0012078565728149138,0.0011165595947657638,0.9244140570130922,0.0
6,0.6708204,0.1677051,0.0701,0.00108033979058772,0.0012520551556679034,1.1589457007658377,0.0
7,0.7826238,0.22360681,0.0701,0.00108033979058772,0.0013667373631204179,1.2650995316731726,0.0
