Tile Number, Tile x cohordinate [m], Tile y cohordinate [m], area_m2[m2], Tile z cohordinate [m],absorbedPARTile [umol^s-1],absorbedPARTilem2 [umol m^-2 m^-1],Thermal time[dd]
1,0.14142136,0.0,0.0701,0.004042135611804359,0.1898118258421326,46.958302261759826,0.0
2,0.28284273,0.07071068,0.0701,0.005716443181545683,0.27799579576416017,48.6309033319198,0.0
3,0.4242641,0.07071068,0.0701,0.004042135611804359,0.1941849287489319,48.04018157675075,0.0
4,0.56568545,0.14142136,0.0701,0.004042135611804359,0.2512581062089539,62.159741863978525,0.0
5,0.70710677,0.21213204,0.0701,0.005716443181545683,0.38717775442413327,67.73053490220178,0.0
6,0.8485281,0.21213204,0.0701,0.004042135611804359,0.28425772977920544,70.32364994115481,0.0
7,0.9899494,0.28284273,0.0701,0.004042135611804359,0.3223313332739258,79.74283008531748,0.0
