Tile Number, Tile x cohordinate [m], Tile y cohordinate [m], area_m2[m2], Tile z cohordinate [m],absorbedPARTile [umol^s-1],absorbedPARTilem2 [umol m^-2 m^-1],Thermal time[dd]
1,0.14142136,0.0,0.0701,0.004042135611804359,0.17899793118000032,44.28300986668229,0.0
2,0.28284273,0.07071068,0.0701,0.005716443181545683,0.09268528179566464,16.213802683262784,0.0
3,0.4242641,0.07071068,0.0701,0.004042135611804359,0.13193033180639843,32.63876932310699,0.0
4,0.56568545,0.14142136,0.0701,0.004042135611804359,0.08019421342178559,19.83956529998455,0.0
5,0.70710677,0.21213204,0.0701,0.005716443181545683,0.12155215088182289,21.263598188857728,0.0
6,0.8485281,0.21213204,0.0701,0.004042135611804359,0.03928919738549113,9.719910749840706,0.0
7,0.9899494,0.28284273,0.0701,0.004042135611804359,0.1631018360405604,40.350411689367775,0.0
