Tile Number, Tile x cohordinate [m], Tile y cohordinate [m], area_m2[m2], Tile z cohordinate [m],absorbedPARTile [umol^s-1],absorbedPARTilem2 [umol m^-2 m^-1],Thermal time[dd]
1,0.14142136,0.0,0.0701,0.004042135611804359,0.0686215928294611,16.976568680442977,0.0
2,0.28284273,0.07071068,0.0701,0.005716443181545683,0.048810062336587905,8.538537126400692,0.0
3,0.4242641,0.07071068,0.0701,0.004042135611804359,0.04969970647830076,12.295407985115924,0.0
4,0.56568545,0.14142136,0.0701,0.004042135611804359,0.06601251597400903,16.331098783828743,0.0
5,0.70710677,0.21213204,0.0701,0.005716443181545683,0.04354881252564223,7.618165901872388,0.0
6,0.8485281,0.21213204,0.0701,0.004042135611804359,0.03001471267580762,7.425459103389513,0.0
7,0.9899494,0.28284273,0.0701,0.004042135611804359,0.029504065700455304,7.299128117892376,0.0
