Tile Number, Tile x cohordinate [m], Tile y cohordinate [m], area_m2[m2], Tile z cohordinate [m],absorbedPARTile [umol^s-1],absorbedPARTilem2 [umol m^-2 m^-1],Thermal time[dd]
1,0.14142136,0.0,0.0701,0.004042135611804359,0.18077781750762942,44.72334302186671,0.0
2,0.28284273,0.07071068,0.0701,0.005716443181545683,0.30180700984558106,52.79629312505031,0.0
3,0.4242641,0.07071068,0.0701,0.004042135611804359,0.19432522438331606,48.074889871537906,0.0
4,0.56568545,0.14142136,0.0701,0.004042135611804359,0.20311361810180664,50.249085535044486,0.0
5,0.70710677,0.21213204,0.0701,0.005716443181545683,0.27395605543090823,47.924215588342925,0.0
6,0.8485281,0.21213204,0.0701,0.004042135611804359,0.21192752256927488,52.42959240416802,0.0
7,0.9899494,0.28284273,0.0701,0.004042135611804359,0.22398542402938842,55.412644587004365,0.0
