Tile Number, Tile x cohordinate [m], Tile y cohordinate [m], area_m2[m2], Tile z cohordinate [m],absorbedPARTile [umol^s-1],absorbedPARTilem2 [umol m^-2 m^-1],Thermal time[dd]
1,0.1118034,0.0,0.0701,0.00108033979058772,0.013871829467138797,12.84024673347663,0.0
2,0.22360681,0.0559017,0.0701,0.0012078565728149138,0.009685229511110897,8.01852614713967,0.0
3,0.3354102,0.0559017,0.0701,0.00108033979058772,0.009539690157478563,8.83026825503561,0.0
4,0.44721362,0.1118034,0.0701,0.00108033979058772,0.011119114215878695,10.292237972489879,0.0
5,0.559017,0.1677051,0.0701,0.0012078565728149138,0.015692173489345762,12.991752367398307,0.0
6,0.6708204,0.1677051,0.0701,0.00108033979058772,0.011436453374079624,10.585978109589053,0.0
7,0.7826238,0.22360681,0.0701,0.00108033979058772,0.023267715792514385,21.53740517125304,0.0
