Tile Number, Tile x cohordinate [m], Tile y cohordinate [m], area_m2[m2], Tile z cohordinate [m],absorbedPARTile [umol^s-1],absorbedPARTilem2 [umol m^-2 m^-1],Thermal time[dd]
1,0.14142136,0.0,0.0701,0.004042135611804359,0.0834138283501053,20.636078637864006,0.0
2,0.28284273,0.07071068,0.0701,0.005716443181545683,0.24670603215744014,43.15726131134792,0.0
3,0.4242641,0.07071068,0.0701,0.004042135611804359,0.13879207867069243,34.33632416126122,0.0
4,0.56568545,0.14142136,0.0701,0.004042135611804359,0.07422053031617641,18.36171208591522,0.0
5,0.70710677,0.21213204,0.0701,0.005716443181545683,0.08236644545732498,14.408687857377377,0.0
6,0.8485281,0.21213204,0.0701,0.004042135611804359,0.0710777000709504,17.584194816072042,0.0
7,0.9899494,0.28284273,0.0701,0.004042135611804359,0.027271623443159466,6.746835351965282,0.0
