Tile Number, Tile x cohordinate [m], Tile y cohordinate [m], area_m2[m2], Tile z cohordinate [m],absorbedPARTile [umol^s-1],absorbedPARTilem2 [umol m^-2 m^-1],Thermal time[dd]
1,0.14142136,0.0,0.0701,0.004042135611804359,0.06629456092951776,16.400875006745427,0.0
2,0.28284273,0.07071068,0.0701,0.005716443181545683,0.10454367943508149,18.288239052664505,0.0
3,0.4242641,0.07071068,0.0701,0.004042135611804359,0.07382386660228252,18.263579872652628,0.0
4,0.56568545,0.14142136,0.0701,0.004042135611804359,0.17144687357139587,42.4149237028849,0.0
5,0.70710677,0.21213204,0.0701,0.005716443181545683,0.08400361698508262,14.6950847436515,0.0
6,0.8485281,0.21213204,0.0701,0.004042135611804359,0.051187489688375,12.663476588685143,0.0
7,0.9899494,0.28284273,0.0701,0.004042135611804359,0.06631488171539306,16.405902246755872,0.0
