Tile Number, Tile x cohordinate [m], Tile y cohordinate [m], area_m2[m2], Tile z cohordinate [m],absorbedPARTile [umol^s-1],absorbedPARTilem2 [umol m^-2 m^-1],Thermal time[dd]
1,0.14142136,0.0,0.0701,0.004042135611804359,0.05222804683191255,12.920904157542255,0.0
2,0.28284273,0.07071068,0.0701,0.005716443181545683,0.22691505613702134,39.69514765222686,0.0
3,0.4242641,0.07071068,0.0701,0.004042135611804359,0.11083933567692042,27.420983935628797,0.0
4,0.56568545,0.14142136,0.0701,0.004042135611804359,0.1711542277872086,42.342524898813934,0.0
5,0.70710677,0.21213204,0.0701,0.005716443181545683,0.09732787075483999,17.025949119732747,0.0
6,0.8485281,0.21213204,0.0701,0.004042135611804359,0.04783849191578698,11.834954714553099,0.0
7,0.9899494,0.28284273,0.0701,0.004042135611804359,0.05006791219211202,12.386499860592831,0.0
