Tile Number, Tile x cohordinate [m], Tile y cohordinate [m], area_m2[m2], Tile z cohordinate [m],absorbedPARTile [umol^s-1],absorbedPARTilem2 [umol m^-2 m^-1],Thermal time[dd]
1,0.1118034,0.0,0.0701,0.00108033979058772,0.0014981880795838548,1.3867748764199639,0.0
2,0.22360681,0.0559017,0.0701,0.0012078565728149138,0.0012228634001153057,1.0124243454381496,0.0
3,0.3354102,0.0559017,0.0701,0.00108033979058772,0.0012188047767338415,1.1281679961734954,0.0
4,0.44721362,0.1118034,0.0701,0.00108033979058772,0.003122678239828116,2.890459341620043,0.0
5,0.559017,0.1677051,0.0701,0.0012078565728149138,0.009633798762121433,7.975945968211964,0.0
6,0.6708204,0.1677051,0.0701,0.00108033979058772,0.0017956181407999194,1.6620864624666634,0.0
7,0.7826238,0.22360681,0.0701,0.00108033979058772,6.758726746897824E-4,0.6256112017517177,0.0
