Tile Number, Tile x cohordinate [m], Tile y cohordinate [m], area_m2[m2], Tile z cohordinate [m],absorbedPARTile [umol^s-1],absorbedPARTilem2 [umol m^-2 m^-1],Thermal time[dd]
1,0.1118034,0.0,0.0701,0.00108033979058772,0.011872921532235221,10.989988183047656,0.0
2,0.22360681,0.0559017,0.0701,0.0012078565728149138,0.022808014102473854,18.883048381580355,0.0
3,0.3354102,0.0559017,0.0701,0.00108033979058772,0.02004237392454943,18.55191681280766,0.0
4,0.44721362,0.1118034,0.0701,0.00108033979058772,0.02087755903857641,19.32499313685255,0.0
5,0.559017,0.1677051,0.0701,0.0012078565728149138,0.02272881063236725,18.817474809445034,0.0
6,0.6708204,0.1677051,0.0701,0.00108033979058772,0.01635334216459107,15.137220999417806,0.0
7,0.7826238,0.22360681,0.0701,0.00108033979058772,0.020784151807410372,19.238532162277856,0.0
