Tile Number, Tile x cohordinate [m], Tile y cohordinate [m], area_m2[m2], Tile z cohordinate [m],absorbedPARTile [umol^s-1],absorbedPARTilem2 [umol m^-2 m^-1],Thermal time[dd]
1,0.14142136,0.0,0.0701,0.004042135611804359,0.2019714950692749,49.966531177096584,0.0
2,0.28284273,0.07071068,0.0701,0.005716443181545683,0.26769569193389897,46.82906545771283,0.0
3,0.4242641,0.07071068,0.0701,0.004042135611804359,0.1289509644003296,31.9016917749495,0.0
4,0.56568545,0.14142136,0.0701,0.004042135611804359,0.13600619595161437,33.64711355908786,0.0
5,0.70710677,0.21213204,0.0701,0.005716443181545683,0.21547769117080692,37.694364192480855,0.0
6,0.8485281,0.21213204,0.0701,0.004042135611804359,0.17535238308013915,43.38112322804133,0.0
7,0.9899494,0.28284273,0.0701,0.004042135611804359,0.19692369629997253,48.71773617017966,0.0
