Tile Number, Tile x cohordinate [m], Tile y cohordinate [m], area_m2[m2], Tile z cohordinate [m],absorbedPARTile [umol^s-1],absorbedPARTilem2 [umol m^-2 m^-1],Thermal time[dd]
1,0.1118034,0.0,0.0701,0.00108033979058772,0.0029695196220996234,2.748690410157126,0.0
2,0.22360681,0.0559017,0.0701,0.0012078565728149138,0.0026085132939366205,2.1596217238421542,0.0
3,0.3354102,0.0559017,0.0701,0.00108033979058772,0.0013720501708829869,1.2700172509026744,0.0
4,0.44721362,0.1118034,0.0701,0.00108033979058772,0.0027333374810831006,2.5300720244656794,0.0
5,0.559017,0.1677051,0.0701,0.0012078565728149138,0.003393024621220899,2.8091287472265387,0.0
6,0.6708204,0.1677051,0.0701,0.00108033979058772,0.005792385892691636,5.361633389010412,0.0
7,0.7826238,0.22360681,0.0701,0.00108033979058772,0.007639946340270738,7.071799453128076,0.0
