Tile Number, Tile x cohordinate [m], Tile y cohordinate [m], area_m2[m2], Tile z cohordinate [m],absorbedPARTile [umol^s-1],absorbedPARTilem2 [umol m^-2 m^-1],Thermal time[dd]
1,0.1118034,0.0,0.0701,0.00108033979058772,0.007773837383743517,7.195733649238672,0.0
2,0.22360681,0.0559017,0.0701,0.0012078565728149138,0.007350313817371466,6.085419397306036,0.0
3,0.3354102,0.0559017,0.0701,0.00108033979058772,0.003555264412434711,3.290876114542257,0.0
4,0.44721362,0.1118034,0.0701,0.00108033979058772,0.010161774538228958,9.4060911453616,0.0
5,0.559017,0.1677051,0.0701,0.0012078565728149138,0.017294693887110503,14.318499626826686,0.0
6,0.6708204,0.1677051,0.0701,0.00108033979058772,0.009336442038227134,8.642134742762718,0.0
7,0.7826238,0.22360681,0.0701,0.00108033979058772,0.02681922198609976,24.824802548011057,0.0
