Tile Number, Tile x cohordinate [m], Tile y cohordinate [m], area_m2[m2], Tile z cohordinate [m],absorbedPARTile [umol^s-1],absorbedPARTilem2 [umol m^-2 m^-1],Thermal time[dd]
1,0.14142136,0.0,0.0701,0.004042135611804359,0.1621087946168264,40.10473922334907,0.0
2,0.28284273,0.07071068,0.0701,0.005716443181545683,0.21459981701443992,37.54079419650835,0.0
3,0.4242641,0.07071068,0.0701,0.004042135611804359,0.16344811924715041,40.43608006862224,0.0
4,0.56568545,0.14142136,0.0701,0.004042135611804359,0.18759355536181133,46.40951550808358,0.0
5,0.70710677,0.21213204,0.0701,0.005716443181545683,0.23510425572274524,41.127716703584,0.0
6,0.8485281,0.21213204,0.0701,0.004042135611804359,0.2461010696381251,60.88392208302695,0.0
7,0.9899494,0.28284273,0.0701,0.004042135611804359,0.1704854726180871,42.17707889864301,0.0
