Tile Number, Tile x cohordinate [m], Tile y cohordinate [m], area_m2[m2], Tile z cohordinate [m],absorbedPARTile [umol^s-1],absorbedPARTilem2 [umol m^-2 m^-1],Thermal time[dd]
1,0.1118034,0.0,0.0701,0.00108033979058772,0.01893718001552303,17.528910978295947,0.0
2,0.22360681,0.0559017,0.0701,0.0012078565728149138,0.011836272105326402,9.799401991696689,0.0
3,0.3354102,0.0559017,0.0701,0.00108033979058772,0.007066112794563545,6.54063921011322,0.0
4,0.44721362,0.1118034,0.0701,0.00108033979058772,0.003049023703695989,2.8222821470245743,0.0
5,0.559017,0.1677051,0.0701,0.0012078565728149138,0.0061228208162435,5.069162145613237,0.0
6,0.6708204,0.1677051,0.0701,0.00108033979058772,0.015944896311052163,14.75914934353933,0.0
7,0.7826238,0.22360681,0.0701,0.00108033979058772,5.898302098839805E-4,0.5459673104913637,0.0
