Tile Number, Tile x cohordinate [m], Tile y cohordinate [m], area_m2[m2], Tile z cohordinate [m],absorbedPARTile [umol^s-1],absorbedPARTilem2 [umol m^-2 m^-1],Thermal time[dd]
1,0.1118034,0.0,0.0701,0.00108033979058772,5.715831628326499E-4,0.5290772105336421,0.0
2,0.22360681,0.0559017,0.0701,0.0012078565728149138,0.001331171474149983,1.1020939936996688,0.0
3,0.3354102,0.0559017,0.0701,0.00108033979058772,0.0017514288757330642,1.6211833452697901,0.0
4,0.44721362,0.1118034,0.0701,0.00108033979058772,9.707424793073344E-4,0.8985529254450926,0.0
5,0.559017,0.1677051,0.0701,0.0012078565728149138,0.0088834281335413,7.35470446862614,0.0
6,0.6708204,0.1677051,0.0701,0.00108033979058772,5.553873255909246E-4,0.5140857815565473,0.0
7,0.7826238,0.22360681,0.0701,0.00108033979058772,0.01574496712069781,14.574087947026676,0.0
