Tile Number, Tile x cohordinate [m], Tile y cohordinate [m], area_m2[m2], Tile z cohordinate [m],absorbedPARTile [umol^s-1],absorbedPARTilem2 [umol m^-2 m^-1],Thermal time[dd]
1,0.14142136,0.0,0.0701,0.004042135611804359,0.20256128650039676,50.11244202417442,0.0
2,0.28284273,0.07071068,0.0701,0.005716443181545683,0.3305267815603638,57.82035630606791,0.0
3,0.4242641,0.07071068,0.0701,0.004042135611804359,0.24493978397003172,60.59662700447935,0.0
4,0.56568545,0.14142136,0.0701,0.004042135611804359,0.25258650995391846,62.48838094800262,0.0
5,0.70710677,0.21213204,0.0701,0.005716443181545683,0.34309170073608397,60.01838728034284,0.0
6,0.8485281,0.21213204,0.0701,0.004042135611804359,0.24535494918655396,60.69933637803669,0.0
7,0.9899494,0.28284273,0.0701,0.004042135611804359,0.2115397899060059,52.3336696790282,0.0
