Tile Number, Tile x cohordinate [m], Tile y cohordinate [m], area_m2[m2], Tile z cohordinate [m],absorbedPARTile [umol^s-1],absorbedPARTilem2 [umol m^-2 m^-1],Thermal time[dd]
1,0.1118034,0.0,0.0701,0.00108033979058772,0.004414560855188411,4.0862707211652625,0.0
2,0.22360681,0.0559017,0.0701,0.0012078565728149138,0.003126273753546054,2.5882822711808093,0.0
3,0.3354102,0.0559017,0.0701,0.00108033979058772,0.00765814737281811,7.0886469604641436,0.0
4,0.44721362,0.1118034,0.0701,0.00108033979058772,0.0039046892711483597,3.6143158894704364,0.0
5,0.559017,0.1677051,0.0701,0.0012078565728149138,0.009546735916960586,7.903865518330448,0.0
6,0.6708204,0.1677051,0.0701,0.00108033979058772,0.003243710841775515,3.002491318042531,0.0
7,0.7826238,0.22360681,0.0701,0.00108033979058772,0.006432263167828698,5.953925999827755,0.0
