Tile Number, Tile x cohordinate [m], Tile y cohordinate [m], area_m2[m2], Tile z cohordinate [m],absorbedPARTile [umol^s-1],absorbedPARTilem2 [umol m^-2 m^-1],Thermal time[dd]
1,0.1118034,0.0,0.0701,0.00108033979058772,0.0025854298228987203,2.3931635633750106,0.0
2,0.22360681,0.0559017,0.0701,0.0012078565728149138,8.426017278094863E-4,0.6976008135186119,0.0
3,0.3354102,0.0559017,0.0701,0.00108033979058772,0.0072380004470628916,6.6997443860929335,0.0
4,0.44721362,0.1118034,0.0701,0.00108033979058772,9.999964001384254E-4,0.9256313697326777,0.0
5,0.559017,0.1677051,0.0701,0.0012078565728149138,0.006948631713215038,5.752861614207412,0.0
6,0.6708204,0.1677051,0.0701,0.00108033979058772,0.003100387436738213,2.8698262007470436,0.0
7,0.7826238,0.22360681,0.0701,0.00108033979058772,0.005735568366882387,5.309041115445871,0.0
