Tile Number, Tile x cohordinate [m], Tile y cohordinate [m], area_m2[m2], Tile z cohordinate [m],absorbedPARTile [umol^s-1],absorbedPARTilem2 [umol m^-2 m^-1],Thermal time[dd]
1,0.14142136,0.0,0.0701,0.004042135611804359,0.11846849526004795,29.308392057426563,0.0
2,0.28284273,0.07071068,0.0701,0.005716443181545683,0.14222506059471132,24.879991994647053,0.0
3,0.4242641,0.07071068,0.0701,0.004042135611804359,0.11206598411354066,27.724449369355963,0.0
4,0.56568545,0.14142136,0.0701,0.004042135611804359,0.16243224171676637,40.184758087386044,0.0
5,0.70710677,0.21213204,0.0701,0.005716443181545683,0.23612479020843508,41.30624283483016,0.0
6,0.8485281,0.21213204,0.0701,0.004042135611804359,0.13591333770605088,33.624140988525824,0.0
7,0.9899494,0.28284273,0.0701,0.004042135611804359,0.23376821368316647,57.83284781452823,0.0
