Tile Number, Tile x cohordinate [m], Tile y cohordinate [m], area_m2[m2], Tile z cohordinate [m],absorbedPARTile [umol^s-1],absorbedPARTilem2 [umol m^-2 m^-1],Thermal time[dd]
1,0.14142136,0.0,0.0701,0.004042135611804359,0.2734394801583862,67.64728015553298,0.0
2,0.28284273,0.07071068,0.0701,0.005716443181545683,0.3394518817901611,59.38165936574146,0.0
3,0.4242641,0.07071068,0.0701,0.004042135611804359,0.2587358593389893,64.00969294137383,0.0
4,0.56568545,0.14142136,0.0701,0.004042135611804359,0.2440151392079163,60.36787546051453,0.0
5,0.70710677,0.21213204,0.0701,0.005716443181545683,0.26359308625213623,46.11138043024555,0.0
6,0.8485281,0.21213204,0.0701,0.004042135611804359,0.22278706641281126,55.11617813172821,0.0
7,0.9899494,0.28284273,0.0701,0.004042135611804359,0.1966496947792053,48.6499498445633,0.0
