Tile Number, Tile x cohordinate [m], Tile y cohordinate [m], area_m2[m2], Tile z cohordinate [m],absorbedPARTile [umol^s-1],absorbedPARTilem2 [umol m^-2 m^-1],Thermal time[dd]
1,0.14142136,0.0,0.0701,0.004042135611804359,0.09957252477767944,24.633642791917982,0.0
2,0.28284273,0.07071068,0.0701,0.005716443181545683,0.15899575631057739,27.81375608242924,0.0
3,0.4242641,0.07071068,0.0701,0.004042135611804359,0.16970099679481507,41.98300430575179,0.0
4,0.56568545,0.14142136,0.0701,0.004042135611804359,0.07671066593642714,18.9777566374584,0.0
5,0.70710677,0.21213204,0.0701,0.005716443181545683,0.1608267214389801,28.13405404923377,0.0
6,0.8485281,0.21213204,0.0701,0.004042135611804359,0.10817357369598389,26.761490480448415,0.0
7,0.9899494,0.28284273,0.0701,0.004042135611804359,0.1787571887044525,44.22345162849633,0.0
