Tile Number, Tile x cohordinate [m], Tile y cohordinate [m], area_m2[m2], Tile z cohordinate [m],absorbedPARTile [umol^s-1],absorbedPARTilem2 [umol m^-2 m^-1],Thermal time[dd]
1,0.1118034,0.0,0.0701,0.00108033979058772,0.01477225606192871,13.673712836118344,0.0
2,0.22360681,0.0559017,0.0701,0.0012078565728149138,0.020819192830540637,17.236477657294557,0.0
3,0.3354102,0.0559017,0.0701,0.00108033979058772,0.02249311804608501,20.82041061715263,0.0
4,0.44721362,0.1118034,0.0701,0.00108033979058772,0.009944554657891189,9.205024886180682,0.0
5,0.559017,0.1677051,0.0701,0.0012078565728149138,0.019322610648413115,15.997438009863792,0.0
6,0.6708204,0.1677051,0.0701,0.00108033979058772,0.003515383382229199,3.253960849036933,0.0
7,0.7826238,0.22360681,0.0701,0.00108033979058772,0.005031324154575465,4.657168233929766,0.0
