Tile Number, Tile x cohordinate [m], Tile y cohordinate [m], area_m2[m2], Tile z cohordinate [m],absorbedPARTile [umol^s-1],absorbedPARTilem2 [umol m^-2 m^-1],Thermal time[dd]
1,0.1118034,0.0,0.0701,0.00108033979058772,0.011986502092656866,11.095122291233984,0.0
2,0.22360681,0.0559017,0.0701,0.0012078565728149138,0.010116493797664943,8.375575399725168,0.0
3,0.3354102,0.0559017,0.0701,0.00108033979058772,0.013390221753611922,12.39445392113851,0.0
4,0.44721362,0.1118034,0.0701,0.00108033979058772,0.013288052421796172,12.299882442140992,0.0
5,0.559017,0.1677051,0.0701,0.0012078565728149138,0.01252152631506356,10.366732770168317,0.0
6,0.6708204,0.1677051,0.0701,0.00108033979058772,0.015277054123894513,14.140971439720444,0.0
7,0.7826238,0.22360681,0.0701,0.00108033979058772,0.01917141473114226,17.745726759460318,0.0
