Tile Number, Tile x cohordinate [m], Tile y cohordinate [m], area_m2[m2], Tile z cohordinate [m],absorbedPARTile [umol^s-1],absorbedPARTilem2 [umol m^-2 m^-1],Thermal time[dd]
1,0.1118034,0.0,0.0701,0.00108033979058772,0.0013453150049257698,1.2452702535319,0.0
2,0.22360681,0.0559017,0.0701,0.0012078565728149138,0.0017086608505623184,1.414622306173554,0.0
3,0.3354102,0.0559017,0.0701,0.00108033979058772,3.727491130015485E-4,0.3450295140927539,0.0
4,0.44721362,0.1118034,0.0701,0.00108033979058772,0.0012763737177562632,1.1814558057348772,0.0
5,0.559017,0.1677051,0.0701,0.0012078565728149138,5.471436459769402E-4,0.45298726545141044,0.0
6,0.6708204,0.1677051,0.0701,0.00108033979058772,5.765205917978911E-4,0.5336474661219837,0.0
7,0.7826238,0.22360681,0.0701,0.00108033979058772,0.0015142960448891972,1.4016849680834205,0.0
