Tile Number, Tile x cohordinate [m], Tile y cohordinate [m], area_m2[m2], Tile z cohordinate [m],absorbedPARTile [umol^s-1],absorbedPARTilem2 [umol m^-2 m^-1],Thermal time[dd]
1,0.1118034,0.0,0.0701,0.00108033979058772,3.005230504602649E-4,0.2781745642237024,0.0
2,0.22360681,0.0559017,0.0701,0.0012078565728149138,5.242555419437782E-4,0.43403790958557187,0.0
3,0.3354102,0.0559017,0.0701,0.00108033979058772,0.004118394654439972,3.8121290082257433,0.0
4,0.44721362,0.1118034,0.0701,0.00108033979058772,0.0019000136875367112,1.7587186032489623,0.0
5,0.559017,0.1677051,0.0701,0.0012078565728149138,0.0010947493756577906,0.9063570959476368,0.0
6,0.6708204,0.1677051,0.0701,0.00108033979058772,0.0037139072913498434,3.437721468473753,0.0
7,0.7826238,0.22360681,0.0701,0.00108033979058772,4.8118636708260675E-4,0.4454027994477873,0.0
