Tile Number, Tile x cohordinate [m], Tile y cohordinate [m], area_m2[m2], Tile z cohordinate [m],absorbedPARTile [umol^s-1],absorbedPARTilem2 [umol m^-2 m^-1],Thermal time[dd]
1,0.1118034,0.0,0.0701,0.00108033979058772,4.696680531857158E-4,0.4347410483975693,0.0
2,0.22360681,0.0559017,0.0701,0.0012078565728149138,0.004252933907117367,3.521058710808594,0.0
3,0.3354102,0.0559017,0.0701,0.00108033979058772,0.002866883076310425,2.653686461692576,0.0
4,0.44721362,0.1118034,0.0701,0.00108033979058772,0.003070104318205221,2.841795095351474,0.0
5,0.559017,0.1677051,0.0701,0.0012078565728149138,0.0019537696541237744,1.6175510388377552,0.0
6,0.6708204,0.1677051,0.0701,0.00108033979058772,0.008881190909643897,8.220738500071729,0.0
7,0.7826238,0.22360681,0.0701,0.00108033979058772,5.269537878579111E-4,0.48776671233338625,0.0
