Tile Number, Tile x cohordinate [m], Tile y cohordinate [m], area_m2[m2], Tile z cohordinate [m],absorbedPARTile [umol^s-1],absorbedPARTilem2 [umol m^-2 m^-1],Thermal time[dd]
1,0.1118034,0.0,0.0701,0.00108033979058772,0.005544853141138197,5.132508484318365,0.0
2,0.22360681,0.0559017,0.0701,0.0012078565728149138,0.0057869901722309835,4.791123633780775,0.0
3,0.3354102,0.0559017,0.0701,0.00108033979058772,0.01227516377506144,11.362317561573457,0.0
4,0.44721362,0.1118034,0.0701,0.00108033979058772,0.009864157844502001,9.130606805786318,0.0
5,0.559017,0.1677051,0.0701,0.0012078565728149138,0.008118272560099076,6.721222322928139,0.0
6,0.6708204,0.1677051,0.0701,0.00108033979058772,0.008205623744044897,7.595410088136181,0.0
7,0.7826238,0.22360681,0.0701,0.00108033979058772,0.006319245192099357,5.849312639555374,0.0
