Tile Number, Tile x cohordinate [m], Tile y cohordinate [m], area_m2[m2], Tile z cohordinate [m],absorbedPARTile [umol^s-1],absorbedPARTilem2 [umol m^-2 m^-1],Thermal time[dd]
1,0.1118034,0.0,0.0701,0.00108033979058772,4.04868263671534E-4,0.374760114548109,0.0
2,0.22360681,0.0559017,0.0701,0.0012078565728149138,0.0030835141408417743,2.5528810375685866,0.0
3,0.3354102,0.0559017,0.0701,0.00108033979058772,4.3851401895198856E-4,0.4059037932069787,0.0
4,0.44721362,0.1118034,0.0701,0.00108033979058772,0.0029216308668220275,2.7043629164418905,0.0
5,0.559017,0.1677051,0.0701,0.0012078565728149138,0.0017889169639256125,1.4810673752070873,0.0
6,0.6708204,0.1677051,0.0701,0.00108033979058772,0.0037406692773626006,3.462493291418642,0.0
7,0.7826238,0.22360681,0.0701,0.00108033979058772,0.0051943021394343265,4.808026312359146,0.0
