Tile Number, Tile x cohordinate [m], Tile y cohordinate [m], area_m2[m2], Tile z cohordinate [m],absorbedPARTile [umol^s-1],absorbedPARTilem2 [umol m^-2 m^-1],Thermal time[dd]
1,0.1118034,0.0,0.0701,0.00108033979058772,0.022387474485592845,20.72262327152992,0.0
2,0.22360681,0.0559017,0.0701,0.0012078565728149138,0.014968049666857271,12.392240936334172,0.0
3,0.3354102,0.0559017,0.0701,0.00108033979058772,0.019535372517013656,18.082618716085744,0.0
4,0.44721362,0.1118034,0.0701,0.00108033979058772,0.011330536667321325,10.48793793030372,0.0
5,0.559017,0.1677051,0.0701,0.0012078565728149138,0.014372100190045645,11.898846695474296,0.0
6,0.6708204,0.1677051,0.0701,0.00108033979058772,0.00845188032252703,7.823353722747812,0.0
7,0.7826238,0.22360681,0.0701,0.00108033979058772,0.011729825614941741,10.857533636302104,0.0
