Tile Number, Tile x cohordinate [m], Tile y cohordinate [m], area_m2[m2], Tile z cohordinate [m],absorbedPARTile [umol^s-1],absorbedPARTilem2 [umol m^-2 m^-1],Thermal time[dd]
1,0.1118034,0.0,0.0701,0.00108033979058772,0.029647492992434504,27.44274833782236,0.0
2,0.22360681,0.0559017,0.0701,0.0012078565728149138,0.021797805756264926,18.046683891834167,0.0
3,0.3354102,0.0559017,0.0701,0.00108033979058772,0.028672603230191995,26.540356543373914,0.0
4,0.44721362,0.1118034,0.0701,0.00108033979058772,0.01659160419023618,15.3577645984974,0.0
5,0.559017,0.1677051,0.0701,0.0012078565728149138,0.02577691903148442,21.34104297781915,0.0
6,0.6708204,0.1677051,0.0701,0.00108033979058772,0.03422137943630695,31.676496352772535,0.0
7,0.7826238,0.22360681,0.0701,0.00108033979058772,0.027692589334429505,25.63322167312226,0.0
