Tile Number, Tile x cohordinate [m], Tile y cohordinate [m], area_m2[m2], Tile z cohordinate [m],absorbedPARTile [umol^s-1],absorbedPARTilem2 [umol m^-2 m^-1],Thermal time[dd]
1,0.1118034,0.0,0.0701,0.00108033979058772,0.012934746872746284,11.972850565570301,0.0
2,0.22360681,0.0559017,0.0701,0.0012078565728149138,0.01614747053771537,13.368698652757782,0.0
3,0.3354102,0.0559017,0.0701,0.00108033979058772,0.027455100018755493,25.41339332120641,0.0
4,0.44721362,0.1118034,0.0701,0.00108033979058772,0.017025668745413645,15.75954981362988,0.0
5,0.559017,0.1677051,0.0701,0.0012078565728149138,0.018943429650294448,15.683509182010512,0.0
6,0.6708204,0.1677051,0.0701,0.00108033979058772,0.02220049414661652,20.549547781202374,0.0
7,0.7826238,0.22360681,0.0701,0.00108033979058772,0.020588170052799788,19.05712464927311,0.0
