Tile Number, Tile x cohordinate [m], Tile y cohordinate [m], area_m2[m2], Tile z cohordinate [m],absorbedPARTile [umol^s-1],absorbedPARTilem2 [umol m^-2 m^-1],Thermal time[dd]
1,0.14142136,0.0,0.0701,0.004042135611804359,0.09922698176898956,24.548157533164964,0.0
2,0.28284273,0.07071068,0.0701,0.005716443181545683,0.11263370733612059,19.703459609243467,0.0
3,0.4242641,0.07071068,0.0701,0.004042135611804359,0.12235892206074714,30.27086021147312,0.0
4,0.56568545,0.14142136,0.0701,0.004042135611804359,0.05193973274196149,12.849576988530632,0.0
5,0.70710677,0.21213204,0.0701,0.005716443181545683,0.10495503958749058,18.360199910027188,0.0
6,0.8485281,0.21213204,0.0701,0.004042135611804359,0.21216732932006835,52.48891914968669,0.0
7,0.9899494,0.28284273,0.0701,0.004042135611804359,0.16111822034507747,39.859677115869026,0.0
