Tile Number, Tile x cohordinate [m], Tile y cohordinate [m], area_m2[m2], Tile z cohordinate [m],absorbedPARTile [umol^s-1],absorbedPARTilem2 [umol m^-2 m^-1],Thermal time[dd]
1,0.1118034,0.0,0.0701,0.00108033979058772,0.001969858588975556,1.823369467770807,0.0
2,0.22360681,0.0559017,0.0701,0.0012078565728149138,0.0052313647625563285,4.331114207016,0.0
3,0.3354102,0.0559017,0.0701,0.00108033979058772,0.003907736185864042,3.6171362194649697,0.0
4,0.44721362,0.1118034,0.0701,0.00108033979058772,0.0012811158564682327,1.1858452938878496,0.0
5,0.559017,0.1677051,0.0701,0.0012078565728149138,0.007046008371676444,5.8334810028443185,0.0
6,0.6708204,0.1677051,0.0701,0.00108033979058772,0.0036064295604931245,3.338236351112437,0.0
7,0.7826238,0.22360681,0.0701,0.00108033979058772,0.003644512157689563,3.3734869246155395,0.0
