Tile Number, Tile x cohordinate [m], Tile y cohordinate [m], area_m2[m2], Tile z cohordinate [m],absorbedPARTile [umol^s-1],absorbedPARTilem2 [umol m^-2 m^-1],Thermal time[dd]
1,0.1118034,0.0,0.0701,0.00108033979058772,0.0024447689937832657,2.2629630187492005,0.0
2,0.22360681,0.0559017,0.0701,0.0012078565728149138,0.01177237160034421,9.746497941314885,0.0
3,0.3354102,0.0559017,0.0701,0.00108033979058772,7.266571885425007E-4,0.6726191100923804,0.0
4,0.44721362,0.1118034,0.0701,0.00108033979058772,5.348768084715053E-4,0.4951005351571147,0.0
5,0.559017,0.1677051,0.0701,0.0012078565728149138,0.0012845710397646024,1.0635128943918444,0.0
6,0.6708204,0.1677051,0.0701,0.00108033979058772,0.0015608798021697306,1.4448045103666785,0.0
7,0.7826238,0.22360681,0.0701,0.00108033979058772,0.0016054669794841265,1.4860759489481823,0.0
