Tile Number, Tile x cohordinate [m], Tile y cohordinate [m], area_m2[m2], Tile z cohordinate [m],absorbedPARTile [umol^s-1],absorbedPARTilem2 [umol m^-2 m^-1],Thermal time[dd]
1,0.14142136,0.0,0.0701,0.004042135611804359,0.20185265147705078,49.93712998830988,0.0
2,0.28284273,0.07071068,0.0701,0.005716443181545683,0.13802120820406277,24.14459548021658,0.0
3,0.4242641,0.07071068,0.0701,0.004042135611804359,0.2016864755592346,49.896019067307904,0.0
4,0.56568545,0.14142136,0.0701,0.004042135611804359,0.07435032895190184,18.393823486469515,0.0
5,0.70710677,0.21213204,0.0701,0.005716443181545683,0.20514069681172367,35.88607291225716,0.0
6,0.8485281,0.21213204,0.0701,0.004042135611804359,0.0442668998946722,10.951364364272777,0.0
7,0.9899494,0.28284273,0.0701,0.004042135611804359,0.034258363941127516,8.475312862112265,0.0
