Tile Number, Tile x cohordinate [m], Tile y cohordinate [m], area_m2[m2], Tile z cohordinate [m],absorbedPARTile [umol^s-1],absorbedPARTilem2 [umol m^-2 m^-1],Thermal time[dd]
1,0.14142136,0.0,0.0701,0.004042135611804359,0.03861801602251769,9.553864523926519,0.0
2,0.28284273,0.07071068,0.0701,0.005716443181545683,0.07514475660572224,13.14536928282801,0.0
3,0.4242641,0.07071068,0.0701,0.004042135611804359,0.14608513207775115,36.14058163984769,0.0
4,0.56568545,0.14142136,0.0701,0.004042135611804359,0.02671447758155167,6.60900082212399,0.0
5,0.70710677,0.21213204,0.0701,0.005716443181545683,0.05218645870925545,9.129183489084314,0.0
6,0.8485281,0.21213204,0.0701,0.004042135611804359,0.10060670098767283,24.889491756255858,0.0
7,0.9899494,0.28284273,0.0701,0.004042135611804359,0.05225833892892636,12.928398239859865,0.0
