Tile Number, Tile x cohordinate [m], Tile y cohordinate [m], area_m2[m2], Tile z cohordinate [m],absorbedPARTile [umol^s-1],absorbedPARTilem2 [umol m^-2 m^-1],Thermal time[dd]
1,0.14142136,0.0,0.0701,0.004042135611804359,0.08398955946833492,20.77851104823349,0.0
2,0.28284273,0.07071068,0.0701,0.005716443181545683,0.16723381475448612,29.25487220696338,0.0
3,0.4242641,0.07071068,0.0701,0.004042135611804359,0.03495552485599682,8.647786272661223,0.0
4,0.56568545,0.14142136,0.0701,0.004042135611804359,0.05205392427892983,12.877827286871655,0.0
5,0.70710677,0.21213204,0.0701,0.005716443181545683,0.04260648667841896,7.4533211168729725,0.0
6,0.8485281,0.21213204,0.0701,0.004042135611804359,0.04723121383533597,11.684717775773123,0.0
7,0.9899494,0.28284273,0.0701,0.004042135611804359,0.059704494110599166,14.77053217518049,0.0
