Tile Number, Tile x cohordinate [m], Tile y cohordinate [m], area_m2[m2], Tile z cohordinate [m],absorbedPARTile [umol^s-1],absorbedPARTilem2 [umol m^-2 m^-1],Thermal time[dd]
1,0.14142136,0.0,0.0701,0.004042135611804359,0.26809577488189706,66.32527966131805,0.0
2,0.28284273,0.07071068,0.0701,0.005716443181545683,0.21297362362854003,37.25631775998053,0.0
3,0.4242641,0.07071068,0.0701,0.004042135611804359,0.11914252445129395,29.475142818899684,0.0
4,0.56568545,0.14142136,0.0701,0.004042135611804359,0.12340347172203064,30.529275505169124,0.0
5,0.70710677,0.21213204,0.0701,0.005716443181545683,0.2051873325,35.89423107753498,0.0
6,0.8485281,0.21213204,0.0701,0.004042135611804359,0.20027671895889282,49.547253776943855,0.0
7,0.9899494,0.28284273,0.0701,0.004042135611804359,0.18723837511486052,46.32164605464081,0.0
