Tile Number, Tile x cohordinate [m], Tile y cohordinate [m], area_m2[m2], Tile z cohordinate [m],absorbedPARTile [umol^s-1],absorbedPARTilem2 [umol m^-2 m^-1],Thermal time[dd]
1,0.14142136,0.0,0.0701,0.004042135611804359,0.07373527727834701,18.24166340758481,0.0
2,0.28284273,0.07071068,0.0701,0.005716443181545683,0.14133014857086182,24.723441497173635,0.0
3,0.4242641,0.07071068,0.0701,0.004042135611804359,0.05503005357806921,13.614103746881584,0.0
4,0.56568545,0.14142136,0.0701,0.004042135611804359,0.0648006941877842,16.031301374091694,0.0
5,0.70710677,0.21213204,0.0701,0.005716443181545683,0.17088723904487613,29.893980158247548,0.0
6,0.8485281,0.21213204,0.0701,0.004042135611804359,0.054526096002489324,13.489427678590316,0.0
7,0.9899494,0.28284273,0.0701,0.004042135611804359,0.047683520927684304,11.79661582566226,0.0
