Tile Number, Tile x cohordinate [m], Tile y cohordinate [m], area_m2[m2], Tile z cohordinate [m],absorbedPARTile [umol^s-1],absorbedPARTilem2 [umol m^-2 m^-1],Thermal time[dd]
1,0.14142136,0.0,0.0701,0.004042135611804359,0.04726960259850524,11.694214924522207,0.0
2,0.28284273,0.07071068,0.0701,0.005716443181545683,0.09711702111001813,16.98906435798045,0.0
3,0.4242641,0.07071068,0.0701,0.004042135611804359,0.049841603197500535,12.330512378641314,0.0
4,0.56568545,0.14142136,0.0701,0.004042135611804359,0.05173193950012989,12.798170192275512,0.0
5,0.70710677,0.21213204,0.0701,0.005716443181545683,0.03458079802190736,6.049355678640188,0.0
6,0.8485281,0.21213204,0.0701,0.004042135611804359,0.061845886177824896,15.300299672582646,0.0
7,0.9899494,0.28284273,0.0701,0.004042135611804359,0.016182836073744464,4.003536157096087,0.0
