Tile Number, Tile x cohordinate [m], Tile y cohordinate [m], area_m2[m2], Tile z cohordinate [m],absorbedPARTile [umol^s-1],absorbedPARTilem2 [umol m^-2 m^-1],Thermal time[dd]
1,0.1118034,0.0,0.0701,0.00108033979058772,0.008152850673063455,7.546561502310483,0.0
2,0.22360681,0.0559017,0.0701,0.0012078565728149138,0.0016308442126425633,1.3501969102522458,0.0
3,0.3354102,0.0559017,0.0701,0.00108033979058772,0.0013603770030020555,1.2592121616311025,0.0
4,0.44721362,0.1118034,0.0701,0.00108033979058772,0.0011343164178884513,1.0499626393205117,0.0
5,0.559017,0.1677051,0.0701,0.0012078565728149138,0.004081003429580299,3.3787152559591633,0.0
6,0.6708204,0.1677051,0.0701,0.00108033979058772,0.003421444712165321,3.1670079561764615,0.0
7,0.7826238,0.22360681,0.0701,0.00108033979058772,0.0026554829457305766,2.4580071648439024,0.0
