Tile Number, Tile x cohordinate [m], Tile y cohordinate [m], area_m2[m2], Tile z cohordinate [m],absorbedPARTile [umol^s-1],absorbedPARTilem2 [umol m^-2 m^-1],Thermal time[dd]
1,0.1118034,0.0,0.0701,0.00108033979058772,0.008942707836435373,8.277680702263513,0.0
2,0.22360681,0.0559017,0.0701,0.0012078565728149138,0.0027098031658448745,2.2434809122491,0.0
3,0.3354102,0.0559017,0.0701,0.00108033979058772,0.0023550233491775696,2.1798913357587284,0.0
4,0.44721362,0.1118034,0.0701,0.00108033979058772,0.0019878869514225288,1.8400571456699661,0.0
5,0.559017,0.1677051,0.0701,0.0012078565728149138,0.006658859295289436,5.5129553004550385,0.0
6,0.6708204,0.1677051,0.0701,0.00108033979058772,0.00414178035327652,3.833775622596789,0.0
7,0.7826238,0.22360681,0.0701,0.00108033979058772,0.008627427785301614,7.985846546120617,0.0
