Tile Number, Tile x cohordinate [m], Tile y cohordinate [m], area_m2[m2], Tile z cohordinate [m],absorbedPARTile [umol^s-1],absorbedPARTilem2 [umol m^-2 m^-1],Thermal time[dd]
1,0.14142136,0.0,0.0701,0.004042135611804359,0.1394059997183227,34.48820453010323,0.0
2,0.28284273,0.07071068,0.0701,0.005716443181545683,0.07478182753402708,13.08188066583855,0.0
3,0.4242641,0.07071068,0.0701,0.004042135611804359,0.03099246863673687,7.667350037991975,0.0
4,0.56568545,0.14142136,0.0701,0.004042135611804359,0.05759147696187764,14.247784461682006,0.0
5,0.70710677,0.21213204,0.0701,0.005716443181545683,0.10326142970569611,18.063930039408703,0.0
6,0.8485281,0.21213204,0.0701,0.004042135611804359,0.2204443771255493,54.536610914730204,0.0
7,0.9899494,0.28284273,0.0701,0.004042135611804359,0.05754116901338458,14.23533857828657,0.0
