Tile Number, Tile x cohordinate [m], Tile y cohordinate [m], area_m2[m2], Tile z cohordinate [m],absorbedPARTile [umol^s-1],absorbedPARTilem2 [umol m^-2 m^-1],Thermal time[dd]
1,0.14142136,0.0,0.0701,0.004042135611804359,0.09963517790504453,24.649142798197367,0.0
2,0.28284273,0.07071068,0.0701,0.005716443181545683,0.03970855103003502,6.946373779805177,0.0
3,0.4242641,0.07071068,0.0701,0.004042135611804359,0.037989897938875555,9.3984718939,0.0
4,0.56568545,0.14142136,0.0701,0.004042135611804359,0.056112139559779166,13.881805300127326,0.0
5,0.70710677,0.21213204,0.0701,0.005716443181545683,0.21574578546234127,37.74126298654214,0.0
6,0.8485281,0.21213204,0.0701,0.004042135611804359,0.1452029534156704,35.922335953210045,0.0
7,0.9899494,0.28284273,0.0701,0.004042135611804359,0.21801561092106822,53.93574878695095,0.0
