Tile Number, Tile x cohordinate [m], Tile y cohordinate [m], area_m2[m2], Tile z cohordinate [m],absorbedPARTile [umol^s-1],absorbedPARTilem2 [umol m^-2 m^-1],Thermal time[dd]
1,0.1118034,0.0,0.0701,0.00108033979058772,0.005548463371206659,5.135850238551537,0.0
2,0.22360681,0.0559017,0.0701,0.0012078565728149138,0.008539246350960279,7.069751941705741,0.0
3,0.3354102,0.0559017,0.0701,0.00108033979058772,0.01090962840347208,10.098330634972807,0.0
4,0.44721362,0.1118034,0.0701,0.00108033979058772,0.0050325980697566945,4.658347414028776,0.0
5,0.559017,0.1677051,0.0701,0.0012078565728149138,0.006539440212092319,5.414086704725324,0.0
6,0.6708204,0.1677051,0.0701,0.00108033979058772,0.005472322211552077,5.06537133893315,0.0
7,0.7826238,0.22360681,0.0701,0.00108033979058772,0.00189206846596587,1.751364230448791,0.0
