Tile Number, Tile x cohordinate [m], Tile y cohordinate [m], area_m2[m2], Tile z cohordinate [m],absorbedPARTile [umol^s-1],absorbedPARTilem2 [umol m^-2 m^-1],Thermal time[dd]
1,0.14142136,0.0,0.0701,0.004042135611804359,0.20605159403442388,50.97592308201777,0.0
2,0.28284273,0.07071068,0.0701,0.005716443181545683,0.3709885465594482,64.89849278255849,0.0
3,0.4242641,0.07071068,0.0701,0.004042135611804359,0.2500485640437317,61.86050841874479,0.0
4,0.56568545,0.14142136,0.0701,0.004042135611804359,0.24707727036346436,61.125428261713395,0.0
5,0.70710677,0.21213204,0.0701,0.005716443181545683,0.35109482488647464,61.41840542033364,0.0
6,0.8485281,0.21213204,0.0701,0.004042135611804359,0.25240972127777106,62.44464449452216,0.0
7,0.9899494,0.28284273,0.0701,0.004042135611804359,0.2357963755131531,58.33460283335138,0.0
