Tile Number, Tile x cohordinate [m], Tile y cohordinate [m], area_m2[m2], Tile z cohordinate [m],absorbedPARTile [umol^s-1],absorbedPARTilem2 [umol m^-2 m^-1],Thermal time[dd]
1,0.1118034,0.0,0.0701,0.00108033979058772,0.016746957423552252,15.501564942305489,0.0
2,0.22360681,0.0559017,0.0701,0.0012078565728149138,0.01200284792940548,9.937312260041606,0.0
3,0.3354102,0.0559017,0.0701,0.00108033979058772,0.025538166169396963,23.639012829013588,0.0
4,0.44721362,0.1118034,0.0701,0.00108033979058772,0.008587783914291422,7.949150803396353,0.0
5,0.559017,0.1677051,0.0701,0.0012078565728149138,0.020630184858785792,17.079995525219587,0.0
6,0.6708204,0.1677051,0.0701,0.00108033979058772,0.002219661276050381,2.054595503552502,0.0
7,0.7826238,0.22360681,0.0701,0.00108033979058772,0.0028961023396338456,2.6807328257883807,0.0
