Tile Number, Tile x cohordinate [m], Tile y cohordinate [m], area_m2[m2], Tile z cohordinate [m],absorbedPARTile [umol^s-1],absorbedPARTilem2 [umol m^-2 m^-1],Thermal time[dd]
1,0.14142136,0.0,0.0701,0.004042135611804359,0.13738938042411808,33.98930506509878,0.0
2,0.28284273,0.07071068,0.0701,0.005716443181545683,0.1640291030072022,28.694259314381913,0.0
3,0.4242641,0.07071068,0.0701,0.004042135611804359,0.17226880860375407,42.6182654784448,0.0
4,0.56568545,0.14142136,0.0701,0.004042135611804359,0.17160682843795777,42.454495573283005,0.0
5,0.70710677,0.21213204,0.0701,0.005716443181545683,0.16330126090774538,28.566935019126696,0.0
6,0.8485281,0.21213204,0.0701,0.004042135611804359,0.2116111324412536,52.351319392471595,0.0
7,0.9899494,0.28284273,0.0701,0.004042135611804359,0.07565470605215073,18.71651852333064,0.0
