Tile Number, Tile x cohordinate [m], Tile y cohordinate [m], area_m2[m2], Tile z cohordinate [m],absorbedPARTile [umol^s-1],absorbedPARTilem2 [umol m^-2 m^-1],Thermal time[dd]
1,0.14142136,0.0,0.0701,0.004042135611804359,0.01729672273279442,4.279105006344252,0.0
2,0.28284273,0.07071068,0.0701,0.005716443181545683,0.035998325219349044,6.297329314067523,0.0
3,0.4242641,0.07071068,0.0701,0.004042135611804359,0.02368321273463815,5.859084159738583,0.0
4,0.56568545,0.14142136,0.0701,0.004042135611804359,0.06169333313141016,15.2625589678994,0.0
5,0.70710677,0.21213204,0.0701,0.005716443181545683,0.07791737862661642,13.630395011736677,0.0
6,0.8485281,0.21213204,0.0701,0.004042135611804359,0.13085301968211133,32.372248793429314,0.0
7,0.9899494,0.28284273,0.0701,0.004042135611804359,0.1166894340031107,28.868263019760978,0.0
