Tile Number, Tile x cohordinate [m], Tile y cohordinate [m], area_m2[m2], Tile z cohordinate [m],absorbedPARTile [umol^s-1],absorbedPARTilem2 [umol m^-2 m^-1],Thermal time[dd]
1,0.1118034,0.0,0.0701,0.00108033979058772,0.004959704309358376,4.590874419852876,0.0
2,0.22360681,0.0559017,0.0701,0.0012078565728149138,0.0038800981232171928,3.21238316746053,0.0
3,0.3354102,0.0559017,0.0701,0.00108033979058772,0.010987176368579566,10.17011172253721,0.0
4,0.44721362,0.1118034,0.0701,0.00108033979058772,0.0018829905535296633,1.742961399677124,0.0
5,0.559017,0.1677051,0.0701,0.0012078565728149138,0.0019089202659886304,1.5804196532539334,0.0
6,0.6708204,0.1677051,0.0701,0.00108033979058772,0.004101111463582516,3.7961310870087037,0.0
7,0.7826238,0.22360681,0.0701,0.00108033979058772,0.004377983475628295,4.052413429340237,0.0
