Tile Number, Tile x cohordinate [m], Tile y cohordinate [m], area_m2[m2], Tile z cohordinate [m],absorbedPARTile [umol^s-1],absorbedPARTilem2 [umol m^-2 m^-1],Thermal time[dd]
1,0.1118034,0.0,0.0701,0.00108033979058772,0.008465162952837946,7.835648586295965,0.0
2,0.22360681,0.0559017,0.0701,0.0012078565728149138,0.007432953143377076,6.153837558754641,0.0
3,0.3354102,0.0559017,0.0701,0.00108033979058772,0.0024718987806679193,2.288075290944502,0.0
4,0.44721362,0.1118034,0.0701,0.00108033979058772,0.0019835823199450993,1.8360726293956116,0.0
5,0.559017,0.1677051,0.0701,0.0012078565728149138,0.005476194496695269,4.5338118945140815,0.0
6,0.6708204,0.1677051,0.0701,0.00108033979058772,0.005827668408796231,5.394292110286799,0.0
7,0.7826238,0.22360681,0.0701,0.00108033979058772,0.004811893742767423,4.454055830110345,0.0
