Tile Number, Tile x cohordinate [m], Tile y cohordinate [m], area_m2[m2], Tile z cohordinate [m],absorbedPARTile [umol^s-1],absorbedPARTilem2 [umol m^-2 m^-1],Thermal time[dd]
1,0.14142136,0.0,0.0701,0.004042135611804359,0.04936019186546803,12.21141411518211,0.0
2,0.28284273,0.07071068,0.0701,0.005716443181545683,0.12498447556335453,21.86402831166769,0.0
3,0.4242641,0.07071068,0.0701,0.004042135611804359,0.08246479717704773,20.40129404273907,0.0
4,0.56568545,0.14142136,0.0701,0.004042135611804359,0.19998598920433044,49.47532898705968,0.0
5,0.70710677,0.21213204,0.0701,0.005716443181545683,0.2688555128408814,47.03195751316554,0.0
6,0.8485281,0.21213204,0.0701,0.004042135611804359,0.1328482945443034,32.865867774535545,0.0
7,0.9899494,0.28284273,0.0701,0.004042135611804359,0.1524815809928894,37.72302456839727,0.0
