Tile Number, Tile x cohordinate [m], Tile y cohordinate [m], area_m2[m2], Tile z cohordinate [m],absorbedPARTile [umol^s-1],absorbedPARTilem2 [umol m^-2 m^-1],Thermal time[dd]
1,0.1118034,0.0,0.0701,0.00108033979058772,0.002948451037264973,2.7291885969144714,0.0
2,0.22360681,0.0559017,0.0701,0.0012078565728149138,0.00587190150738955,4.861422820844584,0.0
3,0.3354102,0.0559017,0.0701,0.00108033979058772,0.004656458495359276,4.310179571212588,0.0
4,0.44721362,0.1118034,0.0701,0.00108033979058772,0.004953533324683302,4.5851623422928,0.0
5,0.559017,0.1677051,0.0701,0.0012078565728149138,0.006104163120465463,5.053715199181051,0.0
6,0.6708204,0.1677051,0.0701,0.00108033979058772,0.005307655486854372,4.912950104306473,0.0
7,0.7826238,0.22360681,0.0701,0.00108033979058772,0.003886196013906633,3.5971978888165252,0.0
