Tile Number, Tile x cohordinate [m], Tile y cohordinate [m], area_m2[m2], Tile z cohordinate [m],absorbedPARTile [umol^s-1],absorbedPARTilem2 [umol m^-2 m^-1],Thermal time[dd]
1,0.1118034,0.0,0.0701,0.00108033979058772,0.002959720017013474,2.7396195556245733,0.0
2,0.22360681,0.0559017,0.0701,0.0012078565728149138,8.373071783056949E-4,0.6932173878512311,0.0
3,0.3354102,0.0559017,0.0701,0.00108033979058772,0.0010432222497755305,0.9656427161754386,0.0
4,0.44721362,0.1118034,0.0701,0.00108033979058772,0.007052370220143438,6.527918606336669,0.0
5,0.559017,0.1677051,0.0701,0.0012078565728149138,0.002685747913274367,2.2235652590896806,0.0
6,0.6708204,0.1677051,0.0701,0.00108033979058772,8.470752693298468E-4,0.784082264404078,0.0
7,0.7826238,0.22360681,0.0701,0.00108033979058772,0.007323962004468907,6.779313386656405,0.0
