Tile Number, Tile x cohordinate [m], Tile y cohordinate [m], area_m2[m2], Tile z cohordinate [m],absorbedPARTile [umol^s-1],absorbedPARTilem2 [umol m^-2 m^-1],Thermal time[dd]
1,0.1118034,0.0,0.0701,0.00108033979058772,0.0014638880693262897,1.3550255966503966,0.0
2,0.22360681,0.0559017,0.0701,0.0012078565728149138,0.003910108534044679,3.237229172775173,0.0
3,0.3354102,0.0559017,0.0701,0.00108033979058772,0.0034397794450918124,3.183979221223097,0.0
4,0.44721362,0.1118034,0.0701,0.00108033979058772,0.004493034196591233,4.158908369140934,0.0
5,0.559017,0.1677051,0.0701,0.0012078565728149138,0.0023263967425508542,1.9260538005180357,0.0
6,0.6708204,0.1677051,0.0701,0.00108033979058772,0.0024981549085780048,2.3123788740753257,0.0
7,0.7826238,0.22360681,0.0701,0.00108033979058772,0.01265274718040176,11.711821864414055,0.0
