Tile Number, Tile x cohordinate [m], Tile y cohordinate [m], area_m2[m2], Tile z cohordinate [m],absorbedPARTile [umol^s-1],absorbedPARTilem2 [umol m^-2 m^-1],Thermal time[dd]
1,0.14142136,0.0,0.0701,0.004042135611804359,0.2602431365232849,64.38258423673113,0.0
2,0.28284273,0.07071068,0.0701,0.005716443181545683,0.39716459075683597,69.47757165487049,0.0
3,0.4242641,0.07071068,0.0701,0.004042135611804359,0.19429574387344362,48.067596570989956,0.0
4,0.56568545,0.14142136,0.0701,0.004042135611804359,0.2935499994375611,72.62250147676862,0.0
5,0.70710677,0.21213204,0.0701,0.005716443181545683,0.28300450670333865,49.50709693344951,0.0
6,0.8485281,0.21213204,0.0701,0.004042135611804359,0.22919188043014524,56.70069053616853,0.0
7,0.9899494,0.28284273,0.0701,0.004042135611804359,0.18816962892562866,46.552032637428525,0.0
