Tile Number, Tile x cohordinate [m], Tile y cohordinate [m], area_m2[m2], Tile z cohordinate [m],absorbedPARTile [umol^s-1],absorbedPARTilem2 [umol m^-2 m^-1],Thermal time[dd]
1,0.14142136,0.0,0.0701,0.004042135611804359,0.13399055531555176,33.14845620821218,0.0
2,0.28284273,0.07071068,0.0701,0.005716443181545683,0.08318144657375334,14.551259223967605,0.0
3,0.4242641,0.07071068,0.0701,0.004042135611804359,0.0415163852919066,10.270903621012902,0.0
4,0.56568545,0.14142136,0.0701,0.004042135611804359,0.04592760413450778,11.36221258890576,0.0
5,0.70710677,0.21213204,0.0701,0.005716443181545683,0.24968671427917483,43.67868381605455,0.0
6,0.8485281,0.21213204,0.0701,0.004042135611804359,0.2211975081971741,54.72293100488884,0.0
7,0.9899494,0.28284273,0.0701,0.004042135611804359,0.09540468399635316,23.60254409024285,0.0
