Tile Number, Tile x cohordinate [m], Tile y cohordinate [m], area_m2[m2], Tile z cohordinate [m],absorbedPARTile [umol^s-1],absorbedPARTilem2 [umol m^-2 m^-1],Thermal time[dd]
1,0.14142136,0.0,0.0701,0.004042135611804359,0.21318367281250003,52.74035640712645,0.0
2,0.28284273,0.07071068,0.0701,0.005716443181545683,0.18637934487426758,32.604075463559845,0.0
3,0.4242641,0.07071068,0.0701,0.004042135611804359,0.1483288996916199,36.69567623076547,0.0
4,0.56568545,0.14142136,0.0701,0.004042135611804359,0.1842493733848572,45.58218503278037,0.0
5,0.70710677,0.21213204,0.0701,0.005716443181545683,0.1721911763635254,30.12208306721352,0.0
6,0.8485281,0.21213204,0.0701,0.004042135611804359,0.16583929985046386,41.027643745093265,0.0
7,0.9899494,0.28284273,0.0701,0.004042135611804359,0.17285028372512823,42.7621189205896,0.0
