Tile Number, Tile x cohordinate [m], Tile y cohordinate [m], area_m2[m2], Tile z cohordinate [m],absorbedPARTile [umol^s-1],absorbedPARTilem2 [umol m^-2 m^-1],Thermal time[dd]
1,0.1118034,0.0,0.0701,0.00108033979058772,0.01019684833690684,9.438556670544934,0.0
2,0.22360681,0.0559017,0.0701,0.0012078565728149138,0.009837403310456483,8.14451279387451,0.0
3,0.3354102,0.0559017,0.0701,0.00108033979058772,0.0033063694112189733,3.0604902642901473,0.0
4,0.44721362,0.1118034,0.0701,0.00108033979058772,0.014086714085962914,13.039151393562525,0.0
5,0.559017,0.1677051,0.0701,0.0012078565728149138,0.013283905127595879,10.99791599977611,0.0
6,0.6708204,0.1677051,0.0701,0.00108033979058772,0.005562704824066893,5.1490326215242925,0.0
7,0.7826238,0.22360681,0.0701,0.00108033979058772,0.009158932292904574,8.477825562568594,0.0
