Tile Number, Tile x cohordinate [m], Tile y cohordinate [m], area_m2[m2], Tile z cohordinate [m],absorbedPARTile [umol^s-1],absorbedPARTilem2 [umol m^-2 m^-1],Thermal time[dd]
1,0.1118034,0.0,0.0701,0.00108033979058772,0.0012512209717173972,1.1581735511534899,0.0
2,0.22360681,0.0559017,0.0701,0.0012078565728149138,0.0012255739668293002,1.0146684585017376,0.0
3,0.3354102,0.0559017,0.0701,0.00108033979058772,8.718164964152367E-4,0.8069836027616426,0.0
4,0.44721362,0.1118034,0.0701,0.00108033979058772,0.0031794699746855223,2.9430277421845643,0.0
5,0.559017,0.1677051,0.0701,0.0012078565728149138,0.008060272542070694,6.673203361626126,0.0
6,0.6708204,0.1677051,0.0701,0.00108033979058772,0.003649124616572766,3.3777563766188705,0.0
7,0.7826238,0.22360681,0.0701,0.00108033979058772,0.005332527470911852,4.935972475854919,0.0
