Tile Number, Tile x cohordinate [m], Tile y cohordinate [m], area_m2[m2], Tile z cohordinate [m],absorbedPARTile [umol^s-1],absorbedPARTilem2 [umol m^-2 m^-1],Thermal time[dd]
1,0.1118034,0.0,0.0701,0.00108033979058772,0.012694172810802162,11.750166865460315,0.0
2,0.22360681,0.0559017,0.0701,0.0012078565728149138,0.0029011001437211415,2.4018581419481935,0.0
3,0.3354102,0.0559017,0.0701,0.00108033979058772,0.0111606841285854,10.330716526245721,0.0
4,0.44721362,0.1118034,0.0701,0.00108033979058772,0.0067368165836351555,6.235831210077186,0.0
5,0.559017,0.1677051,0.0701,0.0012078565728149138,0.0055135173951123655,4.564712002405298,0.0
6,0.6708204,0.1677051,0.0701,0.00108033979058772,0.01644631457980483,15.22327949325814,0.0
7,0.7826238,0.22360681,0.0701,0.00108033979058772,0.007489480455175153,6.932523008433089,0.0
