Tile Number, Tile x cohordinate [m], Tile y cohordinate [m], area_m2[m2], Tile z cohordinate [m],absorbedPARTile [umol^s-1],absorbedPARTilem2 [umol m^-2 m^-1],Thermal time[dd]
1,0.1118034,0.0,0.0701,0.00108033979058772,0.03856319118709951,35.695427978377616,0.0
2,0.22360681,0.0559017,0.0701,0.0012078565728149138,0.03942981834486604,32.644454012428575,0.0
3,0.3354102,0.0559017,0.0701,0.00108033979058772,0.036991715505290026,34.24081555411934,0.0
4,0.44721362,0.1118034,0.0701,0.00108033979058772,0.036854303917680985,34.11362262018668,0.0
5,0.559017,0.1677051,0.0701,0.0012078565728149138,0.030548657331498714,25.291626521769025,0.0
6,0.6708204,0.1677051,0.0701,0.00108033979058772,0.030392995823484724,28.132811628599285,0.0
7,0.7826238,0.22360681,0.0701,0.00108033979058772,0.020211043359020357,18.708043094502024,0.0
