Tile Number, Tile x cohordinate [m], Tile y cohordinate [m], area_m2[m2], Tile z cohordinate [m],absorbedPARTile [umol^s-1],absorbedPARTilem2 [umol m^-2 m^-1],Thermal time[dd]
1,0.1118034,0.0,0.0701,0.00108033979058772,0.0026032057771238947,2.4096176034650307,0.0
2,0.22360681,0.0559017,0.0701,0.0012078565728149138,0.001348493985492722,1.1164355237559807,0.0
3,0.3354102,0.0559017,0.0701,0.00108033979058772,0.00852342866616467,7.889581352481525,0.0
4,0.44721362,0.1118034,0.0701,0.00108033979058772,0.0023120553333811854,2.14011864926626,0.0
5,0.559017,0.1677051,0.0701,0.0012078565728149138,0.0018081337671786847,1.4969772139127604,0.0
6,0.6708204,0.1677051,0.0701,0.00108033979058772,0.004374264005128537,4.048970558373006,0.0
7,0.7826238,0.22360681,0.0701,0.00108033979058772,0.002868803283732538,2.6554638723173096,0.0
