Tile Number, Tile x cohordinate [m], Tile y cohordinate [m], area_m2[m2], Tile z cohordinate [m],absorbedPARTile [umol^s-1],absorbedPARTilem2 [umol m^-2 m^-1],Thermal time[dd]
1,0.14142136,0.0,0.0701,0.004042135611804359,0.1050150712857594,25.980096011395812,0.0
2,0.28284273,0.07071068,0.0701,0.005716443181545683,0.26299099319101965,46.00605391129049,0.0
3,0.4242641,0.07071068,0.0701,0.004042135611804359,0.13642695274044075,33.75120625394887,0.0
4,0.56568545,0.14142136,0.0701,0.004042135611804359,0.16790834362128776,41.53951270980133,0.0
5,0.70710677,0.21213204,0.0701,0.005716443181545683,0.20195839082718292,35.329379548311174,0.0
6,0.8485281,0.21213204,0.0701,0.004042135611804359,0.12760360566398102,31.568363340244378,0.0
7,0.9899494,0.28284273,0.0701,0.004042135611804359,0.12260170068944894,30.330922181683324,0.0
