Tile Number, Tile x cohordinate [m], Tile y cohordinate [m], area_m2[m2], Tile z cohordinate [m],absorbedPARTile [umol^s-1],absorbedPARTilem2 [umol m^-2 m^-1],Thermal time[dd]
1,0.1118034,0.0,0.0701,0.00108033979058772,0.012034389903635383,11.139448910873224,0.0
2,0.22360681,0.0559017,0.0701,0.0012078565728149138,0.013849568749127912,11.466236191314874,0.0
3,0.3354102,0.0559017,0.0701,0.00108033979058772,0.024608873521053135,22.778827305495767,0.0
4,0.44721362,0.1118034,0.0701,0.00108033979058772,0.020237421872732638,18.73245996217838,0.0
5,0.559017,0.1677051,0.0701,0.0012078565728149138,0.013261306228355002,10.979206080279452,0.0
6,0.6708204,0.1677051,0.0701,0.00108033979058772,0.00882445547671303,8.168222214524194,0.0
7,0.7826238,0.22360681,0.0701,0.00108033979058772,0.014028998022372329,12.985727402246619,0.0
