Tile Number, Tile x cohordinate [m], Tile y cohordinate [m], area_m2[m2], Tile z cohordinate [m],absorbedPARTile [umol^s-1],absorbedPARTilem2 [umol m^-2 m^-1],Thermal time[dd]
1,0.1118034,0.0,0.0701,0.00108033979058772,0.0031721915070289826,2.936290539945091,0.0
2,0.22360681,0.0559017,0.0701,0.0012078565728149138,6.582239364419773E-4,0.544952067370039,0.0
3,0.3354102,0.0559017,0.0701,0.00108033979058772,0.011750072021625448,10.87627441291711,0.0
4,0.44721362,0.1118034,0.0701,0.00108033979058772,0.009347821711165777,8.652668162930878,0.0
5,0.559017,0.1677051,0.0701,0.0012078565728149138,0.008962467136792095,7.420141876535088,0.0
6,0.6708204,0.1677051,0.0701,0.00108033979058772,0.011142243414910394,10.313647161740528,0.0
7,0.7826238,0.22360681,0.0701,0.00108033979058772,0.0036198453581706585,3.3506544789962907,0.0
