Tile Number, Tile x cohordinate [m], Tile y cohordinate [m], area_m2[m2], Tile z cohordinate [m],absorbedPARTile [umol^s-1],absorbedPARTilem2 [umol m^-2 m^-1],Thermal time[dd]
1,0.14142136,0.0,0.0701,0.004042135611804359,0.13228855758351327,32.727392222365665,0.0
2,0.28284273,0.07071068,0.0701,0.005716443181545683,0.2036310845119095,35.62199046590527,0.0
3,0.4242641,0.07071068,0.0701,0.004042135611804359,0.09062508883599757,22.420101040485292,0.0
4,0.56568545,0.14142136,0.0701,0.004042135611804359,0.054853877924242025,13.570518951430214,0.0
5,0.70710677,0.21213204,0.0701,0.005716443181545683,0.07776319501906395,13.603423063856532,0.0
6,0.8485281,0.21213204,0.0701,0.004042135611804359,0.054506579901956315,13.484599512886025,0.0
7,0.9899494,0.28284273,0.0701,0.004042135611804359,0.024897442386451737,6.15947726091699,0.0
