Tile Number, Tile x cohordinate [m], Tile y cohordinate [m], area_m2[m2], Tile z cohordinate [m],absorbedPARTile [umol^s-1],absorbedPARTilem2 [umol m^-2 m^-1],Thermal time[dd]
1,0.1118034,0.0,0.0701,0.00108033979058772,0.011760719430133144,10.886130023717028,0.0
2,0.22360681,0.0559017,0.0701,0.0012078565728149138,0.005510963052029411,4.56259722889622,0.0
3,0.3354102,0.0559017,0.0701,0.00108033979058772,0.0022340155599530364,2.0678823268535735,0.0
4,0.44721362,0.1118034,0.0701,0.00108033979058772,0.003113075473903519,2.8815706882461143,0.0
5,0.559017,0.1677051,0.0701,0.0012078565728149138,0.00527102322670676,4.3639479598331965,0.0
6,0.6708204,0.1677051,0.0701,0.00108033979058772,0.004322910014496061,4.00143552256308,0.0
7,0.7826238,0.22360681,0.0701,0.00108033979058772,0.014240323682810311,13.181337766947728,0.0
