Tile Number, Tile x cohordinate [m], Tile y cohordinate [m], area_m2[m2], Tile z cohordinate [m],absorbedPARTile [umol^s-1],absorbedPARTilem2 [umol m^-2 m^-1],Thermal time[dd]
1,0.14142136,0.0,0.0701,0.004042135611804359,0.11848894505887034,29.313451214462926,0.0
2,0.28284273,0.07071068,0.0701,0.005716443181545683,0.25330013722432454,44.310794173910445,0.0
3,0.4242641,0.07071068,0.0701,0.004042135611804359,0.11399909894159908,28.20269033247781,0.0
4,0.56568545,0.14142136,0.0701,0.004042135611804359,0.25154059970067344,62.22962905205173,0.0
5,0.70710677,0.21213204,0.0701,0.005716443181545683,0.2075630631482442,36.30982702991211,0.0
6,0.8485281,0.21213204,0.0701,0.004042135611804359,0.12340234187175433,30.528995987017133,0.0
7,0.9899494,0.28284273,0.0701,0.004042135611804359,0.1702312363302231,42.11418237257853,0.0
