Tile Number, Tile x cohordinate [m], Tile y cohordinate [m], area_m2[m2], Tile z cohordinate [m],absorbedPARTile [umol^s-1],absorbedPARTilem2 [umol m^-2 m^-1],Thermal time[dd]
1,0.1118034,0.0,0.0701,0.00108033979058772,0.001967644879111302,1.8213203811005387,0.0
2,0.22360681,0.0559017,0.0701,0.0012078565728149138,0.006324923260858613,5.236485360276145,0.0
3,0.3354102,0.0559017,0.0701,0.00108033979058772,0.004161407487294282,3.8519431789422645,0.0
4,0.44721362,0.1118034,0.0701,0.00108033979058772,0.0015457325073385147,1.430783648631154,0.0
5,0.559017,0.1677051,0.0701,0.0012078565728149138,0.002191543843255626,1.8144073498298112,0.0
6,0.6708204,0.1677051,0.0701,0.00108033979058772,0.0021182413119645045,1.9607176653302307,0.0
7,0.7826238,0.22360681,0.0701,0.00108033979058772,0.0010287981545909438,0.9522912731292285,0.0
