Tile Number, Tile x cohordinate [m], Tile y cohordinate [m], area_m2[m2], Tile z cohordinate [m],absorbedPARTile [umol^s-1],absorbedPARTilem2 [umol m^-2 m^-1],Thermal time[dd]
1,0.1118034,0.0,0.0701,0.00108033979058772,0.007809093845467569,7.228368253676293,0.0
2,0.22360681,0.0559017,0.0701,0.0012078565728149138,0.006009576530833253,4.975405744431986,0.0
3,0.3354102,0.0559017,0.0701,0.00108033979058772,9.230644600131037E-4,0.8544204962689967,0.0
4,0.44721362,0.1118034,0.0701,0.00108033979058772,0.0035737070631486826,3.3079472720379357,0.0
5,0.559017,0.1677051,0.0701,0.0012078565728149138,0.001962584425744563,1.6248489016959635,0.0
6,0.6708204,0.1677051,0.0701,0.00108033979058772,0.001272509295519173,1.177878762409473,0.0
7,0.7826238,0.22360681,0.0701,0.00108033979058772,0.002086954740653027,1.9317577292211874,0.0
