Tile Number, Tile x cohordinate [m], Tile y cohordinate [m], area_m2[m2], Tile z cohordinate [m],absorbedPARTile [umol^s-1],absorbedPARTilem2 [umol m^-2 m^-1],Thermal time[dd]
1,0.14142136,0.0,0.0701,0.004042135611804359,0.05827946816075444,14.417989339734003,0.0
2,0.28284273,0.07071068,0.0701,0.005716443181545683,0.08274861437458993,14.475542176597884,0.0
3,0.4242641,0.07071068,0.0701,0.004042135611804359,0.11650044174514737,28.82150747365525,0.0
4,0.56568545,0.14142136,0.0701,0.004042135611804359,0.027539802768571424,6.813181301524418,0.0
5,0.70710677,0.21213204,0.0701,0.005716443181545683,0.08225301165973474,14.388844434817623,0.0
6,0.8485281,0.21213204,0.0701,0.004042135611804359,0.07059711669389071,17.4653013836854,0.0
7,0.9899494,0.28284273,0.0701,0.004042135611804359,0.07656085614697827,18.940694598022766,0.0
