Tile Number, Tile x cohordinate [m], Tile y cohordinate [m], area_m2[m2], Tile z cohordinate [m],absorbedPARTile [umol^s-1],absorbedPARTilem2 [umol m^-2 m^-1],Thermal time[dd]
1,0.14142136,0.0,0.0701,0.004042135611804359,0.0686951496865053,16.99476620375946,0.0
2,0.28284273,0.07071068,0.0701,0.005716443181545683,0.2144111194670105,37.50778458870912,0.0
3,0.4242641,0.07071068,0.0701,0.004042135611804359,0.0663952127625966,16.42577566390916,0.0
4,0.56568545,0.14142136,0.0701,0.004042135611804359,0.09499468297304156,23.50111230697604,0.0
5,0.70710677,0.21213204,0.0701,0.005716443181545683,0.08573813311193586,14.998510505400128,0.0
6,0.8485281,0.21213204,0.0701,0.004042135611804359,0.08516501758123636,21.06931230424992,0.0
7,0.9899494,0.28284273,0.0701,0.004042135611804359,0.10489769691045761,25.951058298024932,0.0
