Tile Number, Tile x cohordinate [m], Tile y cohordinate [m], area_m2[m2], Tile z cohordinate [m],absorbedPARTile [umol^s-1],absorbedPARTilem2 [umol m^-2 m^-1],Thermal time[dd]
1,0.1118034,0.0,0.0701,0.00108033979058772,0.008387852275610915,7.764087140628049,0.0
2,0.22360681,0.0559017,0.0701,0.0012078565728149138,0.018622391934093537,15.417717925476856,0.0
3,0.3354102,0.0559017,0.0701,0.00108033979058772,0.017661272969889043,16.347887140471855,0.0
4,0.44721362,0.1118034,0.0701,0.00108033979058772,0.0036602417835159065,3.38804681212814,0.0
5,0.559017,0.1677051,0.0701,0.0012078565728149138,0.001098731245765703,0.9096537374508847,0.0
6,0.6708204,0.1677051,0.0701,0.00108033979058772,5.985457400158975E-4,0.5540347076268295,0.0
7,0.7826238,0.22360681,0.0701,0.00108033979058772,5.064091473967245E-4,0.46874988018466934,0.0
