Tile Number, Tile x cohordinate [m], Tile y cohordinate [m], area_m2[m2], Tile z cohordinate [m],absorbedPARTile [umol^s-1],absorbedPARTilem2 [umol m^-2 m^-1],Thermal time[dd]
1,0.1118034,0.0,0.0701,0.00108033979058772,0.0011611410974562554,1.0747924935955366,0.0
2,0.22360681,0.0559017,0.0701,0.0012078565728149138,0.006167691495782127,5.106311158623992,0.0
3,0.3354102,0.0559017,0.0701,0.00108033979058772,0.00805750588050699,7.458307053675765,0.0
4,0.44721362,0.1118034,0.0701,0.00108033979058772,0.02274096071527548,21.049822392364238,0.0
5,0.559017,0.1677051,0.0701,0.0012078565728149138,0.003990515379019562,3.3037990344496393,0.0
6,0.6708204,0.1677051,0.0701,0.00108033979058772,0.020479266756309636,18.956319978891667,0.0
7,0.7826238,0.22360681,0.0701,0.00108033979058772,0.016002581869803738,14.81254509851767,0.0
