Tile Number, Tile x cohordinate [m], Tile y cohordinate [m], area_m2[m2], Tile z cohordinate [m],absorbedPARTile [umol^s-1],absorbedPARTilem2 [umol m^-2 m^-1],Thermal time[dd]
1,0.14142136,0.0,0.0701,0.004042135611804359,0.01542581407717884,3.816253475546543,0.0
2,0.28284273,0.07071068,0.0701,0.005716443181545683,0.05430254775120915,9.499359309039114,0.0
3,0.4242641,0.07071068,0.0701,0.004042135611804359,0.02181204398858983,5.396168284134634,0.0
4,0.56568545,0.14142136,0.0701,0.004042135611804359,0.0507712754692784,12.560507698210236,0.0
5,0.70710677,0.21213204,0.0701,0.005716443181545683,0.04336645675894397,7.586265686842357,0.0
6,0.8485281,0.21213204,0.0701,0.004042135611804359,0.021177440663075447,5.239171244336877,0.0
7,0.9899494,0.28284273,0.0701,0.004042135611804359,0.06679774410960794,16.525359494257604,0.0
