Tile Number, Tile x cohordinate [m], Tile y cohordinate [m], area_m2[m2], Tile z cohordinate [m],absorbedPARTile [umol^s-1],absorbedPARTilem2 [umol m^-2 m^-1],Thermal time[dd]
1,0.14142136,0.0,0.0701,0.004042135611804359,0.10318168777481079,25.526527975332268,0.0
2,0.28284273,0.07071068,0.0701,0.005716443181545683,0.1369768604627228,23.961903602037605,0.0
3,0.4242641,0.07071068,0.0701,0.004042135611804359,0.12717331506103513,31.46191203720316,0.0
4,0.56568545,0.14142136,0.0701,0.004042135611804359,0.08681282454264642,21.47696981989534,0.0
5,0.70710677,0.21213204,0.0701,0.005716443181545683,0.2499969057537842,43.732946836740346,0.0
6,0.8485281,0.21213204,0.0701,0.004042135611804359,0.1230074266117096,30.43129633070391,0.0
7,0.9899494,0.28284273,0.0701,0.004042135611804359,0.07240651053668977,17.91293452036568,0.0
