Tile Number, Tile x cohordinate [m], Tile y cohordinate [m], area_m2[m2], Tile z cohordinate [m],absorbedPARTile [umol^s-1],absorbedPARTilem2 [umol m^-2 m^-1],Thermal time[dd]
1,0.1118034,0.0,0.0701,0.00108033979058772,0.01017571984945525,9.418999409361305,0.0
2,0.22360681,0.0559017,0.0701,0.0012078565728149138,0.00265683858771358,2.1996308564367113,0.0
3,0.3354102,0.0559017,0.0701,0.00108033979058772,8.658144527897602E-4,0.801427902899647,0.0
4,0.44721362,0.1118034,0.0701,0.00108033979058772,0.008672679355861856,8.027732970146177,0.0
5,0.559017,0.1677051,0.0701,0.0012078565728149138,8.515400319762987E-4,0.7050009505613583,0.0
6,0.6708204,0.1677051,0.0701,0.00108033979058772,0.004040212798442847,3.739761169256679,0.0
7,0.7826238,0.22360681,0.0701,0.00108033979058772,5.94768745531103E-4,0.5505385904628585,0.0
