Tile Number, Tile x cohordinate [m], Tile y cohordinate [m], area_m2[m2], Tile z cohordinate [m],absorbedPARTile [umol^s-1],absorbedPARTilem2 [umol m^-2 m^-1],Thermal time[dd]
1,0.14142136,0.0,0.0701,0.004042135611804359,0.03257812107297877,8.05963089853789,0.0
2,0.28284273,0.07071068,0.0701,0.005716443181545683,0.1587917402704239,27.778066750151414,0.0
3,0.4242641,0.07071068,0.0701,0.004042135611804359,0.012340195939721152,3.0528901365119316,0.0
4,0.56568545,0.14142136,0.0701,0.004042135611804359,0.05142582012779465,12.722438103663423,0.0
5,0.70710677,0.21213204,0.0701,0.005716443181545683,0.07013504959594012,12.269001434730631,0.0
6,0.8485281,0.21213204,0.0701,0.004042135611804359,0.09715244198190968,24.034928887143902,0.0
7,0.9899494,0.28284273,0.0701,0.004042135611804359,0.10270044665534496,25.407471821436676,0.0
