Tile Number, Tile x cohordinate [m], Tile y cohordinate [m], area_m2[m2], Tile z cohordinate [m],absorbedPARTile [umol^s-1],absorbedPARTilem2 [umol m^-2 m^-1],Thermal time[dd]
1,0.1118034,0.0,0.0701,0.00108033979058772,0.0016834986064309914,1.5583047306950943,0.0
2,0.22360681,0.0559017,0.0701,0.0012078565728149138,0.0011408262623512884,0.9445047433840502,0.0
3,0.3354102,0.0559017,0.0701,0.00108033979058772,0.0035609560553713105,3.2961444967551374,0.0
4,0.44721362,0.1118034,0.0701,0.00108033979058772,0.0028728161534191696,2.659178323753416,0.0
5,0.559017,0.1677051,0.0701,0.0012078565728149138,0.0017673433580378812,1.4632063092715402,0.0
6,0.6708204,0.1677051,0.0701,0.00108033979058772,5.479344036078894E-4,0.507187098338575,0.0
7,0.7826238,0.22360681,0.0701,0.00108033979058772,0.0024643430562744173,2.2810814502479637,0.0
