Tile Number, Tile x cohordinate [m], Tile y cohordinate [m], area_m2[m2], Tile z cohordinate [m],absorbedPARTile [umol^s-1],absorbedPARTilem2 [umol m^-2 m^-1],Thermal time[dd]
1,0.14142136,0.0,0.0701,0.004042135611804359,0.18430607472656252,45.59621260314187,0.0
2,0.28284273,0.07071068,0.0701,0.005716443181545683,0.14535210334228518,25.427017942122372,0.0
3,0.4242641,0.07071068,0.0701,0.004042135611804359,0.0899101481341982,22.243229017757628,0.0
4,0.56568545,0.14142136,0.0701,0.004042135611804359,0.08392207308104994,20.761815322566125,0.0
5,0.70710677,0.21213204,0.0701,0.005716443181545683,0.09160681278890609,16.025141837259774,0.0
6,0.8485281,0.21213204,0.0701,0.004042135611804359,0.11916835531196594,29.481533218221408,0.0
7,0.9899494,0.28284273,0.0701,0.004042135611804359,0.09264213728118896,22.919106674858604,0.0
