Tile Number, Tile x cohordinate [m], Tile y cohordinate [m], area_m2[m2], Tile z cohordinate [m],absorbedPARTile [umol^s-1],absorbedPARTilem2 [umol m^-2 m^-1],Thermal time[dd]
1,0.14142136,0.0,0.0701,0.004042135611804359,0.06715004182582855,16.612515826962472,0.0
2,0.28284273,0.07071068,0.0701,0.005716443181545683,0.052235024361846454,9.137679270647888,0.0
3,0.4242641,0.07071068,0.0701,0.004042135611804359,0.27341424315437307,67.6410366727712,0.0
4,0.56568545,0.14142136,0.0701,0.004042135611804359,0.06224793169798076,15.399763312293734,0.0
5,0.70710677,0.21213204,0.0701,0.005716443181545683,0.15600117531658172,27.289902193062677,0.0
6,0.8485281,0.21213204,0.0701,0.004042135611804359,0.12716386978233338,31.459575332151957,0.0
7,0.9899494,0.28284273,0.0701,0.004042135611804359,0.049604869946701505,12.271945998506098,0.0
