Tile Number, Tile x cohordinate [m], Tile y cohordinate [m], area_m2[m2], Tile z cohordinate [m],absorbedPARTile [umol^s-1],absorbedPARTilem2 [umol m^-2 m^-1],Thermal time[dd]
1,0.1118034,0.0,0.0701,0.00108033979058772,0.006355977647039088,5.883313474533181,0.0
2,0.22360681,0.0559017,0.0701,0.0012078565728149138,0.013154879327717426,10.891093879681373,0.0
3,0.3354102,0.0559017,0.0701,0.00108033979058772,0.004991804486409873,4.620587457668538,0.0
4,0.44721362,0.1118034,0.0701,0.00108033979058772,0.0056168941858459635,5.199192175260244,0.0
5,0.559017,0.1677051,0.0701,0.0012078565728149138,0.011895297967267262,9.84827026237497,0.0
6,0.6708204,0.1677051,0.0701,0.00108033979058772,0.016175357388527163,14.972472114285027,0.0
7,0.7826238,0.22360681,0.0701,0.00108033979058772,0.015422464720863699,14.275568534297587,0.0
