Tile Number, Tile x cohordinate [m], Tile y cohordinate [m], area_m2[m2], Tile z cohordinate [m],absorbedPARTile [umol^s-1],absorbedPARTilem2 [umol m^-2 m^-1],Thermal time[dd]
1,0.1118034,0.0,0.0701,0.00108033979058772,0.001604084593958855,1.4847963649346014,0.0
2,0.22360681,0.0559017,0.0701,0.0012078565728149138,0.00568905787719982,4.710044226477529,0.0
3,0.3354102,0.0559017,0.0701,0.00108033979058772,0.0021873103898236526,2.024650400624164,0.0
4,0.44721362,0.1118034,0.0701,0.00108033979058772,0.004192811890181697,3.881012184046974,0.0
5,0.559017,0.1677051,0.0701,0.0012078565728149138,0.009506418673845008,7.870486353930474,0.0
6,0.6708204,0.1677051,0.0701,0.00108033979058772,0.017118615164560893,15.845584244608936,0.0
7,0.7826238,0.22360681,0.0701,0.00108033979058772,0.007494847670602537,6.937491089285191,0.0
