Tile Number, Tile x cohordinate [m], Tile y cohordinate [m], area_m2[m2], Tile z cohordinate [m],absorbedPARTile [umol^s-1],absorbedPARTilem2 [umol m^-2 m^-1],Thermal time[dd]
1,0.14142136,0.0,0.0701,0.004042135611804359,0.07901682484177396,19.54828645803445,0.0
2,0.28284273,0.07071068,0.0701,0.005716443181545683,0.2128910876313782,37.24187941177333,0.0
3,0.4242641,0.07071068,0.0701,0.004042135611804359,0.02975071534084678,7.360147753075119,0.0
4,0.56568545,0.14142136,0.0701,0.004042135611804359,0.20024863675117494,49.54030640792539,0.0
5,0.70710677,0.21213204,0.0701,0.005716443181545683,0.06316861138325156,11.050334863325142,0.0
6,0.8485281,0.21213204,0.0701,0.004042135611804359,0.01614004483024586,3.992949861234652,0.0
7,0.9899494,0.28284273,0.0701,0.004042135611804359,0.03261021720528126,8.067571288318172,0.0
