Tile Number, Tile x cohordinate [m], Tile y cohordinate [m], area_m2[m2], Tile z cohordinate [m],absorbedPARTile [umol^s-1],absorbedPARTilem2 [umol m^-2 m^-1],Thermal time[dd]
1,0.14142136,0.0,0.0701,0.004042135611804359,0.10435727184154192,25.817360391567398,0.0
2,0.28284273,0.07071068,0.0701,0.005716443181545683,0.05862860444149946,10.256133504618642,0.0
3,0.4242641,0.07071068,0.0701,0.004042135611804359,0.13542941403590442,33.50442118775189,0.0
4,0.56568545,0.14142136,0.0701,0.004042135611804359,0.032858716539681115,8.129048526655787,0.0
5,0.70710677,0.21213204,0.0701,0.005716443181545683,0.13744143777580262,24.043173947657344,0.0
6,0.8485281,0.21213204,0.0701,0.004042135611804359,0.047217014336092274,11.681204905199898,0.0
7,0.9899494,0.28284273,0.0701,0.004042135611804359,0.16410471244920097,40.598517271405115,0.0
