Tile Number, Tile x cohordinate [m], Tile y cohordinate [m], area_m2[m2], Tile z cohordinate [m],absorbedPARTile [umol^s-1],absorbedPARTilem2 [umol m^-2 m^-1],Thermal time[dd]
1,0.14142136,0.0,0.0701,0.004042135611804359,0.1790961515882111,44.30730900398089,0.0
2,0.28284273,0.07071068,0.0701,0.005716443181545683,0.1883319139922333,32.94564609689863,0.0
3,0.4242641,0.07071068,0.0701,0.004042135611804359,0.08456370857024192,20.920552077295035,0.0
4,0.56568545,0.14142136,0.0701,0.004042135611804359,0.16236024600585938,40.166946782219355,0.0
5,0.70710677,0.21213204,0.0701,0.005716443181545683,0.17720918821071624,30.99990371334369,0.0
6,0.8485281,0.21213204,0.0701,0.004042135611804359,0.06362925222690582,15.741493689891941,0.0
7,0.9899494,0.28284273,0.0701,0.004042135611804359,0.09072517255814552,22.444861150427094,0.0
