Tile Number, Tile x cohordinate [m], Tile y cohordinate [m], area_m2[m2], Tile z cohordinate [m],absorbedPARTile [umol^s-1],absorbedPARTilem2 [umol m^-2 m^-1],Thermal time[dd]
1,0.14142136,0.0,0.0701,0.004042135611804359,0.17317541586174007,42.84255465254831,0.0
2,0.28284273,0.07071068,0.0701,0.005716443181545683,0.3407019058343506,59.60033101251387,0.0
3,0.4242641,0.07071068,0.0701,0.004042135611804359,0.15828652166557314,39.15913192108762,0.0
4,0.56568545,0.14142136,0.0701,0.004042135611804359,0.1560127202618408,38.59660715148512,0.0
5,0.70710677,0.21213204,0.0701,0.005716443181545683,0.23114667297073366,40.43540111042149,0.0
6,0.8485281,0.21213204,0.0701,0.004042135611804359,0.18035302840087888,44.61825275584248,0.0
7,0.9899494,0.28284273,0.0701,0.004042135611804359,0.24097270684478767,59.6151960218921,0.0
