Tile Number, Tile x cohordinate [m], Tile y cohordinate [m], area_m2[m2], Tile z cohordinate [m],absorbedPARTile [umol^s-1],absorbedPARTilem2 [umol m^-2 m^-1],Thermal time[dd]
1,0.1118034,0.0,0.0701,0.00108033979058772,0.003296058494033843,3.0509461215352824,0.0
2,0.22360681,0.0559017,0.0701,0.0012078565728149138,0.022553608412829437,18.672422637290598,0.0
3,0.3354102,0.0559017,0.0701,0.00108033979058772,0.023500098962941095,21.752507097935098,0.0
4,0.44721362,0.1118034,0.0701,0.00108033979058772,0.022037377361838688,20.39856122475138,0.0
5,0.559017,0.1677051,0.0701,0.0012078565728149138,0.012015391762587101,9.947697460953655,0.0
6,0.6708204,0.1677051,0.0701,0.00108033979058772,0.0017767644029865353,1.6446347884862695,0.0
7,0.7826238,0.22360681,0.0701,0.00108033979058772,0.012838074259191751,11.883367039741875,0.0
