Tile Number, Tile x cohordinate [m], Tile y cohordinate [m], area_m2[m2], Tile z cohordinate [m],absorbedPARTile [umol^s-1],absorbedPARTilem2 [umol m^-2 m^-1],Thermal time[dd]
1,0.14142136,0.0,0.0701,0.004042135611804359,0.10229486604740141,25.307133622302754,0.0
2,0.28284273,0.07071068,0.0701,0.005716443181545683,0.11743535347770691,20.54343054730639,0.0
3,0.4242641,0.07071068,0.0701,0.004042135611804359,0.07517561814943553,18.597995062287893,0.0
4,0.56568545,0.14142136,0.0701,0.004042135611804359,0.07824082895968436,19.356309751507474,0.0
5,0.70710677,0.21213204,0.0701,0.005716443181545683,0.0697091682376045,12.194500325420126,0.0
6,0.8485281,0.21213204,0.0701,0.004042135611804359,0.051623279928181186,12.771288468755058,0.0
7,0.9899494,0.28284273,0.0701,0.004042135611804359,0.05545600712899923,13.719482089381051,0.0
