Tile Number, Tile x cohordinate [m], Tile y cohordinate [m], area_m2[m2], Tile z cohordinate [m],absorbedPARTile [umol^s-1],absorbedPARTilem2 [umol m^-2 m^-1],Thermal time[dd]
1,0.1118034,0.0,0.0701,0.00108033979058772,0.00559579908227874,5.179665815358469,0.0
2,0.22360681,0.0559017,0.0701,0.0012078565728149138,0.013452554528949775,11.13754300943079,0.0
3,0.3354102,0.0559017,0.0701,0.00108033979058772,0.006230338816596787,5.76701781317098,0.0
4,0.44721362,0.1118034,0.0701,0.00108033979058772,0.006536388458982343,6.050307982663914,0.0
5,0.559017,0.1677051,0.0701,0.0012078565728149138,0.0031000545150627564,2.566575026236823,0.0
6,0.6708204,0.1677051,0.0701,0.00108033979058772,0.014874134270073903,13.768014840943854,0.0
7,0.7826238,0.22360681,0.0701,0.00108033979058772,0.013709706551346556,12.690180136647827,0.0
