Tile Number, Tile x cohordinate [m], Tile y cohordinate [m], area_m2[m2], Tile z cohordinate [m],absorbedPARTile [umol^s-1],absorbedPARTilem2 [umol m^-2 m^-1],Thermal time[dd]
1,0.14142136,0.0,0.0701,0.004042135611804359,0.04765629397077334,11.78988004054128,0.0
2,0.28284273,0.07071068,0.0701,0.005716443181545683,0.10598450069684981,18.54028761083433,0.0
3,0.4242641,0.07071068,0.0701,0.004042135611804359,0.040100448854289386,9.920609476135077,0.0
4,0.56568545,0.14142136,0.0701,0.004042135611804359,0.08000722913275275,19.793306513295953,0.0
5,0.70710677,0.21213204,0.0701,0.005716443181545683,0.12955050890365638,22.662782571141886,0.0
6,0.8485281,0.21213204,0.0701,0.004042135611804359,0.13260250447031705,32.80506079090328,0.0
7,0.9899494,0.28284273,0.0701,0.004042135611804359,0.04094819993828025,10.130337987349582,0.0
