Tile Number, Tile x cohordinate [m], Tile y cohordinate [m], area_m2[m2], Tile z cohordinate [m],absorbedPARTile [umol^s-1],absorbedPARTilem2 [umol m^-2 m^-1],Thermal time[dd]
1,0.14142136,0.0,0.0701,0.004042135611804359,0.10699268785731794,26.469346437775187,0.0
2,0.28284273,0.07071068,0.0701,0.005716443181545683,0.10459122446550367,18.29655629275808,0.0
3,0.4242641,0.07071068,0.0701,0.004042135611804359,0.11510541526679993,28.4763863267364,0.0
4,0.56568545,0.14142136,0.0701,0.004042135611804359,0.10850389141853332,26.843209095129424,0.0
5,0.70710677,0.21213204,0.0701,0.005716443181545683,0.0616162659434998,10.778776939901157,0.0
6,0.8485281,0.21213204,0.0701,0.004042135611804359,0.08033884116867065,19.87534533330721,0.0
7,0.9899494,0.28284273,0.0701,0.004042135611804359,0.1649403858792114,40.80525784378225,0.0
