Tile Number, Tile x cohordinate [m], Tile y cohordinate [m], area_m2[m2], Tile z cohordinate [m],absorbedPARTile [umol^s-1],absorbedPARTilem2 [umol m^-2 m^-1],Thermal time[dd]
1,0.1118034,0.0,0.0701,0.00108033979058772,7.502217155299217E-4,0.6944312540055482,0.0
2,0.22360681,0.0559017,0.0701,0.0012078565728149138,0.0011898046850891664,0.9850546098501767,0.0
3,0.3354102,0.0559017,0.0701,0.00108033979058772,0.009061284474822023,8.387439353587595,0.0
4,0.44721362,0.1118034,0.0701,0.00108033979058772,0.009216843108560108,8.531429823154081,0.0
5,0.559017,0.1677051,0.0701,0.0012078565728149138,0.005774118143877052,4.780466715862174,0.0
6,0.6708204,0.1677051,0.0701,0.00108033979058772,0.009193158230131577,8.5095062777706,0.0
7,0.7826238,0.22360681,0.0701,0.00108033979058772,0.02335546448603213,21.61862840701853,0.0
