Tile Number, Tile x cohordinate [m], Tile y cohordinate [m], area_m2[m2], Tile z cohordinate [m],absorbedPARTile [umol^s-1],absorbedPARTilem2 [umol m^-2 m^-1],Thermal time[dd]
1,0.14142136,0.0,0.0701,0.004042135611804359,0.048190762820266485,11.922104414194735,0.0
2,0.28284273,0.07071068,0.0701,0.005716443181545683,0.056105819959878934,9.814812843938448,0.0
3,0.4242641,0.07071068,0.0701,0.004042135611804359,0.0965535023518753,23.88675483076507,0.0
4,0.56568545,0.14142136,0.0701,0.004042135611804359,0.10853307068473816,26.850427869808737,0.0
5,0.70710677,0.21213204,0.0701,0.005716443181545683,0.08159932530008317,14.27449249622723,0.0
6,0.8485281,0.21213204,0.0701,0.004042135611804359,0.10917258054759979,27.00863875738857,0.0
7,0.9899494,0.28284273,0.0701,0.004042135611804359,0.0970178047583279,24.001620449102237,0.0
