Tile Number, Tile x cohordinate [m], Tile y cohordinate [m], area_m2[m2], Tile z cohordinate [m],absorbedPARTile [umol^s-1],absorbedPARTilem2 [umol m^-2 m^-1],Thermal time[dd]
1,0.14142136,0.0,0.0701,0.004042135611804359,0.20907474332091017,51.72383200364269,0.0
2,0.28284273,0.07071068,0.0701,0.005716443181545683,0.2357096908665975,41.233627866281594,0.0
3,0.4242641,0.07071068,0.0701,0.004042135611804359,0.2330178322555542,57.647207969734076,0.0
4,0.56568545,0.14142136,0.0701,0.004042135611804359,0.2867590029839833,70.94244986401573,0.0
5,0.70710677,0.21213204,0.0701,0.005716443181545683,0.23765053932682675,41.57314815863662,0.0
6,0.8485281,0.21213204,0.0701,0.004042135611804359,0.17413933631674053,43.08102276633091,0.0
7,0.9899494,0.28284273,0.0701,0.004042135611804359,0.14476094184557595,35.81298495350492,0.0
