Tile Number, Tile x cohordinate [m], Tile y cohordinate [m], area_m2[m2], Tile z cohordinate [m],absorbedPARTile [umol^s-1],absorbedPARTilem2 [umol m^-2 m^-1],Thermal time[dd]
1,0.14142136,0.0,0.0701,0.004042135611804359,0.06370030064188957,15.759070639753856,0.0
2,0.28284273,0.07071068,0.0701,0.005716443181545683,0.1387951738761902,24.279988354342574,0.0
3,0.4242641,0.07071068,0.0701,0.004042135611804359,0.07743084192349672,19.155923838223863,0.0
4,0.56568545,0.14142136,0.0701,0.004042135611804359,0.03535841246858761,8.747458240967836,0.0
5,0.70710677,0.21213204,0.0701,0.005716443181545683,0.10989791636527778,19.224876881495078,0.0
6,0.8485281,0.21213204,0.0701,0.004042135611804359,0.12258818574691774,30.32757866631691,0.0
7,0.9899494,0.28284273,0.0701,0.004042135611804359,0.04399243104397118,10.88346242404606,0.0
