Tile Number, Tile x cohordinate [m], Tile y cohordinate [m], area_m2[m2], Tile z cohordinate [m],absorbedPARTile [umol^s-1],absorbedPARTilem2 [umol m^-2 m^-1],Thermal time[dd]
1,0.1118034,0.0,0.0701,0.00108033979058772,0.013443229385437665,12.4435196246214,0.0
2,0.22360681,0.0559017,0.0701,0.0012078565728149138,0.02393376061918091,19.815068409491037,0.0
3,0.3354102,0.0559017,0.0701,0.00108033979058772,0.014540917553038744,13.459577884406425,0.0
4,0.44721362,0.1118034,0.0701,0.00108033979058772,0.013218941566152996,12.235911035880394,0.0
5,0.559017,0.1677051,0.0701,0.0012078565728149138,0.014032680047983439,11.61783639201485,0.0
6,0.6708204,0.1677051,0.0701,0.00108033979058772,0.0033231155556202228,3.075991076670796,0.0
7,0.7826238,0.22360681,0.0701,0.00108033979058772,0.006793330980573801,6.288142897039953,0.0
