Tile Number, Tile x cohordinate [m], Tile y cohordinate [m], area_m2[m2], Tile z cohordinate [m],absorbedPARTile [umol^s-1],absorbedPARTilem2 [umol m^-2 m^-1],Thermal time[dd]
1,0.14142136,0.0,0.0701,0.004042135611804359,0.08082381835823359,19.995325768438242,0.0
2,0.28284273,0.07071068,0.0701,0.005716443181545683,0.13968526047725674,24.435694721536077,0.0
3,0.4242641,0.07071068,0.0701,0.004042135611804359,0.3149181240407308,77.90884677917948,0.0
4,0.56568545,0.14142136,0.0701,0.004042135611804359,0.06396397582315126,15.824302291183777,0.0
5,0.70710677,0.21213204,0.0701,0.005716443181545683,0.17285225807325047,30.237728703622405,0.0
6,0.8485281,0.21213204,0.0701,0.004042135611804359,0.13563559267494082,33.55542854100206,0.0
7,0.9899494,0.28284273,0.0701,0.004042135611804359,0.2352615294932683,58.20228515001516,0.0
