Tile Number, Tile x cohordinate [m], Tile y cohordinate [m], area_m2[m2], Tile z cohordinate [m],absorbedPARTile [umol^s-1],absorbedPARTilem2 [umol m^-2 m^-1],Thermal time[dd]
1,0.1118034,0.0,0.0701,0.00108033979058772,0.004337019282896496,4.0144955510127955,0.0
2,0.22360681,0.0559017,0.0701,0.0012078565728149138,0.003809746032052083,3.1541377658553094,0.0
3,0.3354102,0.0559017,0.0701,0.00108033979058772,0.01172252576614456,10.850776642936887,0.0
4,0.44721362,0.1118034,0.0701,0.00108033979058772,0.01310889586988863,12.134048920624508,0.0
5,0.559017,0.1677051,0.0701,0.0012078565728149138,0.014433812283750416,11.949938931997835,0.0
6,0.6708204,0.1677051,0.0701,0.00108033979058772,0.008287728243022858,7.671408861571431,0.0
7,0.7826238,0.22360681,0.0701,0.00108033979058772,0.005432031251096896,5.028076627763378,0.0
