Tile Number, Tile x cohordinate [m], Tile y cohordinate [m], area_m2[m2], Tile z cohordinate [m],absorbedPARTile [umol^s-1],absorbedPARTilem2 [umol m^-2 m^-1],Thermal time[dd]
1,0.1118034,0.0,0.0701,0.00108033979058772,0.0015900271202929914,1.4717842794885807,0.0
2,0.22360681,0.0559017,0.0701,0.0012078565728149138,0.0049301827580239994,4.081761749687044,0.0
3,0.3354102,0.0559017,0.0701,0.00108033979058772,0.0029538022981825283,2.7341419097186255,0.0
4,0.44721362,0.1118034,0.0701,0.00108033979058772,0.003758992840534696,3.4794542173529974,0.0
5,0.559017,0.1677051,0.0701,0.0012078565728149138,0.0024754212224945,2.0494330851928244,0.0
6,0.6708204,0.1677051,0.0701,0.00108033979058772,0.01448345078613243,13.406384650752548,0.0
7,0.7826238,0.22360681,0.0701,0.00108033979058772,0.006833019921676442,6.324880358205805,0.0
