Tile Number, Tile x cohordinate [m], Tile y cohordinate [m], area_m2[m2], Tile z cohordinate [m],absorbedPARTile [umol^s-1],absorbedPARTilem2 [umol m^-2 m^-1],Thermal time[dd]
1,0.14142136,0.0,0.0701,0.004042135611804359,0.07348484381624361,18.179707677704776,0.0
2,0.28284273,0.07071068,0.0701,0.005716443181545683,0.030642244904627275,5.360369014695926,0.0
3,0.4242641,0.07071068,0.0701,0.004042135611804359,0.06770777859345228,16.75049654339241,0.0
4,0.56568545,0.14142136,0.0701,0.004042135611804359,0.0713922293608727,17.662007467632705,0.0
5,0.70710677,0.21213204,0.0701,0.005716443181545683,0.11463588869556884,20.053709108077268,0.0
6,0.8485281,0.21213204,0.0701,0.004042135611804359,0.0811062226982067,20.065190900906437,0.0
7,0.9899494,0.28284273,0.0701,0.004042135611804359,0.023146163721367158,5.72622146910974,0.0
