Tile Number, Tile x cohordinate [m], Tile y cohordinate [m], area_m2[m2], Tile z cohordinate [m],absorbedPARTile [umol^s-1],absorbedPARTilem2 [umol m^-2 m^-1],Thermal time[dd]
1,0.14142136,0.0,0.0701,0.004042135611804359,0.036851859084838484,9.116927937108045,0.0
2,0.28284273,0.07071068,0.0701,0.005716443181545683,0.30794171440917967,53.86946124179171,0.0
3,0.4242641,0.07071068,0.0701,0.004042135611804359,0.10984781832885744,27.17568851674987,0.0
4,0.56568545,0.14142136,0.0701,0.004042135611804359,0.05959121367369519,14.742507277506805,0.0
5,0.70710677,0.21213204,0.0701,0.005716443181545683,0.09704028746253968,16.975641037737162,0.0
6,0.8485281,0.21213204,0.0701,0.004042135611804359,0.11365017551719664,28.116368779241576,0.0
7,0.9899494,0.28284273,0.0701,0.004042135611804359,0.016819631333346477,4.161075468182623,0.0
