Tile Number, Tile x cohordinate [m], Tile y cohordinate [m], area_m2[m2], Tile z cohordinate [m],absorbedPARTile [umol^s-1],absorbedPARTilem2 [umol m^-2 m^-1],Thermal time[dd]
1,0.1118034,0.0,0.0701,0.00108033979058772,0.010177738476583752,9.420867920681623,0.0
2,0.22360681,0.0559017,0.0701,0.0012078565728149138,0.01903313603358,15.757778251123982,0.0
3,0.3354102,0.0559017,0.0701,0.00108033979058772,0.007892854289431877,7.305899827255326,0.0
4,0.44721362,0.1118034,0.0701,0.00108033979058772,0.006966269443248232,6.4482207393828235,0.0
5,0.559017,0.1677051,0.0701,0.0012078565728149138,0.03704025341129791,30.66610245368411,0.0
6,0.6708204,0.1677051,0.0701,0.00108033979058772,0.002352924130291354,2.1779482259107854,0.0
7,0.7826238,0.22360681,0.0701,0.00108033979058772,0.00473209011659609,4.380186824389544,0.0
