Tile Number, Tile x cohordinate [m], Tile y cohordinate [m], area_m2[m2], Tile z cohordinate [m],absorbedPARTile [umol^s-1],absorbedPARTilem2 [umol m^-2 m^-1],Thermal time[dd]
1,0.14142136,0.0,0.0701,0.004042135611804359,0.008999848042813226,2.226508189515147,0.0
2,0.28284273,0.07071068,0.0701,0.005716443181545683,0.10742329077956926,18.7919808468249,0.0
3,0.4242641,0.07071068,0.0701,0.004042135611804359,0.059309527123529965,14.672819721913022,0.0
4,0.56568545,0.14142136,0.0701,0.004042135611804359,0.01204021363425489,2.978676321272726,0.0
5,0.70710677,0.21213204,0.0701,0.005716443181545683,0.1617895042822083,28.302477457400645,0.0
6,0.8485281,0.21213204,0.0701,0.004042135611804359,0.07208552251405127,17.833524017239288,0.0
7,0.9899494,0.28284273,0.0701,0.004042135611804359,0.11131339908487152,27.53826436693513,0.0
