Tile Number, Tile x cohordinate [m], Tile y cohordinate [m], area_m2[m2], Tile z cohordinate [m],absorbedPARTile [umol^s-1],absorbedPARTilem2 [umol m^-2 m^-1],Thermal time[dd]
1,0.14142136,0.0,0.0701,0.004042135611804359,0.06946304568827452,17.184739048689927,0.0
2,0.28284273,0.07071068,0.0701,0.005716443181545683,0.08062223440450234,14.10356612390971,0.0
3,0.4242641,0.07071068,0.0701,0.004042135611804359,0.025106446569190713,6.211183636657728,0.0
4,0.56568545,0.14142136,0.0701,0.004042135611804359,0.19406281777946152,48.00997205851643,0.0
5,0.70710677,0.21213204,0.0701,0.005716443181545683,0.2509710133286159,43.90335132496764,0.0
6,0.8485281,0.21213204,0.0701,0.004042135611804359,0.10023819410123826,24.798325372486246,0.0
7,0.9899494,0.28284273,0.0701,0.004042135611804359,0.09522635677561016,23.558427010097834,0.0
