Tile Number, Tile x cohordinate [m], Tile y cohordinate [m], area_m2[m2], Tile z cohordinate [m],absorbedPARTile [umol^s-1],absorbedPARTilem2 [umol m^-2 m^-1],Thermal time[dd]
1,0.1118034,0.0,0.0701,0.00108033979058772,0.011121976828956128,10.294887706492434,0.0
2,0.22360681,0.0559017,0.0701,0.0012078565728149138,0.013992161704241462,11.584290733818404,0.0
3,0.3354102,0.0559017,0.0701,0.00108033979058772,0.018460115650075562,17.08732364660289,0.0
4,0.44721362,0.1118034,0.0701,0.00108033979058772,0.022328875180649455,20.668381721367716,0.0
5,0.559017,0.1677051,0.0701,0.0012078565728149138,0.02334765485944431,19.329823908671973,0.0
6,0.6708204,0.1677051,0.0701,0.00108033979058772,0.014522660543195903,13.442678562543154,0.0
7,0.7826238,0.22360681,0.0701,0.00108033979058772,0.014907626369791031,13.799016290681172,0.0
