Tile Number, Tile x cohordinate [m], Tile y cohordinate [m], area_m2[m2], Tile z cohordinate [m],absorbedPARTile [umol^s-1],absorbedPARTilem2 [umol m^-2 m^-1],Thermal time[dd]
1,0.1118034,0.0,0.0701,0.00108033979058772,0.011403443610341039,10.555423126771446,0.0
2,0.22360681,0.0559017,0.0701,0.0012078565728149138,0.012614490975262028,10.443699408667301,0.0
3,0.3354102,0.0559017,0.0701,0.00108033979058772,0.01735848155609153,16.067612900426703,0.0
4,0.44721362,0.1118034,0.0701,0.00108033979058772,0.009118075565498472,8.440007157875868,0.0
5,0.559017,0.1677051,0.0701,0.0012078565728149138,0.004662236453752666,3.8599255562995434,0.0
6,0.6708204,0.1677051,0.0701,0.00108033979058772,0.005609489817283805,5.19233843477353,0.0
7,0.7826238,0.22360681,0.0701,0.00108033979058772,0.0011932613665909812,1.1045241293406682,0.0
