Tile Number, Tile x cohordinate [m], Tile y cohordinate [m], area_m2[m2], Tile z cohordinate [m],absorbedPARTile [umol^s-1],absorbedPARTilem2 [umol m^-2 m^-1],Thermal time[dd]
1,0.1118034,0.0,0.0701,0.00108033979058772,0.005776978356848397,5.347371639163304,0.0
2,0.22360681,0.0559017,0.0701,0.0012078565728149138,0.0075459433978724575,6.247383644472465,0.0
3,0.3354102,0.0559017,0.0701,0.00108033979058772,0.0036491593304129456,3.3777885089539765,0.0
4,0.44721362,0.1118034,0.0701,0.00108033979058772,0.01088977143374272,10.079950334716944,0.0
5,0.559017,0.1677051,0.0701,0.0012078565728149138,0.00894389066935834,7.4047621800944246,0.0
6,0.6708204,0.1677051,0.0701,0.00108033979058772,0.005980983382506345,5.536205770272153,0.0
7,0.7826238,0.22360681,0.0701,0.00108033979058772,0.01054183065315923,9.757884274006354,0.0
