Tile Number, Tile x cohordinate [m], Tile y cohordinate [m], area_m2[m2], Tile z cohordinate [m],absorbedPARTile [umol^s-1],absorbedPARTilem2 [umol m^-2 m^-1],Thermal time[dd]
1,0.14142136,0.0,0.0701,0.004042135611804359,0.02545077273259759,6.296367855218167,0.0
2,0.28284273,0.07071068,0.0701,0.005716443181545683,0.07725375799783708,13.514305232182549,0.0
3,0.4242641,0.07071068,0.0701,0.004042135611804359,0.09341056688010989,23.10921152850994,0.0
4,0.56568545,0.14142136,0.0701,0.004042135611804359,0.03821843945874453,9.455011689151194,0.0
5,0.70710677,0.21213204,0.0701,0.005716443181545683,0.12746351033237457,22.29769566220186,0.0
6,0.8485281,0.21213204,0.0701,0.004042135611804359,0.08321988768210294,20.5880988849245,0.0
7,0.9899494,0.28284273,0.0701,0.004042135611804359,0.055546277762396346,13.741814500281244,0.0
