Tile Number, Tile x cohordinate [m], Tile y cohordinate [m], area_m2[m2], Tile z cohordinate [m],absorbedPARTile [umol^s-1],absorbedPARTilem2 [umol m^-2 m^-1],Thermal time[dd]
1,0.14142136,0.0,0.0701,0.004042135611804359,0.16918344691823323,41.85496558407446,0.0
2,0.28284273,0.07071068,0.0701,0.005716443181545683,0.2644857313860575,46.267534371703945,0.0
3,0.4242641,0.07071068,0.0701,0.004042135611804359,0.05642090313136532,13.958191547705082,0.0
4,0.56568545,0.14142136,0.0701,0.004042135611804359,0.10660561622636318,26.37358724804776,0.0
5,0.70710677,0.21213204,0.0701,0.005716443181545683,0.11505990415568947,20.127883808438053,0.0
6,0.8485281,0.21213204,0.0701,0.004042135611804359,0.07647992438888253,18.920672568613508,0.0
7,0.9899494,0.28284273,0.0701,0.004042135611804359,0.06384451576809225,15.794748593205373,0.0
