Tile Number, Tile x cohordinate [m], Tile y cohordinate [m], area_m2[m2], Tile z cohordinate [m],absorbedPARTile [umol^s-1],absorbedPARTilem2 [umol m^-2 m^-1],Thermal time[dd]
1,0.14142136,0.0,0.0701,0.004042135611804359,0.11646647728530884,28.8131048708976,0.0
2,0.28284273,0.07071068,0.0701,0.005716443181545683,0.10123883002861024,17.710108683567118,0.0
3,0.4242641,0.07071068,0.0701,0.004042135611804359,0.07391262664260148,18.285538571925297,0.0
4,0.56568545,0.14142136,0.0701,0.004042135611804359,0.0922556657390928,22.82349594349978,0.0
5,0.70710677,0.21213204,0.0701,0.005716443181545683,0.19198701259643555,33.585046942515696,0.0
6,0.8485281,0.21213204,0.0701,0.004042135611804359,0.21434990984306337,53.02887642292145,0.0
7,0.9899494,0.28284273,0.0701,0.004042135611804359,0.12745588596189378,31.531818375831048,0.0
