Tile Number, Tile x cohordinate [m], Tile y cohordinate [m], area_m2[m2], Tile z cohordinate [m],absorbedPARTile [umol^s-1],absorbedPARTilem2 [umol m^-2 m^-1],Thermal time[dd]
1,0.1118034,0.0,0.0701,0.00108033979058772,0.003180406032898662,2.943894190149635,0.0
2,0.22360681,0.0559017,0.0701,0.0012078565728149138,0.003961667964084788,3.2799158884006463,0.0
3,0.3354102,0.0559017,0.0701,0.00108033979058772,0.0034382956278093475,3.1826057484551846,0.0
4,0.44721362,0.1118034,0.0701,0.00108033979058772,0.003630681411857544,3.3606847063204093,0.0
5,0.559017,0.1677051,0.0701,0.0012078565728149138,0.005314423185409536,4.399879344137902,0.0
6,0.6708204,0.1677051,0.0701,0.00108033979058772,0.0012747734824041642,1.1799745723617843,0.0
7,0.7826238,0.22360681,0.0701,0.00108033979058772,8.959920047770838E-4,0.8293612922371874,0.0
