Tile Number, Tile x cohordinate [m], Tile y cohordinate [m], area_m2[m2], Tile z cohordinate [m],absorbedPARTile [umol^s-1],absorbedPARTilem2 [umol m^-2 m^-1],Thermal time[dd]
1,0.14142136,0.0,0.0701,0.004042135611804359,0.17915322801151273,44.32142936726978,0.0
2,0.28284273,0.07071068,0.0701,0.005716443181545683,0.18476660734647116,32.32195291347436,0.0
3,0.4242641,0.07071068,0.0701,0.004042135611804359,0.09116036781768481,22.55252583596322,0.0
4,0.56568545,0.14142136,0.0701,0.004042135611804359,0.12422770759882133,30.73318649578103,0.0
5,0.70710677,0.21213204,0.0701,0.005716443181545683,0.06033215859883777,10.554142966662779,0.0
6,0.8485281,0.21213204,0.0701,0.004042135611804359,0.17781058393050828,43.989267309895084,0.0
7,0.9899494,0.28284273,0.0701,0.004042135611804359,0.04163611992123376,10.300525247011175,0.0
