Tile Number, Tile x cohordinate [m], Tile y cohordinate [m], area_m2[m2], Tile z cohordinate [m],absorbedPARTile [umol^s-1],absorbedPARTilem2 [umol m^-2 m^-1],Thermal time[dd]
1,0.1118034,0.0,0.0701,0.00108033979058772,0.006645060132475172,6.1508982547612785,0.0
2,0.22360681,0.0559017,0.0701,0.0012078565728149138,0.0010584237562335313,0.8762826481681274,0.0
3,0.3354102,0.0559017,0.0701,0.00108033979058772,0.0011176731911899135,1.0345570911369317,0.0
4,0.44721362,0.1118034,0.0701,0.00108033979058772,0.0021118117318499265,1.9547662228575988,0.0
5,0.559017,0.1677051,0.0701,0.0012078565728149138,0.004446001314430931,3.6809017018216905,0.0
6,0.6708204,0.1677051,0.0701,0.00108033979058772,0.006729174722474327,6.228757638199702,0.0
7,0.7826238,0.22360681,0.0701,0.00108033979058772,0.00408353458882457,3.7798613217819828,0.0
