Tile Number, Tile x cohordinate [m], Tile y cohordinate [m], area_m2[m2], Tile z cohordinate [m],absorbedPARTile [umol^s-1],absorbedPARTilem2 [umol m^-2 m^-1],Thermal time[dd]
1,0.1118034,0.0,0.0701,0.00108033979058772,0.001239229112571384,1.1470734701877694,0.0
2,0.22360681,0.0559017,0.0701,0.0012078565728149138,0.0012299041414673287,1.0182534658076439,0.0
3,0.3354102,0.0559017,0.0701,0.00108033979058772,0.010828396084254673,10.023139181390214,0.0
4,0.44721362,0.1118034,0.0701,0.00108033979058772,4.8667532090155674E-4,0.45048356557967617,0.0
5,0.559017,0.1677051,0.0701,0.0012078565728149138,8.851468948507578E-4,0.7328245048068249,0.0
6,0.6708204,0.1677051,0.0701,0.00108033979058772,0.0019829214779877027,1.8354609311473808,0.0
7,0.7826238,0.22360681,0.0701,0.00108033979058772,7.180387242165E-4,0.6646415604352376,0.0
