Tile Number, Tile x cohordinate [m], Tile y cohordinate [m], area_m2[m2], Tile z cohordinate [m],absorbedPARTile [umol^s-1],absorbedPARTilem2 [umol m^-2 m^-1],Thermal time[dd]
1,0.1118034,0.0,0.0701,0.00108033979058772,0.009962770137294904,9.221885766028315,0.0
2,0.22360681,0.0559017,0.0701,0.0012078565728149138,0.013053461720762253,10.807128937785317,0.0
3,0.3354102,0.0559017,0.0701,0.00108033979058772,0.012954463565120849,11.991101020238679,0.0
4,0.44721362,0.1118034,0.0701,0.00108033979058772,0.0182478956106814,16.890885413703305,0.0
5,0.559017,0.1677051,0.0701,0.0012078565728149138,0.011865659236698547,9.82373197592955,0.0
6,0.6708204,0.1677051,0.0701,0.00108033979058772,0.019544371525660676,18.090948510772026,0.0
7,0.7826238,0.22360681,0.0701,0.00108033979058772,0.008631444351081085,7.989564418788517,0.0
