Tile Number, Tile x cohordinate [m], Tile y cohordinate [m], area_m2[m2], Tile z cohordinate [m],absorbedPARTile [umol^s-1],absorbedPARTilem2 [umol m^-2 m^-1],Thermal time[dd]
1,0.1118034,0.0,0.0701,0.00108033979058772,9.566977101258089E-4,0.8855525997106448,0.0
2,0.22360681,0.0559017,0.0701,0.0012078565728149138,0.0010323309355045297,0.854680066109736,0.0
3,0.3354102,0.0559017,0.0701,0.00108033979058772,0.001392376137822262,1.2888316712511254,0.0
4,0.44721362,0.1118034,0.0701,0.00108033979058772,0.005615558665594418,5.1979559713703365,0.0
5,0.559017,0.1677051,0.0701,0.0012078565728149138,0.005109740605580987,4.230420002329184,0.0
6,0.6708204,0.1677051,0.0701,0.00108033979058772,0.0028905907975575215,2.675631151181611,0.0
7,0.7826238,0.22360681,0.0701,0.00108033979058772,0.002666949210374877,2.468620737299715,0.0
