Tile Number, Tile x cohordinate [m], Tile y cohordinate [m], area_m2[m2], Tile z cohordinate [m],absorbedPARTile [umol^s-1],absorbedPARTilem2 [umol m^-2 m^-1],Thermal time[dd]
1,0.14142136,0.0,0.0701,0.004042135611804359,0.03873477043076902,9.582748861183877,0.0
2,0.28284273,0.07071068,0.0701,0.005716443181545683,0.11396838787803648,19.936940551768117,0.0
3,0.4242641,0.07071068,0.0701,0.004042135611804359,0.03729035993202269,9.225410405114225,0.0
4,0.56568545,0.14142136,0.0701,0.004042135611804359,0.03158611692751811,7.814215048915307,0.0
5,0.70710677,0.21213204,0.0701,0.005716443181545683,0.08968779722261905,15.689440859336617,0.0
6,0.8485281,0.21213204,0.0701,0.004042135611804359,0.10309731346663208,25.505654279770862,0.0
7,0.9899494,0.28284273,0.0701,0.004042135611804359,0.03912258399755836,9.678691601367259,0.0
