Tile Number, Tile x cohordinate [m], Tile y cohordinate [m], area_m2[m2], Tile z cohordinate [m],absorbedPARTile [umol^s-1],absorbedPARTilem2 [umol m^-2 m^-1],Thermal time[dd]
1,0.14142136,0.0,0.0701,0.004042135611804359,0.1740859033379364,43.067803769262106,0.0
2,0.28284273,0.07071068,0.0701,0.005716443181545683,0.1944024554269409,34.00758990389824,0.0
3,0.4242641,0.07071068,0.0701,0.004042135611804359,0.21103457980270388,52.20868374292387,0.0
4,0.56568545,0.14142136,0.0701,0.004042135611804359,0.15613950991477965,38.627974147824524,0.0
5,0.70710677,0.21213204,0.0701,0.005716443181545683,0.1901757117303085,33.268188922834085,0.0
6,0.8485281,0.21213204,0.0701,0.004042135611804359,0.10360087512975694,25.630232401705786,0.0
7,0.9899494,0.28284273,0.0701,0.004042135611804359,0.17018083366424563,42.101713056648045,0.0
