Tile Number, Tile x cohordinate [m], Tile y cohordinate [m], area_m2[m2], Tile z cohordinate [m],absorbedPARTile [umol^s-1],absorbedPARTilem2 [umol m^-2 m^-1],Thermal time[dd]
1,0.1118034,0.0,0.0701,0.00108033979058772,0.009580520308981216,8.868062060149871,0.0
2,0.22360681,0.0559017,0.0701,0.0012078565728149138,0.004139955117555,3.4275221170563497,0.0
3,0.3354102,0.0559017,0.0701,0.00108033979058772,0.006076763263127289,5.624862951517731,0.0
4,0.44721362,0.1118034,0.0701,0.00108033979058772,0.009117383643856086,8.439366691192687,0.0
5,0.559017,0.1677051,0.0701,0.0012078565728149138,0.004199874931466712,3.4771305020751675,0.0
6,0.6708204,0.1677051,0.0701,0.00108033979058772,0.0016891882606780756,1.5635712721079482,0.0
7,0.7826238,0.22360681,0.0701,0.00108033979058772,0.005298062918200789,4.90407088988046,0.0
