Tile Number, Tile x cohordinate [m], Tile y cohordinate [m], area_m2[m2], Tile z cohordinate [m],absorbedPARTile [umol^s-1],absorbedPARTilem2 [umol m^-2 m^-1],Thermal time[dd]
1,0.14142136,0.0,0.0701,0.004042135611804359,0.10120511194290162,25.037535021672593,0.0
2,0.28284273,0.07071068,0.0701,0.005716443181545683,0.18077810971069336,31.624229257503497,0.0
3,0.4242641,0.07071068,0.0701,0.004042135611804359,0.1690247692414856,41.815709682742444,0.0
4,0.56568545,0.14142136,0.0701,0.004042135611804359,0.09507949249412537,23.522093671588387,0.0
5,0.70710677,0.21213204,0.0701,0.005716443181545683,0.047096381713289025,8.238756201641197,0.0
6,0.8485281,0.21213204,0.0701,0.004042135611804359,0.05626852126095772,13.920493190934817,0.0
7,0.9899494,0.28284273,0.0701,0.004042135611804359,0.04408597416547775,10.90660442879063,0.0
