Tile Number, Tile x cohordinate [m], Tile y cohordinate [m], area_m2[m2], Tile z cohordinate [m],absorbedPARTile [umol^s-1],absorbedPARTilem2 [umol m^-2 m^-1],Thermal time[dd]
1,0.1118034,0.0,0.0701,0.00108033979058772,0.005847135068806401,5.4123111263220975,0.0
2,0.22360681,0.0559017,0.0701,0.0012078565728149138,0.0048075855542575995,3.9802619470402063,0.0
3,0.3354102,0.0559017,0.0701,0.00108033979058772,0.007416285253656748,6.86477098989586,0.0
4,0.44721362,0.1118034,0.0701,0.00108033979058772,0.0036148737758159265,3.3460526098454495,0.0
5,0.559017,0.1677051,0.0701,0.0012078565728149138,0.0020765195157337484,1.7191772288777738,0.0
6,0.6708204,0.1677051,0.0701,0.00108033979058772,0.00626068151114578,5.79510406419436,0.0
7,0.7826238,0.22360681,0.0701,0.00108033979058772,0.0022571038148839423,2.0892536168236906,0.0
