Tile Number, Tile x cohordinate [m], Tile y cohordinate [m], area_m2[m2], Tile z cohordinate [m],absorbedPARTile [umol^s-1],absorbedPARTilem2 [umol m^-2 m^-1],Thermal time[dd]
1,0.1118034,0.0,0.0701,0.00108033979058772,0.0041475218070243566,3.8390901114250795,0.0
2,0.22360681,0.0559017,0.0701,0.0012078565728149138,0.00868001704207466,7.186297808394461,0.0
3,0.3354102,0.0559017,0.0701,0.00108033979058772,0.019161304200105502,17.736368101078167,0.0
4,0.44721362,0.1118034,0.0701,0.00108033979058772,0.005294546329729461,4.900815813559134,0.0
5,0.559017,0.1677051,0.0701,0.0012078565728149138,9.728908954273203E-4,0.805468892022498,0.0
6,0.6708204,0.1677051,0.0701,0.00108033979058772,6.928372927992145E-4,0.6413142409781106,0.0
7,0.7826238,0.22360681,0.0701,0.00108033979058772,0.0051318516285266055,4.750219952312232,0.0
