Tile Number, Tile x cohordinate [m], Tile y cohordinate [m], area_m2[m2], Tile z cohordinate [m],absorbedPARTile [umol^s-1],absorbedPARTilem2 [umol m^-2 m^-1],Thermal time[dd]
1,0.14142136,0.0,0.0701,0.004042135611804359,0.06139957186113835,15.189884199290963,0.0
2,0.28284273,0.07071068,0.0701,0.005716443181545683,0.08030934434005738,14.048831028237796,0.0
3,0.4242641,0.07071068,0.0701,0.004042135611804359,0.0687267430415964,17.002582209486444,0.0
4,0.56568545,0.14142136,0.0701,0.004042135611804359,0.12875787054256443,31.85392151776138,0.0
5,0.70710677,0.21213204,0.0701,0.005716443181545683,0.07562635656505586,13.229617467238967,0.0
6,0.8485281,0.21213204,0.0701,0.004042135611804359,0.07739199034061432,19.14631219066584,0.0
7,0.9899494,0.28284273,0.0701,0.004042135611804359,0.10917519845954896,27.009286413034147,0.0
