Tile Number, Tile x cohordinate [m], Tile y cohordinate [m], area_m2[m2], Tile z cohordinate [m],absorbedPARTile [umol^s-1],absorbedPARTilem2 [umol m^-2 m^-1],Thermal time[dd]
1,0.1118034,0.0,0.0701,0.00108033979058772,0.0024689523355121723,2.285347959061128,0.0
2,0.22360681,0.0559017,0.0701,0.0012078565728149138,0.004589259055542387,3.7995066292077238,0.0
3,0.3354102,0.0559017,0.0701,0.00108033979058772,0.002692746293466538,2.492499412616883,0.0
4,0.44721362,0.1118034,0.0701,0.00108033979058772,0.005048059517760705,4.672659066842748,0.0
5,0.559017,0.1677051,0.0701,0.0012078565728149138,0.004756069348750457,3.9376110175618133,0.0
6,0.6708204,0.1677051,0.0701,0.00108033979058772,0.002208689689099211,2.0444398219357014,0.0
7,0.7826238,0.22360681,0.0701,0.00108033979058772,0.004955332783005238,4.586827983360187,0.0
