Tile Number, Tile x cohordinate [m], Tile y cohordinate [m], area_m2[m2], Tile z cohordinate [m],absorbedPARTile [umol^s-1],absorbedPARTilem2 [umol m^-2 m^-1],Thermal time[dd]
1,0.1118034,0.0,0.0701,0.00108033979058772,0.0027805982304527498,2.5738182141195276,0.0
2,0.22360681,0.0559017,0.0701,0.0012078565728149138,0.001655014280234959,1.3702076202457902,0.0
3,0.3354102,0.0559017,0.0701,0.00108033979058772,0.005991620206581607,5.54605158375411,0.0
4,0.44721362,0.1118034,0.0701,0.00108033979058772,0.0038246207583287482,3.540201695475922,0.0
5,0.559017,0.1677051,0.0701,0.0012078565728149138,0.010550190190685569,8.73463822455204,0.0
6,0.6708204,0.1677051,0.0701,0.00108033979058772,0.0013540560600562408,1.253361277491793,0.0
7,0.7826238,0.22360681,0.0701,0.00108033979058772,0.0032909957179797296,3.0462598403317,0.0
