Tile Number, Tile x cohordinate [m], Tile y cohordinate [m], area_m2[m2], Tile z cohordinate [m],absorbedPARTile [umol^s-1],absorbedPARTilem2 [umol m^-2 m^-1],Thermal time[dd]
1,0.1118034,0.0,0.0701,0.00108033979058772,0.004390469751471783,4.063971159558334,0.0
2,0.22360681,0.0559017,0.0701,0.0012078565728149138,0.00824467686173877,6.825874070896119,0.0
3,0.3354102,0.0559017,0.0701,0.00108033979058772,0.0038270913528346486,3.5424885634848806,0.0
4,0.44721362,0.1118034,0.0701,0.00108033979058772,0.0026610381985080196,2.4631492995924713,0.0
5,0.559017,0.1677051,0.0701,0.0012078565728149138,0.005227057844820512,4.327548454398718,0.0
6,0.6708204,0.1677051,0.0701,0.00108033979058772,0.007136743076484192,6.606017050063207,0.0
7,0.7826238,0.22360681,0.0701,0.00108033979058772,0.005415558374575675,5.0128287616153955,0.0
