Tile Number, Tile x cohordinate [m], Tile y cohordinate [m], area_m2[m2], Tile z cohordinate [m],absorbedPARTile [umol^s-1],absorbedPARTilem2 [umol m^-2 m^-1],Thermal time[dd]
1,0.1118034,0.0,0.0701,0.00108033979058772,0.004145804329381046,3.837500354518712,0.0
2,0.22360681,0.0559017,0.0701,0.0012078565728149138,0.001958201812749285,1.6212204799992844,0.0
3,0.3354102,0.0559017,0.0701,0.00108033979058772,0.0017122741524036467,1.5849403746132,0.0
4,0.44721362,0.1118034,0.0701,0.00108033979058772,0.0015028205991300019,1.3910628972690589,0.0
5,0.559017,0.1677051,0.0701,0.0012078565728149138,0.003545119555563414,2.935050100610457,0.0
6,0.6708204,0.1677051,0.0701,0.00108033979058772,0.0032827488492603177,3.0386262524630854,0.0
7,0.7826238,0.22360681,0.0701,0.00108033979058772,0.004239451535222966,3.9241834579809796,0.0
