Tile Number, Tile x cohordinate [m], Tile y cohordinate [m], area_m2[m2], Tile z cohordinate [m],absorbedPARTile [umol^s-1],absorbedPARTilem2 [umol m^-2 m^-1],Thermal time[dd]
1,0.1118034,0.0,0.0701,0.00108033979058772,0.007115985738649335,6.58680333784442,0.0
2,0.22360681,0.0559017,0.0701,0.0012078565728149138,0.00505809833616115,4.18766470291521,0.0
3,0.3354102,0.0559017,0.0701,0.00108033979058772,0.012295864641496679,11.381479001905092,0.0
4,0.44721362,0.1118034,0.0701,0.00108033979058772,0.006230087955110653,5.7667856070740475,0.0
5,0.559017,0.1677051,0.0701,0.0012078565728149138,0.024497312856012435,20.281640558465785,0.0
6,0.6708204,0.1677051,0.0701,0.00108033979058772,0.0063748867495798745,5.90081639602652,0.0
7,0.7826238,0.22360681,0.0701,0.00108033979058772,0.00869008476104333,8.043844017182597,0.0
