Tile Number, Tile x cohordinate [m], Tile y cohordinate [m], area_m2[m2], Tile z cohordinate [m],absorbedPARTile [umol^s-1],absorbedPARTilem2 [umol m^-2 m^-1],Thermal time[dd]
1,0.1118034,0.0,0.0701,0.00108033979058772,0.005417004177287482,5.014167046777529,0.0
2,0.22360681,0.0559017,0.0701,0.0012078565728149138,0.0054149757468868005,4.4831281037509125,0.0
3,0.3354102,0.0559017,0.0701,0.00108033979058772,0.003084096387564465,2.854746640301635,0.0
4,0.44721362,0.1118034,0.0701,0.00108033979058772,0.005761699096920118,5.333228625954501,0.0
5,0.559017,0.1677051,0.0701,0.0012078565728149138,0.010709027863031363,8.866141977498154,0.0
6,0.6708204,0.1677051,0.0701,0.00108033979058772,0.004309701513315085,3.98920927551002,0.0
7,0.7826238,0.22360681,0.0701,0.00108033979058772,0.01495234478979908,13.840409212054288,0.0
