Tile Number, Tile x cohordinate [m], Tile y cohordinate [m], area_m2[m2], Tile z cohordinate [m],absorbedPARTile [umol^s-1],absorbedPARTilem2 [umol m^-2 m^-1],Thermal time[dd]
1,0.14142136,0.0,0.0701,0.004042135611804359,0.21819679507802328,53.98057265590427,0.0
2,0.28284273,0.07071068,0.0701,0.005716443181545683,0.12484856801490783,21.840253467043073,0.0
3,0.4242641,0.07071068,0.0701,0.004042135611804359,0.1165822925773104,28.841756876452123,0.0
4,0.56568545,0.14142136,0.0701,0.004042135611804359,0.08387829811092715,20.750985658663964,0.0
5,0.70710677,0.21213204,0.0701,0.005716443181545683,0.23988164533983863,41.963444351943416,0.0
6,0.8485281,0.21213204,0.0701,0.004042135611804359,0.13786259177233381,34.1063747019595,0.0
7,0.9899494,0.28284273,0.0701,0.004042135611804359,0.09656655550499757,23.889984102213596,0.0
