Tile Number, Tile x cohordinate [m], Tile y cohordinate [m], area_m2[m2], Tile z cohordinate [m],absorbedPARTile [umol^s-1],absorbedPARTilem2 [umol m^-2 m^-1],Thermal time[dd]
1,0.14142136,0.0,0.0701,0.004042135611804359,0.07027258953905106,17.385015320572645,0.0
2,0.28284273,0.07071068,0.0701,0.005716443181545683,0.15509944714019777,27.132159319085552,0.0
3,0.4242641,0.07071068,0.0701,0.004042135611804359,0.05126774825539828,12.683332074678463,0.0
4,0.56568545,0.14142136,0.0701,0.004042135611804359,0.03999666734173715,9.894934555123234,0.0
5,0.70710677,0.21213204,0.0701,0.005716443181545683,0.12654845926460265,22.137622162175486,0.0
6,0.8485281,0.21213204,0.0701,0.004042135611804359,0.16208534839385988,40.09893876903031,0.0
7,0.9899494,0.28284273,0.0701,0.004042135611804359,0.07790582158035277,19.273430943989673,0.0
