Tile Number, Tile x cohordinate [m], Tile y cohordinate [m], area_m2[m2], Tile z cohordinate [m],absorbedPARTile [umol^s-1],absorbedPARTilem2 [umol m^-2 m^-1],Thermal time[dd]
1,0.14142136,0.0,0.0701,0.004042135611804359,0.13597476377357484,33.63933742759249,0.0
2,0.28284273,0.07071068,0.0701,0.005716443181545683,0.113236790079422,19.808959257214838,0.0
3,0.4242641,0.07071068,0.0701,0.004042135611804359,0.20033595091728212,49.56190740662821,0.0
4,0.56568545,0.14142136,0.0701,0.004042135611804359,0.05591048664020807,13.831917582609337,0.0
5,0.70710677,0.21213204,0.0701,0.005716443181545683,0.07811325856909275,13.664661064289897,0.0
6,0.8485281,0.21213204,0.0701,0.004042135611804359,0.03149151869506247,7.790812016078066,0.0
7,0.9899494,0.28284273,0.0701,0.004042135611804359,0.12766528444274428,31.583622298549273,0.0
