Tile Number, Tile x cohordinate [m], Tile y cohordinate [m], area_m2[m2], Tile z cohordinate [m],absorbedPARTile [umol^s-1],absorbedPARTilem2 [umol m^-2 m^-1],Thermal time[dd]
1,0.14142136,0.0,0.0701,0.004042135611804359,0.13682379678985598,33.84938308113308,0.0
2,0.28284273,0.07071068,0.0701,0.005716443181545683,0.12790608164968492,22.375116412002907,0.0
3,0.4242641,0.07071068,0.0701,0.004042135611804359,0.25496304185653684,63.0763206241674,0.0
4,0.56568545,0.14142136,0.0701,0.004042135611804359,0.026056483278085775,6.446216995291378,0.0
5,0.70710677,0.21213204,0.0701,0.005716443181545683,0.062087252236249446,10.861168433666041,0.0
6,0.8485281,0.21213204,0.0701,0.004042135611804359,0.0412474631796992,10.204373910475221,0.0
7,0.9899494,0.28284273,0.0701,0.004042135611804359,0.1473993940024185,36.465722122722454,0.0
