Tile Number, Tile x cohordinate [m], Tile y cohordinate [m], area_m2[m2], Tile z cohordinate [m],absorbedPARTile [umol^s-1],absorbedPARTilem2 [umol m^-2 m^-1],Thermal time[dd]
1,0.14142136,0.0,0.0701,0.004042135611804359,0.11127786170749664,27.529472633854454,0.0
2,0.28284273,0.07071068,0.0701,0.005716443181545683,0.327299068086497,57.25571963054093,0.0
3,0.4242641,0.07071068,0.0701,0.004042135611804359,0.33923277588768,83.92414517143098,0.0
4,0.56568545,0.14142136,0.0701,0.004042135611804359,0.04477441701355675,11.076921042134458,0.0
5,0.70710677,0.21213204,0.0701,0.005716443181545683,0.22369096903139754,39.131145351629854,0.0
6,0.8485281,0.21213204,0.0701,0.004042135611804359,0.07056015797581573,17.456158019477865,0.0
7,0.9899494,0.28284273,0.0701,0.004042135611804359,0.30333448592770895,75.0431244913884,0.0
