Tile Number, Tile x cohordinate [m], Tile y cohordinate [m], area_m2[m2], Tile z cohordinate [m],absorbedPARTile [umol^s-1],absorbedPARTilem2 [umol m^-2 m^-1],Thermal time[dd]
1,0.1118034,0.0,0.0701,0.00108033979058772,0.01114854979835242,10.319484569097888,0.0
2,0.22360681,0.0559017,0.0701,0.0012078565728149138,0.009930350581318019,8.221465035517673,0.0
3,0.3354102,0.0559017,0.0701,0.00108033979058772,0.017729592391593756,16.41112596801476,0.0
4,0.44721362,0.1118034,0.0701,0.00108033979058772,0.012098518176496363,11.198808265605583,0.0
5,0.559017,0.1677051,0.0701,0.0012078565728149138,0.017441018677861915,14.43964380407813,0.0
6,0.6708204,0.1677051,0.0701,0.00108033979058772,0.02706839752112865,25.055448070095675,0.0
7,0.7826238,0.22360681,0.0701,0.00108033979058772,0.0170469087213105,15.779210272387306,0.0
