Tile Number, Tile x cohordinate [m], Tile y cohordinate [m], area_m2[m2], Tile z cohordinate [m],absorbedPARTile [umol^s-1],absorbedPARTilem2 [umol m^-2 m^-1],Thermal time[dd]
1,0.14142136,0.0,0.0701,0.004042135611804359,0.08979393973495962,22.214479759840792,0.0
2,0.28284273,0.07071068,0.0701,0.005716443181545683,0.19756181749807994,34.560269598387,0.0
3,0.4242641,0.07071068,0.0701,0.004042135611804359,0.05895439558567866,14.584962318808039,0.0
4,0.56568545,0.14142136,0.0701,0.004042135611804359,0.09622523963998357,23.805544613341116,0.0
5,0.70710677,0.21213204,0.0701,0.005716443181545683,0.08294662831728708,14.510181538244371,0.0
6,0.8485281,0.21213204,0.0701,0.004042135611804359,0.11386491371253334,28.169493715156538,0.0
7,0.9899494,0.28284273,0.0701,0.004042135611804359,0.018606693815615086,4.6031839607947465,0.0
