Tile Number, Tile x cohordinate [m], Tile y cohordinate [m], area_m2[m2], Tile z cohordinate [m],absorbedPARTile [umol^s-1],absorbedPARTilem2 [umol m^-2 m^-1],Thermal time[dd]
1,0.14142136,0.0,0.0701,0.004042135611804359,0.11006722510665895,27.22996843184247,0.0
2,0.28284273,0.07071068,0.0701,0.005716443181545683,0.14374046117599487,25.145087007954576,0.0
3,0.4242641,0.07071068,0.0701,0.004042135611804359,0.04960875330934525,12.272906719030269,0.0
4,0.56568545,0.14142136,0.0701,0.004042135611804359,0.022446621080020667,5.55315883377816,0.0
5,0.70710677,0.21213204,0.0701,0.005716443181545683,0.05821264477419317,10.1833680359354,0.0
6,0.8485281,0.21213204,0.0701,0.004042135611804359,0.145490797445755,35.9935468322424,0.0
7,0.9899494,0.28284273,0.0701,0.004042135611804359,0.02564878260285884,6.345354304283112,0.0
