Tile Number, Tile x cohordinate [m], Tile y cohordinate [m], area_m2[m2], Tile z cohordinate [m],absorbedPARTile [umol^s-1],absorbedPARTilem2 [umol m^-2 m^-1],Thermal time[dd]
1,0.1118034,0.0,0.0701,0.00108033979058772,0.004471756731835306,4.139213209394619,0.0
2,0.22360681,0.0559017,0.0701,0.0012078565728149138,0.003340473517026605,2.765621011807404,0.0
3,0.3354102,0.0559017,0.0701,0.00108033979058772,0.012053401238214374,11.157046461888768,0.0
4,0.44721362,0.1118034,0.0701,0.00108033979058772,0.016071494624165593,14.87633313535779,0.0
5,0.559017,0.1677051,0.0701,0.0012078565728149138,0.02349277312178017,19.44996918552191,0.0
6,0.6708204,0.1677051,0.0701,0.00108033979058772,0.00697559572386947,6.4568534683654,0.0
7,0.7826238,0.22360681,0.0701,0.00108033979058772,0.004907570889817661,4.542617917597828,0.0
