Tile Number, Tile x cohordinate [m], Tile y cohordinate [m], area_m2[m2], Tile z cohordinate [m],absorbedPARTile [umol^s-1],absorbedPARTilem2 [umol m^-2 m^-1],Thermal time[dd]
1,0.14142136,0.0,0.0701,0.004042135611804359,0.040204957599697416,9.946464310174497,0.0
2,0.28284273,0.07071068,0.0701,0.005716443181545683,0.10671652915831564,18.668344242942393,0.0
3,0.4242641,0.07071068,0.0701,0.004042135611804359,0.20061281314781187,49.63040145460651,0.0
4,0.56568545,0.14142136,0.0701,0.004042135611804359,0.051971699004231035,12.85748524924712,0.0
5,0.70710677,0.21213204,0.0701,0.005716443181545683,0.15835119365349767,27.701000189191195,0.0
6,0.8485281,0.21213204,0.0701,0.004042135611804359,0.10243209311228514,25.34108277148097,0.0
7,0.9899494,0.28284273,0.0701,0.004042135611804359,0.23012523039352417,56.931595694484656,0.0
