Tile Number, Tile x cohordinate [m], Tile y cohordinate [m], area_m2[m2], Tile z cohordinate [m],absorbedPARTile [umol^s-1],absorbedPARTilem2 [umol m^-2 m^-1],Thermal time[dd]
1,0.1118034,0.0,0.0701,0.00108033979058772,0.002859544588041948,2.646893702291865,0.0
2,0.22360681,0.0559017,0.0701,0.0012078565728149138,0.006619736712661844,5.4805652108466205,0.0
3,0.3354102,0.0559017,0.0701,0.00108033979058772,0.011990461920220583,11.09878764504046,0.0
4,0.44721362,0.1118034,0.0701,0.00108033979058772,0.003091371098653651,2.8614803653320053,0.0
5,0.559017,0.1677051,0.0701,0.0012078565728149138,7.662196511401423E-4,0.6343631093172468,0.0
6,0.6708204,0.1677051,0.0701,0.00108033979058772,0.006605673978698087,6.114441064051254,0.0
7,0.7826238,0.22360681,0.0701,0.00108033979058772,0.002364964697535353,2.1890933927822647,0.0
