Tile Number, Tile x cohordinate [m], Tile y cohordinate [m], area_m2[m2], Tile z cohordinate [m],absorbedPARTile [umol^s-1],absorbedPARTilem2 [umol m^-2 m^-1],Thermal time[dd]
1,0.1118034,0.0,0.0701,0.00108033979058772,0.002617845547444151,2.423168682901151,0.0
2,0.22360681,0.0559017,0.0701,0.0012078565728149138,0.0059464173205081,4.923115421436135,0.0
3,0.3354102,0.0559017,0.0701,0.00108033979058772,0.00642384363274339,5.946132585979019,0.0
4,0.44721362,0.1118034,0.0701,0.00108033979058772,0.009025271049827652,8.354104077678912,0.0
5,0.559017,0.1677051,0.0701,0.0012078565728149138,0.009874700544661953,8.175391654034659,0.0
6,0.6708204,0.1677051,0.0701,0.00108033979058772,0.016632222340877936,15.395362168257984,0.0
7,0.7826238,0.22360681,0.0701,0.00108033979058772,0.00694004859309549,6.423949810568402,0.0
