Tile Number, Tile x cohordinate [m], Tile y cohordinate [m], area_m2[m2], Tile z cohordinate [m],absorbedPARTile [umol^s-1],absorbedPARTilem2 [umol m^-2 m^-1],Thermal time[dd]
1,0.14142136,0.0,0.0701,0.004042135611804359,0.1271065001287778,31.4453824254647,0.0
2,0.28284273,0.07071068,0.0701,0.005716443181545683,0.15117134975508054,26.44500171769484,0.0
3,0.4242641,0.07071068,0.0701,0.004042135611804359,0.09063873844179511,22.42347787073257,0.0
4,0.56568545,0.14142136,0.0701,0.004042135611804359,0.1861292616635819,46.047258068240836,0.0
5,0.70710677,0.21213204,0.0701,0.005716443181545683,0.21218178446966807,37.11779820617332,0.0
6,0.8485281,0.21213204,0.0701,0.004042135611804359,0.15557554117949804,38.48845168013822,0.0
7,0.9899494,0.28284273,0.0701,0.004042135611804359,0.11604251464924813,28.70821906874326,0.0
