Tile Number, Tile x cohordinate [m], Tile y cohordinate [m], area_m2[m2], Tile z cohordinate [m],absorbedPARTile [umol^s-1],absorbedPARTilem2 [umol m^-2 m^-1],Thermal time[dd]
1,0.14142136,0.0,0.0701,0.004042135611804359,0.18081226009796142,44.73186391122812,0.0
2,0.28284273,0.07071068,0.0701,0.005716443181545683,0.3090738517434693,54.0675105004539,0.0
3,0.4242641,0.07071068,0.0701,0.004042135611804359,0.21320290711791995,52.74511485841733,0.0
4,0.56568545,0.14142136,0.0701,0.004042135611804359,0.20820117611457822,51.507716739280745,0.0
5,0.70710677,0.21213204,0.0701,0.005716443181545683,0.28319134745391844,49.53978172443685,0.0
6,0.8485281,0.21213204,0.0701,0.004042135611804359,0.1258571703475952,31.136305763728224,0.0
7,0.9899494,0.28284273,0.0701,0.004042135611804359,0.1912406850079346,47.31179341174234,0.0
