Tile Number, Tile x cohordinate [m], Tile y cohordinate [m], area_m2[m2], Tile z cohordinate [m],absorbedPARTile [umol^s-1],absorbedPARTilem2 [umol m^-2 m^-1],Thermal time[dd]
1,0.14142136,0.0,0.0701,0.004042135611804359,0.0627743016985827,15.52998407952004,0.0
2,0.28284273,0.07071068,0.0701,0.005716443181545683,0.2486328658934021,43.494329952593645,0.0
3,0.4242641,0.07071068,0.0701,0.004042135611804359,0.06718501499714255,16.621167978862537,0.0
4,0.56568545,0.14142136,0.0701,0.004042135611804359,0.07815822738578321,19.335874619727154,0.0
5,0.70710677,0.21213204,0.0701,0.005716443181545683,0.10523220095238685,18.4086848430693,0.0
6,0.8485281,0.21213204,0.0701,0.004042135611804359,0.08405859838684082,20.795590860772258,0.0
7,0.9899494,0.28284273,0.0701,0.004042135611804359,0.0923574263033676,22.848670894082247,0.0
