Tile Number, Tile x cohordinate [m], Tile y cohordinate [m], area_m2[m2], Tile z cohordinate [m],absorbedPARTile [umol^s-1],absorbedPARTilem2 [umol m^-2 m^-1],Thermal time[dd]
1,0.1118034,0.0,0.0701,0.00108033979058772,0.014610363609487908,13.523859564165146,0.0
2,0.22360681,0.0559017,0.0701,0.0012078565728149138,0.007230684746655116,5.986376950206911,0.0
3,0.3354102,0.0559017,0.0701,0.00108033979058772,0.0033615408922398073,3.1115589016776677,0.0
4,0.44721362,0.1118034,0.0701,0.00108033979058772,0.006629981085683179,6.136940565779195,0.0
5,0.559017,0.1677051,0.0701,0.0012078565728149138,0.006811171318801058,5.639056384755684,0.0
6,0.6708204,0.1677051,0.0701,0.00108033979058772,0.004943572331903261,4.575942101710323,0.0
7,0.7826238,0.22360681,0.0701,0.00108033979058772,0.00329059979365088,3.0458933590335944,0.0
