Tile Number, Tile x cohordinate [m], Tile y cohordinate [m], area_m2[m2], Tile z cohordinate [m],absorbedPARTile [umol^s-1],absorbedPARTilem2 [umol m^-2 m^-1],Thermal time[dd]
1,0.14142136,0.0,0.0701,0.004042135611804359,0.2013931860987854,49.82346102160733,0.0
2,0.28284273,0.07071068,0.0701,0.005716443181545683,0.2002034964050293,35.022388930820405,0.0
3,0.4242641,0.07071068,0.0701,0.004042135611804359,0.23559022089782716,58.28360142342245,0.0
4,0.56568545,0.14142136,0.0701,0.004042135611804359,0.1549667019029236,38.337828510842165,0.0
5,0.70710677,0.21213204,0.0701,0.005716443181545683,0.3122719599505616,54.62696820964914,0.0
6,0.8485281,0.21213204,0.0701,0.004042135611804359,0.15600673360939027,38.59512608973324,0.0
7,0.9899494,0.28284273,0.0701,0.004042135611804359,0.22204628020568848,54.932912086680275,0.0
