Tile Number, Tile x cohordinate [m], Tile y cohordinate [m], area_m2[m2], Tile z cohordinate [m],absorbedPARTile [umol^s-1],absorbedPARTilem2 [umol m^-2 m^-1],Thermal time[dd]
1,0.1118034,0.0,0.0701,0.00108033979058772,0.019200119480414248,17.77229687149551,0.0
2,0.22360681,0.0559017,0.0701,0.0012078565728149138,0.019856469089141186,16.439426282928295,0.0
3,0.3354102,0.0559017,0.0701,0.00108033979058772,0.016331858161098587,15.11733466024965,0.0
4,0.44721362,0.1118034,0.0701,0.00108033979058772,0.0160066498553636,14.816310567118666,0.0
5,0.559017,0.1677051,0.0701,0.0012078565728149138,0.013827030841643514,11.447576767678278,0.0
6,0.6708204,0.1677051,0.0701,0.00108033979058772,0.007755410780684351,7.178677346009166,0.0
7,0.7826238,0.22360681,0.0701,0.00108033979058772,0.007349517796761773,6.802968714836961,0.0
