Tile Number, Tile x cohordinate [m], Tile y cohordinate [m], area_m2[m2], Tile z cohordinate [m],absorbedPARTile [umol^s-1],absorbedPARTilem2 [umol m^-2 m^-1],Thermal time[dd]
1,0.1118034,0.0,0.0701,0.00108033979058772,0.009204382377667587,8.519895738229057,0.0
2,0.22360681,0.0559017,0.0701,0.0012078565728149138,0.011953724494146705,9.896642335843328,0.0
3,0.3354102,0.0559017,0.0701,0.00108033979058772,0.0099570811460047,9.216619838271354,0.0
4,0.44721362,0.1118034,0.0701,0.00108033979058772,0.007859295153352399,7.2748363263347295,0.0
5,0.559017,0.1677051,0.0701,0.0012078565728149138,0.0029729610337731432,2.4613526975679303,0.0
6,0.6708204,0.1677051,0.0701,0.00108033979058772,0.0066955453578128096,6.197629131266506,0.0
7,0.7826238,0.22360681,0.0701,0.00108033979058772,0.0033797057330896985,3.1283729087226266,0.0
