Tile Number, Tile x cohordinate [m], Tile y cohordinate [m], area_m2[m2], Tile z cohordinate [m],absorbedPARTile [umol^s-1],absorbedPARTilem2 [umol m^-2 m^-1],Thermal time[dd]
1,0.1118034,0.0,0.0701,0.00108033979058772,0.008745205046008469,8.094865265724366,0.0
2,0.22360681,0.0559017,0.0701,0.0012078565728149138,8.490522873878499E-4,0.7029413148029081,0.0
3,0.3354102,0.0559017,0.0701,0.00108033979058772,0.0011228358750877874,1.0393358505076897,0.0
4,0.44721362,0.1118034,0.0701,0.00108033979058772,0.0023139999746654076,2.141918676721663,0.0
5,0.559017,0.1677051,0.0701,0.0012078565728149138,0.0018485488840160728,1.5304374092265138,0.0
6,0.6708204,0.1677051,0.0701,0.00108033979058772,6.397867347138845E-4,0.5922088034597259,0.0
7,0.7826238,0.22360681,0.0701,0.00108033979058772,6.025270452734459E-4,0.5577199419320311,0.0
