Tile Number, Tile x cohordinate [m], Tile y cohordinate [m], area_m2[m2], Tile z cohordinate [m],absorbedPARTile [umol^s-1],absorbedPARTilem2 [umol m^-2 m^-1],Thermal time[dd]
1,0.1118034,0.0,0.0701,0.00108033979058772,0.010811380097750905,10.007388593795442,0.0
2,0.22360681,0.0559017,0.0701,0.0012078565728149138,0.008705200017018858,7.207147117419216,0.0
3,0.3354102,0.0559017,0.0701,0.00108033979058772,0.005019450094101449,4.646177191502683,0.0
4,0.44721362,0.1118034,0.0701,0.00108033979058772,0.0029645757079954545,2.7441141516991463,0.0
5,0.559017,0.1677051,0.0701,0.0012078565728149138,0.005681889676048369,4.704109580499865,0.0
6,0.6708204,0.1677051,0.0701,0.00108033979058772,0.004063725305900779,3.761525162088176,0.0
7,0.7826238,0.22360681,0.0701,0.00108033979058772,0.005058874417452524,4.682669713294949,0.0
