Tile Number, Tile x cohordinate [m], Tile y cohordinate [m], area_m2[m2], Tile z cohordinate [m],absorbedPARTile [umol^s-1],absorbedPARTilem2 [umol m^-2 m^-1],Thermal time[dd]
1,0.14142136,0.0,0.0701,0.004042135611804359,0.04295689004974962,10.627275820311777,0.0
2,0.28284273,0.07071068,0.0701,0.005716443181545683,0.27010370862782795,47.25030933567225,0.0
3,0.4242641,0.07071068,0.0701,0.004042135611804359,0.11686605074831645,28.91195693856221,0.0
4,0.56568545,0.14142136,0.0701,0.004042135611804359,0.0783136972594229,19.3743369298945,0.0
5,0.70710677,0.21213204,0.0701,0.005716443181545683,0.3911761267255147,68.42998597245634,0.0
6,0.8485281,0.21213204,0.0701,0.004042135611804359,0.0961418967726221,23.784926090024364,0.0
7,0.9899494,0.28284273,0.0701,0.004042135611804359,0.1249778922956298,30.918777670559454,0.0
