Tile Number, Tile x cohordinate [m], Tile y cohordinate [m], area_m2[m2], Tile z cohordinate [m],absorbedPARTile [umol^s-1],absorbedPARTilem2 [umol m^-2 m^-1],Thermal time[dd]
1,0.14142136,0.0,0.0701,0.004042135611804359,0.024424752397093474,6.04253660509687,0.0
2,0.28284273,0.07071068,0.0701,0.005716443181545683,0.23053243756210326,40.32795048262319,0.0
3,0.4242641,0.07071068,0.0701,0.004042135611804359,0.02769332430803895,6.8511616055545925,0.0
4,0.56568545,0.14142136,0.0701,0.004042135611804359,0.022838394956672194,5.650081330764015,0.0
5,0.70710677,0.21213204,0.0701,0.005716443181545683,0.06696961420258524,11.715259309981834,0.0
6,0.8485281,0.21213204,0.0701,0.004042135611804359,0.13546486929507018,33.51319260528232,0.0
7,0.9899494,0.28284273,0.0701,0.004042135611804359,0.10204070782672404,25.244256409589962,0.0
