Tile Number, Tile x cohordinate [m], Tile y cohordinate [m], area_m2[m2], Tile z cohordinate [m],absorbedPARTile [umol^s-1],absorbedPARTilem2 [umol m^-2 m^-1],Thermal time[dd]
1,0.14142136,0.0,0.0701,0.004042135611804359,0.09985799234503903,24.704265748388302,0.0
2,0.28284273,0.07071068,0.0701,0.005716443181545683,0.07747387727821965,13.552811567921735,0.0
3,0.4242641,0.07071068,0.0701,0.004042135611804359,0.11494385694101152,28.436417770185102,0.0
4,0.56568545,0.14142136,0.0701,0.004042135611804359,0.05249936946450193,12.988027742361384,0.0
5,0.70710677,0.21213204,0.0701,0.005716443181545683,0.06410416386442842,11.213994756630319,0.0
6,0.8485281,0.21213204,0.0701,0.004042135611804359,0.13345818507178822,33.016751016973956,0.0
7,0.9899494,0.28284273,0.0701,0.004042135611804359,0.04089314606902151,10.116717991746771,0.0
