Tile Number, Tile x cohordinate [m], Tile y cohordinate [m], area_m2[m2], Tile z cohordinate [m],absorbedPARTile [umol^s-1],absorbedPARTilem2 [umol m^-2 m^-1],Thermal time[dd]
1,0.1118034,0.0,0.0701,0.00108033979058772,0.018804798282894535,17.40637385267876,0.0
2,0.22360681,0.0559017,0.0701,0.0012078565728149138,0.01674567315584898,13.863958298312797,0.0
3,0.3354102,0.0559017,0.0701,0.00108033979058772,0.012706117381370039,11.76122317447711,0.0
4,0.44721362,0.1118034,0.0701,0.00108033979058772,0.005116935136344536,4.736412729518046,0.0
5,0.559017,0.1677051,0.0701,0.0012078565728149138,0.016272631538268623,13.472321055756812,0.0
6,0.6708204,0.1677051,0.0701,0.00108033979058772,0.012076327691405415,11.178267982553642,0.0
7,0.7826238,0.22360681,0.0701,0.00108033979058772,0.017253213323810922,15.97017297162121,0.0
