Tile Number, Tile x cohordinate [m], Tile y cohordinate [m], area_m2[m2], Tile z cohordinate [m],absorbedPARTile [umol^s-1],absorbedPARTilem2 [umol m^-2 m^-1],Thermal time[dd]
1,0.1118034,0.0,0.0701,0.00108033979058772,9.560968008821089E-4,0.8849963772619899,0.0
2,0.22360681,0.0559017,0.0701,0.0012078565728149138,0.0031667559248561086,2.621797981755378,0.0
3,0.3354102,0.0559017,0.0701,0.00108033979058772,7.814025348484192E-4,0.7232933024000952,0.0
4,0.44721362,0.1118034,0.0701,0.00108033979058772,0.0011341478846881071,1.0498066391418526,0.0
5,0.559017,0.1677051,0.0701,0.0012078565728149138,4.4266608502014076E-4,0.3664889482602276,0.0
6,0.6708204,0.1677051,0.0701,0.00108033979058772,5.280456713119335E-4,0.48877739754884836,0.0
7,0.7826238,0.22360681,0.0701,0.00108033979058772,0.0021438693170107246,1.9844398361412106,0.0
