Tile Number, Tile x cohordinate [m], Tile y cohordinate [m], area_m2[m2], Tile z cohordinate [m],absorbedPARTile [umol^s-1],absorbedPARTilem2 [umol m^-2 m^-1],Thermal time[dd]
1,0.1118034,0.0,0.0701,0.00108033979058772,0.022454002480680944,20.784203892430597,0.0
2,0.22360681,0.0559017,0.0701,0.0012078565728149138,0.017237456563774945,14.27111211027564,0.0
3,0.3354102,0.0559017,0.0701,0.00108033979058772,0.02239627642760858,20.730770654503704,0.0
4,0.44721362,0.1118034,0.0701,0.00108033979058772,0.01118096815013245,10.349492120483545,0.0
5,0.559017,0.1677051,0.0701,0.0012078565728149138,0.0073872079532090375,6.115964527140109,0.0
6,0.6708204,0.1677051,0.0701,0.00108033979058772,0.0044881044592719336,4.154345233206992,0.0
7,0.7826238,0.22360681,0.0701,0.00108033979058772,0.019096794249659554,17.676655452328227,0.0
