Tile Number, Tile x cohordinate [m], Tile y cohordinate [m], area_m2[m2], Tile z cohordinate [m],absorbedPARTile [umol^s-1],absorbedPARTilem2 [umol m^-2 m^-1],Thermal time[dd]
1,0.14142136,0.0,0.0701,0.004042135611804359,0.03069754532781721,7.594387788022334,0.0
2,0.28284273,0.07071068,0.0701,0.005716443181545683,0.023871321374967096,4.1759045995647375,0.0
3,0.4242641,0.07071068,0.0701,0.004042135611804359,0.06275494056021573,15.525194250522114,0.0
4,0.56568545,0.14142136,0.0701,0.004042135611804359,0.015550291484066286,3.8470484361421087,0.0
5,0.70710677,0.21213204,0.0701,0.005716443181545683,0.047745015493225455,8.352224272491688,0.0
6,0.8485281,0.21213204,0.0701,0.004042135611804359,0.04727013516898572,11.694346679250803,0.0
7,0.9899494,0.28284273,0.0701,0.004042135611804359,0.02903696382159054,7.1835699269448305,0.0
