Tile Number, Tile x cohordinate [m], Tile y cohordinate [m], area_m2[m2], Tile z cohordinate [m],absorbedPARTile [umol^s-1],absorbedPARTilem2 [umol m^-2 m^-1],Thermal time[dd]
1,0.14142136,0.0,0.0701,0.004042135611804359,0.033348863933781614,8.250308039243416,0.0
2,0.28284273,0.07071068,0.0701,0.005716443181545683,0.07742392132492065,13.544072575560143,0.0
3,0.4242641,0.07071068,0.0701,0.004042135611804359,0.1016888205553627,25.157201618470705,0.0
4,0.56568545,0.14142136,0.0701,0.004042135611804359,0.05939657158396073,14.694353997056233,0.0
5,0.70710677,0.21213204,0.0701,0.005716443181545683,0.16855442422714234,29.485891641726507,0.0
6,0.8485281,0.21213204,0.0701,0.004042135611804359,0.05938515918315382,14.691530637846418,0.0
7,0.9899494,0.28284273,0.0701,0.004042135611804359,0.03640227137235284,9.005702645415036,0.0
