Tile Number, Tile x cohordinate [m], Tile y cohordinate [m], area_m2[m2], Tile z cohordinate [m],absorbedPARTile [umol^s-1],absorbedPARTilem2 [umol m^-2 m^-1],Thermal time[dd]
1,0.1118034,0.0,0.0701,0.00108033979058772,0.004448543887825524,4.117726595449617,0.0
2,0.22360681,0.0559017,0.0701,0.0012078565728149138,0.0077966118335186735,6.4549152680840605,0.0
3,0.3354102,0.0559017,0.0701,0.00108033979058772,0.001869152409824733,1.7301523336541071,0.0
4,0.44721362,0.1118034,0.0701,0.00108033979058772,0.011176758266500709,10.345595306103089,0.0
5,0.559017,0.1677051,0.0701,0.0012078565728149138,0.002420546456643453,2.0040015603859005,0.0
6,0.6708204,0.1677051,0.0701,0.00108033979058772,0.003476324324148684,3.2178064294544915,0.0
7,0.7826238,0.22360681,0.0701,0.00108033979058772,0.006983096469683209,6.4637964189806505,0.0
