Tile Number, Tile x cohordinate [m], Tile y cohordinate [m], area_m2[m2], Tile z cohordinate [m],absorbedPARTile [umol^s-1],absorbedPARTilem2 [umol m^-2 m^-1],Thermal time[dd]
1,0.1118034,0.0,0.0701,0.00108033979058772,0.002910133497923422,2.6937205528089168,0.0
2,0.22360681,0.0559017,0.0701,0.0012078565728149138,0.0013563604676363429,1.122948285552928,0.0
3,0.3354102,0.0559017,0.0701,0.00108033979058772,0.0015350582090573384,1.4209031477237781,0.0
4,0.44721362,0.1118034,0.0701,0.00108033979058772,0.0014677841111587387,1.3586319081705245,0.0
5,0.559017,0.1677051,0.0701,0.0012078565728149138,0.001146795646293935,0.9494468731675019,0.0
6,0.6708204,0.1677051,0.0701,0.00108033979058772,0.0032241468750217298,2.9843822315086155,0.0
7,0.7826238,0.22360681,0.0701,0.00108033979058772,9.894750619359309E-4,0.9158924539821334,0.0
