Tile Number, Tile x cohordinate [m], Tile y cohordinate [m], area_m2[m2], Tile z cohordinate [m],absorbedPARTile [umol^s-1],absorbedPARTilem2 [umol m^-2 m^-1],Thermal time[dd]
1,0.1118034,0.0,0.0701,0.00108033979058772,0.0020175401788860236,1.8675052020331988,0.0
2,0.22360681,0.0559017,0.0701,0.0012078565728149138,0.007303207894653288,6.046419797702584,0.0
3,0.3354102,0.0559017,0.0701,0.00108033979058772,0.005151880374236047,4.768759254376211,0.0
4,0.44721362,0.1118034,0.0701,0.00108033979058772,0.004453938505741302,4.122720040995896,0.0
5,0.559017,0.1677051,0.0701,0.0012078565728149138,0.002348472064214793,1.9443302434010614,0.0
6,0.6708204,0.1677051,0.0701,0.00108033979058772,0.005044687632228359,4.66953793258321,0.0
7,0.7826238,0.22360681,0.0701,0.00108033979058772,0.012632655977081386,11.693224749418,0.0
