Tile Number, Tile x cohordinate [m], Tile y cohordinate [m], area_m2[m2], Tile z cohordinate [m],absorbedPARTile [umol^s-1],absorbedPARTilem2 [umol m^-2 m^-1],Thermal time[dd]
1,0.1118034,0.0,0.0701,0.00108033979058772,0.005061139568274817,4.684766415501078,0.0
2,0.22360681,0.0559017,0.0701,0.0012078565728149138,0.013710880522659457,11.351414423904822,0.0
3,0.3354102,0.0559017,0.0701,0.00108033979058772,0.0010217836711765022,0.9457984238649931,0.0
4,0.44721362,0.1118034,0.0701,0.00108033979058772,0.006621568646231377,6.129153719895063,0.0
5,0.559017,0.1677051,0.0701,0.0012078565728149138,0.004742665737180016,3.9265139950575567,0.0
6,0.6708204,0.1677051,0.0701,0.00108033979058772,0.005383988854285656,4.98360691811295,0.0
7,0.7826238,0.22360681,0.0701,0.00108033979058772,0.00772924570355503,7.154458042640652,0.0
