Tile Number, Tile x cohordinate [m], Tile y cohordinate [m], area_m2[m2], Tile z cohordinate [m],absorbedPARTile [umol^s-1],absorbedPARTilem2 [umol m^-2 m^-1],Thermal time[dd]
1,0.1118034,0.0,0.0701,0.00108033979058772,0.001338683395180679,1.2391318054224556,0.0
2,0.22360681,0.0559017,0.0701,0.0012078565728149138,0.008425142415581868,6.975283825253395,0.0
3,0.3354102,0.0559017,0.0701,0.00108033979058772,0.003597773334114156,3.3302238475886528,0.0
4,0.44721362,0.1118034,0.0701,0.00108033979058772,0.0077593283509982455,7.182303585038799,0.0
5,0.559017,0.1677051,0.0701,0.0012078565728149138,5.491487693141401E-4,0.45464733286531456,0.0
6,0.6708204,0.1677051,0.0701,0.00108033979058772,0.0016434887963987421,1.5212702621132388,0.0
7,0.7826238,0.22360681,0.0701,0.00108033979058772,0.0018709191093524932,1.7317876520448137,0.0
