Tile Number, Tile x cohordinate [m], Tile y cohordinate [m], area_m2[m2], Tile z cohordinate [m],absorbedPARTile [umol^s-1],absorbedPARTilem2 [umol m^-2 m^-1],Thermal time[dd]
1,0.1118034,0.0,0.0701,0.00108033979058772,0.0101674489148812,9.411343545302506,0.0
2,0.22360681,0.0559017,0.0701,0.0012078565728149138,0.015869086074793898,13.138220573499831,0.0
3,0.3354102,0.0559017,0.0701,0.00108033979058772,0.021376914103386404,19.78721351340495,0.0
4,0.44721362,0.1118034,0.0701,0.00108033979058772,0.018724320196939412,17.331880543577054,0.0
5,0.559017,0.1677051,0.0701,0.0012078565728149138,0.02687651191783719,22.251410078600134,0.0
6,0.6708204,0.1677051,0.0701,0.00108033979058772,0.01980150123621851,18.328956693751156,0.0
7,0.7826238,0.22360681,0.0701,0.00108033979058772,0.025175129630588742,23.302973610638855,0.0
