Tile Number, Tile x cohordinate [m], Tile y cohordinate [m], area_m2[m2], Tile z cohordinate [m],absorbedPARTile [umol^s-1],absorbedPARTilem2 [umol m^-2 m^-1],Thermal time[dd]
1,0.1118034,0.0,0.0701,0.00108033979058772,0.001626294153139339,1.5053543036257253,0.0
2,0.22360681,0.0559017,0.0701,0.0012078565728149138,0.004252314012543523,3.520545492113762,0.0
3,0.3354102,0.0559017,0.0701,0.00108033979058772,0.0026808799357506564,2.481515500130029,0.0
4,0.44721362,0.1118034,0.0701,0.00108033979058772,0.0029509713821783087,2.7315215156269854,0.0
5,0.559017,0.1677051,0.0701,0.0012078565728149138,0.010224348974067297,8.46487008820875,0.0
6,0.6708204,0.1677051,0.0701,0.00108033979058772,0.007614979031265425,7.048688845499961,0.0
7,0.7826238,0.22360681,0.0701,0.00108033979058772,0.0029183568910867053,2.7013324108881323,0.0
