Tile Number, Tile x cohordinate [m], Tile y cohordinate [m], area_m2[m2], Tile z cohordinate [m],absorbedPARTile [umol^s-1],absorbedPARTilem2 [umol m^-2 m^-1],Thermal time[dd]
1,0.14142136,0.0,0.0701,0.004042135611804359,0.05782013518500328,14.304353128615862,0.0
2,0.28284273,0.07071068,0.0701,0.005716443181545683,0.15877437890670776,27.77502965817573,0.0
3,0.4242641,0.07071068,0.0701,0.004042135611804359,0.06234522369643807,15.423832766612186,0.0
4,0.56568545,0.14142136,0.0701,0.004042135611804359,0.03585761470646396,8.870957867358033,0.0
5,0.70710677,0.21213204,0.0701,0.005716443181545683,0.1368696273701477,23.943144893314447,0.0
6,0.8485281,0.21213204,0.0701,0.004042135611804359,0.07613200274836303,18.83459885067504,0.0
7,0.9899494,0.28284273,0.0701,0.004042135611804359,0.07572972168349862,18.735076938622008,0.0
