Tile Number, Tile x cohordinate [m], Tile y cohordinate [m], area_m2[m2], Tile z cohordinate [m],absorbedPARTile [umol^s-1],absorbedPARTilem2 [umol m^-2 m^-1],Thermal time[dd]
1,0.1118034,0.0,0.0701,0.00108033979058772,0.014959689182407844,13.847207436717262,0.0
2,0.22360681,0.0559017,0.0701,0.0012078565728149138,0.006218430794041852,5.148318876594576,0.0
3,0.3354102,0.0559017,0.0701,0.00108033979058772,0.08697039516531378,80.5028158020549,0.0
4,0.44721362,0.1118034,0.0701,0.00108033979058772,0.034081022334671814,31.54657694884242,0.0
5,0.559017,0.1677051,0.0701,0.0012078565728149138,0.034009983910930526,28.15730333914576,0.0
6,0.6708204,0.1677051,0.0701,0.00108033979058772,0.0035637798901612867,3.298758336229142,0.0
7,0.7826238,0.22360681,0.0701,0.00108033979058772,0.011989688140736433,11.09807140789832,0.0
