Tile Number, Tile x cohordinate [m], Tile y cohordinate [m], area_m2[m2], Tile z cohordinate [m],absorbedPARTile [umol^s-1],absorbedPARTilem2 [umol m^-2 m^-1],Thermal time[dd]
1,0.14142136,0.0,0.0701,0.004042135611804359,0.043314325108005855,10.715703100488229,0.0
2,0.28284273,0.07071068,0.0701,0.005716443181545683,0.055971890637064474,9.791384058142619,0.0
3,0.4242641,0.07071068,0.0701,0.004042135611804359,0.07456700331642739,18.44742741897806,0.0
4,0.56568545,0.14142136,0.0701,0.004042135611804359,0.04753695131078058,11.760355385395068,0.0
5,0.70710677,0.21213204,0.0701,0.005716443181545683,0.11553569073990086,20.211115036161505,0.0
6,0.8485281,0.21213204,0.0701,0.004042135611804359,0.05171982043223009,12.795172007883972,0.0
7,0.9899494,0.28284273,0.0701,0.004042135611804359,0.09505755745715548,23.516667075581605,0.0
