Tile Number, Tile x cohordinate [m], Tile y cohordinate [m], area_m2[m2], Tile z cohordinate [m],absorbedPARTile [umol^s-1],absorbedPARTilem2 [umol m^-2 m^-1],Thermal time[dd]
1,0.1118034,0.0,0.0701,0.00108033979058772,0.001137328014563378,1.0527502777109188,0.0
2,0.22360681,0.0559017,0.0701,0.0012078565728149138,0.005267261016892549,4.360833177913814,0.0
3,0.3354102,0.0559017,0.0701,0.00108033979058772,6.73303631162008E-4,0.623233205911745,0.0
4,0.44721362,0.1118034,0.0701,0.00108033979058772,0.002246569768419031,2.0795029378644525,0.0
5,0.559017,0.1677051,0.0701,0.0012078565728149138,0.005607125587398876,4.6422114294013,0.0
6,0.6708204,0.1677051,0.0701,0.00108033979058772,0.00840323762062316,7.7783283498719245,0.0
7,0.7826238,0.22360681,0.0701,0.00108033979058772,0.008166502516635749,7.559198122465764,0.0
