Tile Number, Tile x cohordinate [m], Tile y cohordinate [m], area_m2[m2], Tile z cohordinate [m],absorbedPARTile [umol^s-1],absorbedPARTilem2 [umol m^-2 m^-1],Thermal time[dd]
1,0.1118034,0.0,0.0701,0.00108033979058772,0.012663867595573666,11.72211530659659,0.0
2,0.22360681,0.0559017,0.0701,0.0012078565728149138,0.010449577599291502,8.651339765398408,0.0
3,0.3354102,0.0559017,0.0701,0.00108033979058772,0.010000999943608643,9.257272601398824,0.0
4,0.44721362,0.1118034,0.0701,0.00108033979058772,0.004633537273890662,4.288962893211545,0.0
5,0.559017,0.1677051,0.0701,0.0012078565728149138,0.009013292099190912,7.4622205169488,0.0
6,0.6708204,0.1677051,0.0701,0.00108033979058772,0.01433539934117526,13.269343095635312,0.0
7,0.7826238,0.22360681,0.0701,0.00108033979058772,0.006683949503023113,6.186895605675092,0.0
