Tile Number, Tile x cohordinate [m], Tile y cohordinate [m], area_m2[m2], Tile z cohordinate [m],absorbedPARTile [umol^s-1],absorbedPARTilem2 [umol m^-2 m^-1],Thermal time[dd]
1,0.1118034,0.0,0.0701,0.00108033979058772,0.00148997203152044,1.379169817220075,0.0
2,0.22360681,0.0559017,0.0701,0.0012078565728149138,0.0034496507695709936,2.8560102641421827,0.0
3,0.3354102,0.0559017,0.0701,0.00108033979058772,0.0020126637857197515,1.8629914432984407,0.0
4,0.44721362,0.1118034,0.0701,0.00108033979058772,0.0012747729031470356,1.1799740361812847,0.0
5,0.559017,0.1677051,0.0701,0.0012078565728149138,0.001193184143807174,0.9878525072115594,0.0
6,0.6708204,0.1677051,0.0701,0.00108033979058772,0.0055493410709986785,5.136662667936871,0.0
7,0.7826238,0.22360681,0.0701,0.00108033979058772,0.001665450476840141,1.5415987556416049,0.0
