Tile Number, Tile x cohordinate [m], Tile y cohordinate [m], area_m2[m2], Tile z cohordinate [m],absorbedPARTile [umol^s-1],absorbedPARTilem2 [umol m^-2 m^-1],Thermal time[dd]
1,0.1118034,0.0,0.0701,0.00108033979058772,0.002221583306035392,2.0563746012047,0.0
2,0.22360681,0.0559017,0.0701,0.0012078565728149138,0.004877752347021786,4.03835393771478,0.0
3,0.3354102,0.0559017,0.0701,0.00108033979058772,0.0029064421557064325,2.6903037183563216,0.0
4,0.44721362,0.1118034,0.0701,0.00108033979058772,0.0017299199142984051,1.6012739041642672,0.0
5,0.559017,0.1677051,0.0701,0.0012078565728149138,0.002628355903354912,2.176049675525232,0.0
6,0.6708204,0.1677051,0.0701,0.00108033979058772,0.0029159123352704456,2.6990696451938967,0.0
7,0.7826238,0.22360681,0.0701,0.00108033979058772,0.0010134558888965422,0.9380899395968819,0.0
