Tile Number, Tile x cohordinate [m], Tile y cohordinate [m], area_m2[m2], Tile z cohordinate [m],absorbedPARTile [umol^s-1],absorbedPARTilem2 [umol m^-2 m^-1],Thermal time[dd]
1,0.14142136,0.0,0.0701,0.004042135611804359,0.04178941887440539,10.338450484532633,0.0
2,0.28284273,0.07071068,0.0701,0.005716443181545683,0.08818172088903188,15.42597697353273,0.0
3,0.4242641,0.07071068,0.0701,0.004042135611804359,0.10298086153224512,25.476844772725407,0.0
4,0.56568545,0.14142136,0.0701,0.004042135611804359,0.08298322135172813,20.529549060499097,0.0
5,0.70710677,0.21213204,0.0701,0.005716443181545683,0.1304199815692425,22.81488286112518,0.0
6,0.8485281,0.21213204,0.0701,0.004042135611804359,0.06261511031644029,15.490601090567983,0.0
7,0.9899494,0.28284273,0.0701,0.004042135611804359,0.02780520664717749,6.878840622263435,0.0
