Tile Number, Tile x cohordinate [m], Tile y cohordinate [m], area_m2[m2], Tile z cohordinate [m],absorbedPARTile [umol^s-1],absorbedPARTilem2 [umol m^-2 m^-1],Thermal time[dd]
1,0.1118034,0.0,0.0701,0.00108033979058772,0.0027446787169611003,2.54056986595667,0.0
2,0.22360681,0.0559017,0.0701,0.0012078565728149138,0.010862543070824229,8.993239193548483,0.0
3,0.3354102,0.0559017,0.0701,0.00108033979058772,0.014028815023665195,12.985558012292895,0.0
4,0.44721362,0.1118034,0.0701,0.00108033979058772,0.012859265968149264,11.902982820945292,0.0
5,0.559017,0.1677051,0.0701,0.0012078565728149138,0.0032594988204882147,2.6985810185160823,0.0
6,0.6708204,0.1677051,0.0701,0.00108033979058772,0.0060151288211306685,5.567811973174065,0.0
7,0.7826238,0.22360681,0.0701,0.00108033979058772,0.0313224964209375,28.99318963702857,0.0
