Tile Number, Tile x cohordinate [m], Tile y cohordinate [m], area_m2[m2], Tile z cohordinate [m],absorbedPARTile [umol^s-1],absorbedPARTilem2 [umol m^-2 m^-1],Thermal time[dd]
1,0.14142136,0.0,0.0701,0.004042135611804359,0.09789916450150808,24.219663540137166,0.0
2,0.28284273,0.07071068,0.0701,0.005716443181545683,0.1985666408854167,34.73604732510012,0.0
3,0.4242641,0.07071068,0.0701,0.004042135611804359,0.22352883868904114,55.299688124333024,0.0
4,0.56568545,0.14142136,0.0701,0.004042135611804359,0.18099191626682284,44.77630976513188,0.0
5,0.70710677,0.21213204,0.0701,0.005716443181545683,0.23842033443044022,41.70781145872829,0.0
6,0.8485281,0.21213204,0.0701,0.004042135611804359,0.24947090856844586,61.71759993403218,0.0
7,0.9899494,0.28284273,0.0701,0.004042135611804359,0.1713606738457362,42.39359841003526,0.0
