Tile Number, Tile x cohordinate [m], Tile y cohordinate [m], area_m2[m2], Tile z cohordinate [m],absorbedPARTile [umol^s-1],absorbedPARTilem2 [umol m^-2 m^-1],Thermal time[dd]
1,0.1118034,0.0,0.0701,0.00108033979058772,7.365745801392477E-4,0.6817989919065564,0.0
2,0.22360681,0.0559017,0.0701,0.0012078565728149138,0.005272886850970528,4.3654908783433175,0.0
3,0.3354102,0.0559017,0.0701,0.00108033979058772,0.00244173147250828,2.260151383649346,0.0
4,0.44721362,0.1118034,0.0701,0.00108033979058772,0.009529106404761081,8.820471566244093,0.0
5,0.559017,0.1677051,0.0701,0.0012078565728149138,0.010746713689277716,8.89734255800957,0.0
6,0.6708204,0.1677051,0.0701,0.00108033979058772,0.012574237587740582,11.639150661015663,0.0
7,0.7826238,0.22360681,0.0701,0.00108033979058772,0.01767759134201344,16.362991991988544,0.0
