Tile Number, Tile x cohordinate [m], Tile y cohordinate [m], area_m2[m2], Tile z cohordinate [m],absorbedPARTile [umol^s-1],absorbedPARTilem2 [umol m^-2 m^-1],Thermal time[dd]
1,0.14142136,0.0,0.0701,0.004042135611804359,0.04091470518092573,10.12205158615693,0.0
2,0.28284273,0.07071068,0.0701,0.005716443181545683,0.12728770430778502,22.266941219446775,0.0
3,0.4242641,0.07071068,0.0701,0.004042135611804359,0.15568430813987733,38.51535997090948,0.0
4,0.56568545,0.14142136,0.0701,0.004042135611804359,0.24060060494552615,59.523140253605945,0.0
5,0.70710677,0.21213204,0.0701,0.005716443181545683,0.41327642434448236,72.29607838640942,0.0
6,0.8485281,0.21213204,0.0701,0.004042135611804359,0.058326904888529776,14.42972490042049,0.0
7,0.9899494,0.28284273,0.0701,0.004042135611804359,0.22400105551910401,55.41651172339384,0.0
