Tile Number, Tile x cohordinate [m], Tile y cohordinate [m], area_m2[m2], Tile z cohordinate [m],absorbedPARTile [umol^s-1],absorbedPARTilem2 [umol m^-2 m^-1],Thermal time[dd]
1,0.1118034,0.0,0.0701,0.00108033979058772,0.008831896329111306,8.175109725715677,0.0
2,0.22360681,0.0559017,0.0701,0.0012078565728149138,0.010846719179442002,8.98013839024255,0.0
3,0.3354102,0.0559017,0.0701,0.00108033979058772,0.0078221118751172,7.240418193670218,0.0
4,0.44721362,0.1118034,0.0701,0.00108033979058772,0.0048998450773863516,4.535466637511118,0.0
5,0.559017,0.1677051,0.0701,0.0012078565728149138,0.02150752611622708,17.80635764236785,0.0
6,0.6708204,0.1677051,0.0701,0.00108033979058772,0.009732659504328967,9.00888737888129,0.0
7,0.7826238,0.22360681,0.0701,0.00108033979058772,0.015436071851203664,14.288163766333392,0.0
