Tile Number, Tile x cohordinate [m], Tile y cohordinate [m], area_m2[m2], Tile z cohordinate [m],absorbedPARTile [umol^s-1],absorbedPARTilem2 [umol m^-2 m^-1],Thermal time[dd]
1,0.14142136,0.0,0.0701,0.004042135611804359,0.10659692202205659,26.371436354277346,0.0
2,0.28284273,0.07071068,0.0701,0.005716443181545683,0.3157077758509318,55.22800906516958,0.0
3,0.4242641,0.07071068,0.0701,0.004042135611804359,0.2237325240771294,55.3500786623183,0.0
4,0.56568545,0.14142136,0.0701,0.004042135611804359,0.14922862260812123,36.91826226025787,0.0
5,0.70710677,0.21213204,0.0701,0.005716443181545683,0.05800084929346343,10.146317815369319,0.0
6,0.8485281,0.21213204,0.0701,0.004042135611804359,0.09290727517501698,22.98470019256586,0.0
7,0.9899494,0.28284273,0.0701,0.004042135611804359,0.03028922954532746,7.493372923182734,0.0
