Tile Number, Tile x cohordinate [m], Tile y cohordinate [m], area_m2[m2], Tile z cohordinate [m],absorbedPARTile [umol^s-1],absorbedPARTilem2 [umol m^-2 m^-1],Thermal time[dd]
1,0.1118034,0.0,0.0701,0.00108033979058772,0.0026273807706949323,2.4319948164323377,0.0
2,0.22360681,0.0559017,0.0701,0.0012078565728149138,0.014759830984124634,12.219854009426632,0.0
3,0.3354102,0.0559017,0.0701,0.00108033979058772,0.025715909727786854,23.803538434696588,0.0
4,0.44721362,0.1118034,0.0701,0.00108033979058772,0.002606748280718752,2.4128966677239987,0.0
5,0.559017,0.1677051,0.0701,0.0012078565728149138,0.007950388359562468,6.58222883287712,0.0
6,0.6708204,0.1677051,0.0701,0.00108033979058772,0.0026398388213605692,2.4435264204463487,0.0
7,0.7826238,0.22360681,0.0701,0.00108033979058772,0.013389608824910318,12.393886573062522,0.0
