Tile Number, Tile x cohordinate [m], Tile y cohordinate [m], area_m2[m2], Tile z cohordinate [m],absorbedPARTile [umol^s-1],absorbedPARTilem2 [umol m^-2 m^-1],Thermal time[dd]
1,0.14142136,0.0,0.0701,0.004042135611804359,0.05323190962182999,13.169253764365397,0.0
2,0.28284273,0.07071068,0.0701,0.005716443181545683,0.13092119319122317,22.902561791198117,0.0
3,0.4242641,0.07071068,0.0701,0.004042135611804359,0.04919753470464319,12.17117371346233,0.0
4,0.56568545,0.14142136,0.0701,0.004042135611804359,0.11736180264464381,29.034602971238503,0.0
5,0.70710677,0.21213204,0.0701,0.005716443181545683,0.11178800603806495,19.555517738538654,0.0
6,0.8485281,0.21213204,0.0701,0.004042135611804359,0.0352648163306506,8.724303120277755,0.0
7,0.9899494,0.28284273,0.0701,0.004042135611804359,0.024873873255211155,6.153646399831639,0.0
