Tile Number, Tile x cohordinate [m], Tile y cohordinate [m], area_m2[m2], Tile z cohordinate [m],absorbedPARTile [umol^s-1],absorbedPARTilem2 [umol m^-2 m^-1],Thermal time[dd]
1,0.14142136,0.0,0.0701,0.004042135611804359,0.16641583439763385,41.17027491894263,0.0
2,0.28284273,0.07071068,0.0701,0.005716443181545683,0.22494386190878551,39.35031885473274,0.0
3,0.4242641,0.07071068,0.0701,0.004042135611804359,0.11792215723538003,29.173231321336356,0.0
4,0.56568545,0.14142136,0.0701,0.004042135611804359,0.223290411054039,55.24070256375315,0.0
5,0.70710677,0.21213204,0.0701,0.005716443181545683,0.2824397228215536,49.40829705669952,0.0
6,0.8485281,0.21213204,0.0701,0.004042135611804359,0.15577591398502985,38.53802270515447,0.0
7,0.9899494,0.28284273,0.0701,0.004042135611804359,0.12329013218391165,30.501235986210876,0.0
