Tile Number, Tile x cohordinate [m], Tile y cohordinate [m], area_m2[m2], Tile z cohordinate [m],absorbedPARTile [umol^s-1],absorbedPARTilem2 [umol m^-2 m^-1],Thermal time[dd]
1,0.14142136,0.0,0.0701,0.004042135611804359,0.14324475312801996,35.43788899850326,0.0
2,0.28284273,0.07071068,0.0701,0.005716443181545683,0.052252415898992835,9.140721640980988,0.0
3,0.4242641,0.07071068,0.0701,0.004042135611804359,0.05185666094900867,12.829025527389591,0.0
4,0.56568545,0.14142136,0.0701,0.004042135611804359,0.08324437706144454,20.594157409846346,0.0
5,0.70710677,0.21213204,0.0701,0.005716443181545683,0.18094837877257663,31.65401509748752,0.0
6,0.8485281,0.21213204,0.0701,0.004042135611804359,0.27974240303688047,69.20658530603008,0.0
7,0.9899494,0.28284273,0.0701,0.004042135611804359,0.20098091203816737,49.721466902603986,0.0
