Tile Number, Tile x cohordinate [m], Tile y cohordinate [m], area_m2[m2], Tile z cohordinate [m],absorbedPARTile [umol^s-1],absorbedPARTilem2 [umol m^-2 m^-1],Thermal time[dd]
1,0.14142136,0.0,0.0701,0.004042135611804359,0.0661402101803261,16.362689561224773,0.0
2,0.28284273,0.07071068,0.0701,0.005716443181545683,0.21245239019577028,37.16513633541001,0.0
3,0.4242641,0.07071068,0.0701,0.004042135611804359,0.33878457844207766,83.81326382338973,0.0
4,0.56568545,0.14142136,0.0701,0.004042135611804359,0.138270286687305,34.2072359679152,0.0
5,0.70710677,0.21213204,0.0701,0.005716443181545683,0.10139216558492661,17.73693227849261,0.0
6,0.8485281,0.21213204,0.0701,0.004042135611804359,0.03966044732352868,9.811755748052388,0.0
7,0.9899494,0.28284273,0.0701,0.004042135611804359,0.06401222456142068,15.83623873837484,0.0
