Tile Number, Tile x cohordinate [m], Tile y cohordinate [m], area_m2[m2], Tile z cohordinate [m],absorbedPARTile [umol^s-1],absorbedPARTilem2 [umol m^-2 m^-1],Thermal time[dd]
1,0.14142136,0.0,0.0701,0.004042135611804359,0.11425242932345867,28.26536274285409,0.0
2,0.28284273,0.07071068,0.0701,0.005716443181545683,0.11279332529821794,19.731382210243446,0.0
3,0.4242641,0.07071068,0.0701,0.004042135611804359,0.10625605764598746,26.28710856105,0.0
4,0.56568545,0.14142136,0.0701,0.004042135611804359,0.10095271330593825,24.97509311937068,0.0
5,0.70710677,0.21213204,0.0701,0.005716443181545683,0.16699562052622638,29.213203949150778,0.0
6,0.8485281,0.21213204,0.0701,0.004042135611804359,0.06996387296993975,17.308640701124013,0.0
7,0.9899494,0.28284273,0.0701,0.004042135611804359,0.03981567185324197,9.850157361610325,0.0
