Tile Number, Tile x cohordinate [m], Tile y cohordinate [m], area_m2[m2], Tile z cohordinate [m],absorbedPARTile [umol^s-1],absorbedPARTilem2 [umol m^-2 m^-1],Thermal time[dd]
1,0.1118034,0.0,0.0701,0.00108033979058772,0.004039718306522991,3.7393034503758567,0.0
2,0.22360681,0.0559017,0.0701,0.0012078565728149138,0.007697065537496813,6.372499608590759,0.0
3,0.3354102,0.0559017,0.0701,0.00108033979058772,0.045666166875584675,42.27018876231676,0.0
4,0.44721362,0.1118034,0.0701,0.00108033979058772,0.006323700662098165,5.8534367771995,0.0
5,0.559017,0.1677051,0.0701,0.0012078565728149138,0.039681447576238954,32.85278109118636,0.0
6,0.6708204,0.1677051,0.0701,0.00108033979058772,0.007493182744944482,6.93594997632003,0.0
7,0.7826238,0.22360681,0.0701,0.00108033979058772,0.0162234481688551,15.016986609397511,0.0
