Tile Number, Tile x cohordinate [m], Tile y cohordinate [m], area_m2[m2], Tile z cohordinate [m],absorbedPARTile [umol^s-1],absorbedPARTilem2 [umol m^-2 m^-1],Thermal time[dd]
1,0.14142136,0.0,0.0701,0.004042135611804359,0.07064722305057765,17.47769739448242,0.0
2,0.28284273,0.07071068,0.0701,0.005716443181545683,0.04948708864220143,8.656972013989387,0.0
3,0.4242641,0.07071068,0.0701,0.004042135611804359,0.052632324922283286,13.020920121675202,0.0
4,0.56568545,0.14142136,0.0701,0.004042135611804359,0.11713625523615838,28.978803901106673,0.0
5,0.70710677,0.21213204,0.0701,0.005716443181545683,0.17457565721813204,30.539209727774832,0.0
6,0.8485281,0.21213204,0.0701,0.004042135611804359,0.11792612620819687,29.174213221301624,0.0
7,0.9899494,0.28284273,0.0701,0.004042135611804359,0.053458721549559836,13.225365668940663,0.0
