Tile Number, Tile x cohordinate [m], Tile y cohordinate [m], area_m2[m2], Tile z cohordinate [m],absorbedPARTile [umol^s-1],absorbedPARTilem2 [umol m^-2 m^-1],Thermal time[dd]
1,0.1118034,0.0,0.0701,0.00108033979058772,0.002106764296588618,1.950094141624191,0.0
2,0.22360681,0.0559017,0.0701,0.0012078565728149138,0.004778308227030695,3.95602287107221,0.0
3,0.3354102,0.0559017,0.0701,0.00108033979058772,0.010058995502717405,9.310955303465377,0.0
4,0.44721362,0.1118034,0.0701,0.00108033979058772,0.0019402650957588124,1.7959767034992584,0.0
5,0.559017,0.1677051,0.0701,0.0012078565728149138,0.002078351760443533,1.720694167851343,0.0
6,0.6708204,0.1677051,0.0701,0.00108033979058772,0.002579409483839275,2.3875909286244474,0.0
7,0.7826238,0.22360681,0.0701,0.00108033979058772,0.0032517471075525555,3.0099299645193667,0.0
