Tile Number, Tile x cohordinate [m], Tile y cohordinate [m], area_m2[m2], Tile z cohordinate [m],absorbedPARTile [umol^s-1],absorbedPARTilem2 [umol m^-2 m^-1],Thermal time[dd]
1,0.1118034,0.0,0.0701,0.00108033979058772,0.024662577781269675,22.8285378323915,0.0
2,0.22360681,0.0559017,0.0701,0.0012078565728149138,0.022659762434730533,18.760308918071193,0.0
3,0.3354102,0.0559017,0.0701,0.00108033979058772,0.020815380254070617,19.267438296192683,0.0
4,0.44721362,0.1118034,0.0701,0.00108033979058772,0.026311421602454185,24.354764891275924,0.0
5,0.559017,0.1677051,0.0701,0.0012078565728149138,0.019747074572115397,16.348857154533484,0.0
6,0.6708204,0.1677051,0.0701,0.00108033979058772,0.021428910616407695,19.835343290234704,0.0
7,0.7826238,0.22360681,0.0701,0.00108033979058772,0.01338889318084635,12.393224148082712,0.0
