Tile Number, Tile x cohordinate [m], Tile y cohordinate [m], area_m2[m2], Tile z cohordinate [m],absorbedPARTile [umol^s-1],absorbedPARTilem2 [umol m^-2 m^-1],Thermal time[dd]
1,0.14142136,0.0,0.0701,0.004042135611804359,0.036177988958723546,8.950216527390118,0.0
2,0.28284273,0.07071068,0.0701,0.005716443181545683,0.1324672324181938,23.173016543894988,0.0
3,0.4242641,0.07071068,0.0701,0.004042135611804359,0.18889567208450314,46.7316513411539,0.0
4,0.56568545,0.14142136,0.0701,0.004042135611804359,0.06164055201943461,15.24950123875706,0.0
5,0.70710677,0.21213204,0.0701,0.005716443181545683,0.09382963689214707,16.413989243356085,0.0
6,0.8485281,0.21213204,0.0701,0.004042135611804359,0.09031400718196393,22.34314131327446,0.0
7,0.9899494,0.28284273,0.0701,0.004042135611804359,0.06263001772251368,15.494289093026351,0.0
