Tile Number, Tile x cohordinate [m], Tile y cohordinate [m], area_m2[m2], Tile z cohordinate [m],absorbedPARTile [umol^s-1],absorbedPARTilem2 [umol m^-2 m^-1],Thermal time[dd]
1,0.1118034,0.0,0.0701,0.00108033979058772,7.902588001182858E-4,0.7314909688630222,0.0
2,0.22360681,0.0559017,0.0701,0.0012078565728149138,0.002412518480802217,1.997355095878507,0.0
3,0.3354102,0.0559017,0.0701,0.00108033979058772,0.001910144937294043,1.768096439597858,0.0
4,0.44721362,0.1118034,0.0701,0.00108033979058772,0.003985944521283753,3.6895285687064656,0.0
5,0.559017,0.1677051,0.0701,0.0012078565728149138,0.006410133293341142,5.307031842698264,0.0
6,0.6708204,0.1677051,0.0701,0.00108033979058772,0.01140775504565721,10.559413940915045,0.0
7,0.7826238,0.22360681,0.0701,0.00108033979058772,0.009533996134541051,8.824997669811296,0.0
