Tile Number, Tile x cohordinate [m], Tile y cohordinate [m], area_m2[m2], Tile z cohordinate [m],absorbedPARTile [umol^s-1],absorbedPARTilem2 [umol m^-2 m^-1],Thermal time[dd]
1,0.1118034,0.0,0.0701,0.00108033979058772,0.005581567177216587,5.166492270158944,0.0
2,0.22360681,0.0559017,0.0701,0.0012078565728149138,0.007515554301350269,6.222224120398041,0.0
3,0.3354102,0.0559017,0.0701,0.00108033979058772,0.0017334873315252867,1.604576029345587,0.0
4,0.44721362,0.1118034,0.0701,0.00108033979058772,0.0030863524379076287,2.8568349187884765,0.0
5,0.559017,0.1677051,0.0701,0.0012078565728149138,0.0037118846682373057,3.0731170834188917,0.0
6,0.6708204,0.1677051,0.0701,0.00108033979058772,0.001430102565928826,1.3237525622848996,0.0
7,0.7826238,0.22360681,0.0701,0.00108033979058772,0.005279328401278502,4.8867295708940555,0.0
