Tile Number, Tile x cohordinate [m], Tile y cohordinate [m], area_m2[m2], Tile z cohordinate [m],absorbedPARTile [umol^s-1],absorbedPARTilem2 [umol m^-2 m^-1],Thermal time[dd]
1,0.1118034,0.0,0.0701,0.00108033979058772,0.017665134532528,16.351461536853993,0.0
2,0.22360681,0.0559017,0.0701,0.0012078565728149138,0.008474781110738013,7.016380339751356,0.0
3,0.3354102,0.0559017,0.0701,0.00108033979058772,0.00325731389318069,3.0150827744747475,0.0
4,0.44721362,0.1118034,0.0701,0.00108033979058772,0.006637920153834298,6.144289242760537,0.0
5,0.559017,0.1677051,0.0701,0.0012078565728149138,0.002003552536133565,1.6587669274873251,0.0
6,0.6708204,0.1677051,0.0701,0.00108033979058772,0.001383164069063575,1.280304660731893,0.0
7,0.7826238,0.22360681,0.0701,0.00108033979058772,0.0015078613299870116,1.395728772673192,0.0
