Tile Number, Tile x cohordinate [m], Tile y cohordinate [m], area_m2[m2], Tile z cohordinate [m],absorbedPARTile [umol^s-1],absorbedPARTilem2 [umol m^-2 m^-1],Thermal time[dd]
1,0.1118034,0.0,0.0701,0.00108033979058772,0.0035728303208402705,3.307135728932655,0.0
2,0.22360681,0.0559017,0.0701,0.0012078565728149138,0.003226382172051914,2.6711633191123174,0.0
3,0.3354102,0.0559017,0.0701,0.00108033979058772,0.007619842547316147,7.053190684729706,0.0
4,0.44721362,0.1118034,0.0701,0.00108033979058772,0.0012050313394189438,1.1154188246305266,0.0
5,0.559017,0.1677051,0.0701,0.0012078565728149138,0.004231907950715355,3.5036510509297307,0.0
6,0.6708204,0.1677051,0.0701,0.00108033979058772,0.004708125884646537,4.358004699692909,0.0
7,0.7826238,0.22360681,0.0701,0.00108033979058772,0.0013156792717221037,1.2178383904626486,0.0
