Tile Number, Tile x cohordinate [m], Tile y cohordinate [m], area_m2[m2], Tile z cohordinate [m],absorbedPARTile [umol^s-1],absorbedPARTilem2 [umol m^-2 m^-1],Thermal time[dd]
1,0.1118034,0.0,0.0701,0.00108033979058772,0.014114989761605254,13.065324340156446,0.0
2,0.22360681,0.0559017,0.0701,0.0012078565728149138,0.02697592447477331,22.333715013783323,0.0
3,0.3354102,0.0559017,0.0701,0.00108033979058772,0.037820246412852115,35.00773251374679,0.0
4,0.44721362,0.1118034,0.0701,0.00108033979058772,0.007206922336605843,6.6709774085847355,0.0
5,0.559017,0.1677051,0.0701,0.0012078565728149138,0.008771525355660273,7.2620587187915895,0.0
6,0.6708204,0.1677051,0.0701,0.00108033979058772,0.005604656906783283,5.1878649251031215,0.0
7,0.7826238,0.22360681,0.0701,0.00108033979058772,0.0034605945566453513,3.2032464108007535,0.0
