Tile Number, Tile x cohordinate [m], Tile y cohordinate [m], area_m2[m2], Tile z cohordinate [m],absorbedPARTile [umol^s-1],absorbedPARTilem2 [umol m^-2 m^-1],Thermal time[dd]
1,0.1118034,0.0,0.0701,0.00108033979058772,0.007326408708778008,6.781578141070172,0.0
2,0.22360681,0.0559017,0.0701,0.0012078565728149138,0.010373496878292077,8.588351557434182,0.0
3,0.3354102,0.0559017,0.0701,0.00108033979058772,0.009742664472411202,9.018148324529504,0.0
4,0.44721362,0.1118034,0.0701,0.00108033979058772,0.0024133108735778157,2.2338442910308256,0.0
5,0.559017,0.1677051,0.0701,0.0012078565728149138,0.002161197588782512,1.7892832952391309,0.0
6,0.6708204,0.1677051,0.0701,0.00108033979058772,0.002907509789572279,2.6912919573114613,0.0
7,0.7826238,0.22360681,0.0701,0.00108033979058772,0.0015187878195522355,1.4058427105845965,0.0
