Tile Number, Tile x cohordinate [m], Tile y cohordinate [m], area_m2[m2], Tile z cohordinate [m],absorbedPARTile [umol^s-1],absorbedPARTilem2 [umol m^-2 m^-1],Thermal time[dd]
1,0.1118034,0.0,0.0701,0.00108033979058772,0.002155631718876365,1.9953275234856167,0.0
2,0.22360681,0.0559017,0.0701,0.0012078565728149138,0.0037367036900540795,3.0936650709659004,0.0
3,0.3354102,0.0559017,0.0701,0.00108033979058772,0.0052848640170645375,4.891853528961937,0.0
4,0.44721362,0.1118034,0.0701,0.00108033979058772,0.00955556634848706,8.844963808366902,0.0
5,0.559017,0.1677051,0.0701,0.0012078565728149138,0.0059620207127214185,4.936033670642624,0.0
6,0.6708204,0.1677051,0.0701,0.00108033979058772,0.003597192254625636,3.3296859802495224,0.0
7,0.7826238,0.22360681,0.0701,0.00108033979058772,0.00395948399202538,3.665035784594554,0.0
