Tile Number, Tile x cohordinate [m], Tile y cohordinate [m], area_m2[m2], Tile z cohordinate [m],absorbedPARTile [umol^s-1],absorbedPARTilem2 [umol m^-2 m^-1],Thermal time[dd]
1,0.1118034,0.0,0.0701,0.00108033979058772,0.008377696509413638,7.754686611011573,0.0
2,0.22360681,0.0559017,0.0701,0.0012078565728149138,0.01260574917111192,10.436461956517055,0.0
3,0.3354102,0.0559017,0.0701,0.00108033979058772,0.0018070913993665676,1.6727065087397037,0.0
4,0.44721362,0.1118034,0.0701,0.00108033979058772,0.005433517168702742,5.029452044663497,0.0
5,0.559017,0.1677051,0.0701,0.0012078565728149138,0.0019165862536501997,1.5867664230891165,0.0
6,0.6708204,0.1677051,0.0701,0.00108033979058772,7.433436451428103E-4,0.6880646733731995,0.0
7,0.7826238,0.22360681,0.0701,0.00108033979058772,0.0015721023991140566,1.4551925355436655,0.0
