Tile Number, Tile x cohordinate [m], Tile y cohordinate [m], area_m2[m2], Tile z cohordinate [m],absorbedPARTile [umol^s-1],absorbedPARTilem2 [umol m^-2 m^-1],Thermal time[dd]
1,0.1118034,0.0,0.0701,0.00108033979058772,0.004770245044937357,4.415504350110327,0.0
2,0.22360681,0.0559017,0.0701,0.0012078565728149138,0.012003803153426005,9.93810310230055,0.0
3,0.3354102,0.0559017,0.0701,0.00108033979058772,0.014213864562154633,13.156846286687351,0.0
4,0.44721362,0.1118034,0.0701,0.00108033979058772,0.008105784154923261,7.502995099822808,0.0
5,0.559017,0.1677051,0.0701,0.0012078565728149138,0.004423681306785311,3.662422680265677,0.0
6,0.6708204,0.1677051,0.0701,0.00108033979058772,0.007813355720078591,7.2323131927113575,0.0
7,0.7826238,0.22360681,0.0701,0.00108033979058772,0.009208526336324933,8.523731530165492,0.0
