Tile Number, Tile x cohordinate [m], Tile y cohordinate [m], area_m2[m2], Tile z cohordinate [m],absorbedPARTile [umol^s-1],absorbedPARTilem2 [umol m^-2 m^-1],Thermal time[dd]
1,0.14142136,0.0,0.0701,0.004042135611804359,0.05884785546873707,14.558604935688466,0.0
2,0.28284273,0.07071068,0.0701,0.005716443181545683,0.14530765637543996,25.41924265853542,0.0
3,0.4242641,0.07071068,0.0701,0.004042135611804359,0.12650280602173805,31.29603214011634,0.0
4,0.56568545,0.14142136,0.0701,0.004042135611804359,0.04272699427583326,10.570400990767467,0.0
5,0.70710677,0.21213204,0.0701,0.005716443181545683,0.0955159775033653,16.708987471740862,0.0
6,0.8485281,0.21213204,0.0701,0.004042135611804359,0.03799750473405981,9.400353769204242,0.0
7,0.9899494,0.28284273,0.0701,0.004042135611804359,0.07928949719766352,19.615743956267135,0.0
