Tile Number, Tile x cohordinate [m], Tile y cohordinate [m], area_m2[m2], Tile z cohordinate [m],absorbedPARTile [umol^s-1],absorbedPARTilem2 [umol m^-2 m^-1],Thermal time[dd]
1,0.14142136,0.0,0.0701,0.004042135611804359,0.043740215116906636,10.821065723072449,0.0
2,0.28284273,0.07071068,0.0701,0.005716443181545683,0.0351412283280518,6.147393967195852,0.0
3,0.4242641,0.07071068,0.0701,0.004042135611804359,0.014056117818040944,3.4773988722675404,0.0
4,0.56568545,0.14142136,0.0701,0.004042135611804359,0.04647605629317568,11.49789634901174,0.0
5,0.70710677,0.21213204,0.0701,0.005716443181545683,0.15403272086009775,26.94555267467007,0.0
6,0.8485281,0.21213204,0.0701,0.004042135611804359,0.12347838511678601,30.547808627743386,0.0
7,0.9899494,0.28284273,0.0701,0.004042135611804359,0.09801397373344918,24.24806665249337,0.0
