Tile Number, Tile x cohordinate [m], Tile y cohordinate [m], area_m2[m2], Tile z cohordinate [m],absorbedPARTile [umol^s-1],absorbedPARTilem2 [umol m^-2 m^-1],Thermal time[dd]
1,0.1118034,0.0,0.0701,0.00108033979058772,0.0022615283877010436,2.0933491549642365,0.0
2,0.22360681,0.0559017,0.0701,0.0012078565728149138,0.002609081281355894,2.160091967935747,0.0
3,0.3354102,0.0559017,0.0701,0.00108033979058772,8.257690247485582E-4,0.7643604650526927,0.0
4,0.44721362,0.1118034,0.0701,0.00108033979058772,0.005805967460515332,5.374204959494091,0.0
5,0.559017,0.1677051,0.0701,0.0012078565728149138,0.0036823646154908155,3.0486770518697037,0.0
6,0.6708204,0.1677051,0.0701,0.00108033979058772,8.196351797717623E-4,0.75868276528616,0.0
7,0.7826238,0.22360681,0.0701,0.00108033979058772,4.6774402865389444E-4,0.43296010452362876,0.0
