Tile Number, Tile x cohordinate [m], Tile y cohordinate [m], area_m2[m2], Tile z cohordinate [m],absorbedPARTile [umol^s-1],absorbedPARTilem2 [umol m^-2 m^-1],Thermal time[dd]
1,0.1118034,0.0,0.0701,0.00108033979058772,9.523875510565714E-4,0.881562966905495,0.0
2,0.22360681,0.0559017,0.0701,0.0012078565728149138,5.989032063200663E-4,0.495839671530139,0.0
3,0.3354102,0.0559017,0.0701,0.00108033979058772,8.270288925078476E-4,0.7655266423704827,0.0
4,0.44721362,0.1118034,0.0701,0.00108033979058772,4.152981743824458E-4,0.3844144018397377,0.0
5,0.559017,0.1677051,0.0701,0.0012078565728149138,0.005150202430059524,4.263918867500104,0.0
6,0.6708204,0.1677051,0.0701,0.00108033979058772,0.0019440280842763487,1.7994598562539017,0.0
7,0.7826238,0.22360681,0.0701,0.00108033979058772,0.0013876575049926389,1.2844639409585514,0.0
