Tile Number, Tile x cohordinate [m], Tile y cohordinate [m], area_m2[m2], Tile z cohordinate [m],absorbedPARTile [umol^s-1],absorbedPARTilem2 [umol m^-2 m^-1],Thermal time[dd]
1,0.14142136,0.0,0.0701,0.004042135611804359,0.06789121521053196,16.795877657411438,0.0
2,0.28284273,0.07071068,0.0701,0.005716443181545683,0.16762504799285888,29.323312183702022,0.0
3,0.4242641,0.07071068,0.0701,0.004042135611804359,0.2546248281678772,62.99264859503707,0.0
4,0.56568545,0.14142136,0.0701,0.004042135611804359,0.10329321061087608,25.55411805314648,0.0
5,0.70710677,0.21213204,0.0701,0.005716443181545683,0.1009486005027771,17.65933768548039,0.0
6,0.8485281,0.21213204,0.0701,0.004042135611804359,0.02725768446714614,6.743386933269823,0.0
7,0.9899494,0.28284273,0.0701,0.004042135611804359,0.15438403020789207,38.19367904358284,0.0
