Tile Number, Tile x cohordinate [m], Tile y cohordinate [m], area_m2[m2], Tile z cohordinate [m],absorbedPARTile [umol^s-1],absorbedPARTilem2 [umol m^-2 m^-1],Thermal time[dd]
1,0.14142136,0.0,0.0701,0.004042135611804359,0.01936267482396081,4.790209108129737,0.0
2,0.28284273,0.07071068,0.0701,0.005716443181545683,0.08218055962368966,14.376170113785449,0.0
3,0.4242641,0.07071068,0.0701,0.004042135611804359,0.03206753938278467,7.933316064195609,0.0
4,0.56568545,0.14142136,0.0701,0.004042135611804359,0.032634125856980986,8.0734861447198,0.0
5,0.70710677,0.21213204,0.0701,0.005716443181545683,0.05564505991822243,9.734210268696563,0.0
6,0.8485281,0.21213204,0.0701,0.004042135611804359,0.05961572769747259,14.748571899313607,0.0
7,0.9899494,0.28284273,0.0701,0.004042135611804359,0.09462601274066926,23.40990551240545,0.0
