Tile Number, Tile x cohordinate [m], Tile y cohordinate [m], area_m2[m2], Tile z cohordinate [m],absorbedPARTile [umol^s-1],absorbedPARTilem2 [umol m^-2 m^-1],Thermal time[dd]
1,0.14142136,0.0,0.0701,0.004042135611804359,0.11048915499376295,27.334351344150466,0.0
2,0.28284273,0.07071068,0.0701,0.005716443181545683,0.1192458175156784,20.86014217733119,0.0
3,0.4242641,0.07071068,0.0701,0.004042135611804359,0.07798476388381363,19.292960794306996,0.0
4,0.56568545,0.14142136,0.0701,0.004042135611804359,0.10907961191402911,26.985638877498552,0.0
5,0.70710677,0.21213204,0.0701,0.005716443181545683,0.057565930283985135,10.070235714023093,0.0
6,0.8485281,0.21213204,0.0701,0.004042135611804359,0.07602309302815499,18.80765524198215,0.0
7,0.9899494,0.28284273,0.0701,0.004042135611804359,0.160450517036171,39.69449133957875,0.0
