Tile Number, Tile x cohordinate [m], Tile y cohordinate [m], area_m2[m2], Tile z cohordinate [m],absorbedPARTile [umol^s-1],absorbedPARTilem2 [umol m^-2 m^-1],Thermal time[dd]
1,0.14142136,0.0,0.0701,0.004042135611804359,0.03975259434204085,9.834552365326452,0.0
2,0.28284273,0.07071068,0.0701,0.005716443181545683,0.24179773263994847,42.298633076690216,0.0
3,0.4242641,0.07071068,0.0701,0.004042135611804359,0.045958238268721724,11.369791289166207,0.0
4,0.56568545,0.14142136,0.0701,0.004042135611804359,0.20510536414747238,50.741831508200164,0.0
5,0.70710677,0.21213204,0.0701,0.005716443181545683,0.21158606900111065,37.013587344692084,0.0
6,0.8485281,0.21213204,0.0701,0.004042135611804359,0.10801845227660527,26.723114375766123,0.0
7,0.9899494,0.28284273,0.0701,0.004042135611804359,0.052402048709136,12.963951173756977,0.0
