Tile Number, Tile x cohordinate [m], Tile y cohordinate [m], area_m2[m2], Tile z cohordinate [m],absorbedPARTile [umol^s-1],absorbedPARTilem2 [umol m^-2 m^-1],Thermal time[dd]
1,0.1118034,0.0,0.0701,0.00108033979058772,0.015220372903280606,14.088505334974759,0.0
2,0.22360681,0.0559017,0.0701,0.0012078565728149138,0.0025703013876846367,2.1279855949241893,0.0
3,0.3354102,0.0559017,0.0701,0.00108033979058772,0.005938674400227551,5.497043108073275,0.0
4,0.44721362,0.1118034,0.0701,0.00108033979058772,0.0029836720832250373,2.761790419291951,0.0
5,0.559017,0.1677051,0.0701,0.0012078565728149138,0.0032795957706405593,2.7152195421658805,0.0
6,0.6708204,0.1677051,0.0701,0.00108033979058772,0.004242721470601794,3.927210223640559,0.0
7,0.7826238,0.22360681,0.0701,0.00108033979058772,0.004255006897809266,3.938582041391332,0.0
