Tile Number, Tile x cohordinate [m], Tile y cohordinate [m], area_m2[m2], Tile z cohordinate [m],absorbedPARTile [umol^s-1],absorbedPARTilem2 [umol m^-2 m^-1],Thermal time[dd]
1,0.14142136,0.0,0.0701,0.004042135611804359,0.02331183647564531,5.7672079104835365,0.0
2,0.28284273,0.07071068,0.0701,0.005716443181545683,0.04359074376234055,7.625501098841316,0.0
3,0.4242641,0.07071068,0.0701,0.004042135611804359,0.08607310225661277,21.293966982515663,0.0
4,0.56568545,0.14142136,0.0701,0.004042135611804359,0.07958174668631315,19.68804471920942,0.0
5,0.70710677,0.21213204,0.0701,0.005716443181545683,0.1445378554942322,25.284578347746347,0.0
6,0.8485281,0.21213204,0.0701,0.004042135611804359,0.07521074594375611,18.606685466988317,0.0
7,0.9899494,0.28284273,0.0701,0.004042135611804359,0.09361458163166522,23.15968354903284,0.0
