Tile Number, Tile x cohordinate [m], Tile y cohordinate [m], area_m2[m2], Tile z cohordinate [m],absorbedPARTile [umol^s-1],absorbedPARTilem2 [umol m^-2 m^-1],Thermal time[dd]
1,0.14142136,0.0,0.0701,0.004042135611804359,0.08544643084262848,21.138932249847564,0.0
2,0.28284273,0.07071068,0.0701,0.005716443181545683,0.17164293771850586,30.026177514125997,0.0
3,0.4242641,0.07071068,0.0701,0.004042135611804359,0.09195395908346175,22.748855534417523,0.0
4,0.56568545,0.14142136,0.0701,0.004042135611804359,0.062183944077486994,15.383933160453479,0.0
5,0.70710677,0.21213204,0.0701,0.005716443181545683,0.14325725031715392,25.060557022525717,0.0
6,0.8485281,0.21213204,0.0701,0.004042135611804359,0.11804212563591004,29.202910780921943,0.0
7,0.9899494,0.28284273,0.0701,0.004042135611804359,0.17778707517665865,43.983451385812536,0.0
