Tile Number, Tile x cohordinate [m], Tile y cohordinate [m], area_m2[m2], Tile z cohordinate [m],absorbedPARTile [umol^s-1],absorbedPARTilem2 [umol m^-2 m^-1],Thermal time[dd]
1,0.1118034,0.0,0.0701,0.00108033979058772,0.001689247328114566,1.5636259469769154,0.0
2,0.22360681,0.0559017,0.0701,0.0012078565728149138,6.105745246005363E-4,0.50550250612752,0.0
3,0.3354102,0.0559017,0.0701,0.00108033979058772,0.004420046406430788,4.0913483377542,0.0
4,0.44721362,0.1118034,0.0701,0.00108033979058772,0.001353122814850676,1.2524974333441503,0.0
5,0.559017,0.1677051,0.0701,0.0012078565728149138,0.005639710409992653,4.66918882334621,0.0
6,0.6708204,0.1677051,0.0701,0.00108033979058772,5.988144409367849E-4,0.5542834265236325,0.0
7,0.7826238,0.22360681,0.0701,0.00108033979058772,0.0022419404602444966,2.0752178895723628,0.0
