Tile Number, Tile x cohordinate [m], Tile y cohordinate [m], area_m2[m2], Tile z cohordinate [m],absorbedPARTile [umol^s-1],absorbedPARTilem2 [umol m^-2 m^-1],Thermal time[dd]
1,0.1118034,0.0,0.0701,0.00108033979058772,8.962199916272618E-4,0.8295723247772867,0.0
2,0.22360681,0.0559017,0.0701,0.0012078565728149138,0.002502835131178253,2.0721294129694448,0.0
3,0.3354102,0.0559017,0.0701,0.00108033979058772,5.180693148200829E-4,0.47954293578157103,0.0
4,0.44721362,0.1118034,0.0701,0.00108033979058772,5.293331682879763E-4,0.4899691494284513,0.0
5,0.559017,0.1677051,0.0701,0.0012078565728149138,8.754825462782706E-4,0.7248232662574792,0.0
6,0.6708204,0.1677051,0.0701,0.00108033979058772,0.00162139376601286,1.5008183352487638,0.0
7,0.7826238,0.22360681,0.0701,0.00108033979058772,4.3475784669590986E-4,0.40242694982047783,0.0
