Tile Number, Tile x cohordinate [m], Tile y cohordinate [m], area_m2[m2], Tile z cohordinate [m],absorbedPARTile [umol^s-1],absorbedPARTilem2 [umol m^-2 m^-1],Thermal time[dd]
1,0.14142136,0.0,0.0701,0.004042135611804359,0.15244144218702319,37.71309446962746,0.0
2,0.28284273,0.07071068,0.0701,0.005716443181545683,0.14868477302405042,26.010015021936628,0.0
3,0.4242641,0.07071068,0.0701,0.004042135611804359,0.09525613049136401,23.56579284801453,0.0
4,0.56568545,0.14142136,0.0701,0.004042135611804359,0.12312864081302582,30.461283993899137,0.0
5,0.70710677,0.21213204,0.0701,0.005716443181545683,0.1506861992868106,26.36013242872226,0.0
6,0.8485281,0.21213204,0.0701,0.004042135611804359,0.1012058117625018,25.03770815282587,0.0
7,0.9899494,0.28284273,0.0701,0.004042135611804359,0.12322140110555543,30.484232331470672,0.0
