Tile Number, Tile x cohordinate [m], Tile y cohordinate [m], area_m2[m2], Tile z cohordinate [m],absorbedPARTile [umol^s-1],absorbedPARTilem2 [umol m^-2 m^-1],Thermal time[dd]
1,0.1118034,0.0,0.0701,0.00108033979058772,0.002113341310823897,1.9561820542351864,0.0
2,0.22360681,0.0559017,0.0701,0.0012078565728149138,0.003818501908665732,3.1613868687792133,0.0
3,0.3354102,0.0559017,0.0701,0.00108033979058772,0.002551845277066626,2.3620765423056262,0.0
4,0.44721362,0.1118034,0.0701,0.00108033979058772,0.005078730280558163,4.701048989221495,0.0
5,0.559017,0.1677051,0.0701,0.0012078565728149138,0.0019777646799006574,1.6374168294597016,0.0
6,0.6708204,0.1677051,0.0701,0.00108033979058772,0.0022657139888195674,2.0972234926078093,0.0
7,0.7826238,0.22360681,0.0701,0.00108033979058772,0.00482204426531996,4.463451506027285,0.0
