Tile Number, Tile x cohordinate [m], Tile y cohordinate [m], area_m2[m2], Tile z cohordinate [m],absorbedPARTile [umol^s-1],absorbedPARTilem2 [umol m^-2 m^-1],Thermal time[dd]
1,0.1118034,0.0,0.0701,0.00108033979058772,0.0012896296355715956,1.193725943270144,0.0
2,0.22360681,0.0559017,0.0701,0.0012078565728149138,0.006668181677857646,5.520673420948835,0.0
3,0.3354102,0.0559017,0.0701,0.00108033979058772,0.0036629885359707125,3.3905893015178084,0.0
4,0.44721362,0.1118034,0.0701,0.00108033979058772,0.0016574248714875898,1.5341699768236137,0.0
5,0.559017,0.1677051,0.0701,0.0012078565728149138,0.005372860705329443,4.448260518885925,0.0
6,0.6708204,0.1677051,0.0701,0.00108033979058772,0.0030989931701596606,2.868535619218251,0.0
7,0.7826238,0.22360681,0.0701,0.00108033979058772,0.005446660708797312,5.041618161480707,0.0
