Tile Number, Tile x cohordinate [m], Tile y cohordinate [m], area_m2[m2], Tile z cohordinate [m],absorbedPARTile [umol^s-1],absorbedPARTilem2 [umol m^-2 m^-1],Thermal time[dd]
1,0.1118034,0.0,0.0701,0.00108033979058772,0.010915784255666909,10.104028705384044,0.0
2,0.22360681,0.0559017,0.0701,0.0012078565728149138,0.012260765660831204,10.150845668917004,0.0
3,0.3354102,0.0559017,0.0701,0.00108033979058772,0.009169730871448501,8.487821101599932,0.0
4,0.44721362,0.1118034,0.0701,0.00108033979058772,0.01531192395080707,14.173248161559586,0.0
5,0.559017,0.1677051,0.0701,0.0012078565728149138,0.037957872997558366,31.425811517585583,0.0
6,0.6708204,0.1677051,0.0701,0.00108033979058772,0.014221799313771788,13.164190968135063,0.0
7,0.7826238,0.22360681,0.0701,0.00108033979058772,0.018530273366834504,17.1522640638403,0.0
