Tile Number, Tile x cohordinate [m], Tile y cohordinate [m], area_m2[m2], Tile z cohordinate [m],absorbedPARTile [umol^s-1],absorbedPARTilem2 [umol m^-2 m^-1],Thermal time[dd]
1,0.14142136,0.0,0.0701,0.004042135611804359,0.051516242658782005,12.744808093112391,0.0
2,0.28284273,0.07071068,0.0701,0.005716443181545683,0.11278490154594423,19.72990860996331,0.0
3,0.4242641,0.07071068,0.0701,0.004042135611804359,0.09984641313098908,24.70140112058706,0.0
4,0.56568545,0.14142136,0.0701,0.004042135611804359,0.15671600227882385,38.77059488582268,0.0
5,0.70710677,0.21213204,0.0701,0.005716443181545683,0.23163763522247316,40.521287077647486,0.0
6,0.8485281,0.21213204,0.0701,0.004042135611804359,0.1312785043412018,32.47751113491235,0.0
7,0.9899494,0.28284273,0.0701,0.004042135611804359,0.10218291177158358,25.279436808892807,0.0
