Tile Number, Tile x cohordinate [m], Tile y cohordinate [m], area_m2[m2], Tile z cohordinate [m],absorbedPARTile [umol^s-1],absorbedPARTilem2 [umol m^-2 m^-1],Thermal time[dd]
1,0.14142136,0.0,0.0701,0.004042135611804359,0.04582434344083443,11.336666515347071,0.0
2,0.28284273,0.07071068,0.0701,0.005716443181545683,0.14654755778710846,25.636143513191207,0.0
3,0.4242641,0.07071068,0.0701,0.004042135611804359,0.0481120100038255,11.902621441824634,0.0
4,0.56568545,0.14142136,0.0701,0.004042135611804359,0.04890066664591368,12.09773034410516,0.0
5,0.70710677,0.21213204,0.0701,0.005716443181545683,0.04425847917239823,7.742310693348145,0.0
6,0.8485281,0.21213204,0.0701,0.004042135611804359,0.04901496434874731,12.126006907241699,0.0
7,0.9899494,0.28284273,0.0701,0.004042135611804359,0.023146162832591778,5.726221249232065,0.0
