Tile Number, Tile x cohordinate [m], Tile y cohordinate [m], area_m2[m2], Tile z cohordinate [m],absorbedPARTile [umol^s-1],absorbedPARTilem2 [umol m^-2 m^-1],Thermal time[dd]
1,0.14142136,0.0,0.0701,0.004042135611804359,0.09020285637685777,22.315643273678372,0.0
2,0.28284273,0.07071068,0.0701,0.005716443181545683,0.21224037189025877,37.12804713522414,0.0
3,0.4242641,0.07071068,0.0701,0.004042135611804359,0.08875556401729587,21.95759186260366,0.0
4,0.56568545,0.14142136,0.0701,0.004042135611804359,0.2003753789866638,49.57166167347332,0.0
5,0.70710677,0.21213204,0.0701,0.005716443181545683,0.13306036794530868,23.276776086022455,0.0
6,0.8485281,0.21213204,0.0701,0.004042135611804359,0.11403829554542542,28.212387336138914,0.0
7,0.9899494,0.28284273,0.0701,0.004042135611804359,0.12904897365989684,31.925938675345673,0.0
