Tile Number, Tile x cohordinate [m], Tile y cohordinate [m], area_m2[m2], Tile z cohordinate [m],absorbedPARTile [umol^s-1],absorbedPARTilem2 [umol m^-2 m^-1],Thermal time[dd]
1,0.1118034,0.0,0.0701,0.00108033979058772,0.008315828817778679,7.697419728708458,0.0
2,0.22360681,0.0559017,0.0701,0.0012078565728149138,0.016076441805181387,13.309893051055877,0.0
3,0.3354102,0.0559017,0.0701,0.00108033979058772,9.482694820923911E-4,0.8777511393674756,0.0
4,0.44721362,0.1118034,0.0701,0.00108033979058772,0.004605981820493839,4.263456609321148,0.0
5,0.559017,0.1677051,0.0701,0.0012078565728149138,0.006484495053924787,5.368596901213734,0.0
6,0.6708204,0.1677051,0.0701,0.00108033979058772,0.001233921386425619,1.1421604546791233,0.0
7,0.7826238,0.22360681,0.0701,0.00108033979058772,0.0013850707086361669,1.2820695124842796,0.0
