Tile Number, Tile x cohordinate [m], Tile y cohordinate [m], area_m2[m2], Tile z cohordinate [m],absorbedPARTile [umol^s-1],absorbedPARTilem2 [umol m^-2 m^-1],Thermal time[dd]
1,0.1118034,0.0,0.0701,0.00108033979058772,0.005025292361662049,4.651584997094497,0.0
2,0.22360681,0.0559017,0.0701,0.0012078565728149138,0.002158474269380658,1.7870286240611553,0.0
3,0.3354102,0.0559017,0.0701,0.00108033979058772,0.008934494519956367,8.270078171512944,0.0
4,0.44721362,0.1118034,0.0701,0.00108033979058772,0.0069918017319233906,6.47185431179921,0.0
5,0.559017,0.1677051,0.0701,0.0012078565728149138,0.010791409791044631,8.93434703583656,0.0
6,0.6708204,0.1677051,0.0701,0.00108033979058772,0.014122192173309978,13.071991142367633,0.0
7,0.7826238,0.22360681,0.0701,0.00108033979058772,0.006418388251122758,5.941082895438911,0.0
