Tile Number, Tile x cohordinate [m], Tile y cohordinate [m], area_m2[m2], Tile z cohordinate [m],absorbedPARTile [umol^s-1],absorbedPARTilem2 [umol m^-2 m^-1],Thermal time[dd]
1,0.1118034,0.0,0.0701,0.00108033979058772,0.004418189477804292,4.089629500178583,0.0
2,0.22360681,0.0559017,0.0701,0.0012078565728149138,0.007920411435497514,6.557410551684103,0.0
3,0.3354102,0.0559017,0.0701,0.00108033979058772,0.012686034872625774,11.74263410748242,0.0
4,0.44721362,0.1118034,0.0701,0.00108033979058772,0.004552318779126555,4.213784236022659,0.0
5,0.559017,0.1677051,0.0701,0.0012078565728149138,0.004727887683410883,3.9142790541699206,0.0
6,0.6708204,0.1677051,0.0701,0.00108033979058772,0.0013020725976758596,1.2052435807881463,0.0
7,0.7826238,0.22360681,0.0701,0.00108033979058772,0.007988852092156018,7.39475872476193,0.0
