Tile Number, Tile x cohordinate [m], Tile y cohordinate [m], area_m2[m2], Tile z cohordinate [m],absorbedPARTile [umol^s-1],absorbedPARTilem2 [umol m^-2 m^-1],Thermal time[dd]
1,0.1118034,0.0,0.0701,0.00108033979058772,0.004724384625399113,4.373054354342518,0.0
2,0.22360681,0.0559017,0.0701,0.0012078565728149138,0.003280671729112217,2.7161103420305945,0.0
3,0.3354102,0.0559017,0.0701,0.00108033979058772,0.006705333103599961,6.206689008420366,0.0
4,0.44721362,0.1118034,0.0701,0.00108033979058772,0.001631044288476184,1.5097511937321806,0.0
5,0.559017,0.1677051,0.0701,0.0012078565728149138,0.0031668003562603988,2.6218347670867574,0.0
6,0.6708204,0.1677051,0.0701,0.00108033979058772,0.0024016746643663336,2.2230734119862317,0.0
7,0.7826238,0.22360681,0.0701,0.00108033979058772,0.0054065572579794245,5.004497015738152,0.0
