Tile Number, Tile x cohordinate [m], Tile y cohordinate [m], area_m2[m2], Tile z cohordinate [m],absorbedPARTile [umol^s-1],absorbedPARTilem2 [umol m^-2 m^-1],Thermal time[dd]
1,0.1118034,0.0,0.0701,0.00108033979058772,0.006876396058705094,6.365030815873438,0.0
2,0.22360681,0.0559017,0.0701,0.0012078565728149138,0.004888443556267043,4.047205327429323,0.0
3,0.3354102,0.0559017,0.0701,0.00108033979058772,0.006558908119447381,6.071152961865122,0.0
4,0.44721362,0.1118034,0.0701,0.00108033979058772,0.004290624059760049,3.9715505224757943,0.0
5,0.559017,0.1677051,0.0701,0.0012078565728149138,0.013255437382050157,10.974347186900111,0.0
6,0.6708204,0.1677051,0.0701,0.00108033979058772,0.006927136935384162,6.411998332131878,0.0
7,0.7826238,0.22360681,0.0701,0.00108033979058772,0.010850240632482723,10.043359253277194,0.0
