Tile Number, Tile x cohordinate [m], Tile y cohordinate [m], area_m2[m2], Tile z cohordinate [m],absorbedPARTile [umol^s-1],absorbedPARTilem2 [umol m^-2 m^-1],Thermal time[dd]
1,0.14142136,0.0,0.0701,0.004042135611804359,0.0502470954029267,12.430828707524984,0.0
2,0.28284273,0.07071068,0.0701,0.005716443181545683,0.08365629489595491,14.634326317809196,0.0
3,0.4242641,0.07071068,0.0701,0.004042135611804359,0.04102485933352709,10.1493030599273,0.0
4,0.56568545,0.14142136,0.0701,0.004042135611804359,0.02758690661578249,6.82483450956462,0.0
5,0.70710677,0.21213204,0.0701,0.005716443181545683,0.08449712461741667,14.781415984365523,0.0
6,0.8485281,0.21213204,0.0701,0.004042135611804359,0.061184162602719167,15.136593246411966,0.0
7,0.9899494,0.28284273,0.0701,0.004042135611804359,0.04791951395133456,11.854999078060095,0.0
