Tile Number, Tile x cohordinate [m], Tile y cohordinate [m], area_m2[m2], Tile z cohordinate [m],absorbedPARTile [umol^s-1],absorbedPARTilem2 [umol m^-2 m^-1],Thermal time[dd]
1,0.1118034,0.0,0.0701,0.00108033979058772,0.002780944312734348,2.574138559889084,0.0
2,0.22360681,0.0559017,0.0701,0.0012078565728149138,0.009309132135908392,7.7071502903804445,0.0
3,0.3354102,0.0559017,0.0701,0.00108033979058772,0.005614631895813184,5.197098121100164,0.0
4,0.44721362,0.1118034,0.0701,0.00108033979058772,4.1571017242301983E-4,0.38479576152320344,0.0
5,0.559017,0.1677051,0.0701,0.0012078565728149138,0.004173514924427802,3.4553067130325017,0.0
6,0.6708204,0.1677051,0.0701,0.00108033979058772,0.0015266232797755412,1.413095484472563,0.0
7,0.7826238,0.22360681,0.0701,0.00108033979058772,0.0010286111882673715,0.9521182106120453,0.0
