Tile Number, Tile x cohordinate [m], Tile y cohordinate [m], area_m2[m2], Tile z cohordinate [m],absorbedPARTile [umol^s-1],absorbedPARTilem2 [umol m^-2 m^-1],Thermal time[dd]
1,0.14142136,0.0,0.0701,0.004042135611804359,0.022370380402025544,5.534297349326111,0.0
2,0.28284273,0.07071068,0.0701,0.005716443181545683,0.09365193488135339,16.382903128240418,0.0
3,0.4242641,0.07071068,0.0701,0.004042135611804359,0.09992141478310625,24.719956077500964,0.0
4,0.56568545,0.14142136,0.0701,0.004042135611804359,0.0799195667824929,19.771619375931277,0.0
5,0.70710677,0.21213204,0.0701,0.005716443181545683,0.055486592277680456,9.706488897992912,0.0
6,0.8485281,0.21213204,0.0701,0.004042135611804359,0.08897030645118953,22.010717847112083,0.0
7,0.9899494,0.28284273,0.0701,0.004042135611804359,0.057923522749846176,14.329930589337607,0.0
