Tile Number, Tile x cohordinate [m], Tile y cohordinate [m], area_m2[m2], Tile z cohordinate [m],absorbedPARTile [umol^s-1],absorbedPARTilem2 [umol m^-2 m^-1],Thermal time[dd]
1,0.14142136,0.0,0.0701,0.004042135611804359,0.23013113341827393,56.93305606724714,0.0
2,0.28284273,0.07071068,0.0701,0.005716443181545683,0.26613514492065427,46.55607280062099,0.0
3,0.4242641,0.07071068,0.0701,0.004042135611804359,0.19080207157691956,47.20328309117463,0.0
4,0.56568545,0.14142136,0.0701,0.004042135611804359,0.08302394968926906,20.53962500585382,0.0
5,0.70710677,0.21213204,0.0701,0.005716443181545683,0.11693152833068847,20.45529442296863,0.0
6,0.8485281,0.21213204,0.0701,0.004042135611804359,0.14815176285240175,36.65185364383869,0.0
7,0.9899494,0.28284273,0.0701,0.004042135611804359,0.05344397342888176,13.22171707272954,0.0
