Tile Number, Tile x cohordinate [m], Tile y cohordinate [m], area_m2[m2], Tile z cohordinate [m],absorbedPARTile [umol^s-1],absorbedPARTilem2 [umol m^-2 m^-1],Thermal time[dd]
1,0.14142136,0.0,0.0701,0.004042135611804359,0.14707647716369632,36.385834442116405,0.0
2,0.28284273,0.07071068,0.0701,0.005716443181545683,0.17302046308334354,30.267153470868596,0.0
3,0.4242641,0.07071068,0.0701,0.004042135611804359,0.1083442118189335,26.80370532411949,0.0
4,0.56568545,0.14142136,0.0701,0.004042135611804359,0.10866923300235748,26.884113606927915,0.0
5,0.70710677,0.21213204,0.0701,0.005716443181545683,0.2497010356503296,43.68118911011591,0.0
6,0.8485281,0.21213204,0.0701,0.004042135611804359,0.16732663606086734,41.39560176363672,0.0
7,0.9899494,0.28284273,0.0701,0.004042135611804359,0.1645138716210175,40.69974078568347,0.0
