Tile Number, Tile x cohordinate [m], Tile y cohordinate [m], area_m2[m2], Tile z cohordinate [m],absorbedPARTile [umol^s-1],absorbedPARTilem2 [umol m^-2 m^-1],Thermal time[dd]
1,0.1118034,0.0,0.0701,0.00108033979058772,0.009912265986845172,9.175137371782595,0.0
2,0.22360681,0.0559017,0.0701,0.0012078565728149138,0.008594004006678927,7.115086509527014,0.0
3,0.3354102,0.0559017,0.0701,0.00108033979058772,0.0021153104918190204,1.9580047964985738,0.0
4,0.44721362,0.1118034,0.0701,0.00108033979058772,0.0038926500616509735,3.6031719793763384,0.0
5,0.559017,0.1677051,0.0701,0.0012078565728149138,0.004472701861881097,3.703007428653098,0.0
6,0.6708204,0.1677051,0.0701,0.00108033979058772,0.003958550958017361,3.664172135938688,0.0
7,0.7826238,0.22360681,0.0701,0.00108033979058772,0.008104873347831627,7.502152025172064,0.0
