Tile Number, Tile x cohordinate [m], Tile y cohordinate [m], area_m2[m2], Tile z cohordinate [m],absorbedPARTile [umol^s-1],absorbedPARTilem2 [umol m^-2 m^-1],Thermal time[dd]
1,0.1118034,0.0,0.0701,0.00108033979058772,0.015484853277738174,14.333317547541407,0.0
2,0.22360681,0.0559017,0.0701,0.0012078565728149138,0.013094658436496744,10.841236228884028,0.0
3,0.3354102,0.0559017,0.0701,0.00108033979058772,0.01410545374821094,13.056497475240986,0.0
4,0.44721362,0.1118034,0.0701,0.00108033979058772,0.004459922060458939,4.128258626883195,0.0
5,0.559017,0.1677051,0.0701,0.0012078565728149138,0.005682131438259945,4.704309738545959,0.0
6,0.6708204,0.1677051,0.0701,0.00108033979058772,0.01181104263102465,10.93271092477236,0.0
7,0.7826238,0.22360681,0.0701,0.00108033979058772,0.004930678071490358,4.56400672681694,0.0
