Tile Number, Tile x cohordinate [m], Tile y cohordinate [m], area_m2[m2], Tile z cohordinate [m],absorbedPARTile [umol^s-1],absorbedPARTilem2 [umol m^-2 m^-1],Thermal time[dd]
1,0.14142136,0.0,0.0701,0.004042135611804359,0.07802404573857386,19.302678888535578,0.0
2,0.28284273,0.07071068,0.0701,0.005716443181545683,0.06734474999684889,11.780883297197294,0.0
3,0.4242641,0.07071068,0.0701,0.004042135611804359,0.0732219962000631,18.11468076089058,0.0
4,0.56568545,0.14142136,0.0701,0.004042135611804359,0.0572134417330866,14.1542608234134,0.0
5,0.70710677,0.21213204,0.0701,0.005716443181545683,0.1496779580646157,26.183756806648415,0.0
6,0.8485281,0.21213204,0.0701,0.004042135611804359,0.09862967112481148,24.400386478073756,0.0
7,0.9899494,0.28284273,0.0701,0.004042135611804359,0.08139369568922422,20.13630998710879,0.0
