Tile Number, Tile x cohordinate [m], Tile y cohordinate [m], area_m2[m2], Tile z cohordinate [m],absorbedPARTile [umol^s-1],absorbedPARTilem2 [umol m^-2 m^-1],Thermal time[dd]
1,0.1118034,0.0,0.0701,0.00108033979058772,0.00550536665632845,5.095958423722831,0.0
2,0.22360681,0.0559017,0.0701,0.0012078565728149138,0.01010360170362637,8.364901869168035,0.0
3,0.3354102,0.0559017,0.0701,0.00108033979058772,0.004722388917823447,4.371207058155658,0.0
4,0.44721362,0.1118034,0.0701,0.00108033979058772,0.007143062139189815,6.611866193786947,0.0
5,0.559017,0.1677051,0.0701,0.0012078565728149138,0.0019583124302559505,1.62131206165654,0.0
6,0.6708204,0.1677051,0.0701,0.00108033979058772,0.002857824900406329,2.645301899739926,0.0
7,0.7826238,0.22360681,0.0701,0.00108033979058772,0.0015314670505565363,1.4175790467954503,0.0
