Tile Number, Tile x cohordinate [m], Tile y cohordinate [m], area_m2[m2], Tile z cohordinate [m],absorbedPARTile [umol^s-1],absorbedPARTilem2 [umol m^-2 m^-1],Thermal time[dd]
1,0.1118034,0.0,0.0701,0.00108033979058772,0.007900871295064397,7.313320645874029,0.0
2,0.22360681,0.0559017,0.0701,0.0012078565728149138,0.0015246027962305428,1.2622382744314178,0.0
3,0.3354102,0.0559017,0.0701,0.00108033979058772,0.0196065080690488,18.148464251587537,0.0
4,0.44721362,0.1118034,0.0701,0.00108033979058772,0.007275593662633703,6.734541970980888,0.0
5,0.559017,0.1677051,0.0701,0.0012078565728149138,0.0054229330074473565,4.4897160221674275,0.0
6,0.6708204,0.1677051,0.0701,0.00108033979058772,0.0030356889222025248,2.8099390105321103,0.0
7,0.7826238,0.22360681,0.0701,0.00108033979058772,0.008472245321368612,7.84220427237952,0.0
