Tile Number, Tile x cohordinate [m], Tile y cohordinate [m], area_m2[m2], Tile z cohordinate [m],absorbedPARTile [umol^s-1],absorbedPARTilem2 [umol m^-2 m^-1],Thermal time[dd]
1,0.1118034,0.0,0.0701,0.00108033979058772,0.002337636602674941,2.1637975598429398,0.0
2,0.22360681,0.0559017,0.0701,0.0012078565728149138,0.004780775519343198,3.9580655741282134,0.0
3,0.3354102,0.0559017,0.0701,0.00108033979058772,0.005773839182813894,5.344465910741698,0.0
4,0.44721362,0.1118034,0.0701,0.00108033979058772,0.003951451803027003,3.6576009117255217,0.0
5,0.559017,0.1677051,0.0701,0.0012078565728149138,0.0019054910100389372,1.57758052812362,0.0
6,0.6708204,0.1677051,0.0701,0.00108033979058772,0.008212505021019657,7.601779636897332,0.0
7,0.7826238,0.22360681,0.0701,0.00108033979058772,0.002273613328925534,2.104535395931919,0.0
