Tile Number, Tile x cohordinate [m], Tile y cohordinate [m], area_m2[m2], Tile z cohordinate [m],absorbedPARTile [umol^s-1],absorbedPARTilem2 [umol m^-2 m^-1],Thermal time[dd]
1,0.14142136,0.0,0.0701,0.004042135611804359,0.1375288681565857,34.02381348981869,0.0
2,0.28284273,0.07071068,0.0701,0.005716443181545683,0.12347120897506716,21.5993066061896,0.0
3,0.4242641,0.07071068,0.0701,0.004042135611804359,0.07692103698559762,19.029801167720105,0.0
4,0.56568545,0.14142136,0.0701,0.004042135611804359,0.06880608635174751,17.022211266443215,0.0
5,0.70710677,0.21213204,0.0701,0.005716443181545683,0.1680019630899048,29.389247431385883,0.0
6,0.8485281,0.21213204,0.0701,0.004042135611804359,0.21762368024291995,53.838787498219396,0.0
7,0.9899494,0.28284273,0.0701,0.004042135611804359,0.1545141356322479,38.22586634179616,0.0
