Tile Number, Tile x cohordinate [m], Tile y cohordinate [m], area_m2[m2], Tile z cohordinate [m],absorbedPARTile [umol^s-1],absorbedPARTilem2 [umol m^-2 m^-1],Thermal time[dd]
1,0.14142136,0.0,0.0701,0.004042135611804359,0.10216892716514589,25.275977101505248,0.0
2,0.28284273,0.07071068,0.0701,0.005716443181545683,0.22897605748657227,40.055686764415434,0.0
3,0.4242641,0.07071068,0.0701,0.004042135611804359,0.07467739405233384,18.4747374220329,0.0
4,0.56568545,0.14142136,0.0701,0.004042135611804359,0.08168649297798633,20.208746272498882,0.0
5,0.70710677,0.21213204,0.0701,0.005716443181545683,0.10756294076539992,18.81641037081308,0.0
6,0.8485281,0.21213204,0.0701,0.004042135611804359,0.21865261411895756,54.093339540717125,0.0
7,0.9899494,0.28284273,0.0701,0.004042135611804359,0.09357631409339906,23.15021639059451,0.0
