Tile Number, Tile x cohordinate [m], Tile y cohordinate [m], area_m2[m2], Tile z cohordinate [m],absorbedPARTile [umol^s-1],absorbedPARTilem2 [umol m^-2 m^-1],Thermal time[dd]
1,0.1118034,0.0,0.0701,0.00108033979058772,0.007369712385912388,6.821661527345171,0.0
2,0.22360681,0.0559017,0.0701,0.0012078565728149138,0.0022553131770861453,1.8672028019271614,0.0
3,0.3354102,0.0559017,0.0701,0.00108033979058772,0.001385364353718829,1.282341320562831,0.0
4,0.44721362,0.1118034,0.0701,0.00108033979058772,0.0012964177142540361,1.200009224457767,0.0
5,0.559017,0.1677051,0.0701,0.0012078565728149138,0.003298478086147489,2.7308524541621484,0.0
6,0.6708204,0.1677051,0.0701,0.00108033979058772,9.110704225688813E-4,0.8433183989948628,0.0
7,0.7826238,0.22360681,0.0701,0.00108033979058772,0.01862280147775099,17.237911294204878,0.0
