Tile Number, Tile x cohordinate [m], Tile y cohordinate [m], area_m2[m2], Tile z cohordinate [m],absorbedPARTile [umol^s-1],absorbedPARTilem2 [umol m^-2 m^-1],Thermal time[dd]
1,0.14142136,0.0,0.0701,0.004042135611804359,0.16487920785194396,40.790122768380826,0.0
2,0.28284273,0.07071068,0.0701,0.005716443181545683,0.16690190417526243,29.196809777462605,0.0
3,0.4242641,0.07071068,0.0701,0.004042135611804359,0.1666174657829285,41.220157309010354,0.0
4,0.56568545,0.14142136,0.0701,0.004042135611804359,0.158232131378603,39.14567609174551,0.0
5,0.70710677,0.21213204,0.0701,0.005716443181545683,0.39404752754394534,68.93229146684143,0.0
6,0.8485281,0.21213204,0.0701,0.004042135611804359,0.16263439520282746,40.23476964203818,0.0
7,0.9899494,0.28284273,0.0701,0.004042135611804359,0.14474422629623415,35.80884962729445,0.0
