Tile Number, Tile x cohordinate [m], Tile y cohordinate [m], area_m2[m2], Tile z cohordinate [m],absorbedPARTile [umol^s-1],absorbedPARTilem2 [umol m^-2 m^-1],Thermal time[dd]
1,0.14142136,0.0,0.0701,0.004042135611804359,0.044805027892646794,11.084493989217345,0.0
2,0.28284273,0.07071068,0.0701,0.005716443181545683,0.10410062235977173,18.210733327296662,0.0
3,0.4242641,0.07071068,0.0701,0.004042135611804359,0.05075674130549788,12.556912033646663,0.0
4,0.56568545,0.14142136,0.0701,0.004042135611804359,0.1107266348739624,27.39310243590155,0.0
5,0.70710677,0.21213204,0.0701,0.005716443181545683,0.12488804158958434,21.847158735480612,0.0
6,0.8485281,0.21213204,0.0701,0.004042135611804359,0.1066323554354477,26.380202367294732,0.0
7,0.9899494,0.28284273,0.0701,0.004042135611804359,0.07280072605679512,18.01046106523323,0.0
