Tile Number, Tile x cohordinate [m], Tile y cohordinate [m], area_m2[m2], Tile z cohordinate [m],absorbedPARTile [umol^s-1],absorbedPARTilem2 [umol m^-2 m^-1],Thermal time[dd]
1,0.1118034,0.0,0.0701,0.00108033979058772,0.00857358988172898,7.936012314296807,0.0
2,0.22360681,0.0559017,0.0701,0.0012078565728149138,0.01727339931425169,14.300869575926532,0.0
3,0.3354102,0.0559017,0.0701,0.00108033979058772,0.009411507362789734,8.711617812086457,0.0
4,0.44721362,0.1118034,0.0701,0.00108033979058772,0.02613683744065523,24.193163732714527,0.0
5,0.559017,0.1677051,0.0701,0.0012078565728149138,0.01176210522278569,9.737998275220761,0.0
6,0.6708204,0.1677051,0.0701,0.00108033979058772,0.020487207320797146,18.9636700409339,0.0
7,0.7826238,0.22360681,0.0701,0.00108033979058772,0.012083528391026277,11.184933200000593,0.0
