Tile Number, Tile x cohordinate [m], Tile y cohordinate [m], area_m2[m2], Tile z cohordinate [m],absorbedPARTile [umol^s-1],absorbedPARTilem2 [umol m^-2 m^-1],Thermal time[dd]
1,0.14142136,0.0,0.0701,0.004042135611804359,0.12435265271583558,30.76409716504442,0.0
2,0.28284273,0.07071068,0.0701,0.005716443181545683,0.2013054787374878,35.21516305582457,0.0
3,0.4242641,0.07071068,0.0701,0.004042135611804359,0.16451949328445437,40.701131551352105,0.0
4,0.56568545,0.14142136,0.0701,0.004042135611804359,0.11493161565757752,28.433389350406646,0.0
5,0.70710677,0.21213204,0.0701,0.005716443181545683,0.16328962936203004,28.564900266861002,0.0
6,0.8485281,0.21213204,0.0701,0.004042135611804359,0.17189255565795897,42.52518276625268,0.0
7,0.9899494,0.28284273,0.0701,0.004042135611804359,0.07326424484570503,18.125132821310952,0.0
