Tile Number, Tile x cohordinate [m], Tile y cohordinate [m], area_m2[m2], Tile z cohordinate [m],absorbedPARTile [umol^s-1],absorbedPARTilem2 [umol m^-2 m^-1],Thermal time[dd]
1,0.1118034,0.0,0.0701,0.00108033979058772,0.017447224166942388,16.14975614056653,0.0
2,0.22360681,0.0559017,0.0701,0.0012078565728149138,0.018497171399865717,15.31404623378254,0.0
3,0.3354102,0.0559017,0.0701,0.00108033979058772,0.024491621149586737,22.670294441587636,0.0
4,0.44721362,0.1118034,0.0701,0.00108033979058772,0.012759345342716546,11.810492822610268,0.0
5,0.559017,0.1677051,0.0701,0.0012078565728149138,0.01172260719227448,9.705297347478025,0.0
6,0.6708204,0.1677051,0.0701,0.00108033979058772,0.019661562169988905,18.199424237899024,0.0
7,0.7826238,0.22360681,0.0701,0.00108033979058772,0.01698201334080715,15.719140856201083,0.0
