Tile Number, Tile x cohordinate [m], Tile y cohordinate [m], area_m2[m2], Tile z cohordinate [m],absorbedPARTile [umol^s-1],absorbedPARTilem2 [umol m^-2 m^-1],Thermal time[dd]
1,0.14142136,0.0,0.0701,0.004042135611804359,0.04992572394445905,12.351323344684328,0.0
2,0.28284273,0.07071068,0.0701,0.005716443181545683,0.15150290912510156,26.503002708781636,0.0
3,0.4242641,0.07071068,0.0701,0.004042135611804359,0.019053404930645466,4.713697599606328,0.0
4,0.56568545,0.14142136,0.0701,0.004042135611804359,0.10639247544521155,26.320857502779145,0.0
5,0.70710677,0.21213204,0.0701,0.005716443181545683,0.04023271586925532,7.038068006892479,0.0
6,0.8485281,0.21213204,0.0701,0.004042135611804359,0.05091887351624835,12.597022565880415,0.0
7,0.9899494,0.28284273,0.0701,0.004042135611804359,0.03725039434880328,9.21552316058371,0.0
