Tile Number, Tile x cohordinate [m], Tile y cohordinate [m], area_m2[m2], Tile z cohordinate [m],absorbedPARTile [umol^s-1],absorbedPARTilem2 [umol m^-2 m^-1],Thermal time[dd]
1,0.14142136,0.0,0.0701,0.004042135611804359,0.05802313076700209,14.354573012730091,0.0
2,0.28284273,0.07071068,0.0701,0.005716443181545683,0.07661493092126369,13.402552686712367,0.0
3,0.4242641,0.07071068,0.0701,0.004042135611804359,0.01580430073381931,3.9098887943456373,0.0
4,0.56568545,0.14142136,0.0701,0.004042135611804359,0.02773248281473518,6.860849184215208,0.0
5,0.70710677,0.21213204,0.0701,0.005716443181545683,0.07392535142395355,12.932053914679985,0.0
6,0.8485281,0.21213204,0.0701,0.004042135611804359,0.07572455374628664,18.733798422088103,0.0
7,0.9899494,0.28284273,0.0701,0.004042135611804359,0.02631228388869032,6.509500525378178,0.0
