Tile Number, Tile x cohordinate [m], Tile y cohordinate [m], area_m2[m2], Tile z cohordinate [m],absorbedPARTile [umol^s-1],absorbedPARTilem2 [umol m^-2 m^-1],Thermal time[dd]
1,0.1118034,0.0,0.0701,0.00108033979058772,0.010379863266522193,9.607961640360763,0.0
2,0.22360681,0.0559017,0.0701,0.0012078565728149138,0.03117029955761969,25.80629212041062,0.0
3,0.3354102,0.0559017,0.0701,0.00108033979058772,0.013517821325489279,12.512564512814432,0.0
4,0.44721362,0.1118034,0.0701,0.00108033979058772,0.017566802817313678,16.260442288955304,0.0
5,0.559017,0.1677051,0.0701,0.0012078565728149138,0.018678509268755018,15.464178188992001,0.0
6,0.6708204,0.1677051,0.0701,0.00108033979058772,0.01613618709100753,14.936214727617521,0.0
7,0.7826238,0.22360681,0.0701,0.00108033979058772,0.01782338882850081,16.497947204929513,0.0
