Tile Number, Tile x cohordinate [m], Tile y cohordinate [m], area_m2[m2], Tile z cohordinate [m],absorbedPARTile [umol^s-1],absorbedPARTilem2 [umol m^-2 m^-1],Thermal time[dd]
1,0.1118034,0.0,0.0701,0.00108033979058772,0.032105728933224685,29.718176830049664,0.0
2,0.22360681,0.0559017,0.0701,0.0012078565728149138,0.04003618702781677,33.14647444813112,0.0
3,0.3354102,0.0559017,0.0701,0.00108033979058772,0.03266660325982631,30.237341570151017,0.0
4,0.44721362,0.1118034,0.0701,0.00108033979058772,0.015428709962617849,14.281349346786918,0.0
5,0.559017,0.1677051,0.0701,0.0012078565728149138,0.009622078398184849,7.966242528084741,0.0
6,0.6708204,0.1677051,0.0701,0.00108033979058772,0.011515411555481553,10.659064542292763,0.0
7,0.7826238,0.22360681,0.0701,0.00108033979058772,0.012332753334833978,11.415624456565457,0.0
