Tile Number, Tile x cohordinate [m], Tile y cohordinate [m], area_m2[m2], Tile z cohordinate [m],absorbedPARTile [umol^s-1],absorbedPARTilem2 [umol m^-2 m^-1],Thermal time[dd]
1,0.14142136,0.0,0.0701,0.004042135611804359,0.07046340642379134,17.432222268351197,0.0
2,0.28284273,0.07071068,0.0701,0.005716443181545683,0.1156565789526939,20.232262489036277,0.0
3,0.4242641,0.07071068,0.0701,0.004042135611804359,0.0477623017899406,11.816105736398116,0.0
4,0.56568545,0.14142136,0.0701,0.004042135611804359,0.050199424557443265,12.419035227527871,0.0
5,0.70710677,0.21213204,0.0701,0.005716443181545683,0.04792205109822751,8.383193810608251,0.0
6,0.8485281,0.21213204,0.0701,0.004042135611804359,0.10858778435774803,26.863963702908965,0.0
7,0.9899494,0.28284273,0.0701,0.004042135611804359,0.03216991030827992,7.958642014467117,0.0
