Tile Number, Tile x cohordinate [m], Tile y cohordinate [m], area_m2[m2], Tile z cohordinate [m],absorbedPARTile [umol^s-1],absorbedPARTilem2 [umol m^-2 m^-1],Thermal time[dd]
1,0.14142136,0.0,0.0701,0.004042135611804359,0.1198946438170433,29.66121261911938,0.0
2,0.28284273,0.07071068,0.0701,0.005716443181545683,0.3824862511220296,66.90983168638934,0.0
3,0.4242641,0.07071068,0.0701,0.004042135611804359,0.14255664424257278,35.26765500550271,0.0
4,0.56568545,0.14142136,0.0701,0.004042135611804359,0.1540838555983543,38.11941765347481,0.0
5,0.70710677,0.21213204,0.0701,0.005716443181545683,0.298833318128713,52.27609347949659,0.0
6,0.8485281,0.21213204,0.0701,0.004042135611804359,0.13776917076845965,34.08326290838154,0.0
7,0.9899494,0.28284273,0.0701,0.004042135611804359,0.13085089799121616,32.37172389988319,0.0
