Tile Number, Tile x cohordinate [m], Tile y cohordinate [m], area_m2[m2], Tile z cohordinate [m],absorbedPARTile [umol^s-1],absorbedPARTilem2 [umol m^-2 m^-1],Thermal time[dd]
1,0.14142136,0.0,0.0701,0.004042135611804359,0.16941719313583375,41.91279299019065,0.0
2,0.28284273,0.07071068,0.0701,0.005716443181545683,0.3196880475606282,55.924293727378036,0.0
3,0.4242641,0.07071068,0.0701,0.004042135611804359,0.049545367521857224,12.257225457050112,0.0
4,0.56568545,0.14142136,0.0701,0.004042135611804359,0.06016859993467033,14.88534916022073,0.0
5,0.70710677,0.21213204,0.0701,0.005716443181545683,0.1376442868884404,24.078659144692562,0.0
6,0.8485281,0.21213204,0.0701,0.004042135611804359,0.2282917002796809,56.477991389748134,0.0
7,0.9899494,0.28284273,0.0701,0.004042135611804359,0.27212682132981614,67.32253626897543,0.0
