Tile Number, Tile x cohordinate [m], Tile y cohordinate [m], area_m2[m2], Tile z cohordinate [m],absorbedPARTile [umol^s-1],absorbedPARTilem2 [umol m^-2 m^-1],Thermal time[dd]
1,0.14142136,0.0,0.0701,0.004042135611804359,0.1886932514242554,46.68157368921748,0.0
2,0.28284273,0.07071068,0.0701,0.005716443181545683,0.25624656525390627,44.8262244748874,0.0
3,0.4242641,0.07071068,0.0701,0.004042135611804359,0.12181976080375673,30.137474964472528,0.0
4,0.56568545,0.14142136,0.0701,0.004042135611804359,0.2080694694744873,51.475133309940496,0.0
5,0.70710677,0.21213204,0.0701,0.005716443181545683,0.2265078455091095,39.62391268758548,0.0
6,0.8485281,0.21213204,0.0701,0.004042135611804359,0.18746565383335112,46.37787344043828,0.0
7,0.9899494,0.28284273,0.0701,0.004042135611804359,0.15980866903324129,39.53570201023133,0.0
