Tile Number, Tile x cohordinate [m], Tile y cohordinate [m], area_m2[m2], Tile z cohordinate [m],absorbedPARTile [umol^s-1],absorbedPARTilem2 [umol m^-2 m^-1],Thermal time[dd]
1,0.14142136,0.0,0.0701,0.004042135611804359,0.09587901791854381,23.719891445142434,0.0
2,0.28284273,0.07071068,0.0701,0.005716443181545683,0.10396593766870497,18.187172401946864,0.0
3,0.4242641,0.07071068,0.0701,0.004042135611804359,0.04942830831192613,12.228265713693347,0.0
4,0.56568545,0.14142136,0.0701,0.004042135611804359,0.3372902521896362,83.44357651055502,0.0
5,0.70710677,0.21213204,0.0701,0.005716443181545683,0.2726560168382263,47.696794698920144,0.0
6,0.8485281,0.21213204,0.0701,0.004042135611804359,0.10359249655769183,25.62815959345051,0.0
7,0.9899494,0.28284273,0.0701,0.004042135611804359,0.17982134037322997,44.48671634076125,0.0
