Tile Number, Tile x cohordinate [m], Tile y cohordinate [m], area_m2[m2], Tile z cohordinate [m],absorbedPARTile [umol^s-1],absorbedPARTilem2 [umol m^-2 m^-1],Thermal time[dd]
1,0.1118034,0.0,0.0701,0.00108033979058772,0.019286021023677585,17.851810320885914,0.0
2,0.22360681,0.0559017,0.0701,0.0012078565728149138,0.01530281607022375,12.669398349640543,0.0
3,0.3354102,0.0559017,0.0701,0.00108033979058772,0.022985177575768085,21.275877993222696,0.0
4,0.44721362,0.1118034,0.0701,0.00108033979058772,0.018449735994571073,17.07771587727428,0.0
5,0.559017,0.1677051,0.0701,0.0012078565728149138,0.020499139435236603,16.97150133269821,0.0
6,0.6708204,0.1677051,0.0701,0.00108033979058772,0.026258336337550137,24.305627327921744,0.0
7,0.7826238,0.22360681,0.0701,0.00108033979058772,0.017916194901044964,16.583851726222456,0.0
