Tile Number, Tile x cohordinate [m], Tile y cohordinate [m], area_m2[m2], Tile z cohordinate [m],absorbedPARTile [umol^s-1],absorbedPARTilem2 [umol m^-2 m^-1],Thermal time[dd]
1,0.1118034,0.0,0.0701,0.00108033979058772,0.0032596332284691933,3.0172296317031027,0.0
2,0.22360681,0.0559017,0.0701,0.0012078565728149138,0.0069357001965439985,5.742155445145549,0.0
3,0.3354102,0.0559017,0.0701,0.00108033979058772,0.005014031457628943,4.641161513546807,0.0
4,0.44721362,0.1118034,0.0701,0.00108033979058772,0.007082374754258897,6.555691844327965,0.0
5,0.559017,0.1677051,0.0701,0.0012078565728149138,0.002880145489500234,2.384509514062622,0.0
6,0.6708204,0.1677051,0.0701,0.00108033979058772,0.002314426495146588,2.14231347888011,0.0
7,0.7826238,0.22360681,0.0701,0.00108033979058772,0.0013911197446089634,1.287668710093678,0.0
