Tile Number, Tile x cohordinate [m], Tile y cohordinate [m], area_m2[m2], Tile z cohordinate [m],absorbedPARTile [umol^s-1],absorbedPARTilem2 [umol m^-2 m^-1],Thermal time[dd]
1,0.14142136,0.0,0.0701,0.004042135611804359,0.17728283198402406,43.85870465758253,0.0
2,0.28284273,0.07071068,0.0701,0.005716443181545683,0.2984299912039185,52.205537906391875,0.0
3,0.4242641,0.07071068,0.0701,0.004042135611804359,0.2573568273596191,63.668528737148975,0.0
4,0.56568545,0.14142136,0.0701,0.004042135611804359,0.2238100622799683,55.36926114660024,0.0
5,0.70710677,0.21213204,0.0701,0.005716443181545683,0.3120276560980224,54.58423117111303,0.0
6,0.8485281,0.21213204,0.0701,0.004042135611804359,0.1590265624687195,39.3422135576822,0.0
7,0.9899494,0.28284273,0.0701,0.004042135611804359,0.19499218682525635,48.239892361803825,0.0
