Tile Number, Tile x cohordinate [m], Tile y cohordinate [m], area_m2[m2], Tile z cohordinate [m],absorbedPARTile [umol^s-1],absorbedPARTilem2 [umol m^-2 m^-1],Thermal time[dd]
1,0.1118034,0.0,0.0701,0.00108033979058772,0.014276420372547487,13.214750115591796,0.0
2,0.22360681,0.0559017,0.0701,0.0012078565728149138,0.002241592617209407,1.8558433738414553,0.0
3,0.3354102,0.0559017,0.0701,0.00108033979058772,0.01465104455744499,13.561515261299983,0.0
4,0.44721362,0.1118034,0.0701,0.00108033979058772,0.0071248266187743745,6.594986763283401,0.0
5,0.559017,0.1677051,0.0701,0.0012078565728149138,0.00606966644296336,5.025154955954731,0.0
6,0.6708204,0.1677051,0.0701,0.00108033979058772,0.03634407745486227,33.64133930037936,0.0
7,0.7826238,0.22360681,0.0701,0.00108033979058772,0.0026126184374001323,2.418330288453813,0.0
