Tile Number, Tile x cohordinate [m], Tile y cohordinate [m], area_m2[m2], Tile z cohordinate [m],absorbedPARTile [umol^s-1],absorbedPARTilem2 [umol m^-2 m^-1],Thermal time[dd]
1,0.14142136,0.0,0.0701,0.004042135611804359,0.09731623085600535,24.075449267909296,0.0
2,0.28284273,0.07071068,0.0701,0.005716443181545683,0.16350241769650775,28.602124171257472,0.0
3,0.4242641,0.07071068,0.0701,0.004042135611804359,0.05737773930375905,14.194907052647434,0.0
4,0.56568545,0.14142136,0.0701,0.004042135611804359,0.053313176866273085,13.189358791075973,0.0
5,0.70710677,0.21213204,0.0701,0.005716443181545683,0.10498764704721571,18.36590406183795,0.0
6,0.8485281,0.21213204,0.0701,0.004042135611804359,0.07328596490787287,18.130506233846745,0.0
7,0.9899494,0.28284273,0.0701,0.004042135611804359,0.04890652790722798,12.099180384845305,0.0
