Tile Number, Tile x cohordinate [m], Tile y cohordinate [m], area_m2[m2], Tile z cohordinate [m],absorbedPARTile [umol^s-1],absorbedPARTilem2 [umol m^-2 m^-1],Thermal time[dd]
1,0.1118034,0.0,0.0701,0.00108033979058772,0.01717985713259069,15.902271935429324,0.0
2,0.22360681,0.0559017,0.0701,0.0012078565728149138,0.002518236456423237,2.08488036833254,0.0
3,0.3354102,0.0559017,0.0701,0.00108033979058772,0.016051522208265178,14.857845974119796,0.0
4,0.44721362,0.1118034,0.0701,0.00108033979058772,0.017090117604446366,15.81920591404775,0.0
5,0.559017,0.1677051,0.0701,0.0012078565728149138,0.003909197391663593,3.236474826272788,0.0
6,0.6708204,0.1677051,0.0701,0.00108033979058772,0.007681675613036565,7.110425516084737,0.0
7,0.7826238,0.22360681,0.0701,0.00108033979058772,0.02438107672929168,22.56797069006228,0.0
