Tile Number, Tile x cohordinate [m], Tile y cohordinate [m], area_m2[m2], Tile z cohordinate [m],absorbedPARTile [umol^s-1],absorbedPARTilem2 [umol m^-2 m^-1],Thermal time[dd]
1,0.14142136,0.0,0.0701,0.004042135611804359,0.013641518627221884,3.3748295300593534,0.0
2,0.28284273,0.07071068,0.0701,0.005716443181545683,0.16889603870834347,29.545651613154888,0.0
3,0.4242641,0.07071068,0.0701,0.004042135611804359,0.04822529223916911,11.93064678442145,0.0
4,0.56568545,0.14142136,0.0701,0.004042135611804359,0.06459472809347272,15.98034660312607,0.0
5,0.70710677,0.21213204,0.0701,0.005716443181545683,0.09120472410478352,15.954802874489946,0.0
6,0.8485281,0.21213204,0.0701,0.004042135611804359,0.03244218639177237,8.026001477295953,0.0
7,0.9899494,0.28284273,0.0701,0.004042135611804359,0.05984587352991462,14.805508591830783,0.0
