Tile Number, Tile x cohordinate [m], Tile y cohordinate [m], area_m2[m2], Tile z cohordinate [m],absorbedPARTile [umol^s-1],absorbedPARTilem2 [umol m^-2 m^-1],Thermal time[dd]
1,0.1118034,0.0,0.0701,0.00108033979058772,0.005278432973355328,4.885900731735325,0.0
2,0.22360681,0.0559017,0.0701,0.0012078565728149138,0.001976447800394539,1.6363265679702523,0.0
3,0.3354102,0.0559017,0.0701,0.00108033979058772,0.004430246426317469,4.100789830121275,0.0
4,0.44721362,0.1118034,0.0701,0.00108033979058772,0.00796386428510673,7.3716291434329895,0.0
5,0.559017,0.1677051,0.0701,0.0012078565728149138,0.0042167307499727975,3.4910856511263524,0.0
6,0.6708204,0.1677051,0.0701,0.00108033979058772,0.00350271619086206,3.242235657132034,0.0
7,0.7826238,0.22360681,0.0701,0.00108033979058772,0.007306075400567249,6.762756925386079,0.0
