Tile Number, Tile x cohordinate [m], Tile y cohordinate [m], area_m2[m2], Tile z cohordinate [m],absorbedPARTile [umol^s-1],absorbedPARTilem2 [umol m^-2 m^-1],Thermal time[dd]
1,0.14142136,0.0,0.0701,0.004042135611804359,0.25337160187072755,62.68260795872348,0.0
2,0.28284273,0.07071068,0.0701,0.005716443181545683,0.2385100580212911,41.72350716110849,0.0
3,0.4242641,0.07071068,0.0701,0.004042135611804359,0.2676585227617264,66.21710612085252,0.0
4,0.56568545,0.14142136,0.0701,0.004042135611804359,0.15622166774648033,38.64829950045761,0.0
5,0.70710677,0.21213204,0.0701,0.005716443181545683,0.25710341090914407,44.97611587204218,0.0
6,0.8485281,0.21213204,0.0701,0.004042135611804359,0.10021525600456001,24.79265062555018,0.0
7,0.9899494,0.28284273,0.0701,0.004042135611804359,0.15119650043955743,37.40510338099843,0.0
