Tile Number, Tile x cohordinate [m], Tile y cohordinate [m], area_m2[m2], Tile z cohordinate [m],absorbedPARTile [umol^s-1],absorbedPARTilem2 [umol m^-2 m^-1],Thermal time[dd]
1,0.14142136,0.0,0.0701,0.004042135611804359,0.11755348789904912,29.08202474844101,0.0
2,0.28284273,0.07071068,0.0701,0.005716443181545683,0.2201053475646973,38.50389841628453,0.0
3,0.4242641,0.07071068,0.0701,0.004042135611804359,0.07809289787320792,19.319712491869666,0.0
4,0.56568545,0.14142136,0.0701,0.004042135611804359,0.10101846991031824,24.991360907167792,0.0
5,0.70710677,0.21213204,0.0701,0.005716443181545683,0.12160051401647329,21.272058543157502,0.0
6,0.8485281,0.21213204,0.0701,0.004042135611804359,0.053201036585364674,13.16161596112714,0.0
7,0.9899494,0.28284273,0.0701,0.004042135611804359,0.04362066353356129,10.791489381547386,0.0
