Tile Number, Tile x cohordinate [m], Tile y cohordinate [m], area_m2[m2], Tile z cohordinate [m],absorbedPARTile [umol^s-1],absorbedPARTilem2 [umol m^-2 m^-1],Thermal time[dd]
1,0.14142136,0.0,0.0701,0.004042135611804359,0.06648299565681458,16.4474926231229,0.0
2,0.28284273,0.07071068,0.0701,0.005716443181545683,0.056219726076698305,9.834738891167797,0.0
3,0.4242641,0.07071068,0.0701,0.004042135611804359,0.045206544038994316,11.183826665037266,0.0
4,0.56568545,0.14142136,0.0701,0.004042135611804359,0.05979988852613807,14.79413217891622,0.0
5,0.70710677,0.21213204,0.0701,0.005716443181545683,0.11148595573781969,19.502678885662384,0.0
6,0.8485281,0.21213204,0.0701,0.004042135611804359,0.029358000042209995,7.262992353961362,0.0
7,0.9899494,0.28284273,0.0701,0.004042135611804359,0.08231220497664929,20.363543651596128,0.0
