Tile Number, Tile x cohordinate [m], Tile y cohordinate [m], area_m2[m2], Tile z cohordinate [m],absorbedPARTile [umol^s-1],absorbedPARTilem2 [umol m^-2 m^-1],Thermal time[dd]
1,0.1118034,0.0,0.0701,0.00108033979058772,7.090190759637141E-4,0.6562926610136223,0.0
2,0.22360681,0.0559017,0.0701,0.0012078565728149138,0.0045528359347432315,3.7693514587852364,0.0
3,0.3354102,0.0559017,0.0701,0.00108033979058772,0.0028300032775969075,2.6195492402046456,0.0
4,0.44721362,0.1118034,0.0701,0.00108033979058772,0.0034696725764777675,3.2116493409820785,0.0
5,0.559017,0.1677051,0.0701,0.0012078565728149138,0.0010952976514496404,0.9068110205312254,0.0
6,0.6708204,0.1677051,0.0701,0.00108033979058772,5.573381751693748E-4,0.5158915556245272,0.0
7,0.7826238,0.22360681,0.0701,0.00108033979058772,0.003999250071333968,3.7018446475606717,0.0
