Tile Number, Tile x cohordinate [m], Tile y cohordinate [m], area_m2[m2], Tile z cohordinate [m],absorbedPARTile [umol^s-1],absorbedPARTilem2 [umol m^-2 m^-1],Thermal time[dd]
1,0.14142136,0.0,0.0701,0.004042135611804359,0.07340306636993091,18.159476430125185,0.0
2,0.28284273,0.07071068,0.0701,0.005716443181545683,0.1827238815710902,31.964610819709584,0.0
3,0.4242641,0.07071068,0.0701,0.004042135611804359,0.12172029084335961,30.1128666954905,0.0
4,0.56568545,0.14142136,0.0701,0.004042135611804359,0.09958479149519485,24.636677503934962,0.0
5,0.70710677,0.21213204,0.0701,0.005716443181545683,0.2137124836713791,37.38556946762005,0.0
6,0.8485281,0.21213204,0.0701,0.004042135611804359,0.042416850778070336,10.493673357766435,0.0
7,0.9899494,0.28284273,0.0701,0.004042135611804359,0.2509127245170593,62.07429651402887,0.0
