Tile Number, Tile x cohordinate [m], Tile y cohordinate [m], area_m2[m2], Tile z cohordinate [m],absorbedPARTile [umol^s-1],absorbedPARTilem2 [umol m^-2 m^-1],Thermal time[dd]
1,0.14142136,0.0,0.0701,0.004042135611804359,0.06678498447052002,16.52220283641301,0.0
2,0.28284273,0.07071068,0.0701,0.005716443181545683,0.06223956507575989,10.887813120698382,0.0
3,0.4242641,0.07071068,0.0701,0.004042135611804359,0.04495895758227707,11.122575267139032,0.0
4,0.56568545,0.14142136,0.0701,0.004042135611804359,0.11093695622440339,27.445134670996975,0.0
5,0.70710677,0.21213204,0.0701,0.005716443181545683,0.22797385383255003,39.88036731800553,0.0
6,0.8485281,0.21213204,0.0701,0.004042135611804359,0.1291255718604851,31.9448886087335,0.0
7,0.9899494,0.28284273,0.0701,0.004042135611804359,0.18230343778816221,45.10077228873185,0.0
