Tile Number, Tile x cohordinate [m], Tile y cohordinate [m], area_m2[m2], Tile z cohordinate [m],absorbedPARTile [umol^s-1],absorbedPARTilem2 [umol m^-2 m^-1],Thermal time[dd]
1,0.1118034,0.0,0.0701,0.00108033979058772,0.02257119695543557,20.89268316513319,0.0
2,0.22360681,0.0559017,0.0701,0.0012078565728149138,0.011247460737752877,9.311917483332174,0.0
3,0.3354102,0.0559017,0.0701,0.00108033979058772,0.002233313781053419,2.067232735951034,0.0
4,0.44721362,0.1118034,0.0701,0.00108033979058772,0.00996285928263546,9.221968282049044,0.0
5,0.559017,0.1677051,0.0701,0.0012078565728149138,0.01453885209086868,12.03690274002139,0.0
6,0.6708204,0.1677051,0.0701,0.00108033979058772,0.005568279660232591,5.154192883336611,0.0
7,0.7826238,0.22360681,0.0701,0.00108033979058772,0.0011337222186390077,1.0494126278753901,0.0
