Tile Number, Tile x cohordinate [m], Tile y cohordinate [m], area_m2[m2], Tile z cohordinate [m],absorbedPARTile [umol^s-1],absorbedPARTilem2 [umol m^-2 m^-1],Thermal time[dd]
1,0.14142136,0.0,0.0701,0.004042135611804359,0.27965196237589524,69.18421083132885,0.0
2,0.28284273,0.07071068,0.0701,0.005716443181545683,0.29723638265037533,51.99673524438056,0.0
3,0.4242641,0.07071068,0.0701,0.004042135611804359,0.1969094377563298,48.7142086923778,0.0
4,0.56568545,0.14142136,0.0701,0.004042135611804359,0.17092579137001032,42.286011105330324,0.0
5,0.70710677,0.21213204,0.0701,0.005716443181545683,0.1686909176071167,29.509768968175763,0.0
6,0.8485281,0.21213204,0.0701,0.004042135611804359,0.14725396322675546,36.42974342491768,0.0
7,0.9899494,0.28284273,0.0701,0.004042135611804359,0.10988829234446287,27.185701544389822,0.0
