Tile Number, Tile x cohordinate [m], Tile y cohordinate [m], area_m2[m2], Tile z cohordinate [m],absorbedPARTile [umol^s-1],absorbedPARTilem2 [umol m^-2 m^-1],Thermal time[dd]
1,0.14142136,0.0,0.0701,0.004042135611804359,0.11436037447752952,28.29206772369531,0.0
2,0.28284273,0.07071068,0.0701,0.005716443181545683,0.3192532765398661,55.84823751428287,0.0
3,0.4242641,0.07071068,0.0701,0.004042135611804359,0.23696965094324746,58.624864106790106,0.0
4,0.56568545,0.14142136,0.0701,0.004042135611804359,0.13990683638095858,34.61210850333294,0.0
5,0.70710677,0.21213204,0.0701,0.005716443181545683,0.19741643936882022,34.534838027628275,0.0
6,0.8485281,0.21213204,0.0701,0.004042135611804359,0.1956677916790009,48.40703293268709,0.0
7,0.9899494,0.28284273,0.0701,0.004042135611804359,0.16390153095671336,40.54825139415591,0.0
