Tile Number, Tile x cohordinate [m], Tile y cohordinate [m], area_m2[m2], Tile z cohordinate [m],absorbedPARTile [umol^s-1],absorbedPARTilem2 [umol m^-2 m^-1],Thermal time[dd]
1,0.14142136,0.0,0.0701,0.004042135611804359,0.036963753708041905,9.144609992820538,0.0
2,0.28284273,0.07071068,0.0701,0.005716443181545683,0.09617279575160982,16.823887283981616,0.0
3,0.4242641,0.07071068,0.0701,0.004042135611804359,0.025534119129492938,6.316987251720341,0.0
4,0.56568545,0.14142136,0.0701,0.004042135611804359,0.05283212387039963,13.070349177823854,0.0
5,0.70710677,0.21213204,0.0701,0.005716443181545683,0.03075426493998202,5.379965122239927,0.0
6,0.8485281,0.21213204,0.0701,0.004042135611804359,0.05097213231515504,12.610198471891868,0.0
7,0.9899494,0.28284273,0.0701,0.004042135611804359,0.015022198505031737,3.716401414431025,0.0
