Tile Number, Tile x cohordinate [m], Tile y cohordinate [m], area_m2[m2], Tile z cohordinate [m],absorbedPARTile [umol^s-1],absorbedPARTilem2 [umol m^-2 m^-1],Thermal time[dd]
1,0.14142136,0.0,0.0701,0.004042135611804359,0.02443655175247811,6.045455694538148,0.0
2,0.28284273,0.07071068,0.0701,0.005716443181545683,0.09616413058895112,16.82237145282866,0.0
3,0.4242641,0.07071068,0.0701,0.004042135611804359,0.06807765795006752,16.842002468016776,0.0
4,0.56568545,0.14142136,0.0701,0.004042135611804359,0.0642548371709776,15.896259636448724,0.0
5,0.70710677,0.21213204,0.0701,0.005716443181545683,0.09004363093903542,15.751688257782753,0.0
6,0.8485281,0.21213204,0.0701,0.004042135611804359,0.05867333295493127,14.515429117119654,0.0
7,0.9899494,0.28284273,0.0701,0.004042135611804359,0.10761646289424898,26.62366462420847,0.0
