Tile Number, Tile x cohordinate [m], Tile y cohordinate [m], area_m2[m2], Tile z cohordinate [m],absorbedPARTile [umol^s-1],absorbedPARTilem2 [umol m^-2 m^-1],Thermal time[dd]
1,0.1118034,0.0,0.0701,0.00108033979058772,0.00652494548564958,6.039715969454313,0.0
2,0.22360681,0.0559017,0.0701,0.0012078565728149138,0.004377410663482894,3.624114619239372,0.0
3,0.3354102,0.0559017,0.0701,0.00108033979058772,0.003085770250142461,2.856296025590022,0.0
4,0.44721362,0.1118034,0.0701,0.00108033979058772,0.005006966440091536,4.634621888144726,0.0
5,0.559017,0.1677051,0.0701,0.0012078565728149138,0.0132564398366654,10.97517713197621,0.0
6,0.6708204,0.1677051,0.0701,0.00108033979058772,0.0075634089484786764,7.000953787293233,0.0
7,0.7826238,0.22360681,0.0701,0.00108033979058772,0.006281665600308231,5.814527665310668,0.0
