Tile Number, Tile x cohordinate [m], Tile y cohordinate [m], area_m2[m2], Tile z cohordinate [m],absorbedPARTile [umol^s-1],absorbedPARTilem2 [umol m^-2 m^-1],Thermal time[dd]
1,0.14142136,0.0,0.0701,0.004042135611804359,0.11879773849745096,29.38984485095519,0.0
2,0.28284273,0.07071068,0.0701,0.005716443181545683,0.2339339360417684,40.922988056100024,0.0
3,0.4242641,0.07071068,0.0701,0.004042135611804359,0.08772017711636224,21.701443380620532,0.0
4,0.56568545,0.14142136,0.0701,0.004042135611804359,0.09124451636900106,22.57334368063684,0.0
5,0.70710677,0.21213204,0.0701,0.005716443181545683,0.17424753406387963,30.481809847494088,0.0
6,0.8485281,0.21213204,0.0701,0.004042135611804359,0.12296544339319866,30.42090993535677,0.0
7,0.9899494,0.28284273,0.0701,0.004042135611804359,0.1473803475264495,36.46101013930622,0.0
