Tile Number, Tile x cohordinate [m], Tile y cohordinate [m], area_m2[m2], Tile z cohordinate [m],absorbedPARTile [umol^s-1],absorbedPARTilem2 [umol m^-2 m^-1],Thermal time[dd]
1,0.1118034,0.0,0.0701,0.00108033979058772,0.029947420052914082,27.72037123303796,0.0
2,0.22360681,0.0559017,0.0701,0.0012078565728149138,0.003652783339860162,3.0241863331068672,0.0
3,0.3354102,0.0559017,0.0701,0.00108033979058772,0.004187360904004448,3.8759665620817922,0.0
4,0.44721362,0.1118034,0.0701,0.00108033979058772,0.003265061922704995,3.022254619473708,0.0
5,0.559017,0.1677051,0.0701,0.0012078565728149138,0.019772801350266125,16.370156685230885,0.0
6,0.6708204,0.1677051,0.0701,0.00108033979058772,0.0038099640389155282,3.5266349273711883,0.0
7,0.7826238,0.22360681,0.0701,0.00108033979058772,0.0013394518969332373,1.2398431573130864,0.0
