Tile Number, Tile x cohordinate [m], Tile y cohordinate [m], area_m2[m2], Tile z cohordinate [m],absorbedPARTile [umol^s-1],absorbedPARTilem2 [umol m^-2 m^-1],Thermal time[dd]
1,0.14142136,0.0,0.0701,0.004042135611804359,0.0571737092927897,14.14443125703743,0.0
2,0.28284273,0.07071068,0.0701,0.005716443181545683,0.09912931694333077,17.34108322170482,0.0
3,0.4242641,0.07071068,0.0701,0.004042135611804359,0.08516306932680132,21.068830317839232,0.0
4,0.56568545,0.14142136,0.0701,0.004042135611804359,0.06322908977282882,15.642495909384923,0.0
5,0.70710677,0.21213204,0.0701,0.005716443181545683,0.04787168855368927,8.374383691634128,0.0
6,0.8485281,0.21213204,0.0701,0.004042135611804359,0.04819252533608407,11.922540449990375,0.0
7,0.9899494,0.28284273,0.0701,0.004042135611804359,0.04538268233573564,11.227402218570637,0.0
