Tile Number, Tile x cohordinate [m], Tile y cohordinate [m], area_m2[m2], Tile z cohordinate [m],absorbedPARTile [umol^s-1],absorbedPARTilem2 [umol m^-2 m^-1],Thermal time[dd]
1,0.14142136,0.0,0.0701,0.004042135611804359,0.08143981336259046,20.147719221680624,0.0
2,0.28284273,0.07071068,0.0701,0.005716443181545683,0.18346964137326874,32.095069529521666,0.0
3,0.4242641,0.07071068,0.0701,0.004042135611804359,0.1604886640423775,39.70392867911162,0.0
4,0.56568545,0.14142136,0.0701,0.004042135611804359,0.08078663453119816,19.98612671362998,0.0
5,0.70710677,0.21213204,0.0701,0.005716443181545683,0.07520717341157099,13.15628810137767,0.0
6,0.8485281,0.21213204,0.0701,0.004042135611804359,0.05031144903703915,12.446749408929588,0.0
7,0.9899494,0.28284273,0.0701,0.004042135611804359,0.028862163816616822,7.140325458732719,0.0
