Tile Number, Tile x cohordinate [m], Tile y cohordinate [m], area_m2[m2], Tile z cohordinate [m],absorbedPARTile [umol^s-1],absorbedPARTilem2 [umol m^-2 m^-1],Thermal time[dd]
1,0.1118034,0.0,0.0701,0.00108033979058772,0.012058981636921763,11.162211872582708,0.0
2,0.22360681,0.0559017,0.0701,0.0012078565728149138,0.005087998126766357,4.212419124324306,0.0
3,0.3354102,0.0559017,0.0701,0.00108033979058772,0.007617831595266943,7.051329277729127,0.0
4,0.44721362,0.1118034,0.0701,0.00108033979058772,0.004218979866265481,3.905234170788338,0.0
5,0.559017,0.1677051,0.0701,0.0012078565728149138,0.007019437797267139,5.811482882366005,0.0
6,0.6708204,0.1677051,0.0701,0.00108033979058772,0.003789978384818353,3.508135512398883,0.0
7,0.7826238,0.22360681,0.0701,0.00108033979058772,0.002863500016773604,2.650554984386736,0.0
