Tile Number, Tile x cohordinate [m], Tile y cohordinate [m], area_m2[m2], Tile z cohordinate [m],absorbedPARTile [umol^s-1],absorbedPARTilem2 [umol m^-2 m^-1],Thermal time[dd]
1,0.1118034,0.0,0.0701,0.00108033979058772,0.003584760425311853,3.3181786476287183,0.0
2,0.22360681,0.0559017,0.0701,0.0012078565728149138,0.003686678145596168,3.0522482789528165,0.0
3,0.3354102,0.0559017,0.0701,0.00108033979058772,0.004161864950761039,3.852366623001941,0.0
4,0.44721362,0.1118034,0.0701,0.00108033979058772,0.003186367511024343,2.9494123411773203,0.0
5,0.559017,0.1677051,0.0701,0.0012078565728149138,0.0035175799563105796,2.912249711994238,0.0
6,0.6708204,0.1677051,0.0701,0.00108033979058772,0.005208054349234864,4.820755834978188,0.0
7,0.7826238,0.22360681,0.0701,0.00108033979058772,0.0014387756417028339,1.331780662193438,0.0
