Tile Number, Tile x cohordinate [m], Tile y cohordinate [m], area_m2[m2], Tile z cohordinate [m],absorbedPARTile [umol^s-1],absorbedPARTilem2 [umol m^-2 m^-1],Thermal time[dd]
1,0.1118034,0.0,0.0701,0.00108033979058772,0.0039045952688152937,3.614228877648892,0.0
2,0.22360681,0.0559017,0.0701,0.0012078565728149138,0.005041369933874458,4.173815043391724,0.0
3,0.3354102,0.0559017,0.0701,0.00108033979058772,0.004411505420968428,4.083442505221906,0.0
4,0.44721362,0.1118034,0.0701,0.00108033979058772,0.006934218739053035,6.418553495359754,0.0
5,0.559017,0.1677051,0.0701,0.0012078565728149138,0.006172017756157127,5.109892925261167,0.0
6,0.6708204,0.1677051,0.0701,0.00108033979058772,0.0051312458788969366,4.7496592494343535,0.0
7,0.7826238,0.22360681,0.0701,0.00108033979058772,0.00799163148460187,7.39733142685998,0.0
