Tile Number, Tile x cohordinate [m], Tile y cohordinate [m], area_m2[m2], Tile z cohordinate [m],absorbedPARTile [umol^s-1],absorbedPARTilem2 [umol m^-2 m^-1],Thermal time[dd]
1,0.14142136,0.0,0.0701,0.004042135611804359,0.055099861568884065,13.631373823276594,0.0
2,0.28284273,0.07071068,0.0701,0.005716443181545683,0.18908511952466966,33.07740731773398,0.0
3,0.4242641,0.07071068,0.0701,0.004042135611804359,0.10202099434606232,25.23937941323087,0.0
4,0.56568545,0.14142136,0.0701,0.004042135611804359,0.1026783227844502,25.40199850905444,0.0
5,0.70710677,0.21213204,0.0701,0.005716443181545683,0.16575092873184286,28.995465093912657,0.0
6,0.8485281,0.21213204,0.0701,0.004042135611804359,0.09888125495843095,24.46262680293687,0.0
7,0.9899494,0.28284273,0.0701,0.004042135611804359,0.1122339405906708,27.766000790005894,0.0
