Tile Number, Tile x cohordinate [m], Tile y cohordinate [m], area_m2[m2], Tile z cohordinate [m],absorbedPARTile [umol^s-1],absorbedPARTilem2 [umol m^-2 m^-1],Thermal time[dd]
1,0.14142136,0.0,0.0701,0.004042135611804359,0.15005729131309511,37.12326990585835,0.0
2,0.28284273,0.07071068,0.0701,0.005716443181545683,0.22071650835510254,38.61081118896426,0.0
3,0.4242641,0.07071068,0.0701,0.004042135611804359,0.11309214102508545,27.978314407566973,0.0
4,0.56568545,0.14142136,0.0701,0.004042135611804359,0.09937697387040141,24.58526467548197,0.0
5,0.70710677,0.21213204,0.0701,0.005716443181545683,0.10931501503988264,19.122907648725146,0.0
6,0.8485281,0.21213204,0.0701,0.004042135611804359,0.0718421517010498,17.77331554420074,0.0
7,0.9899494,0.28284273,0.0701,0.004042135611804359,0.06985424787919046,17.28152011406871,0.0
