Tile Number, Tile x cohordinate [m], Tile y cohordinate [m], area_m2[m2], Tile z cohordinate [m],absorbedPARTile [umol^s-1],absorbedPARTilem2 [umol m^-2 m^-1],Thermal time[dd]
1,0.14142136,0.0,0.0701,0.004042135611804359,0.03050211380043475,7.546039205453323,0.0
2,0.28284273,0.07071068,0.0701,0.005716443181545683,0.08968734723293781,15.689362140863093,0.0
3,0.4242641,0.07071068,0.0701,0.004042135611804359,0.034188541721655606,8.458039265633214,0.0
4,0.56568545,0.14142136,0.0701,0.004042135611804359,0.14077967876454592,34.828044450914305,0.0
5,0.70710677,0.21213204,0.0701,0.005716443181545683,0.29296650245819095,51.24978822565241,0.0
6,0.8485281,0.21213204,0.0701,0.004042135611804359,0.14240433936202976,35.229975695561144,0.0
7,0.9899494,0.28284273,0.0701,0.004042135611804359,0.06993411170127542,17.30127794254228,0.0
