Tile Number, Tile x cohordinate [m], Tile y cohordinate [m], area_m2[m2], Tile z cohordinate [m],absorbedPARTile [umol^s-1],absorbedPARTilem2 [umol m^-2 m^-1],Thermal time[dd]
1,0.1118034,0.0,0.0701,0.00108033979058772,0.007798334943497564,7.218409440658629,0.0
2,0.22360681,0.0559017,0.0701,0.0012078565728149138,0.0032798883333524827,2.7154617585999405,0.0
3,0.3354102,0.0559017,0.0701,0.00108033979058772,0.0025344147537609933,2.3459422450618397,0.0
4,0.44721362,0.1118034,0.0701,0.00108033979058772,0.0019311994846390283,1.7875852592529513,0.0
5,0.559017,0.1677051,0.0701,0.0012078565728149138,0.0014968261088266364,1.2392415974839448,0.0
6,0.6708204,0.1677051,0.0701,0.00108033979058772,0.003710879375026747,3.4349187240506773,0.0
7,0.7826238,0.22360681,0.0701,0.00108033979058772,0.003661102298450873,3.388843334613439,0.0
