Tile Number, Tile x cohordinate [m], Tile y cohordinate [m], area_m2[m2], Tile z cohordinate [m],absorbedPARTile [umol^s-1],absorbedPARTilem2 [umol m^-2 m^-1],Thermal time[dd]
1,0.14142136,0.0,0.0701,0.004042135611804359,0.023643870049089487,5.849351016339393,0.0
2,0.28284273,0.07071068,0.0701,0.005716443181545683,0.11297129222759805,19.76251466861453,0.0
3,0.4242641,0.07071068,0.0701,0.004042135611804359,0.013468448148784647,3.3320129362934705,0.0
4,0.56568545,0.14142136,0.0701,0.004042135611804359,0.05342096928476413,13.216025986054849,0.0
5,0.70710677,0.21213204,0.0701,0.005716443181545683,0.06230818865565808,10.899817714764797,0.0
6,0.8485281,0.21213204,0.0701,0.004042135611804359,0.09187112805292111,22.728363636446865,0.0
7,0.9899494,0.28284273,0.0701,0.004042135611804359,0.014032300272716508,3.471506555034323,0.0
