Tile Number, Tile x cohordinate [m], Tile y cohordinate [m], area_m2[m2], Tile z cohordinate [m],absorbedPARTile [umol^s-1],absorbedPARTilem2 [umol m^-2 m^-1],Thermal time[dd]
1,0.14142136,0.0,0.0701,0.004042135611804359,0.26602187735778815,65.81220990728693,0.0
2,0.28284273,0.07071068,0.0701,0.005716443181545683,0.26402366350433354,46.18670301082981,0.0
3,0.4242641,0.07071068,0.0701,0.004042135611804359,0.20011897492660524,49.50822885362686,0.0
4,0.56568545,0.14142136,0.0701,0.004042135611804359,0.21984640196960448,54.388675463431014,0.0
5,0.70710677,0.21213204,0.0701,0.005716443181545683,0.3110189699246216,54.40777771196606,0.0
6,0.8485281,0.21213204,0.0701,0.004042135611804359,0.27688588839233397,68.4999007909919,0.0
7,0.9899494,0.28284273,0.0701,0.004042135611804359,0.23015471688491823,56.938890474825016,0.0
