Tile Number, Tile x cohordinate [m], Tile y cohordinate [m], area_m2[m2], Tile z cohordinate [m],absorbedPARTile [umol^s-1],absorbedPARTilem2 [umol m^-2 m^-1],Thermal time[dd]
1,0.14142136,0.0,0.0701,0.004042135611804359,0.06978911696270944,17.26540711768857,0.0
2,0.28284273,0.07071068,0.0701,0.005716443181545683,0.07794646611852647,13.63548340166487,0.0
3,0.4242641,0.07071068,0.0701,0.004042135611804359,0.052819537088112836,13.067235283710545,0.0
4,0.56568545,0.14142136,0.0701,0.004042135611804359,0.05232265720635117,12.944310194232939,0.0
5,0.70710677,0.21213204,0.0701,0.005716443181545683,0.3261178665966797,57.04908738522612,0.0
6,0.8485281,0.21213204,0.0701,0.004042135611804359,0.06950293798559844,17.19460816273138,0.0
7,0.9899494,0.28284273,0.0701,0.004042135611804359,0.08207546679280281,20.304976051054688,0.0
