Tile Number, Tile x cohordinate [m], Tile y cohordinate [m], area_m2[m2], Tile z cohordinate [m],absorbedPARTile [umol^s-1],absorbedPARTilem2 [umol m^-2 m^-1],Thermal time[dd]
1,0.1118034,0.0,0.0701,0.00108033979058772,0.0017725842683074203,1.640765510768709,0.0
2,0.22360681,0.0559017,0.0701,0.0012078565728149138,0.011225019017015609,9.293337693941313,0.0
3,0.3354102,0.0559017,0.0701,0.00108033979058772,0.00371989377018963,3.443262761029987,0.0
4,0.44721362,0.1118034,0.0701,0.00108033979058772,0.010105610213487565,9.354103497372778,0.0
5,0.559017,0.1677051,0.0701,0.0012078565728149138,0.006898545903979092,5.7113949282090735,0.0
6,0.6708204,0.1677051,0.0701,0.00108033979058772,0.015019870665914136,13.902913506261875,0.0
7,0.7826238,0.22360681,0.0701,0.00108033979058772,0.01044866744356771,9.671649174269042,0.0
