Tile Number, Tile x cohordinate [m], Tile y cohordinate [m], area_m2[m2], Tile z cohordinate [m],absorbedPARTile [umol^s-1],absorbedPARTilem2 [umol m^-2 m^-1],Thermal time[dd]
1,0.14142136,0.0,0.0701,0.004042135611804359,0.04792855766212658,11.85723643762953,0.0
2,0.28284273,0.07071068,0.0701,0.005716443181545683,0.09022123191751838,15.782756698916973,0.0
3,0.4242641,0.07071068,0.0701,0.004042135611804359,0.07824673474817444,19.35777080800267,0.0
4,0.56568545,0.14142136,0.0701,0.004042135611804359,0.03601437607782195,8.909739686280732,0.0
5,0.70710677,0.21213204,0.0701,0.005716443181545683,0.031300174714057785,5.47546327672839,0.0
6,0.8485281,0.21213204,0.0701,0.004042135611804359,0.22219859950322707,54.970594963299696,0.0
7,0.9899494,0.28284273,0.0701,0.004042135611804359,0.01586183004306143,3.924121198887957,0.0
