Tile Number, Tile x cohordinate [m], Tile y cohordinate [m], area_m2[m2], Tile z cohordinate [m],absorbedPARTile [umol^s-1],absorbedPARTilem2 [umol m^-2 m^-1],Thermal time[dd]
1,0.1118034,0.0,0.0701,0.00108033979058772,0.003232330735560935,2.9919574968191274,0.0
2,0.22360681,0.0559017,0.0701,0.0012078565728149138,0.002797125003432851,2.315775785293896,0.0
3,0.3354102,0.0559017,0.0701,0.00108033979058772,0.0011520992949402052,1.0664230874190492,0.0
4,0.44721362,0.1118034,0.0701,0.00108033979058772,0.0025495363974093878,2.3599393631724,0.0
5,0.559017,0.1677051,0.0701,0.0012078565728149138,0.005031364546724279,4.165531454615234,0.0
6,0.6708204,0.1677051,0.0701,0.00108033979058772,0.001976117248060727,1.829162699807337,0.0
7,0.7826238,0.22360681,0.0701,0.00108033979058772,0.0017633153555091077,1.6321858834338034,0.0
