Tile Number, Tile x cohordinate [m], Tile y cohordinate [m], area_m2[m2], Tile z cohordinate [m],absorbedPARTile [umol^s-1],absorbedPARTilem2 [umol m^-2 m^-1],Thermal time[dd]
1,0.14142136,0.0,0.0701,0.004042135611804359,0.04804770404962301,11.886712536142523,0.0
2,0.28284273,0.07071068,0.0701,0.005716443181545683,0.40085670046183275,70.12344699863598,0.0
3,0.4242641,0.07071068,0.0701,0.004042135611804359,0.06058472053507815,14.988294889996004,0.0
4,0.56568545,0.14142136,0.0701,0.004042135611804359,0.22216290454800922,54.96176424640994,0.0
5,0.70710677,0.21213204,0.0701,0.005716443181545683,0.18668140816373824,32.65691658869266,0.0
6,0.8485281,0.21213204,0.0701,0.004042135611804359,0.11102773808281025,27.46759355588489,0.0
7,0.9899494,0.28284273,0.0701,0.004042135611804359,0.1240427845131725,30.687437638392673,0.0
