Tile Number, Tile x cohordinate [m], Tile y cohordinate [m], area_m2[m2], Tile z cohordinate [m],absorbedPARTile [umol^s-1],absorbedPARTilem2 [umol m^-2 m^-1],Thermal time[dd]
1,0.14142136,0.0,0.0701,0.004042135611804359,0.014006687211080834,3.4651700378821335,0.0
2,0.28284273,0.07071068,0.0701,0.005716443181545683,0.113395457190156,19.836715522027585,0.0
3,0.4242641,0.07071068,0.0701,0.004042135611804359,0.0768104472683611,19.002441937882896,0.0
4,0.56568545,0.14142136,0.0701,0.004042135611804359,0.07323767811232407,18.118560371514025,0.0
5,0.70710677,0.21213204,0.0701,0.005716443181545683,0.0743582623662758,13.007784736901712,0.0
6,0.8485281,0.21213204,0.0701,0.004042135611804359,0.058150732459867085,14.386140902855388,0.0
7,0.9899494,0.28284273,0.0701,0.004042135611804359,0.041371430326151905,10.235042635713107,0.0
