Tile Number, Tile x cohordinate [m], Tile y cohordinate [m], area_m2[m2], Tile z cohordinate [m],absorbedPARTile [umol^s-1],absorbedPARTilem2 [umol m^-2 m^-1],Thermal time[dd]
1,0.14142136,0.0,0.0701,0.004042135611804359,0.1715584392832947,42.44252438792204,0.0
2,0.28284273,0.07071068,0.0701,0.005716443181545683,0.28132577568267825,49.213429880817934,0.0
3,0.4242641,0.07071068,0.0701,0.004042135611804359,0.16180919819194792,40.030620872642686,0.0
4,0.56568545,0.14142136,0.0701,0.004042135611804359,0.24398624225708013,60.360726528956725,0.0
5,0.70710677,0.21213204,0.0701,0.005716443181545683,0.20629603095016483,36.08818007955498,0.0
6,0.8485281,0.21213204,0.0701,0.004042135611804359,0.1850680391738129,45.784718017216846,0.0
7,0.9899494,0.28284273,0.0701,0.004042135611804359,0.12856527130399706,31.806273626383135,0.0
