Tile Number, Tile x cohordinate [m], Tile y cohordinate [m], area_m2[m2], Tile z cohordinate [m],absorbedPARTile [umol^s-1],absorbedPARTilem2 [umol m^-2 m^-1],Thermal time[dd]
1,0.14142136,0.0,0.0701,0.004042135611804359,0.2041859434427897,50.51437236457379,0.0
2,0.28284273,0.07071068,0.0701,0.005716443181545683,0.43670097465362545,76.39382755756611,0.0
3,0.4242641,0.07071068,0.0701,0.004042135611804359,0.04805646722375211,11.888880492631541,0.0
4,0.56568545,0.14142136,0.0701,0.004042135611804359,0.04043590886385087,10.003600261645053,0.0
5,0.70710677,0.21213204,0.0701,0.005716443181545683,0.1087357242430752,19.021570019991678,0.0
6,0.8485281,0.21213204,0.0701,0.004042135611804359,0.03271406444293383,8.093262469323902,0.0
7,0.9899494,0.28284273,0.0701,0.004042135611804359,0.03189547548171139,7.890748491605814,0.0
