Tile Number, Tile x cohordinate [m], Tile y cohordinate [m], area_m2[m2], Tile z cohordinate [m],absorbedPARTile [umol^s-1],absorbedPARTilem2 [umol m^-2 m^-1],Thermal time[dd]
1,0.14142136,0.0,0.0701,0.004042135611804359,0.2656177215197754,65.71222418765088,0.0
2,0.28284273,0.07071068,0.0701,0.005716443181545683,0.3620773182592773,63.33961639436331,0.0
3,0.4242641,0.07071068,0.0701,0.004042135611804359,0.2948687735632324,72.94875825098966,0.0
4,0.56568545,0.14142136,0.0701,0.004042135611804359,0.2581176223782349,63.85674484162454,0.0
5,0.70710677,0.21213204,0.0701,0.005716443181545683,0.362661560014801,63.44182011387369,0.0
6,0.8485281,0.21213204,0.0701,0.004042135611804359,0.2590878005276489,64.09676107130788,0.0
7,0.9899494,0.28284273,0.0701,0.004042135611804359,0.24741370198852536,61.20865941904481,0.0
