Tile Number, Tile x cohordinate [m], Tile y cohordinate [m], area_m2[m2], Tile z cohordinate [m],absorbedPARTile [umol^s-1],absorbedPARTilem2 [umol m^-2 m^-1],Thermal time[dd]
1,0.1118034,0.0,0.0701,0.00108033979058772,0.018735458737526238,17.342190763272626,0.0
2,0.22360681,0.0559017,0.0701,0.0012078565728149138,0.01751544757815386,14.501264448422095,0.0
3,0.3354102,0.0559017,0.0701,0.00108033979058772,0.02343932762740433,21.6962550408821,0.0
4,0.44721362,0.1118034,0.0701,0.00108033979058772,0.01756853454491794,16.26204523612003,0.0
5,0.559017,0.1677051,0.0701,0.0012078565728149138,0.006485931752379984,5.369786362353023,0.0
6,0.6708204,0.1677051,0.0701,0.00108033979058772,0.010108000022881905,9.356315587879081,0.0
7,0.7826238,0.22360681,0.0701,0.00108033979058772,0.008043886294565764,7.445700292303201,0.0
