Tile Number, Tile x cohordinate [m], Tile y cohordinate [m], area_m2[m2], Tile z cohordinate [m],absorbedPARTile [umol^s-1],absorbedPARTilem2 [umol m^-2 m^-1],Thermal time[dd]
1,0.14142136,0.0,0.0701,0.004042135611804359,0.08878174050035,21.964067766820648,0.0
2,0.28284273,0.07071068,0.0701,0.005716443181545683,0.06545402083062171,11.450130571038658,0.0
3,0.4242641,0.07071068,0.0701,0.004042135611804359,0.23696047208820348,58.62259331334686,0.0
4,0.56568545,0.14142136,0.0701,0.004042135611804359,0.02858381525072917,7.071463700340748,0.0
5,0.70710677,0.21213204,0.0701,0.005716443181545683,0.06006804999804078,10.50794140523563,0.0
6,0.8485281,0.21213204,0.0701,0.004042135611804359,0.04371815750946254,10.815608803868729,0.0
7,0.9899494,0.28284273,0.0701,0.004042135611804359,0.09848210615005493,24.36387979226994,0.0
