Tile Number, Tile x cohordinate [m], Tile y cohordinate [m], area_m2[m2], Tile z cohordinate [m],absorbedPARTile [umol^s-1],absorbedPARTilem2 [umol m^-2 m^-1],Thermal time[dd]
1,0.14142136,0.0,0.0701,0.004042135611804359,0.10384968610115052,25.691786737158306,0.0
2,0.28284273,0.07071068,0.0701,0.005716443181545683,0.24453966285491943,42.778289766679315,0.0
3,0.4242641,0.07071068,0.0701,0.004042135611804359,0.16570689199821476,40.99488684008928,0.0
4,0.56568545,0.14142136,0.0701,0.004042135611804359,0.165559266561203,40.95836519628776,0.0
5,0.70710677,0.21213204,0.0701,0.005716443181545683,0.2544899609289551,44.51893473734186,0.0
6,0.8485281,0.21213204,0.0701,0.004042135611804359,0.1685691064125824,41.70298144384504,0.0
7,0.9899494,0.28284273,0.0701,0.004042135611804359,0.14833525166931152,36.69724767178123,0.0
