Tile Number, Tile x cohordinate [m], Tile y cohordinate [m], area_m2[m2], Tile z cohordinate [m],absorbedPARTile [umol^s-1],absorbedPARTilem2 [umol m^-2 m^-1],Thermal time[dd]
1,0.1118034,0.0,0.0701,0.00108033979058772,0.0043064582519295345,3.9862072002242566,0.0
2,0.22360681,0.0559017,0.0701,0.0012078565728149138,0.003680653942388556,3.0472607635944553,0.0
3,0.3354102,0.0559017,0.0701,0.00108033979058772,0.007107823324223556,6.5792479238007155,0.0
4,0.44721362,0.1118034,0.0701,0.00108033979058772,0.008936370016349542,8.271814196057734,0.0
5,0.559017,0.1677051,0.0701,0.0012078565728149138,0.011924401988415422,9.872365856010175,0.0
6,0.6708204,0.1677051,0.0701,0.00108033979058772,0.010373738179349586,9.6022920471217,0.0
7,0.7826238,0.22360681,0.0701,0.00108033979058772,0.0076432154310764324,7.074825437021455,0.0
