Tile Number, Tile x cohordinate [m], Tile y cohordinate [m], area_m2[m2], Tile z cohordinate [m],absorbedPARTile [umol^s-1],absorbedPARTilem2 [umol m^-2 m^-1],Thermal time[dd]
1,0.14142136,0.0,0.0701,0.004042135611804359,0.04872708347923658,12.054786914357237,0.0
2,0.28284273,0.07071068,0.0701,0.005716443181545683,0.07852639792063835,13.736933163989818,0.0
3,0.4242641,0.07071068,0.0701,0.004042135611804359,0.0646692133953257,15.998773818095174,0.0
4,0.56568545,0.14142136,0.0701,0.004042135611804359,0.1506210062739432,37.26272959127857,0.0
5,0.70710677,0.21213204,0.0701,0.005716443181545683,0.18870408957802454,33.01075224314578,0.0
6,0.8485281,0.21213204,0.0701,0.004042135611804359,0.05903802969993552,14.605652894852202,0.0
7,0.9899494,0.28284273,0.0701,0.004042135611804359,0.07403560987813551,18.315963883529115,0.0
