Tile Number, Tile x cohordinate [m], Tile y cohordinate [m], area_m2[m2], Tile z cohordinate [m],absorbedPARTile [umol^s-1],absorbedPARTilem2 [umol m^-2 m^-1],Thermal time[dd]
1,0.1118034,0.0,0.0701,0.00108033979058772,0.0016593413259441317,1.5359439135731794,0.0
2,0.22360681,0.0559017,0.0701,0.0012078565728149138,0.0024033847089826306,1.9897931286506432,0.0
3,0.3354102,0.0559017,0.0701,0.00108033979058772,0.0011583798198604848,1.0722365592313414,0.0
4,0.44721362,0.1118034,0.0701,0.00108033979058772,0.0018649418330655182,1.7262548776908087,0.0
5,0.559017,0.1677051,0.0701,0.0012078565728149138,0.006878296194626615,5.694629933251696,0.0
6,0.6708204,0.1677051,0.0701,0.00108033979058772,0.002718685146210617,2.5165093148440034,0.0
7,0.7826238,0.22360681,0.0701,0.00108033979058772,7.282049200744102E-4,0.6740517441075243,0.0
