Tile Number, Tile x cohordinate [m], Tile y cohordinate [m], area_m2[m2], Tile z cohordinate [m],absorbedPARTile [umol^s-1],absorbedPARTilem2 [umol m^-2 m^-1],Thermal time[dd]
1,0.1118034,0.0,0.0701,0.00108033979058772,0.0022478412601439016,2.0806798747281583,0.0
2,0.22360681,0.0559017,0.0701,0.0012078565728149138,0.0051754474618613345,4.284819554195857,0.0
3,0.3354102,0.0559017,0.0701,0.00108033979058772,0.005163170723031761,4.77920999301796,0.0
4,0.44721362,0.1118034,0.0701,0.00108033979058772,9.171809063669207E-4,0.8489744748436615,0.0
5,0.559017,0.1677051,0.0701,0.0012078565728149138,0.0030984515778766327,2.5652479339129486,0.0
6,0.6708204,0.1677051,0.0701,0.00108033979058772,0.0017657087209946407,1.6344012655815172,0.0
7,0.7826238,0.22360681,0.0701,0.00108033979058772,7.635920980003453E-4,0.706807343997707,0.0
