Tile Number, Tile x cohordinate [m], Tile y cohordinate [m], area_m2[m2], Tile z cohordinate [m],absorbedPARTile [umol^s-1],absorbedPARTilem2 [umol m^-2 m^-1],Thermal time[dd]
1,0.1118034,0.0,0.0701,0.00108033979058772,0.001495118971134545,1.3839340031354206,0.0
2,0.22360681,0.0559017,0.0701,0.0012078565728149138,0.0024169360750704205,2.0010124790211994,0.0
3,0.3354102,0.0559017,0.0701,0.00108033979058772,0.004608061852325536,4.265381958965601,0.0
4,0.44721362,0.1118034,0.0701,0.00108033979058772,0.00626800939564374,5.80188700837711,0.0
5,0.559017,0.1677051,0.0701,0.0012078565728149138,0.0047401236712200185,3.9244093859365643,0.0
6,0.6708204,0.1677051,0.0701,0.00108033979058772,0.02334212539484024,21.606281281319646,0.0
7,0.7826238,0.22360681,0.0701,0.00108033979058772,0.00816321449159723,7.556154612389429,0.0
