Tile Number, Tile x cohordinate [m], Tile y cohordinate [m], area_m2[m2], Tile z cohordinate [m],absorbedPARTile [umol^s-1],absorbedPARTilem2 [umol m^-2 m^-1],Thermal time[dd]
1,0.14142136,0.0,0.0701,0.004042135611804359,0.1382145484535646,34.19344666466233,0.0
2,0.28284273,0.07071068,0.0701,0.005716443181545683,0.1908569153482056,33.387354564171375,0.0
3,0.4242641,0.07071068,0.0701,0.004042135611804359,0.2028236271194458,50.17734351295251,0.0
4,0.56568545,0.14142136,0.0701,0.004042135611804359,0.10310705003303527,25.508063047644647,0.0
5,0.70710677,0.21213204,0.0701,0.005716443181545683,0.10208764568063736,17.85859536052165,0.0
6,0.8485281,0.21213204,0.0701,0.004042135611804359,0.17226546328636166,42.61743786707455,0.0
7,0.9899494,0.28284273,0.0701,0.004042135611804359,0.22184680241760255,54.88356248358844,0.0
