Tile Number, Tile x cohordinate [m], Tile y cohordinate [m], area_m2[m2], Tile z cohordinate [m],absorbedPARTile [umol^s-1],absorbedPARTilem2 [umol m^-2 m^-1],Thermal time[dd]
1,0.1118034,0.0,0.0701,0.00108033979058772,0.014117240482535046,13.06740768555333,0.0
2,0.22360681,0.0559017,0.0701,0.0012078565728149138,0.017665573738125478,14.625555828169068,0.0
3,0.3354102,0.0559017,0.0701,0.00108033979058772,0.01269698743692933,11.752772181076466,0.0
4,0.44721362,0.1118034,0.0701,0.00108033979058772,0.015646243487771647,14.482705926493619,0.0
5,0.559017,0.1677051,0.0701,0.0012078565728149138,0.015613188945482944,12.926360047117477,0.0
6,0.6708204,0.1677051,0.0701,0.00108033979058772,0.011143921745883145,10.315200683130161,0.0
7,0.7826238,0.22360681,0.0701,0.00108033979058772,0.005760453951500776,5.332076076145459,0.0
