Tile Number, Tile x cohordinate [m], Tile y cohordinate [m], area_m2[m2], Tile z cohordinate [m],absorbedPARTile [umol^s-1],absorbedPARTilem2 [umol m^-2 m^-1],Thermal time[dd]
1,0.14142136,0.0,0.0701,0.004042135611804359,0.1989695193734741,49.223860474254735,0.0
2,0.28284273,0.07071068,0.0701,0.005716443181545683,0.4423317582580566,77.37884278917183,0.0
3,0.4242641,0.07071068,0.0701,0.004042135611804359,0.2183614245185089,54.021300987730854,0.0
4,0.56568545,0.14142136,0.0701,0.004042135611804359,0.276833984520874,68.48706008586849,0.0
5,0.70710677,0.21213204,0.0701,0.005716443181545683,0.3451572807455444,60.37972735560655,0.0
6,0.8485281,0.21213204,0.0701,0.004042135611804359,0.2933805669430542,72.5805848983114,0.0
7,0.9899494,0.28284273,0.0701,0.004042135611804359,0.23341023017898563,57.74428485213394,0.0
