Tile Number, Tile x cohordinate [m], Tile y cohordinate [m], area_m2[m2], Tile z cohordinate [m],absorbedPARTile [umol^s-1],absorbedPARTilem2 [umol m^-2 m^-1],Thermal time[dd]
1,0.14142136,0.0,0.0701,0.004042135611804359,0.06281567957147559,15.540220716007953,0.0
2,0.28284273,0.07071068,0.0701,0.005716443181545683,0.07580157695037328,13.260269461801439,0.0
3,0.4242641,0.07071068,0.0701,0.004042135611804359,0.053525690632491005,13.241933416627207,0.0
4,0.56568545,0.14142136,0.0701,0.004042135611804359,0.054613360758736,13.51101645359129,0.0
5,0.70710677,0.21213204,0.0701,0.005716443181545683,0.08074197184940973,14.124512268409832,0.0
6,0.8485281,0.21213204,0.0701,0.004042135611804359,0.07724860878851664,19.110840458426335,0.0
7,0.9899494,0.28284273,0.0701,0.004042135611804359,0.14551360745191577,35.99918989035608,0.0
