Tile Number, Tile x cohordinate [m], Tile y cohordinate [m], area_m2[m2], Tile z cohordinate [m],absorbedPARTile [umol^s-1],absorbedPARTilem2 [umol m^-2 m^-1],Thermal time[dd]
1,0.14142136,0.0,0.0701,0.004042135611804359,0.10869133888021111,26.88958246794017,0.0
2,0.28284273,0.07071068,0.0701,0.005716443181545683,0.2709352976783753,47.39578249514175,0.0
3,0.4242641,0.07071068,0.0701,0.004042135611804359,0.12861444214344223,31.81843819585022,0.0
4,0.56568545,0.14142136,0.0701,0.004042135611804359,0.05826975010440765,14.415585151136668,0.0
5,0.70710677,0.21213204,0.0701,0.005716443181545683,0.21027502036274276,36.78424042446023,0.0
6,0.8485281,0.21213204,0.0701,0.004042135611804359,0.09144438644355136,22.62279033303678,0.0
7,0.9899494,0.28284273,0.0701,0.004042135611804359,0.20386125608050823,50.43404666710504,0.0
