Tile Number, Tile x cohordinate [m], Tile y cohordinate [m], area_m2[m2], Tile z cohordinate [m],absorbedPARTile [umol^s-1],absorbedPARTilem2 [umol m^-2 m^-1],Thermal time[dd]
1,0.1118034,0.0,0.0701,0.00108033979058772,0.0013838367742092321,1.2809273399588528,0.0
2,0.22360681,0.0559017,0.0701,0.0012078565728149138,0.001703205941571221,1.4101061168230378,0.0
3,0.3354102,0.0559017,0.0701,0.00108033979058772,0.0023277146500165114,2.154613456151793,0.0
4,0.44721362,0.1118034,0.0701,0.00108033979058772,0.011456975853770876,10.604974428960098,0.0
5,0.559017,0.1677051,0.0701,0.0012078565728149138,0.0014347082958459914,1.1878134607508894,0.0
6,0.6708204,0.1677051,0.0701,0.00108033979058772,0.0015426905532765853,1.4279679103898786,0.0
7,0.7826238,0.22360681,0.0701,0.00108033979058772,0.01038090190528562,9.60892304044292,0.0
