Tile Number, Tile x cohordinate [m], Tile y cohordinate [m], area_m2[m2], Tile z cohordinate [m],absorbedPARTile [umol^s-1],absorbedPARTilem2 [umol m^-2 m^-1],Thermal time[dd]
1,0.1118034,0.0,0.0701,0.00108033979058772,0.004493239094669782,4.15909802991279,0.0
2,0.22360681,0.0559017,0.0701,0.0012078565728149138,0.01662528835233301,13.76429017030368,0.0
3,0.3354102,0.0559017,0.0701,0.00108033979058772,0.00633967366161055,5.868221939841426,0.0
4,0.44721362,0.1118034,0.0701,0.00108033979058772,0.01012986182670372,9.376551632142451,0.0
5,0.559017,0.1677051,0.0701,0.0012078565728149138,0.006166614999782794,5.105419913733199,0.0
6,0.6708204,0.1677051,0.0701,0.00108033979058772,0.003143889079417661,2.9100928308003366,0.0
7,0.7826238,0.22360681,0.0701,0.00108033979058772,0.010599184469442035,9.810972956643512,0.0
