Tile Number, Tile x cohordinate [m], Tile y cohordinate [m], area_m2[m2], Tile z cohordinate [m],absorbedPARTile [umol^s-1],absorbedPARTilem2 [umol m^-2 m^-1],Thermal time[dd]
1,0.1118034,0.0,0.0701,0.00108033979058772,0.0012160546863662853,1.1256224170959532,0.0
2,0.22360681,0.0559017,0.0701,0.0012078565728149138,0.0020738099148580706,1.7169339154441572,0.0
3,0.3354102,0.0559017,0.0701,0.00108033979058772,0.006034859496951595,5.586075371405646,0.0
4,0.44721362,0.1118034,0.0701,0.00108033979058772,0.005256590265941201,4.86568236376959,0.0
5,0.559017,0.1677051,0.0701,0.0012078565728149138,0.005649891856843109,4.677618174214193,0.0
6,0.6708204,0.1677051,0.0701,0.00108033979058772,0.0015174636139855587,1.4046169799596453,0.0
7,0.7826238,0.22360681,0.0701,0.00108033979058772,0.004278888515472443,3.9606876954376253,0.0
