Tile Number, Tile x cohordinate [m], Tile y cohordinate [m], area_m2[m2], Tile z cohordinate [m],absorbedPARTile [umol^s-1],absorbedPARTilem2 [umol m^-2 m^-1],Thermal time[dd]
1,0.14142136,0.0,0.0701,0.004042135611804359,0.14416969743507385,35.66671464808136,0.0
2,0.28284273,0.07071068,0.0701,0.005716443181545683,0.16559015727874754,28.96734070817323,0.0
3,0.4242641,0.07071068,0.0701,0.004042135611804359,0.0899495653472519,22.2529805988126,0.0
4,0.56568545,0.14142136,0.0701,0.004042135611804359,0.09933929979809523,24.57594433694702,0.0
5,0.70710677,0.21213204,0.0701,0.005716443181545683,0.260804449523468,45.623553185207804,0.0
6,0.8485281,0.21213204,0.0701,0.004042135611804359,0.14305572735610964,35.39112516124894,0.0
7,0.9899494,0.28284273,0.0701,0.004042135611804359,0.12369210938309672,30.600682723725363,0.0
