Tile Number, Tile x cohordinate [m], Tile y cohordinate [m], area_m2[m2], Tile z cohordinate [m],absorbedPARTile [umol^s-1],absorbedPARTilem2 [umol m^-2 m^-1],Thermal time[dd]
1,0.14142136,0.0,0.0701,0.004042135611804359,0.06336734201297761,15.676698680747926,0.0
2,0.28284273,0.07071068,0.0701,0.005716443181545683,0.09220125597048759,16.129130132551595,0.0
3,0.4242641,0.07071068,0.0701,0.004042135611804359,0.09736553586105348,24.08764702913832,0.0
4,0.56568545,0.14142136,0.0701,0.004042135611804359,0.11203653810441018,27.717164604083745,0.0
5,0.70710677,0.21213204,0.0701,0.005716443181545683,0.1935057530922699,33.85072622027661,0.0
6,0.8485281,0.21213204,0.0701,0.004042135611804359,0.04807340465973497,11.893070712260343,0.0
7,0.9899494,0.28284273,0.0701,0.004042135611804359,0.03735679750775397,9.241846661121386,0.0
