Tile Number, Tile x cohordinate [m], Tile y cohordinate [m], area_m2[m2], Tile z cohordinate [m],absorbedPARTile [umol^s-1],absorbedPARTilem2 [umol m^-2 m^-1],Thermal time[dd]
1,0.1118034,0.0,0.0701,0.00108033979058772,0.0077130482435523885,7.13946511157974,0.0
2,0.22360681,0.0559017,0.0701,0.0012078565728149138,0.0021502576016717034,1.7802259391282864,0.0
3,0.3354102,0.0559017,0.0701,0.00108033979058772,0.001958411902219745,1.8127740172879696,0.0
4,0.44721362,0.1118034,0.0701,0.00108033979058772,0.009777515456774206,9.050407605050909,0.0
5,0.559017,0.1677051,0.0701,0.0012078565728149138,0.004025286579114783,3.33258655846351,0.0
6,0.6708204,0.1677051,0.0701,0.00108033979058772,0.002251969456599477,2.084501076623656,0.0
7,0.7826238,0.22360681,0.0701,0.00108033979058772,0.005341051445554084,4.943862562581795,0.0
