Tile Number, Tile x cohordinate [m], Tile y cohordinate [m], area_m2[m2], Tile z cohordinate [m],absorbedPARTile [umol^s-1],absorbedPARTilem2 [umol m^-2 m^-1],Thermal time[dd]
1,0.1118034,0.0,0.0701,0.00108033979058772,0.009462986956033745,8.75926911003227,0.0
2,0.22360681,0.0559017,0.0701,0.0012078565728149138,0.0071351415922155095,5.907275543144198,0.0
3,0.3354102,0.0559017,0.0701,0.00108033979058772,0.006245333667631828,5.780897567638677,0.0
4,0.44721362,0.1118034,0.0701,0.00108033979058772,0.009003663890439571,8.334103741140048,0.0
5,0.559017,0.1677051,0.0701,0.0012078565728149138,0.013352511565764546,11.054716152801547,0.0
6,0.6708204,0.1677051,0.0701,0.00108033979058772,0.008928259104625358,8.264306454701869,0.0
7,0.7826238,0.22360681,0.0701,0.00108033979058772,0.014616998559498487,13.53000110414024,0.0
