Tile Number, Tile x cohordinate [m], Tile y cohordinate [m], area_m2[m2], Tile z cohordinate [m],absorbedPARTile [umol^s-1],absorbedPARTilem2 [umol m^-2 m^-1],Thermal time[dd]
1,0.1118034,0.0,0.0701,0.00108033979058772,0.01098670170002492,10.169672352851135,0.0
2,0.22360681,0.0559017,0.0701,0.0012078565728149138,0.008950972357295757,7.410625200668889,0.0
3,0.3354102,0.0559017,0.0701,0.00108033979058772,0.007396270616263749,6.846244746979165,0.0
4,0.44721362,0.1118034,0.0701,0.00108033979058772,0.008171367163776774,7.563701008671944,0.0
5,0.559017,0.1677051,0.0701,0.0012078565728149138,0.014183360890334866,11.742587000442027,0.0
6,0.6708204,0.1677051,0.0701,0.00108033979058772,0.006466294375901106,5.985426466966798,0.0
7,0.7826238,0.22360681,0.0701,0.00108033979058772,0.011847164194480031,10.966146297393164,0.0
