Tile Number, Tile x cohordinate [m], Tile y cohordinate [m], area_m2[m2], Tile z cohordinate [m],absorbedPARTile [umol^s-1],absorbedPARTilem2 [umol m^-2 m^-1],Thermal time[dd]
1,0.14142136,0.0,0.0701,0.004042135611804359,0.1576849044215393,39.010295439135625,0.0
2,0.28284273,0.07071068,0.0701,0.005716443181545683,0.10250931445770264,17.9323595463403,0.0
3,0.4242641,0.07071068,0.0701,0.004042135611804359,0.041186148081405756,10.189204924527697,0.0
4,0.56568545,0.14142136,0.0701,0.004042135611804359,0.07051891699352027,17.445955248899107,0.0
5,0.70710677,0.21213204,0.0701,0.005716443181545683,0.10875233426837919,19.02447567736926,0.0
6,0.8485281,0.21213204,0.0701,0.004042135611804359,0.10259966048347474,25.382537929665233,0.0
7,0.9899494,0.28284273,0.0701,0.004042135611804359,0.09146806218481063,22.628647568798517,0.0
