Tile Number, Tile x cohordinate [m], Tile y cohordinate [m], area_m2[m2], Tile z cohordinate [m],absorbedPARTile [umol^s-1],absorbedPARTilem2 [umol m^-2 m^-1],Thermal time[dd]
1,0.1118034,0.0,0.0701,0.00108033979058772,0.001293068423009784,1.1969090042553525,0.0
2,0.22360681,0.0559017,0.0701,0.0012078565728149138,7.406703911970904E-4,0.6132105482283841,0.0
3,0.3354102,0.0559017,0.0701,0.00108033979058772,0.00214983807720806,1.9899647277071209,0.0
4,0.44721362,0.1118034,0.0701,0.00108033979058772,0.007090967883774638,6.563645943205565,0.0
5,0.559017,0.1677051,0.0701,0.0012078565728149138,0.002200907154209176,1.82215935546052,0.0
6,0.6708204,0.1677051,0.0701,0.00108033979058772,0.00873097912309663,8.081697257810763,0.0
7,0.7826238,0.22360681,0.0701,0.00108033979058772,0.0015067059518986973,1.3946593146208457,0.0
