Tile Number, Tile x cohordinate [m], Tile y cohordinate [m], area_m2[m2], Tile z cohordinate [m],absorbedPARTile [umol^s-1],absorbedPARTilem2 [umol m^-2 m^-1],Thermal time[dd]
1,0.1118034,0.0,0.0701,0.00108033979058772,0.0017849895424452012,1.652248262997091,0.0
2,0.22360681,0.0559017,0.0701,0.0012078565728149138,0.002844758527290969,2.3552121926705665,0.0
3,0.3354102,0.0559017,0.0701,0.00108033979058772,0.0017182556124707075,1.5904770216192374,0.0
4,0.44721362,0.1118034,0.0701,0.00108033979058772,0.006402301271245462,5.926192228615888,0.0
5,0.559017,0.1677051,0.0701,0.0012078565728149138,0.005886121570589208,4.87319579415922,0.0
6,0.6708204,0.1677051,0.0701,0.00108033979058772,0.004399967486045376,4.072762592268987,0.0
7,0.7826238,0.22360681,0.0701,0.00108033979058772,0.008883628685492606,8.22299498999272,0.0
