Tile Number, Tile x cohordinate [m], Tile y cohordinate [m], area_m2[m2], Tile z cohordinate [m],absorbedPARTile [umol^s-1],absorbedPARTilem2 [umol m^-2 m^-1],Thermal time[dd]
1,0.14142136,0.0,0.0701,0.004042135611804359,0.12614845682258607,31.208368282892657,0.0
2,0.28284273,0.07071068,0.0701,0.005716443181545683,0.14219566134475708,24.87484906765197,0.0
3,0.4242641,0.07071068,0.0701,0.004042135611804359,0.1462040927524233,36.170011794126715,0.0
4,0.56568545,0.14142136,0.0701,0.004042135611804359,0.10624774470386505,26.285051989247183,0.0
5,0.70710677,0.21213204,0.0701,0.005716443181545683,0.13287164009315497,23.243761176898026,0.0
6,0.8485281,0.21213204,0.0701,0.004042135611804359,0.06292194146812916,15.566509269104303,0.0
7,0.9899494,0.28284273,0.0701,0.004042135611804359,0.03357509903923945,8.30627724146344,0.0
