Tile Number, Tile x cohordinate [m], Tile y cohordinate [m], area_m2[m2], Tile z cohordinate [m],absorbedPARTile [umol^s-1],absorbedPARTilem2 [umol m^-2 m^-1],Thermal time[dd]
1,0.14142136,0.0,0.0701,0.004042135611804359,0.05435889548703717,13.448063278305508,0.0
2,0.28284273,0.07071068,0.0701,0.005716443181545683,0.2743688822603226,47.996433017311176,0.0
3,0.4242641,0.07071068,0.0701,0.004042135611804359,0.19974166435559587,49.414884491328,0.0
4,0.56568545,0.14142136,0.0701,0.004042135611804359,0.11660982775539061,28.84856891363361,0.0
5,0.70710677,0.21213204,0.0701,0.005716443181545683,0.11147910905809402,19.50148116891646,0.0
6,0.8485281,0.21213204,0.0701,0.004042135611804359,0.017054754163304937,4.219243439903271,0.0
7,0.9899494,0.28284273,0.0701,0.004042135611804359,0.140833500896279,34.84135972207341,0.0
