Tile Number, Tile x cohordinate [m], Tile y cohordinate [m], area_m2[m2], Tile z cohordinate [m],absorbedPARTile [umol^s-1],absorbedPARTilem2 [umol m^-2 m^-1],Thermal time[dd]
1,0.1118034,0.0,0.0701,0.00108033979058772,0.020618313077445032,19.085026078904658,0.0
2,0.22360681,0.0559017,0.0701,0.0012078565728149138,0.02297129418405533,19.018230062300074,0.0
3,0.3354102,0.0559017,0.0701,0.00108033979058772,0.02768429996350497,25.625548743737674,0.0
4,0.44721362,0.1118034,0.0701,0.00108033979058772,0.02258701586400438,20.907325695850496,0.0
5,0.559017,0.1677051,0.0701,0.0012078565728149138,0.01812964897287786,15.0097696869974,0.0
6,0.6708204,0.1677051,0.0701,0.00108033979058772,0.01996791566070378,18.482995659949687,0.0
7,0.7826238,0.22360681,0.0701,0.00108033979058772,0.012079564995500669,11.181264543564778,0.0
