Tile Number, Tile x cohordinate [m], Tile y cohordinate [m], area_m2[m2], Tile z cohordinate [m],absorbedPARTile [umol^s-1],absorbedPARTilem2 [umol m^-2 m^-1],Thermal time[dd]
1,0.14142136,0.0,0.0701,0.004042135611804359,0.27542702812026976,68.13898754805075,0.0
2,0.28284273,0.07071068,0.0701,0.005716443181545683,0.3523581884674072,61.63941060499305,0.0
3,0.4242641,0.07071068,0.0701,0.004042135611804359,0.20512963032470707,50.74783481426536,0.0
4,0.56568545,0.14142136,0.0701,0.004042135611804359,0.3357683940155029,83.0670779661497,0.0
5,0.70710677,0.21213204,0.0701,0.005716443181545683,0.45378842106506345,79.3830020964824,0.0
6,0.8485281,0.21213204,0.0701,0.004042135611804359,0.27126354325607305,67.10896647403285,0.0
7,0.9899494,0.28284273,0.0701,0.004042135611804359,0.3810054168022156,94.25844488976448,0.0
