Tile Number, Tile x cohordinate [m], Tile y cohordinate [m], area_m2[m2], Tile z cohordinate [m],absorbedPARTile [umol^s-1],absorbedPARTilem2 [umol m^-2 m^-1],Thermal time[dd]
1,0.1118034,0.0,0.0701,0.00108033979058772,0.006538579513333104,6.052336098604705,0.0
2,0.22360681,0.0559017,0.0701,0.0012078565728149138,0.006818390090702325,5.645032898907893,0.0
3,0.3354102,0.0559017,0.0701,0.00108033979058772,0.01609381646026285,14.896995001459299,0.0
4,0.44721362,0.1118034,0.0701,0.00108033979058772,0.005696810693632562,5.273165668121339,0.0
5,0.559017,0.1677051,0.0701,0.0012078565728149138,0.005100377483558138,4.222668153116633,0.0
6,0.6708204,0.1677051,0.0701,0.00108033979058772,0.0033893991352884844,3.1373454581771942,0.0
7,0.7826238,0.22360681,0.0701,0.00108033979058772,0.013951196106694585,12.913711249221821,0.0
