Tile Number, Tile x cohordinate [m], Tile y cohordinate [m], area_m2[m2], Tile z cohordinate [m],absorbedPARTile [umol^s-1],absorbedPARTilem2 [umol m^-2 m^-1],Thermal time[dd]
1,0.1118034,0.0,0.0701,0.00108033979058772,0.020349084295733573,18.835818575805106,0.0
2,0.22360681,0.0559017,0.0701,0.0012078565728149138,0.022620400576004385,18.72772072870164,0.0
3,0.3354102,0.0559017,0.0701,0.00108033979058772,0.010630753502230514,9.840194348897615,0.0
4,0.44721362,0.1118034,0.0701,0.00108033979058772,0.019087093929118976,17.667676499016416,0.0
5,0.559017,0.1677051,0.0701,0.0012078565728149138,0.013968972703848778,11.565092261984418,0.0
6,0.6708204,0.1677051,0.0701,0.00108033979058772,0.007861927055589149,7.277272506377046,0.0
7,0.7826238,0.22360681,0.0701,0.00108033979058772,0.007431387998452505,6.878750614572593,0.0
