Tile Number, Tile x cohordinate [m], Tile y cohordinate [m], area_m2[m2], Tile z cohordinate [m],absorbedPARTile [umol^s-1],absorbedPARTilem2 [umol m^-2 m^-1],Thermal time[dd]
1,0.14142136,0.0,0.0701,0.004042135611804359,0.10861241895868282,26.870058154778132,0.0
2,0.28284273,0.07071068,0.0701,0.005716443181545683,0.08053771517408688,14.08878084087072,0.0
3,0.4242641,0.07071068,0.0701,0.004042135611804359,0.07245078748056392,17.923888369549974,0.0
4,0.56568545,0.14142136,0.0701,0.004042135611804359,0.06321104844622563,15.638032593866637,0.0
5,0.70710677,0.21213204,0.0701,0.005716443181545683,0.11011867552332084,19.26349515356253,0.0
6,0.8485281,0.21213204,0.0701,0.004042135611804359,0.0918771597451345,22.729855840764746,0.0
7,0.9899494,0.28284273,0.0701,0.004042135611804359,0.10096918132644195,24.979167208437758,0.0
