Tile Number, Tile x cohordinate [m], Tile y cohordinate [m], area_m2[m2], Tile z cohordinate [m],absorbedPARTile [umol^s-1],absorbedPARTilem2 [umol m^-2 m^-1],Thermal time[dd]
1,0.1118034,0.0,0.0701,0.00108033979058772,0.0023392430257585177,2.165284520795015,0.0
2,0.22360681,0.0559017,0.0701,0.0012078565728149138,0.0026355740694280717,2.182025688104555,0.0
3,0.3354102,0.0559017,0.0701,0.00108033979058772,0.019700019266577162,18.23502146103503,0.0
4,0.44721362,0.1118034,0.0701,0.00108033979058772,0.0012232842915175313,1.1323143905049056,0.0
5,0.559017,0.1677051,0.0701,0.0012078565728149138,0.0057231058904946095,4.7382330148329554,0.0
6,0.6708204,0.1677051,0.0701,0.00108033979058772,6.409593111332204E-4,0.5932941808840806,0.0
7,0.7826238,0.22360681,0.0701,0.00108033979058772,0.00415251870417785,3.8437154128321254,0.0
