Tile Number, Tile x cohordinate [m], Tile y cohordinate [m], area_m2[m2], Tile z cohordinate [m],absorbedPARTile [umol^s-1],absorbedPARTilem2 [umol m^-2 m^-1],Thermal time[dd]
1,0.14142136,0.0,0.0701,0.004042135611804359,0.19844038482570647,49.09295577471364,0.0
2,0.28284273,0.07071068,0.0701,0.005716443181545683,0.4437510984970093,77.62713358711673,0.0
3,0.4242641,0.07071068,0.0701,0.004042135611804359,0.261662202353541,64.73365257449593,0.0
4,0.56568545,0.14142136,0.0701,0.004042135611804359,0.1252494789794286,30.985966580057113,0.0
5,0.70710677,0.21213204,0.0701,0.005716443181545683,0.5013567578287761,87.7043192604974,0.0
6,0.8485281,0.21213204,0.0701,0.004042135611804359,0.17050703885809584,42.182414256503286,0.0
7,0.9899494,0.28284273,0.0701,0.004042135611804359,0.12837630785945256,31.75952520854365,0.0
