Tile Number, Tile x cohordinate [m], Tile y cohordinate [m], area_m2[m2], Tile z cohordinate [m],absorbedPARTile [umol^s-1],absorbedPARTilem2 [umol m^-2 m^-1],Thermal time[dd]
1,0.14142136,0.0,0.0701,0.004042135611804359,0.08118752207878432,20.0853038779031,0.0
2,0.28284273,0.07071068,0.0701,0.005716443181545683,0.07409920868865054,12.962467453164587,0.0
3,0.4242641,0.07071068,0.0701,0.004042135611804359,0.03742997576355758,9.259950520771692,0.0
4,0.56568545,0.14142136,0.0701,0.004042135611804359,0.11056920431039609,27.354155062857814,0.0
5,0.70710677,0.21213204,0.0701,0.005716443181545683,0.19101784713211653,33.41550699721409,0.0
6,0.8485281,0.21213204,0.0701,0.004042135611804359,0.08566671527984737,21.193429292592885,0.0
7,0.9899494,0.28284273,0.0701,0.004042135611804359,0.0864943089137711,21.398170972091933,0.0
