Tile Number, Tile x cohordinate [m], Tile y cohordinate [m], area_m2[m2], Tile z cohordinate [m],absorbedPARTile [umol^s-1],absorbedPARTilem2 [umol m^-2 m^-1],Thermal time[dd]
1,0.1118034,0.0,0.0701,0.00108033979058772,0.004052366758885719,3.7510112968079934,0.0
2,0.22360681,0.0559017,0.0701,0.0012078565728149138,0.008187990394891946,6.778942615520821,0.0
3,0.3354102,0.0559017,0.0701,0.00108033979058772,0.012183516293073817,11.277485471904923,0.0
4,0.44721362,0.1118034,0.0701,0.00108033979058772,0.005260804465584317,4.869583173199948,0.0
5,0.559017,0.1677051,0.0701,0.0012078565728149138,0.009257987218360722,7.6648067549816385,0.0
6,0.6708204,0.1677051,0.0701,0.00108033979058772,0.008477839174967073,7.847382137387544,0.0
7,0.7826238,0.22360681,0.0701,0.00108033979058772,0.009607302895292788,8.892852951446212,0.0
