Tile Number, Tile x cohordinate [m], Tile y cohordinate [m], area_m2[m2], Tile z cohordinate [m],absorbedPARTile [umol^s-1],absorbedPARTilem2 [umol m^-2 m^-1],Thermal time[dd]
1,0.1118034,0.0,0.0701,0.00108033979058772,0.013468684674660563,12.467081923672747,0.0
2,0.22360681,0.0559017,0.0701,0.0012078565728149138,0.0077428852232139566,6.410434316029043,0.0
3,0.3354102,0.0559017,0.0701,0.00108033979058772,0.009305942253855047,8.613903083947768,0.0
4,0.44721362,0.1118034,0.0701,0.00108033979058772,0.010269134024768237,9.505466811679392,0.0
5,0.559017,0.1677051,0.0701,0.0012078565728149138,0.008039609220902473,6.656095932123908,0.0
6,0.6708204,0.1677051,0.0701,0.00108033979058772,0.0033203271575425763,3.0734100386474443,0.0
7,0.7826238,0.22360681,0.0701,0.00108033979058772,0.0015916480920768737,1.4732847072225257,0.0
