Tile Number, Tile x cohordinate [m], Tile y cohordinate [m], area_m2[m2], Tile z cohordinate [m],absorbedPARTile [umol^s-1],absorbedPARTilem2 [umol m^-2 m^-1],Thermal time[dd]
1,0.1118034,0.0,0.0701,0.00108033979058772,0.0014129113430782726,1.307839769846512,0.0
2,0.22360681,0.0559017,0.0701,0.0012078565728149138,0.002090879802236896,1.7310662948698403,0.0
3,0.3354102,0.0559017,0.0701,0.00108033979058772,5.203731574874846E-4,0.4816754525022117,0.0
4,0.44721362,0.1118034,0.0701,0.00108033979058772,0.008600397344958287,7.96082623253148,0.0
5,0.559017,0.1677051,0.0701,0.0012078565728149138,0.0028038486972020793,2.321342417889651,0.0
6,0.6708204,0.1677051,0.0701,0.00108033979058772,0.0023126956478997838,2.1407113466047982,0.0
7,0.7826238,0.22360681,0.0701,0.00108033979058772,0.008740017316439074,8.090063323210915,0.0
