Tile Number, Tile x cohordinate [m], Tile y cohordinate [m], area_m2[m2], Tile z cohordinate [m],absorbedPARTile [umol^s-1],absorbedPARTilem2 [umol m^-2 m^-1],Thermal time[dd]
1,0.14142136,0.0,0.0701,0.004042135611804359,0.055252741611030096,13.669195424733896,0.0
2,0.28284273,0.07071068,0.0701,0.005716443181545683,0.065335660855484,11.429425392769799,0.0
3,0.4242641,0.07071068,0.0701,0.004042135611804359,0.1579181423841858,39.067997106037986,0.0
4,0.56568545,0.14142136,0.0701,0.004042135611804359,0.10175378246534349,25.1732728036608,0.0
5,0.70710677,0.21213204,0.0701,0.005716443181545683,0.15669370207077024,27.411048635386148,0.0
6,0.8485281,0.21213204,0.0701,0.004042135611804359,0.07800557965732573,19.298110491276912,0.0
7,0.9899494,0.28284273,0.0701,0.004042135611804359,0.08109837940894127,20.063250518391182,0.0
