Tile Number, Tile x cohordinate [m], Tile y cohordinate [m], area_m2[m2], Tile z cohordinate [m],absorbedPARTile [umol^s-1],absorbedPARTilem2 [umol m^-2 m^-1],Thermal time[dd]
1,0.14142136,0.0,0.0701,0.004042135611804359,0.005046561641907646,1.2484889490520885,0.0
2,0.28284273,0.07071068,0.0701,0.005716443181545683,0.11792034253806272,20.628271600554587,0.0
3,0.4242641,0.07071068,0.0701,0.004042135611804359,0.11523401286410641,28.50820059762106,0.0
4,0.56568545,0.14142136,0.0701,0.004042135611804359,0.044427426003798995,10.9910775566402,0.0
5,0.70710677,0.21213204,0.0701,0.005716443181545683,0.09999070842731475,17.491769838649567,0.0
6,0.8485281,0.21213204,0.0701,0.004042135611804359,0.147106887618503,36.39335780543897,0.0
7,0.9899494,0.28284273,0.0701,0.004042135611804359,0.0614278349314304,15.196876312620736,0.0
