Tile Number, Tile x cohordinate [m], Tile y cohordinate [m], area_m2[m2], Tile z cohordinate [m],absorbedPARTile [umol^s-1],absorbedPARTilem2 [umol m^-2 m^-1],Thermal time[dd]
1,0.1118034,0.0,0.0701,0.00108033979058772,0.0021516316031258862,1.991624877535399,0.0
2,0.22360681,0.0559017,0.0701,0.0012078565728149138,0.0055753232474206535,4.615881862883226,0.0
3,0.3354102,0.0559017,0.0701,0.00108033979058772,0.007523814040315686,6.9643033662794425,0.0
4,0.44721362,0.1118034,0.0701,0.00108033979058772,0.0024371850597471483,2.2559430662285296,0.0
5,0.559017,0.1677051,0.0701,0.0012078565728149138,0.0010413639168628688,0.8621585876177059,0.0
6,0.6708204,0.1677051,0.0701,0.00108033979058772,0.0022871748544474576,2.1170884145655715,0.0
7,0.7826238,0.22360681,0.0701,0.00108033979058772,0.001905601995628149,1.7638913351432468,0.0
