Tile Number, Tile x cohordinate [m], Tile y cohordinate [m], area_m2[m2], Tile z cohordinate [m],absorbedPARTile [umol^s-1],absorbedPARTilem2 [umol m^-2 m^-1],Thermal time[dd]
1,0.1118034,0.0,0.0701,0.00108033979058772,0.005589971030802428,5.174271168667597,0.0
2,0.22360681,0.0559017,0.0701,0.0012078565728149138,0.006157905766826938,5.098209427693818,0.0
3,0.3354102,0.0559017,0.0701,0.00108033979058772,0.008569092546819262,7.931849425038354,0.0
4,0.44721362,0.1118034,0.0701,0.00108033979058772,0.006877672121234992,6.366211983632892,0.0
5,0.559017,0.1677051,0.0701,0.0012078565728149138,0.003618858733362882,2.996099714827167,0.0
6,0.6708204,0.1677051,0.0701,0.00108033979058772,0.003351750578260012,3.1024966473155757,0.0
7,0.7826238,0.22360681,0.0701,0.00108033979058772,0.0015833585550937212,1.4656116241283237,0.0
