Tile Number, Tile x cohordinate [m], Tile y cohordinate [m], area_m2[m2], Tile z cohordinate [m],absorbedPARTile [umol^s-1],absorbedPARTilem2 [umol m^-2 m^-1],Thermal time[dd]
1,0.1118034,0.0,0.0701,0.00108033979058772,0.004369282023952825,4.044359063712608,0.0
2,0.22360681,0.0559017,0.0701,0.0012078565728149138,0.002728699652955358,2.2591255570983186,0.0
3,0.3354102,0.0559017,0.0701,0.00108033979058772,0.0020092072412446877,1.8597919457836973,0.0
4,0.44721362,0.1118034,0.0701,0.00108033979058772,0.002140770450561451,1.981571417819242,0.0
5,0.559017,0.1677051,0.0701,0.0012078565728149138,0.010248069702388007,8.484508784436919,0.0
6,0.6708204,0.1677051,0.0701,0.00108033979058772,0.0021207590947339853,1.9630482124334814,0.0
7,0.7826238,0.22360681,0.0701,0.00108033979058772,0.0019668034064695304,1.8205414848226242,0.0
