Tile Number, Tile x cohordinate [m], Tile y cohordinate [m], area_m2[m2], Tile z cohordinate [m],absorbedPARTile [umol^s-1],absorbedPARTilem2 [umol m^-2 m^-1],Thermal time[dd]
1,0.1118034,0.0,0.0701,0.00108033979058772,0.0023684322972599607,2.1923031234196237,0.0
2,0.22360681,0.0559017,0.0701,0.0012078565728149138,0.005802493156510118,4.803958753966448,0.0
3,0.3354102,0.0559017,0.0701,0.00108033979058772,0.002065941295596133,1.9123069552702787,0.0
4,0.44721362,0.1118034,0.0701,0.00108033979058772,0.0033327575852404624,3.084916073883936,0.0
5,0.559017,0.1677051,0.0701,0.0012078565728149138,0.020574061209531005,17.03353003377138,0.0
6,0.6708204,0.1677051,0.0701,0.00108033979058772,0.012607859509546793,11.670272278583704,0.0
7,0.7826238,0.22360681,0.0701,0.00108033979058772,0.01225531256203622,11.343942589922714,0.0
