Tile Number, Tile x cohordinate [m], Tile y cohordinate [m], area_m2[m2], Tile z cohordinate [m],absorbedPARTile [umol^s-1],absorbedPARTilem2 [umol m^-2 m^-1],Thermal time[dd]
1,0.14142136,0.0,0.0701,0.004042135611804359,0.09277378589432438,22.95167574867962,0.0
2,0.28284273,0.07071068,0.0701,0.005716443181545683,0.2079938869595528,36.385192742056226,0.0
3,0.4242641,0.07071068,0.0701,0.004042135611804359,0.1292050947859734,31.964562101442667,0.0
4,0.56568545,0.14142136,0.0701,0.004042135611804359,0.125387555414327,31.020125858260243,0.0
5,0.70710677,0.21213204,0.0701,0.005716443181545683,0.2295964131135305,40.16420802619599,0.0
6,0.8485281,0.21213204,0.0701,0.004042135611804359,0.13959543577322167,34.535069868897345,0.0
7,0.9899494,0.28284273,0.0701,0.004042135611804359,0.1971529584723155,48.77445425051162,0.0
