Tile Number, Tile x cohordinate [m], Tile y cohordinate [m], area_m2[m2], Tile z cohordinate [m],absorbedPARTile [umol^s-1],absorbedPARTilem2 [umol m^-2 m^-1],Thermal time[dd]
1,0.1118034,0.0,0.0701,0.00108033979058772,0.002700713516262104,2.4998741505141435,0.0
2,0.22360681,0.0559017,0.0701,0.0012078565728149138,0.0023440878755795146,1.9407005172117497,0.0
3,0.3354102,0.0559017,0.0701,0.00108033979058772,0.0077719129284659775,7.193952306651548,0.0
4,0.44721362,0.1118034,0.0701,0.00108033979058772,0.00864811166226202,8.00499226040478,0.0
5,0.559017,0.1677051,0.0701,0.0012078565728149138,0.0062729698779654475,5.193472486014023,0.0
6,0.6708204,0.1677051,0.0701,0.00108033979058772,0.008134850831790334,7.5299002245995785,0.0
7,0.7826238,0.22360681,0.0701,0.00108033979058772,0.009213680806981943,8.528502687075491,0.0
