Tile Number, Tile x cohordinate [m], Tile y cohordinate [m], area_m2[m2], Tile z cohordinate [m],absorbedPARTile [umol^s-1],absorbedPARTilem2 [umol m^-2 m^-1],Thermal time[dd]
1,0.14142136,0.0,0.0701,0.004042135611804359,0.028098912409923075,6.95150165864427,0.0
2,0.28284273,0.07071068,0.0701,0.005716443181545683,0.050640502166492955,8.858743200662785,0.0
3,0.4242641,0.07071068,0.0701,0.004042135611804359,0.02744972284142912,6.790896070202826,0.0
4,0.56568545,0.14142136,0.0701,0.004042135611804359,0.021693038405535818,5.366727019792469,0.0
5,0.70710677,0.21213204,0.0701,0.005716443181545683,0.08524360019802572,14.911999908127575,0.0
6,0.8485281,0.21213204,0.0701,0.004042135611804359,0.22815767157180789,56.44483349482704,0.0
7,0.9899494,0.28284273,0.0701,0.004042135611804359,0.035466479133201834,8.774193282785491,0.0
