Tile Number, Tile x cohordinate [m], Tile y cohordinate [m], area_m2[m2], Tile z cohordinate [m],absorbedPARTile [umol^s-1],absorbedPARTilem2 [umol m^-2 m^-1],Thermal time[dd]
1,0.1118034,0.0,0.0701,0.00108033979058772,0.0037786966578553503,3.4976927544246856,0.0
2,0.22360681,0.0559017,0.0701,0.0012078565728149138,0.001210064726810876,1.0018281591090044,0.0
3,0.3354102,0.0559017,0.0701,0.00108033979058772,0.0038826872287198995,3.593950035486209,0.0
4,0.44721362,0.1118034,0.0701,0.00108033979058772,0.0027762492819236014,2.5697926764442167,0.0
5,0.559017,0.1677051,0.0701,0.0012078565728149138,0.003962586270018209,3.280676165700194,0.0
6,0.6708204,0.1677051,0.0701,0.00108033979058772,0.00326858495084026,3.0255156565714425,0.0
7,0.7826238,0.22360681,0.0701,0.00108033979058772,0.003530169046067178,3.267646972575838,0.0
