Tile Number, Tile x cohordinate [m], Tile y cohordinate [m], area_m2[m2], Tile z cohordinate [m],absorbedPARTile [umol^s-1],absorbedPARTilem2 [umol m^-2 m^-1],Thermal time[dd]
1,0.14142136,0.0,0.0701,0.004042135611804359,0.17013985979354865,42.091576367869635,0.0
2,0.28284273,0.07071068,0.0701,0.005716443181545683,0.20102686977783202,35.16642488930956,0.0
3,0.4242641,0.07071068,0.0701,0.004042135611804359,0.16753184889434813,41.446370182410575,0.0
4,0.56568545,0.14142136,0.0701,0.004042135611804359,0.24605667041015628,60.872937981494296,0.0
5,0.70710677,0.21213204,0.0701,0.005716443181545683,0.28322533778320313,49.545727787085454,0.0
6,0.8485281,0.21213204,0.0701,0.004042135611804359,0.0897167723846817,22.195389022248378,0.0
7,0.9899494,0.28284273,0.0701,0.004042135611804359,0.14675793120557787,36.30702809104095,0.0
