Tile Number, Tile x cohordinate [m], Tile y cohordinate [m], area_m2[m2], Tile z cohordinate [m],absorbedPARTile [umol^s-1],absorbedPARTilem2 [umol m^-2 m^-1],Thermal time[dd]
1,0.14142136,0.0,0.0701,0.004042135611804359,0.07668003351909163,18.97017836194333,0.0
2,0.28284273,0.07071068,0.0701,0.005716443181545683,0.09838482308731081,17.21084596885791,0.0
3,0.4242641,0.07071068,0.0701,0.004042135611804359,0.03564800995049477,8.819102913418073,0.0
4,0.56568545,0.14142136,0.0701,0.004042135611804359,0.056366469336195595,13.944724954696484,0.0
5,0.70710677,0.21213204,0.0701,0.005716443181545683,0.18606907216583252,32.54979823231985,0.0
6,0.8485281,0.21213204,0.0701,0.004042135611804359,0.04046207113204956,10.010072649192438,0.0
7,0.9899494,0.28284273,0.0701,0.004042135611804359,0.055761027311837665,13.794942245133292,0.0
