Tile Number, Tile x cohordinate [m], Tile y cohordinate [m], area_m2[m2], Tile z cohordinate [m],absorbedPARTile [umol^s-1],absorbedPARTilem2 [umol m^-2 m^-1],Thermal time[dd]
1,0.14142136,0.0,0.0701,0.004042135611804359,0.18501064749435428,45.77051966145387,0.0
2,0.28284273,0.07071068,0.0701,0.005716443181545683,0.1627100369393921,28.463509873528828,0.0
3,0.4242641,0.07071068,0.0701,0.004042135611804359,0.0774672448743725,19.16492970897433,0.0
4,0.56568545,0.14142136,0.0701,0.004042135611804359,0.105155598237257,26.014861532643344,0.0
5,0.70710677,0.21213204,0.0701,0.005716443181545683,0.24590991608856194,43.01799358076883,0.0
6,0.8485281,0.21213204,0.0701,0.004042135611804359,0.07949185653297904,19.66580643678475,0.0
7,0.9899494,0.28284273,0.0701,0.004042135611804359,0.11427288640854837,28.270423702469092,0.0
