Tile Number, Tile x cohordinate [m], Tile y cohordinate [m], area_m2[m2], Tile z cohordinate [m],absorbedPARTile [umol^s-1],absorbedPARTilem2 [umol m^-2 m^-1],Thermal time[dd]
1,0.1118034,0.0,0.0701,0.00108033979058772,3.215982217619132E-4,0.2976824741287732,0.0
2,0.22360681,0.0559017,0.0701,0.0012078565728149138,0.0012849568918577299,1.0638323463051027,0.0
3,0.3354102,0.0559017,0.0701,0.00108033979058772,0.010228430430321168,9.46779015216755,0.0
4,0.44721362,0.1118034,0.0701,0.00108033979058772,0.003652891328343229,3.3812429757456264,0.0
5,0.559017,0.1677051,0.0701,0.0012078565728149138,0.0016196614698506377,1.3409385735890904,0.0
6,0.6708204,0.1677051,0.0701,0.00108033979058772,0.001463665743193587,1.3548198038668302,0.0
7,0.7826238,0.22360681,0.0701,0.00108033979058772,0.0022047221714260475,2.0407673498970613,0.0
