Tile Number, Tile x cohordinate [m], Tile y cohordinate [m], area_m2[m2], Tile z cohordinate [m],absorbedPARTile [umol^s-1],absorbedPARTilem2 [umol m^-2 m^-1],Thermal time[dd]
1,0.14142136,0.0,0.0701,0.004042135611804359,0.03525524498289525,8.721935226502147,0.0
2,0.28284273,0.07071068,0.0701,0.005716443181545683,0.08933388709302902,15.627529961536993,0.0
3,0.4242641,0.07071068,0.0701,0.004042135611804359,0.11208625620376586,27.729464562355922,0.0
4,0.56568545,0.14142136,0.0701,0.004042135611804359,0.051123612213616075,12.647673686236153,0.0
5,0.70710677,0.21213204,0.0701,0.005716443181545683,0.17922672966819764,31.352840214837244,0.0
6,0.8485281,0.21213204,0.0701,0.004042135611804359,0.060751088056702617,15.029453212625906,0.0
7,0.9899494,0.28284273,0.0701,0.004042135611804359,0.11000013386853219,27.213370463696414,0.0
