Tile Number, Tile x cohordinate [m], Tile y cohordinate [m], area_m2[m2], Tile z cohordinate [m],absorbedPARTile [umol^s-1],absorbedPARTilem2 [umol m^-2 m^-1],Thermal time[dd]
1,0.1118034,0.0,0.0701,0.00108033979058772,0.002811659568380313,2.602569666392396,0.0
2,0.22360681,0.0559017,0.0701,0.0012078565728149138,0.0033143924576820093,2.744028167150514,0.0
3,0.3354102,0.0559017,0.0701,0.00108033979058772,0.0015493037607184799,1.4340893246888897,0.0
4,0.44721362,0.1118034,0.0701,0.00108033979058772,0.005865284377515651,5.429110756278684,0.0
5,0.559017,0.1677051,0.0701,0.0012078565728149138,0.018625536512561918,15.420321362457004,0.0
6,0.6708204,0.1677051,0.0701,0.00108033979058772,0.013009697343425762,12.042227322154178,0.0
7,0.7826238,0.22360681,0.0701,0.00108033979058772,0.02006798349535607,18.575621920246785,0.0
