Tile Number, Tile x cohordinate [m], Tile y cohordinate [m], area_m2[m2], Tile z cohordinate [m],absorbedPARTile [umol^s-1],absorbedPARTilem2 [umol m^-2 m^-1],Thermal time[dd]
1,0.14142136,0.0,0.0701,0.004042135611804359,0.08159456450810036,20.18600372283837,0.0
2,0.28284273,0.07071068,0.0701,0.005716443181545683,0.1691569653148651,29.59129653574661,0.0
3,0.4242641,0.07071068,0.0701,0.004042135611804359,0.1343205786586603,33.230101995192896,0.0
4,0.56568545,0.14142136,0.0701,0.004042135611804359,0.11555842587370871,28.588458421889722,0.0
5,0.70710677,0.21213204,0.0701,0.005716443181545683,0.14890703774322467,26.04889666776349,0.0
6,0.8485281,0.21213204,0.0701,0.004042135611804359,0.0753077364572664,18.630680335747062,0.0
7,0.9899494,0.28284273,0.0701,0.004042135611804359,0.10590210487973095,26.199542778936493,0.0
