Tile Number, Tile x cohordinate [m], Tile y cohordinate [m], area_m2[m2], Tile z cohordinate [m],absorbedPARTile [umol^s-1],absorbedPARTilem2 [umol m^-2 m^-1],Thermal time[dd]
1,0.1118034,0.0,0.0701,0.00108033979058772,0.01498822452968297,13.873620744385587,0.0
2,0.22360681,0.0559017,0.0701,0.0012078565728149138,0.006973841848474341,5.773733409606556,0.0
3,0.3354102,0.0559017,0.0701,0.00108033979058772,0.0095082487188293,8.801164968344525,0.0
4,0.44721362,0.1118034,0.0701,0.00108033979058772,0.029433897423478572,27.245036867026922,0.0
5,0.559017,0.1677051,0.0701,0.0012078565728149138,0.031169942394042017,25.80599642008849,0.0
6,0.6708204,0.1677051,0.0701,0.00108033979058772,0.027248387471594897,25.2220530142386,0.0
7,0.7826238,0.22360681,0.0701,0.00108033979058772,0.002891265872420611,2.67625602390126,0.0
