Tile Number, Tile x cohordinate [m], Tile y cohordinate [m], area_m2[m2], Tile z cohordinate [m],absorbedPARTile [umol^s-1],absorbedPARTilem2 [umol m^-2 m^-1],Thermal time[dd]
1,0.14142136,0.0,0.0701,0.004042135611804359,0.0965952516057539,23.897083344671596,0.0
2,0.28284273,0.07071068,0.0701,0.005716443181545683,0.06659922822088242,11.650466226251284,0.0
3,0.4242641,0.07071068,0.0701,0.004042135611804359,0.11204681491064072,27.71970702403634,0.0
4,0.56568545,0.14142136,0.0701,0.004042135611804359,0.04498950709848999,11.130133033415778,0.0
5,0.70710677,0.21213204,0.0701,0.005716443181545683,0.11169504343545436,19.539255423029125,0.0
6,0.8485281,0.21213204,0.0701,0.004042135611804359,0.1519890035035706,37.60116386489186,0.0
7,0.9899494,0.28284273,0.0701,0.004042135611804359,0.09557179029614925,23.64388518214192,0.0
