Tile Number, Tile x cohordinate [m], Tile y cohordinate [m], area_m2[m2], Tile z cohordinate [m],absorbedPARTile [umol^s-1],absorbedPARTilem2 [umol m^-2 m^-1],Thermal time[dd]
1,0.14142136,0.0,0.0701,0.004042135611804359,0.23581278502716066,58.33866244826376,0.0
2,0.28284273,0.07071068,0.0701,0.005716443181545683,0.35915227671569827,62.82792731591294,0.0
3,0.4242641,0.07071068,0.0701,0.004042135611804359,0.21900747230346684,54.18112931785201,0.0
4,0.56568545,0.14142136,0.0701,0.004042135611804359,0.2375293924647522,58.7633407872533,0.0
5,0.70710677,0.21213204,0.0701,0.005716443181545683,0.2870276014846802,50.210872804839134,0.0
6,0.8485281,0.21213204,0.0701,0.004042135611804359,0.2403019256115723,59.44924878566963,0.0
7,0.9899494,0.28284273,0.0701,0.004042135611804359,0.1358796460000229,33.615805863417805,0.0
