Tile Number, Tile x cohordinate [m], Tile y cohordinate [m], area_m2[m2], Tile z cohordinate [m],absorbedPARTile [umol^s-1],absorbedPARTilem2 [umol m^-2 m^-1],Thermal time[dd]
1,0.1118034,0.0,0.0701,0.00108033979058772,0.0048347239869118855,4.4751882963430685,0.0
2,0.22360681,0.0559017,0.0701,0.0012078565728149138,0.009829644705997394,8.138089345400816,0.0
3,0.3354102,0.0559017,0.0701,0.00108033979058772,0.006268756393488036,5.802578455504027,0.0
4,0.44721362,0.1118034,0.0701,0.00108033979058772,0.009852111297035657,9.119456103413512,0.0
5,0.559017,0.1677051,0.0701,0.0012078565728149138,0.003827610642844831,3.1689281070223196,0.0
6,0.6708204,0.1677051,0.0701,0.00108033979058772,0.0025676310813267343,2.376688430526017,0.0
7,0.7826238,0.22360681,0.0701,0.00108033979058772,0.002828020742846774,2.6177141372422206,0.0
