Tile Number, Tile x cohordinate [m], Tile y cohordinate [m], area_m2[m2], Tile z cohordinate [m],absorbedPARTile [umol^s-1],absorbedPARTilem2 [umol m^-2 m^-1],Thermal time[dd]
1,0.14142136,0.0,0.0701,0.004042135611804359,0.0330640605547503,8.179849398964354,0.0
2,0.28284273,0.07071068,0.0701,0.005716443181545683,0.09389758224729777,16.42587519288674,0.0
3,0.4242641,0.07071068,0.0701,0.004042135611804359,0.04647569603107363,11.497807222337958,0.0
4,0.56568545,0.14142136,0.0701,0.004042135611804359,0.36975714561126716,91.47569035819957,0.0
5,0.70710677,0.21213204,0.0701,0.005716443181545683,0.12493981236175537,21.856215201280563,0.0
6,0.8485281,0.21213204,0.0701,0.004042135611804359,0.031724233773243724,7.848384324513649,0.0
7,0.9899494,0.28284273,0.0701,0.004042135611804359,0.05336286676150233,13.201651771817177,0.0
