Tile Number, Tile x cohordinate [m], Tile y cohordinate [m], area_m2[m2], Tile z cohordinate [m],absorbedPARTile [umol^s-1],absorbedPARTilem2 [umol m^-2 m^-1],Thermal time[dd]
1,0.1118034,0.0,0.0701,0.00108033979058772,0.010324445826314168,9.55666533461433,0.0
2,0.22360681,0.0559017,0.0701,0.0012078565728149138,0.025155219877535107,20.826330247895893,0.0
3,0.3354102,0.0559017,0.0701,0.00108033979058772,0.017175892448468212,15.898602086223526,0.0
4,0.44721362,0.1118034,0.0701,0.00108033979058772,0.04702234788105489,43.52551696302334,0.0
5,0.559017,0.1677051,0.0701,0.0012078565728149138,0.031180858175273538,25.815033735840377,0.0
6,0.6708204,0.1677051,0.0701,0.00108033979058772,0.03128491045864306,28.95839876602493,0.0
7,0.7826238,0.22360681,0.0701,0.00108033979058772,0.02887361830260575,26.72642307000291,0.0
