Tile Number, Tile x cohordinate [m], Tile y cohordinate [m], area_m2[m2], Tile z cohordinate [m],absorbedPARTile [umol^s-1],absorbedPARTilem2 [umol m^-2 m^-1],Thermal time[dd]
1,0.1118034,0.0,0.0701,0.00108033979058772,0.002723213885109556,2.520701272724658,0.0
2,0.22360681,0.0559017,0.0701,0.0012078565728149138,0.0033322177126988203,2.7587859251641738,0.0
3,0.3354102,0.0559017,0.0701,0.00108033979058772,0.001906400605560469,1.7646305562098759,0.0
4,0.44721362,0.1118034,0.0701,0.00108033979058772,0.004628307123997714,4.284121684974549,0.0
5,0.559017,0.1677051,0.0701,0.0012078565728149138,0.007064375542787771,5.8486874201663035,0.0
6,0.6708204,0.1677051,0.0701,0.00108033979058772,0.005973928412555271,5.529675445264652,0.0
7,0.7826238,0.22360681,0.0701,0.00108033979058772,0.008541755544578434,7.906545347118613,0.0
