Tile Number, Tile x cohordinate [m], Tile y cohordinate [m], area_m2[m2], Tile z cohordinate [m],absorbedPARTile [umol^s-1],absorbedPARTilem2 [umol m^-2 m^-1],Thermal time[dd]
1,0.14142136,0.0,0.0701,0.004042135611804359,0.13108509644466398,32.429663186423674,0.0
2,0.28284273,0.07071068,0.0701,0.005716443181545683,0.2225510263272095,38.9317306687606,0.0
3,0.4242641,0.07071068,0.0701,0.004042135611804359,0.162676569094162,40.24520320869323,0.0
4,0.56568545,0.14142136,0.0701,0.004042135611804359,0.18532136239837646,45.84738865692121,0.0
5,0.70710677,0.21213204,0.0701,0.005716443181545683,0.19845346603286748,34.71624920081987,0.0
6,0.8485281,0.21213204,0.0701,0.004042135611804359,0.1799893806852722,44.5282885016634,0.0
7,0.9899494,0.28284273,0.0701,0.004042135611804359,0.06948910154584409,17.1911851108887,0.0
