Tile Number, Tile x cohordinate [m], Tile y cohordinate [m], area_m2[m2], Tile z cohordinate [m],absorbedPARTile [umol^s-1],absorbedPARTilem2 [umol m^-2 m^-1],Thermal time[dd]
1,0.14142136,0.0,0.0701,0.004042135611804359,0.023645980613568717,5.849873157277235,0.0
2,0.28284273,0.07071068,0.0701,0.005716443181545683,0.0615088008390206,10.759977644418585,0.0
3,0.4242641,0.07071068,0.0701,0.004042135611804359,0.04458867476424158,11.0309695285898,0.0
4,0.56568545,0.14142136,0.0701,0.004042135611804359,0.05624428763804853,13.914497938613636,0.0
5,0.70710677,0.21213204,0.0701,0.005716443181545683,0.1161647978464222,20.32116722885228,0.0
6,0.8485281,0.21213204,0.0701,0.004042135611804359,0.03189032862007857,7.889475189043229,0.0
7,0.9899494,0.28284273,0.0701,0.004042135611804359,0.06255782899676085,15.476430037149548,0.0
