Tile Number, Tile x cohordinate [m], Tile y cohordinate [m], area_m2[m2], Tile z cohordinate [m],absorbedPARTile [umol^s-1],absorbedPARTilem2 [umol m^-2 m^-1],Thermal time[dd]
1,0.14142136,0.0,0.0701,0.004042135611804359,0.1307659825401624,32.350716328834416,0.0
2,0.28284273,0.07071068,0.0701,0.005716443181545683,0.04412037348020897,7.718151318750474,0.0
3,0.4242641,0.07071068,0.0701,0.004042135611804359,0.03401993953045785,8.416328099212825,0.0
4,0.56568545,0.14142136,0.0701,0.004042135611804359,0.05545912378796537,13.72025313203411,0.0
5,0.70710677,0.21213204,0.0701,0.005716443181545683,0.13203001671766043,23.09653267330482,0.0
6,0.8485281,0.21213204,0.0701,0.004042135611804359,0.07552856702829312,18.685312488706458,0.0
7,0.9899494,0.28284273,0.0701,0.004042135611804359,0.04599316236178143,11.378431299401814,0.0
