Tile Number, Tile x cohordinate [m], Tile y cohordinate [m], area_m2[m2], Tile z cohordinate [m],absorbedPARTile [umol^s-1],absorbedPARTilem2 [umol m^-2 m^-1],Thermal time[dd]
1,0.14142136,0.0,0.0701,0.004042135611804359,0.07171809635768335,17.742624999577707,0.0
2,0.28284273,0.07071068,0.0701,0.005716443181545683,0.26898932561327615,47.05536591033578,0.0
3,0.4242641,0.07071068,0.0701,0.004042135611804359,0.09352024476099412,23.136345175526618,0.0
4,0.56568545,0.14142136,0.0701,0.004042135611804359,0.16298800849173095,40.3222514394996,0.0
5,0.70710677,0.21213204,0.0701,0.005716443181545683,0.2443432053153356,42.743922672781125,0.0
6,0.8485281,0.21213204,0.0701,0.004042135611804359,0.1992334412823995,49.28915316462234,0.0
7,0.9899494,0.28284273,0.0701,0.004042135611804359,0.18714618055905896,46.29883767692772,0.0
