Tile Number, Tile x cohordinate [m], Tile y cohordinate [m], area_m2[m2], Tile z cohordinate [m],absorbedPARTile [umol^s-1],absorbedPARTilem2 [umol m^-2 m^-1],Thermal time[dd]
1,0.14142136,0.0,0.0701,0.004042135611804359,0.02816562180931983,6.968005162188768,0.0
2,0.28284273,0.07071068,0.0701,0.005716443181545683,0.0965371269242406,16.887621176029548,0.0
3,0.4242641,0.07071068,0.0701,0.004042135611804359,0.09950980795053678,24.618127026697362,0.0
4,0.56568545,0.14142136,0.0701,0.004042135611804359,0.030596011923935552,7.569269035552686,0.0
5,0.70710677,0.21213204,0.0701,0.005716443181545683,0.038923887927747994,6.80910956193975,0.0
6,0.8485281,0.21213204,0.0701,0.004042135611804359,0.004554645631180091,1.1267918913653057,0.0
7,0.9899494,0.28284273,0.0701,0.004042135611804359,0.07908698100477209,19.565642670130167,0.0
