Tile Number, Tile x cohordinate [m], Tile y cohordinate [m], area_m2[m2], Tile z cohordinate [m],absorbedPARTile [umol^s-1],absorbedPARTilem2 [umol m^-2 m^-1],Thermal time[dd]
1,0.1118034,0.0,0.0701,0.00108033979058772,0.007842012681881961,7.258839071007277,0.0
2,0.22360681,0.0559017,0.0701,0.0012078565728149138,0.007169219874515247,5.935489391598338,0.0
3,0.3354102,0.0559017,0.0701,0.00108033979058772,0.005951456094232314,5.508874287593017,0.0
4,0.44721362,0.1118034,0.0701,0.00108033979058772,0.0036628526401846708,3.3904635116624076,0.0
5,0.559017,0.1677051,0.0701,0.0012078565728149138,0.004054222504609814,3.356542983544341,0.0
6,0.6708204,0.1677051,0.0701,0.00108033979058772,0.004520766973237037,4.184578789584041,0.0
7,0.7826238,0.22360681,0.0701,0.00108033979058772,0.003765866914408433,3.48581709867388,0.0
