Tile Number, Tile x cohordinate [m], Tile y cohordinate [m], area_m2[m2], Tile z cohordinate [m],absorbedPARTile [umol^s-1],absorbedPARTilem2 [umol m^-2 m^-1],Thermal time[dd]
1,0.14142136,0.0,0.0701,0.004042135611804359,0.05227634851226807,12.932853702286488,0.0
2,0.28284273,0.07071068,0.0701,0.005716443181545683,0.2207478071864319,38.6162864172374,0.0
3,0.4242641,0.07071068,0.0701,0.004042135611804359,0.10966466302855493,27.13037699880682,0.0
4,0.56568545,0.14142136,0.0701,0.004042135611804359,0.05759614917006016,14.24894033784036,0.0
5,0.70710677,0.21213204,0.0701,0.005716443181545683,0.10530407462631226,18.4212579889299,0.0
6,0.8485281,0.21213204,0.0701,0.004042135611804359,0.07115663381175996,17.603722548041013,0.0
7,0.9899494,0.28284273,0.0701,0.004042135611804359,0.0463639498048246,11.470161879138018,0.0
