Tile Number, Tile x cohordinate [m], Tile y cohordinate [m], area_m2[m2], Tile z cohordinate [m],absorbedPARTile [umol^s-1],absorbedPARTilem2 [umol m^-2 m^-1],Thermal time[dd]
1,0.1118034,0.0,0.0701,0.00108033979058772,0.0020117758032528873,1.8621694959124417,0.0
2,0.22360681,0.0559017,0.0701,0.0012078565728149138,0.007798852761804759,6.456770561449615,0.0
3,0.3354102,0.0559017,0.0701,0.00108033979058772,0.0019099063107257893,1.7678755585654895,0.0
4,0.44721362,0.1118034,0.0701,0.00108033979058772,0.0031661402918924555,2.9306893252261226,0.0
5,0.559017,0.1677051,0.0701,0.0012078565728149138,0.004800900459139822,3.9747272707646966,0.0
6,0.6708204,0.1677051,0.0701,0.00108033979058772,0.003754351627630113,3.4751581496296584,0.0
7,0.7826238,0.22360681,0.0701,0.00108033979058772,0.007343505560436883,6.797403580258683,0.0
