Tile Number, Tile x cohordinate [m], Tile y cohordinate [m], area_m2[m2], Tile z cohordinate [m],absorbedPARTile [umol^s-1],absorbedPARTilem2 [umol m^-2 m^-1],Thermal time[dd]
1,0.14142136,0.0,0.0701,0.004042135611804359,0.03914026072815329,9.683064718029478,0.0
2,0.28284273,0.07071068,0.0701,0.005716443181545683,0.1318197693049113,23.05975326238933,0.0
3,0.4242641,0.07071068,0.0701,0.004042135611804359,0.16174492863919734,40.014720972460495,0.0
4,0.56568545,0.14142136,0.0701,0.004042135611804359,0.10316821436736982,25.523194735496965,0.0
5,0.70710677,0.21213204,0.0701,0.005716443181545683,0.14628021169804037,25.589375605144614,0.0
6,0.8485281,0.21213204,0.0701,0.004042135611804359,0.16145640622845492,39.94334226614004,0.0
7,0.9899494,0.28284273,0.0701,0.004042135611804359,0.05803770763983593,14.358179243256169,0.0
