Tile Number, Tile x cohordinate [m], Tile y cohordinate [m], area_m2[m2], Tile z cohordinate [m],absorbedPARTile [umol^s-1],absorbedPARTilem2 [umol m^-2 m^-1],Thermal time[dd]
1,0.1118034,0.0,0.0701,0.00108033979058772,0.005797950552111057,5.3667842308732245,0.0
2,0.22360681,0.0559017,0.0701,0.0012078565728149138,0.007268084214091956,6.017340450574907,0.0
3,0.3354102,0.0559017,0.0701,0.00108033979058772,0.0016824185305394348,1.5573049749691954,0.0
4,0.44721362,0.1118034,0.0701,0.00108033979058772,0.010892543452342782,10.082516211327444,0.0
5,0.559017,0.1677051,0.0701,0.0012078565728149138,0.01081489444245839,8.953790280955497,0.0
6,0.6708204,0.1677051,0.0701,0.00108033979058772,0.011227846654342212,10.392884490752772,0.0
7,0.7826238,0.22360681,0.0701,0.00108033979058772,0.0040685290865060415,3.7659717081166706,0.0
