Tile Number, Tile x cohordinate [m], Tile y cohordinate [m], area_m2[m2], Tile z cohordinate [m],absorbedPARTile [umol^s-1],absorbedPARTilem2 [umol m^-2 m^-1],Thermal time[dd]
1,0.1118034,0.0,0.0701,0.00108033979058772,0.0028238609451761115,2.613863684165416,0.0
2,0.22360681,0.0559017,0.0701,0.0012078565728149138,0.004274407861462503,3.5388372739496554,0.0
3,0.3354102,0.0559017,0.0701,0.00108033979058772,0.011652854579673152,10.78628657501714,0.0
4,0.44721362,0.1118034,0.0701,0.00108033979058772,0.018658437485127553,17.270897219269415,0.0
5,0.559017,0.1677051,0.0701,0.0012078565728149138,0.005346610642948886,4.4265277544407375,0.0
6,0.6708204,0.1677051,0.0701,0.00108033979058772,0.009254691077709234,8.566463216794554,0.0
7,0.7826238,0.22360681,0.0701,0.00108033979058772,0.003687075248419086,3.412884798414456,0.0
