Tile Number, Tile x cohordinate [m], Tile y cohordinate [m], area_m2[m2], Tile z cohordinate [m],absorbedPARTile [umol^s-1],absorbedPARTilem2 [umol m^-2 m^-1],Thermal time[dd]
1,0.1118034,0.0,0.0701,0.00108033979058772,0.008484566021511368,7.853608739983229,0.0
2,0.22360681,0.0559017,0.0701,0.0012078565728149138,0.012817860955875926,10.612072032694957,0.0
3,0.3354102,0.0559017,0.0701,0.00108033979058772,0.007538939841834118,6.978304333058796,0.0
4,0.44721362,0.1118034,0.0701,0.00108033979058772,0.011618208543881244,10.754217002005245,0.0
5,0.559017,0.1677051,0.0701,0.0012078565728149138,0.010937422455168575,9.055232799436506,0.0
6,0.6708204,0.1677051,0.0701,0.00108033979058772,0.006762746352082768,6.259832703564256,0.0
7,0.7826238,0.22360681,0.0701,0.00108033979058772,0.012914140493217855,11.953776585598483,0.0
