Tile Number, Tile x cohordinate [m], Tile y cohordinate [m], area_m2[m2], Tile z cohordinate [m],absorbedPARTile [umol^s-1],absorbedPARTilem2 [umol m^-2 m^-1],Thermal time[dd]
1,0.1118034,0.0,0.0701,0.00108033979058772,0.014744991507420853,13.648475818334315,0.0
2,0.22360681,0.0559017,0.0701,0.0012078565728149138,0.011836016361864455,9.799190258393494,0.0
3,0.3354102,0.0559017,0.0701,0.00108033979058772,0.011484333853624497,10.630297942998896,0.0
4,0.44721362,0.1118034,0.0701,0.00108033979058772,0.009383526541675962,8.685717793076188,0.0
5,0.559017,0.1677051,0.0701,0.0012078565728149138,0.00540633148935015,4.475971411697232,0.0
6,0.6708204,0.1677051,0.0701,0.00108033979058772,0.008249802955376246,7.636303899246586,0.0
7,0.7826238,0.22360681,0.0701,0.00108033979058772,0.007209689349416482,6.673538651662835,0.0
