Tile Number, Tile x cohordinate [m], Tile y cohordinate [m], area_m2[m2], Tile z cohordinate [m],absorbedPARTile [umol^s-1],absorbedPARTilem2 [umol m^-2 m^-1],Thermal time[dd]
1,0.1118034,0.0,0.0701,0.00108033979058772,0.008842865171099081,8.185262866499103,0.0
2,0.22360681,0.0559017,0.0701,0.0012078565728149138,0.014552213155888172,12.047964537688602,0.0
3,0.3354102,0.0559017,0.0701,0.00108033979058772,0.00697684339138765,6.458008352716648,0.0
4,0.44721362,0.1118034,0.0701,0.00108033979058772,0.009148286412985996,8.46797136668381,0.0
5,0.559017,0.1677051,0.0701,0.0012078565728149138,0.003725072355207509,3.084035339167974,0.0
6,0.6708204,0.1677051,0.0701,0.00108033979058772,0.005759019583278346,5.33074837514349,0.0
7,0.7826238,0.22360681,0.0701,0.00108033979058772,0.008117573880228211,7.513908078690815,0.0
