Tile Number, Tile x cohordinate [m], Tile y cohordinate [m], area_m2[m2], Tile z cohordinate [m],absorbedPARTile [umol^s-1],absorbedPARTilem2 [umol m^-2 m^-1],Thermal time[dd]
1,0.1118034,0.0,0.0701,0.00108033979058772,0.00544238604536145,5.037661384665575,0.0
2,0.22360681,0.0559017,0.0701,0.0012078565728149138,0.008633308522538345,7.1476272239992795,0.0
3,0.3354102,0.0559017,0.0701,0.00108033979058772,0.001969951467225369,1.8234554391018847,0.0
4,0.44721362,0.1118034,0.0701,0.00108033979058772,0.004437718291340858,4.107706047674758,0.0
5,0.559017,0.1677051,0.0701,0.0012078565728149138,0.0019473546095476058,1.612239940880803,0.0
6,0.6708204,0.1677051,0.0701,0.00108033979058772,0.001013739843385861,0.9383527777259527,0.0
7,0.7826238,0.22360681,0.0701,0.00108033979058772,0.0030263941195653246,2.801335418663904,0.0
