Tile Number, Tile x cohordinate [m], Tile y cohordinate [m], area_m2[m2], Tile z cohordinate [m],absorbedPARTile [umol^s-1],absorbedPARTilem2 [umol m^-2 m^-1],Thermal time[dd]
1,0.14142136,0.0,0.0701,0.004042135611804359,0.21035747587738035,52.04117231076257,0.0
2,0.28284273,0.07071068,0.0701,0.005716443181545683,0.2691447482806396,47.08255461184605,0.0
3,0.4242641,0.07071068,0.0701,0.004042135611804359,0.037335792576504684,9.2366501676668,0.0
4,0.56568545,0.14142136,0.0701,0.004042135611804359,0.10590902786693575,26.201255484265968,0.0
5,0.70710677,0.21213204,0.0701,0.005716443181545683,0.1421347375525284,24.864191427876005,0.0
6,0.8485281,0.21213204,0.0701,0.004042135611804359,0.0751308467897606,18.586918897612918,0.0
7,0.9899494,0.28284273,0.0701,0.004042135611804359,0.08066397858501437,19.955782371439774,0.0
