Tile Number, Tile x cohordinate [m], Tile y cohordinate [m], area_m2[m2], Tile z cohordinate [m],absorbedPARTile [umol^s-1],absorbedPARTilem2 [umol m^-2 m^-1],Thermal time[dd]
1,0.14142136,0.0,0.0701,0.004042135611804359,0.11801630578565994,29.196523105512266,0.0
2,0.28284273,0.07071068,0.0701,0.005716443181545683,0.05076581657515503,8.880664945475473,0.0
3,0.4242641,0.07071068,0.0701,0.004042135611804359,0.028800931505838206,7.1251769539176415,0.0
4,0.56568545,0.14142136,0.0701,0.004042135611804359,0.05159792493603354,12.765015796439561,0.0
5,0.70710677,0.21213204,0.0701,0.005716443181545683,0.10913883179350695,19.092087217072038,0.0
6,0.8485281,0.21213204,0.0701,0.004042135611804359,0.05409771176299092,13.383447998381818,0.0
7,0.9899494,0.28284273,0.0701,0.004042135611804359,0.06259243844540914,15.484992206253231,0.0
