Tile Number, Tile x cohordinate [m], Tile y cohordinate [m], area_m2[m2], Tile z cohordinate [m],absorbedPARTile [umol^s-1],absorbedPARTilem2 [umol m^-2 m^-1],Thermal time[dd]
1,0.14142136,0.0,0.0701,0.004042135611804359,0.06402572527066866,15.839578732512729,0.0
2,0.28284273,0.07071068,0.0701,0.005716443181545683,0.10537587698277633,18.433818658945103,0.0
3,0.4242641,0.07071068,0.0701,0.004042135611804359,0.08221594298948907,20.339729015867654,0.0
4,0.56568545,0.14142136,0.0701,0.004042135611804359,0.15280533968481275,37.80312051841386,0.0
5,0.70710677,0.21213204,0.0701,0.005716443181545683,0.06486139131801548,11.346459548029209,0.0
6,0.8485281,0.21213204,0.0701,0.004042135611804359,0.019294239512377895,4.7732786243075065,0.0
7,0.9899494,0.28284273,0.0701,0.004042135611804359,0.011243709931418638,2.7816261034348586,0.0
