Tile Number, Tile x cohordinate [m], Tile y cohordinate [m], area_m2[m2], Tile z cohordinate [m],absorbedPARTile [umol^s-1],absorbedPARTilem2 [umol m^-2 m^-1],Thermal time[dd]
1,0.1118034,0.0,0.0701,0.00108033979058772,0.005413540373029337,5.010960829355638,0.0
2,0.22360681,0.0559017,0.0701,0.0012078565728149138,0.003764761969090578,3.116894881249673,0.0
3,0.3354102,0.0559017,0.0701,0.00108033979058772,7.633742017778382E-4,0.7066056516927438,0.0
4,0.44721362,0.1118034,0.0701,0.00108033979058772,0.002297608926954749,2.1267465541603516,0.0
5,0.559017,0.1677051,0.0701,0.0012078565728149138,0.0016259120986113547,1.3461135495766365,0.0
6,0.6708204,0.1677051,0.0701,0.00108033979058772,0.003210433996272869,2.971689115075867,0.0
7,0.7826238,0.22360681,0.0701,0.00108033979058772,7.284827897755079E-4,0.6743089499454641,0.0
