Tile Number, Tile x cohordinate [m], Tile y cohordinate [m], area_m2[m2], Tile z cohordinate [m],absorbedPARTile [umol^s-1],absorbedPARTilem2 [umol m^-2 m^-1],Thermal time[dd]
1,0.1118034,0.0,0.0701,0.00108033979058772,0.005440109660469503,5.035554283814732,0.0
2,0.22360681,0.0559017,0.0701,0.0012078565728149138,0.0024181351913741605,2.0020052428399575,0.0
3,0.3354102,0.0559017,0.0701,0.00108033979058772,0.003744769063326561,3.466288195577203,0.0
4,0.44721362,0.1118034,0.0701,0.00108033979058772,0.0044206231712513805,4.091882211286969,0.0
5,0.559017,0.1677051,0.0701,0.0012078565728149138,0.009465228266274007,7.836384285441492,0.0
6,0.6708204,0.1677051,0.0701,0.00108033979058772,0.0025160580679244923,2.3289506596398915,0.0
7,0.7826238,0.22360681,0.0701,0.00108033979058772,0.03236520232615426,29.958354406762282,0.0
