Tile Number, Tile x cohordinate [m], Tile y cohordinate [m], area_m2[m2], Tile z cohordinate [m],absorbedPARTile [umol^s-1],absorbedPARTilem2 [umol m^-2 m^-1],Thermal time[dd]
1,0.1118034,0.0,0.0701,0.00108033979058772,0.004405968064783958,4.078316936180839,0.0
2,0.22360681,0.0559017,0.0701,0.0012078565728149138,0.0025664177771920313,2.124770303820913,0.0
3,0.3354102,0.0559017,0.0701,0.00108033979058772,0.00207133304778642,1.917297748201597,0.0
4,0.44721362,0.1118034,0.0701,0.00108033979058772,0.0027669856260404595,2.561217915092418,0.0
5,0.559017,0.1677051,0.0701,0.0012078565728149138,0.0031272753673160817,2.5891115201103356,0.0
6,0.6708204,0.1677051,0.0701,0.00108033979058772,0.005390436735030742,4.989575300284247,0.0
7,0.7826238,0.22360681,0.0701,0.00108033979058772,0.0040352772623846594,3.735192665808794,0.0
