Tile Number, Tile x cohordinate [m], Tile y cohordinate [m], area_m2[m2], Tile z cohordinate [m],absorbedPARTile [umol^s-1],absorbedPARTilem2 [umol m^-2 m^-1],Thermal time[dd]
1,0.14142136,0.0,0.0701,0.004042135611804359,0.05322432719328611,13.167377917221197,0.0
2,0.28284273,0.07071068,0.0701,0.005716443181545683,0.15944982032256524,27.89318729473512,0.0
3,0.4242641,0.07071068,0.0701,0.004042135611804359,0.02699185280345461,6.677621781077696,0.0
4,0.56568545,0.14142136,0.0701,0.004042135611804359,0.13629362848939897,33.71822263740408,0.0
5,0.70710677,0.21213204,0.0701,0.005716443181545683,0.17363713784524998,30.375030824377024,0.0
6,0.8485281,0.21213204,0.0701,0.004042135611804359,0.07756622170057495,19.189415979527304,0.0
7,0.9899494,0.28284273,0.0701,0.004042135611804359,0.10223293612952607,25.291812533694422,0.0
