Tile Number, Tile x cohordinate [m], Tile y cohordinate [m], area_m2[m2], Tile z cohordinate [m],absorbedPARTile [umol^s-1],absorbedPARTilem2 [umol m^-2 m^-1],Thermal time[dd]
1,0.1118034,0.0,0.0701,0.00108033979058772,0.004524626437148748,4.1881512433114105,0.0
2,0.22360681,0.0559017,0.0701,0.0012078565728149138,0.005166933104737485,4.277770408365564,0.0
3,0.3354102,0.0559017,0.0701,0.00108033979058772,0.007293624295732453,6.751231750674128,0.0
4,0.44721362,0.1118034,0.0701,0.00108033979058772,0.015965646695697444,14.778356619644557,0.0
5,0.559017,0.1677051,0.0701,0.0012078565728149138,0.01350683090227011,11.182479117361092,0.0
6,0.6708204,0.1677051,0.0701,0.00108033979058772,0.005324203817221911,4.928267813152999,0.0
7,0.7826238,0.22360681,0.0701,0.00108033979058772,0.010106302822023312,9.35474459986829,0.0
