Tile Number, Tile x cohordinate [m], Tile y cohordinate [m], area_m2[m2], Tile z cohordinate [m],absorbedPARTile [umol^s-1],absorbedPARTilem2 [umol m^-2 m^-1],Thermal time[dd]
1,0.1118034,0.0,0.0701,0.00108033979058772,0.0012687312470881478,1.1743816696762972,0.0
2,0.22360681,0.0559017,0.0701,0.0012078565728149138,0.0016354444193485038,1.3540054805820985,0.0
3,0.3354102,0.0559017,0.0701,0.00108033979058772,0.0013008418471810068,1.204104355420743,0.0
4,0.44721362,0.1118034,0.0701,0.00108033979058772,0.019495889862384073,18.046072200837884,0.0
5,0.559017,0.1677051,0.0701,0.0012078565728149138,0.029320574237518552,24.274880724610256,0.0
6,0.6708204,0.1677051,0.0701,0.00108033979058772,0.005528424512377016,5.117301575432556,0.0
7,0.7826238,0.22360681,0.0701,0.00108033979058772,0.0024573818626354026,2.274637927849119,0.0
