Tile Number, Tile x cohordinate [m], Tile y cohordinate [m], area_m2[m2], Tile z cohordinate [m],absorbedPARTile [umol^s-1],absorbedPARTilem2 [umol m^-2 m^-1],Thermal time[dd]
1,0.1118034,0.0,0.0701,0.00108033979058772,0.0013686341274138792,1.2668552425245054,0.0
2,0.22360681,0.0559017,0.0701,0.0012078565728149138,0.007374900588772597,6.105775101745206,0.0
3,0.3354102,0.0559017,0.0701,0.00108033979058772,0.005092770930546586,4.714045502087864,0.0
4,0.44721362,0.1118034,0.0701,0.00108033979058772,0.007652506252552312,7.083425343788589,0.0
5,0.559017,0.1677051,0.0701,0.0012078565728149138,0.0014567392073421134,1.2060531358844848,0.0
6,0.6708204,0.1677051,0.0701,0.00108033979058772,0.0023338415089094967,2.1602846893567205,0.0
7,0.7826238,0.22360681,0.0701,0.00108033979058772,9.224712805137068E-4,0.8538714287399056,0.0
