Tile Number, Tile x cohordinate [m], Tile y cohordinate [m], area_m2[m2], Tile z cohordinate [m],absorbedPARTile [umol^s-1],absorbedPARTilem2 [umol m^-2 m^-1],Thermal time[dd]
1,0.14142136,0.0,0.0701,0.004042135611804359,0.09312973670872647,23.039735835867837,0.0
2,0.28284273,0.07071068,0.0701,0.005716443181545683,0.37369595308634446,65.37211010733775,0.0
3,0.4242641,0.07071068,0.0701,0.004042135611804359,0.20960981844965618,51.856206367131,0.0
4,0.56568545,0.14142136,0.0701,0.004042135611804359,0.28256591871897385,69.90510607654747,0.0
5,0.70710677,0.21213204,0.0701,0.005716443181545683,0.08006658807477157,14.006364715256765,0.0
6,0.8485281,0.21213204,0.0701,0.004042135611804359,0.12314457522482075,30.465226071386194,0.0
7,0.9899494,0.28284273,0.0701,0.004042135611804359,0.16340146150732832,40.424537224862654,0.0
