Tile Number, Tile x cohordinate [m], Tile y cohordinate [m], area_m2[m2], Tile z cohordinate [m],absorbedPARTile [umol^s-1],absorbedPARTilem2 [umol m^-2 m^-1],Thermal time[dd]
1,0.1118034,0.0,0.0701,0.00108033979058772,0.007801174515458966,7.221037847004615,0.0
2,0.22360681,0.0559017,0.0701,0.0012078565728149138,0.007615425919224626,6.304909118039446,0.0
3,0.3354102,0.0559017,0.0701,0.00108033979058772,0.00529548876159613,4.90168816119909,0.0
4,0.44721362,0.1118034,0.0701,0.00108033979058772,0.00471738747708111,4.366577551045107,0.0
5,0.559017,0.1677051,0.0701,0.0012078565728149138,0.0011085566928159814,0.917788351503098,0.0
6,0.6708204,0.1677051,0.0701,0.00108033979058772,0.0020403725401397293,1.8886396279357056,0.0
7,0.7826238,0.22360681,0.0701,0.00108033979058772,0.0022433693494682784,2.0765405190230513,0.0
