Tile Number, Tile x cohordinate [m], Tile y cohordinate [m], area_m2[m2], Tile z cohordinate [m],absorbedPARTile [umol^s-1],absorbedPARTilem2 [umol m^-2 m^-1],Thermal time[dd]
1,0.1118034,0.0,0.0701,0.00108033979058772,0.003556463255857602,3.291985805616617,0.0
2,0.22360681,0.0559017,0.0701,0.0012078565728149138,0.009725165445839333,8.051589621419042,0.0
3,0.3354102,0.0559017,0.0701,0.00108033979058772,0.005817996525086141,5.385339479092101,0.0
4,0.44721362,0.1118034,0.0701,0.00108033979058772,0.0026874585649411236,2.4876049075995885,0.0
5,0.559017,0.1677051,0.0701,0.0012078565728149138,0.004822783522124263,3.9928445402128747,0.0
6,0.6708204,0.1677051,0.0701,0.00108033979058772,0.0034943875954448413,3.234526420195859,0.0
7,0.7826238,0.22360681,0.0701,0.00108033979058772,0.0018315012753109539,1.6953011369826447,0.0
