Tile Number, Tile x cohordinate [m], Tile y cohordinate [m], area_m2[m2], Tile z cohordinate [m],absorbedPARTile [umol^s-1],absorbedPARTilem2 [umol m^-2 m^-1],Thermal time[dd]
1,0.14142136,0.0,0.0701,0.004042135611804359,0.049983364922370904,12.365583375382833,0.0
2,0.28284273,0.07071068,0.0701,0.005716443181545683,0.04488534587327719,7.851970963024692,0.0
3,0.4242641,0.07071068,0.0701,0.004042135611804359,0.0516329811240721,12.77368848617718,0.0
4,0.56568545,0.14142136,0.0701,0.004042135611804359,0.06019149264921009,14.891012679889121,0.0
5,0.70710677,0.21213204,0.0701,0.005716443181545683,0.050926972688022855,8.908856621269274,0.0
6,0.8485281,0.21213204,0.0701,0.004042135611804359,0.047990291893272405,11.87250911451982,0.0
7,0.9899494,0.28284273,0.0701,0.004042135611804359,0.07979867371597292,19.741711159550082,0.0
