Tile Number, Tile x cohordinate [m], Tile y cohordinate [m], area_m2[m2], Tile z cohordinate [m],absorbedPARTile [umol^s-1],absorbedPARTilem2 [umol m^-2 m^-1],Thermal time[dd]
1,0.14142136,0.0,0.0701,0.004042135611804359,0.19980634547662735,49.43088621102355,0.0
2,0.28284273,0.07071068,0.0701,0.005716443181545683,0.2035705935292562,35.611408539219006,0.0
3,0.4242641,0.07071068,0.0701,0.004042135611804359,0.11563676701717773,28.607839548846535,0.0
4,0.56568545,0.14142136,0.0701,0.004042135611804359,0.1543859037232558,38.19414253999753,0.0
5,0.70710677,0.21213204,0.0701,0.005716443181545683,0.12833674325728814,22.450453749211736,0.0
6,0.8485281,0.21213204,0.0701,0.004042135611804359,0.11115822387737832,27.49987495539732,0.0
7,0.9899494,0.28284273,0.0701,0.004042135611804359,0.07376420440810423,18.24881980522588,0.0
