Tile Number, Tile x cohordinate [m], Tile y cohordinate [m], area_m2[m2], Tile z cohordinate [m],absorbedPARTile [umol^s-1],absorbedPARTilem2 [umol m^-2 m^-1],Thermal time[dd]
1,0.1118034,0.0,0.0701,0.00108033979058772,0.004244365856674294,3.9287323244525685,0.0
2,0.22360681,0.0559017,0.0701,0.0012078565728149138,0.0013537419742212721,1.1207804011583693,0.0
3,0.3354102,0.0559017,0.0701,0.00108033979058772,0.005108331056263917,4.728448494417589,0.0
4,0.44721362,0.1118034,0.0701,0.00108033979058772,0.002372482523326559,2.196052153217365,0.0
5,0.559017,0.1677051,0.0701,0.0012078565728149138,0.004145767684642556,3.432334416147466,0.0
6,0.6708204,0.1677051,0.0701,0.00108033979058772,0.00621034378989264,5.748509722588415,0.0
7,0.7826238,0.22360681,0.0701,0.00108033979058772,0.004224837588676619,3.9106562819261232,0.0
