Tile Number, Tile x cohordinate [m], Tile y cohordinate [m], area_m2[m2], Tile z cohordinate [m],absorbedPARTile [umol^s-1],absorbedPARTilem2 [umol m^-2 m^-1],Thermal time[dd]
1,0.14142136,0.0,0.0701,0.004042135611804359,0.02418989945696133,5.984435402493401,0.0
2,0.28284273,0.07071068,0.0701,0.005716443181545683,0.1003936578151504,17.562259367721857,0.0
3,0.4242641,0.07071068,0.0701,0.004042135611804359,0.05744509630997771,14.211570770218401,0.0
4,0.56568545,0.14142136,0.0701,0.004042135611804359,0.03420098409629768,8.46111743416515,0.0
5,0.70710677,0.21213204,0.0701,0.005716443181545683,0.0737553942360937,12.902322632051563,0.0
6,0.8485281,0.21213204,0.0701,0.004042135611804359,0.12393280503592889,30.660229378253547,0.0
7,0.9899494,0.28284273,0.0701,0.004042135611804359,0.12965428268458445,32.075688481591634,0.0
