Tile Number, Tile x cohordinate [m], Tile y cohordinate [m], area_m2[m2], Tile z cohordinate [m],absorbedPARTile [umol^s-1],absorbedPARTilem2 [umol m^-2 m^-1],Thermal time[dd]
1,0.14142136,0.0,0.0701,0.004042135611804359,0.029333594422004224,7.256954550545144,0.0
2,0.28284273,0.07071068,0.0701,0.005716443181545683,0.16577939016799925,29.000443965433373,0.0
3,0.4242641,0.07071068,0.0701,0.004042135611804359,0.055491480981633055,13.728258106823473,0.0
4,0.56568545,0.14142136,0.0701,0.004042135611804359,0.05982739293952107,14.800936605096943,0.0
5,0.70710677,0.21213204,0.0701,0.005716443181545683,0.050488004386560925,8.832066161271518,0.0
6,0.8485281,0.21213204,0.0701,0.004042135611804359,0.1293522433586693,32.000965771885134,0.0
7,0.9899494,0.28284273,0.0701,0.004042135611804359,0.018329223713243418,4.5345395289846495,0.0
