Tile Number, Tile x cohordinate [m], Tile y cohordinate [m], area_m2[m2], Tile z cohordinate [m],absorbedPARTile [umol^s-1],absorbedPARTilem2 [umol m^-2 m^-1],Thermal time[dd]
1,0.1118034,0.0,0.0701,0.00108033979058772,0.009731860225519147,9.008147538678436,0.0
2,0.22360681,0.0559017,0.0701,0.0012078565728149138,0.0023366859686270434,1.9345723831939656,0.0
3,0.3354102,0.0559017,0.0701,0.00108033979058772,0.004942566675027235,4.57501123080768,0.0
4,0.44721362,0.1118034,0.0701,0.00108033979058772,0.015730098961710168,14.560325463114502,0.0
5,0.559017,0.1677051,0.0701,0.0012078565728149138,0.008377611823609708,6.935932636509694,0.0
6,0.6708204,0.1677051,0.0701,0.00108033979058772,0.0016949964544452913,1.5689475378141813,0.0
7,0.7826238,0.22360681,0.0701,0.00108033979058772,0.0010661288881844454,0.9868458955903646,0.0
