Tile Number, Tile x cohordinate [m], Tile y cohordinate [m], area_m2[m2], Tile z cohordinate [m],absorbedPARTile [umol^s-1],absorbedPARTilem2 [umol m^-2 m^-1],Thermal time[dd]
1,0.14142136,0.0,0.0701,0.004042135611804359,0.046854701543717285,11.591570902986584,0.0
2,0.28284273,0.07071068,0.0701,0.005716443181545683,0.03763731104557315,6.584043582743406,0.0
3,0.4242641,0.07071068,0.0701,0.004042135611804359,0.1437028002305349,35.55120709232903,0.0
4,0.56568545,0.14142136,0.0701,0.004042135611804359,0.04022194032159001,9.950665733264557,0.0
5,0.70710677,0.21213204,0.0701,0.005716443181545683,0.1200893079499945,21.007697292903604,0.0
6,0.8485281,0.21213204,0.0701,0.004042135611804359,0.06508349840563858,16.101265433938796,0.0
7,0.9899494,0.28284273,0.0701,0.004042135611804359,0.02874925904686173,7.112393498848599,0.0
