Tile Number, Tile x cohordinate [m], Tile y cohordinate [m], area_m2[m2], Tile z cohordinate [m],absorbedPARTile [umol^s-1],absorbedPARTilem2 [umol m^-2 m^-1],Thermal time[dd]
1,0.14142136,0.0,0.0701,0.004042135611804359,0.10204955265724182,25.24644456737763,0.0
2,0.28284273,0.07071068,0.0701,0.005716443181545683,0.13329063388931275,23.317057417733658,0.0
3,0.4242641,0.07071068,0.0701,0.004042135611804359,0.08724875611893892,21.584816665760542,0.0
4,0.56568545,0.14142136,0.0701,0.004042135611804359,0.08723342816745759,21.581024622901673,0.0
5,0.70710677,0.21213204,0.0701,0.005716443181545683,0.16198573733291627,28.33680528057248,0.0
6,0.8485281,0.21213204,0.0701,0.004042135611804359,0.1311234947583008,32.4391626979009,0.0
7,0.9899494,0.28284273,0.0701,0.004042135611804359,0.11046882381298068,27.329321532502657,0.0
