Tile Number, Tile x cohordinate [m], Tile y cohordinate [m], area_m2[m2], Tile z cohordinate [m],absorbedPARTile [umol^s-1],absorbedPARTilem2 [umol m^-2 m^-1],Thermal time[dd]
1,0.14142136,0.0,0.0701,0.004042135611804359,0.09602482419509648,23.75596303960524,0.0
2,0.28284273,0.07071068,0.0701,0.005716443181545683,0.13916786143810275,24.345184062596214,0.0
3,0.4242641,0.07071068,0.0701,0.004042135611804359,0.11151289014741927,27.587617254048855,0.0
4,0.56568545,0.14142136,0.0701,0.004042135611804359,0.07366339007608651,18.223878946803588,0.0
5,0.70710677,0.21213204,0.0701,0.005716443181545683,0.08398406287614822,14.691664066087956,0.0
6,0.8485281,0.21213204,0.0701,0.004042135611804359,0.0910414475012207,22.52310566606174,0.0
7,0.9899494,0.28284273,0.0701,0.004042135611804359,0.10229147490565094,25.30629467426237,0.0
