Tile Number, Tile x cohordinate [m], Tile y cohordinate [m], area_m2[m2], Tile z cohordinate [m],absorbedPARTile [umol^s-1],absorbedPARTilem2 [umol m^-2 m^-1],Thermal time[dd]
1,0.14142136,0.0,0.0701,0.004042135611804359,0.07246388865202666,17.927129520446663,0.0
2,0.28284273,0.07071068,0.0701,0.005716443181545683,0.10384430648183425,18.16589497768008,0.0
3,0.4242641,0.07071068,0.0701,0.004042135611804359,0.0867448888026204,21.460162927066804,0.0
4,0.56568545,0.14142136,0.0701,0.004042135611804359,0.08297413079413672,20.527300111313707,0.0
5,0.70710677,0.21213204,0.0701,0.005716443181545683,0.16678802077922825,29.176887704870012,0.0
6,0.8485281,0.21213204,0.0701,0.004042135611804359,0.0698190999258188,17.272824722140488,0.0
7,0.9899494,0.28284273,0.0701,0.004042135611804359,0.12195447254081568,30.170801836699564,0.0
