Tile Number, Tile x cohordinate [m], Tile y cohordinate [m], area_m2[m2], Tile z cohordinate [m],absorbedPARTile [umol^s-1],absorbedPARTilem2 [umol m^-2 m^-1],Thermal time[dd]
1,0.14142136,0.0,0.0701,0.004042135611804359,0.1154356153061549,28.558075827304037,0.0
2,0.28284273,0.07071068,0.0701,0.005716443181545683,0.10639908502844175,18.612812486605044,0.0
3,0.4242641,0.07071068,0.0701,0.004042135611804359,0.08793512302025693,21.75461970238148,0.0
4,0.56568545,0.14142136,0.0701,0.004042135611804359,0.2165954272293091,53.58440389698444,0.0
5,0.70710677,0.21213204,0.0701,0.005716443181545683,0.22230548465385438,38.88877709333668,0.0
6,0.8485281,0.21213204,0.0701,0.004042135611804359,0.07554671631386281,18.6898025126227,0.0
7,0.9899494,0.28284273,0.0701,0.004042135611804359,0.21550691627610527,53.31511284449599,0.0
