Tile Number, Tile x cohordinate [m], Tile y cohordinate [m], area_m2[m2], Tile z cohordinate [m],absorbedPARTile [umol^s-1],absorbedPARTilem2 [umol m^-2 m^-1],Thermal time[dd]
1,0.14142136,0.0,0.0701,0.004042135611804359,0.0394511921388736,9.759987275949674,0.0
2,0.28284273,0.07071068,0.0701,0.005716443181545683,0.05995632619990706,10.48839711963958,0.0
3,0.4242641,0.07071068,0.0701,0.004042135611804359,0.05003480739251847,12.378309932601086,0.0
4,0.56568545,0.14142136,0.0701,0.004042135611804359,0.07435063464764732,18.393899113755396,0.0
5,0.70710677,0.21213204,0.0701,0.005716443181545683,0.2876351577877045,50.31715503029458,0.0
6,0.8485281,0.21213204,0.0701,0.004042135611804359,0.08311648695134123,20.56251816703375,0.0
7,0.9899494,0.28284273,0.0701,0.004042135611804359,0.12012648765269668,29.718569387402045,0.0
