Tile Number, Tile x cohordinate [m], Tile y cohordinate [m], area_m2[m2], Tile z cohordinate [m],absorbedPARTile [umol^s-1],absorbedPARTilem2 [umol m^-2 m^-1],Thermal time[dd]
1,0.14142136,0.0,0.0701,0.004042135611804359,0.08286943957901001,20.501400135365106,0.0
2,0.28284273,0.07071068,0.0701,0.005716443181545683,0.12660557711573442,22.147614013632378,0.0
3,0.4242641,0.07071068,0.0701,0.004042135611804359,0.09638341990935008,23.844677459083496,0.0
4,0.56568545,0.14142136,0.0701,0.004042135611804359,0.121439835456384,30.043483722253136,0.0
5,0.70710677,0.21213204,0.0701,0.005716443181545683,0.17512623212954206,30.63552397317614,0.0
6,0.8485281,0.21213204,0.0701,0.004042135611804359,0.24071631558920542,59.55176636979595,0.0
7,0.9899494,0.28284273,0.0701,0.004042135611804359,0.19963264769217173,49.3879144255277,0.0
