Tile Number, Tile x cohordinate [m], Tile y cohordinate [m], area_m2[m2], Tile z cohordinate [m],absorbedPARTile [umol^s-1],absorbedPARTilem2 [umol m^-2 m^-1],Thermal time[dd]
1,0.1118034,0.0,0.0701,0.00108033979058772,0.004112089641548293,3.806292869497345,0.0
2,0.22360681,0.0559017,0.0701,0.0012078565728149138,0.02128292436135724,17.620406959211486,0.0
3,0.3354102,0.0559017,0.0701,0.00108033979058772,0.0050536201999541,4.6778062272471335,0.0
4,0.44721362,0.1118034,0.0701,0.00108033979058772,0.013811650680965522,12.78454316067706,0.0
5,0.559017,0.1677051,0.0701,0.0012078565728149138,0.0046487335657910914,3.848746341593524,0.0
6,0.6708204,0.1677051,0.0701,0.00108033979058772,0.010234471235724765,9.473381731276481,0.0
7,0.7826238,0.22360681,0.0701,0.00108033979058772,0.003417399553519627,3.163263616959359,0.0
