Tile Number, Tile x cohordinate [m], Tile y cohordinate [m], area_m2[m2], Tile z cohordinate [m],absorbedPARTile [umol^s-1],absorbedPARTilem2 [umol m^-2 m^-1],Thermal time[dd]
1,0.14142136,0.0,0.0701,0.004042135611804359,0.10565914163223267,26.139435135148208,0.0
2,0.28284273,0.07071068,0.0701,0.005716443181545683,0.06995916121909142,12.238232585769355,0.0
3,0.4242641,0.07071068,0.0701,0.004042135611804359,0.14908162760074614,36.88189658095067,0.0
4,0.56568545,0.14142136,0.0701,0.004042135611804359,0.06523672365923405,16.13917243862909,0.0
5,0.70710677,0.21213204,0.0701,0.005716443181545683,0.19125666940834044,33.45728512193942,0.0
6,0.8485281,0.21213204,0.0701,0.004042135611804359,0.09236820394788742,22.85133721841049,0.0
7,0.9899494,0.28284273,0.0701,0.004042135611804359,0.11536344338951111,28.540220929899554,0.0
