Tile Number, Tile x cohordinate [m], Tile y cohordinate [m], area_m2[m2], Tile z cohordinate [m],absorbedPARTile [umol^s-1],absorbedPARTilem2 [umol m^-2 m^-1],Thermal time[dd]
1,0.14142136,0.0,0.0701,0.004042135611804359,0.11719518790008544,28.993383487144055,0.0
2,0.28284273,0.07071068,0.0701,0.005716443181545683,0.10234367871120452,17.903384230529788,0.0
3,0.4242641,0.07071068,0.0701,0.004042135611804359,0.13103513322062493,32.4173025857815,0.0
4,0.56568545,0.14142136,0.0701,0.004042135611804359,0.04429775775184631,10.958998412245831,0.0
5,0.70710677,0.21213204,0.0701,0.005716443181545683,0.24067251446105958,42.10179421323026,0.0
6,0.8485281,0.21213204,0.0701,0.004042135611804359,0.12486930830619813,30.891914645698396,0.0
7,0.9899494,0.28284273,0.0701,0.004042135611804359,0.11577672119091033,28.642463368325494,0.0
