Tile Number, Tile x cohordinate [m], Tile y cohordinate [m], area_m2[m2], Tile z cohordinate [m],absorbedPARTile [umol^s-1],absorbedPARTilem2 [umol m^-2 m^-1],Thermal time[dd]
1,0.14142136,0.0,0.0701,0.004042135611804359,0.061313057230547155,15.168481000858296,0.0
2,0.28284273,0.07071068,0.0701,0.005716443181545683,0.09244944884445869,16.172547492978154,0.0
3,0.4242641,0.07071068,0.0701,0.004042135611804359,0.05335187261065584,13.198931885127976,0.0
4,0.56568545,0.14142136,0.0701,0.004042135611804359,0.016579979753546848,4.101787111033058,0.0
5,0.70710677,0.21213204,0.0701,0.005716443181545683,0.0826994713841786,14.466945399047471,0.0
6,0.8485281,0.21213204,0.0701,0.004042135611804359,0.06193676787641346,15.322783257330066,0.0
7,0.9899494,0.28284273,0.0701,0.004042135611804359,0.11143128169828255,27.567427815352538,0.0
