Tile Number, Tile x cohordinate [m], Tile y cohordinate [m], area_m2[m2], Tile z cohordinate [m],absorbedPARTile [umol^s-1],absorbedPARTilem2 [umol m^-2 m^-1],Thermal time[dd]
1,0.1118034,0.0,0.0701,0.00108033979058772,0.007773135840991904,7.195084276922921,0.0
2,0.22360681,0.0559017,0.0701,0.0012078565728149138,0.004226961885298894,3.499556139722736,0.0
3,0.3354102,0.0559017,0.0701,0.00108033979058772,0.00382686616258314,3.542280119573557,0.0
4,0.44721362,0.1118034,0.0701,0.00108033979058772,0.003260530120381363,3.0180598259808513,0.0
5,0.559017,0.1677051,0.0701,0.0012078565728149138,0.003645687365933047,3.018311484977691,0.0
6,0.6708204,0.1677051,0.0701,0.00108033979058772,0.002745075296743521,2.540936953965346,0.0
7,0.7826238,0.22360681,0.0701,0.00108033979058772,0.0025549755869789656,2.3649740657881564,0.0
