Tile Number, Tile x cohordinate [m], Tile y cohordinate [m], area_m2[m2], Tile z cohordinate [m],absorbedPARTile [umol^s-1],absorbedPARTilem2 [umol m^-2 m^-1],Thermal time[dd]
1,0.14142136,0.0,0.0701,0.004042135611804359,0.1656182318351364,40.97295284984426,0.0
2,0.28284273,0.07071068,0.0701,0.005716443181545683,0.15733317426147464,27.52291403322108,0.0
3,0.4242641,0.07071068,0.0701,0.004042135611804359,0.14940203136817934,36.9611625428589,0.0
4,0.56568545,0.14142136,0.0701,0.004042135611804359,0.09536323449301241,23.59228973281365,0.0
5,0.70710677,0.21213204,0.0701,0.005716443181545683,0.11561963969612123,20.225800558881538,0.0
6,0.8485281,0.21213204,0.0701,0.004042135611804359,0.0936390874222374,23.16574613399427,0.0
7,0.9899494,0.28284273,0.0701,0.004042135611804359,0.07149367005743505,17.68710328487004,0.0
