Tile Number, Tile x cohordinate [m], Tile y cohordinate [m], area_m2[m2], Tile z cohordinate [m],absorbedPARTile [umol^s-1],absorbedPARTilem2 [umol m^-2 m^-1],Thermal time[dd]
1,0.1118034,0.0,0.0701,0.00108033979058772,0.0015601357068531023,1.4441157499200938,0.0
2,0.22360681,0.0559017,0.0701,0.0012078565728149138,0.0032386922204549915,2.681354966597738,0.0
3,0.3354102,0.0559017,0.0701,0.00108033979058772,0.002392503463553245,2.21458423025564,0.0
4,0.44721362,0.1118034,0.0701,0.00108033979058772,0.011233921343592284,10.398507433925834,0.0
5,0.559017,0.1677051,0.0701,0.0012078565728149138,0.016292622377580897,13.488871728876621,0.0
6,0.6708204,0.1677051,0.0701,0.00108033979058772,0.014489974173059264,13.412422924065877,0.0
7,0.7826238,0.22360681,0.0701,0.00108033979058772,0.010033045422532789,9.286935008729682,0.0
