Tile Number, Tile x cohordinate [m], Tile y cohordinate [m], area_m2[m2], Tile z cohordinate [m],absorbedPARTile [umol^s-1],absorbedPARTilem2 [umol m^-2 m^-1],Thermal time[dd]
1,0.1118034,0.0,0.0701,0.00108033979058772,0.003108951966124474,2.877753826352319,0.0
2,0.22360681,0.0559017,0.0701,0.0012078565728149138,9.940912281650631E-4,0.8230209203136845,0.0
3,0.3354102,0.0559017,0.0701,0.00108033979058772,0.004016743749212666,3.7180374028688705,0.0
4,0.44721362,0.1118034,0.0701,0.00108033979058772,0.0013337115609094964,1.2345297030890057,0.0
5,0.559017,0.1677051,0.0701,0.0012078565728149138,0.0012246418373126442,1.0138967364797398,0.0
6,0.6708204,0.1677051,0.0701,0.00108033979058772,0.004778248274086713,4.422912416738145,0.0
7,0.7826238,0.22360681,0.0701,0.00108033979058772,0.001125604821006416,1.0418988829376277,0.0
