Tile Number, Tile x cohordinate [m], Tile y cohordinate [m], area_m2[m2], Tile z cohordinate [m],absorbedPARTile [umol^s-1],absorbedPARTilem2 [umol m^-2 m^-1],Thermal time[dd]
1,0.14142136,0.0,0.0701,0.004042135611804359,0.07265360366489412,17.974063871761704,0.0
2,0.28284273,0.07071068,0.0701,0.005716443181545683,0.18549718225234985,32.449755269358384,0.0
3,0.4242641,0.07071068,0.0701,0.004042135611804359,0.06281102722816467,15.539069754299165,0.0
4,0.56568545,0.14142136,0.0701,0.004042135611804359,0.1584244902170563,39.19326450958372,0.0
5,0.70710677,0.21213204,0.0701,0.005716443181545683,0.05700832945362866,9.972692396850526,0.0
6,0.8485281,0.21213204,0.0701,0.004042135611804359,0.08682421732729435,21.479788326185595,0.0
7,0.9899494,0.28284273,0.0701,0.004042135611804359,0.02658826415595211,6.577776380957054,0.0
