Tile Number, Tile x cohordinate [m], Tile y cohordinate [m], area_m2[m2], Tile z cohordinate [m],absorbedPARTile [umol^s-1],absorbedPARTilem2 [umol m^-2 m^-1],Thermal time[dd]
1,0.14142136,0.0,0.0701,0.004042135611804359,0.07994521052945376,19.777963484448065,0.0
2,0.28284273,0.07071068,0.0701,0.005716443181545683,0.12098311370681761,21.16405426671357,0.0
3,0.4242641,0.07071068,0.0701,0.004042135611804359,0.09688952053241728,23.969883704413125,0.0
4,0.56568545,0.14142136,0.0701,0.004042135611804359,0.03827650789321959,9.469377470028382,0.0
5,0.70710677,0.21213204,0.0701,0.005716443181545683,0.10730183230053901,18.770733635023277,0.0
6,0.8485281,0.21213204,0.0701,0.004042135611804359,0.11372933632086756,28.135952685194592,0.0
7,0.9899494,0.28284273,0.0701,0.004042135611804359,0.03085359341862887,7.632993145634766,0.0
