Tile Number, Tile x cohordinate [m], Tile y cohordinate [m], area_m2[m2], Tile z cohordinate [m],absorbedPARTile [umol^s-1],absorbedPARTilem2 [umol m^-2 m^-1],Thermal time[dd]
1,0.1118034,0.0,0.0701,0.00108033979058772,0.0030101156711574567,2.786267521924664,0.0
2,0.22360681,0.0559017,0.0701,0.0012078565728149138,0.0030329165730891825,2.510990660108725,0.0
3,0.3354102,0.0559017,0.0701,0.00108033979058772,0.00594556435531395,5.503420689595706,0.0
4,0.44721362,0.1118034,0.0701,0.00108033979058772,0.004880793165224512,4.517831526476769,0.0
5,0.559017,0.1677051,0.0701,0.0012078565728149138,0.00718975923627313,5.952494193509559,0.0
6,0.6708204,0.1677051,0.0701,0.00108033979058772,0.011211096105746587,10.377379601696976,0.0
7,0.7826238,0.22360681,0.0701,0.00108033979058772,0.005805458225763187,5.373733594136097,0.0
