Tile Number, Tile x cohordinate [m], Tile y cohordinate [m], area_m2[m2], Tile z cohordinate [m],absorbedPARTile [umol^s-1],absorbedPARTilem2 [umol m^-2 m^-1],Thermal time[dd]
1,0.14142136,0.0,0.0701,0.004042135611804359,0.06917928223106386,17.114537678804666,0.0
2,0.28284273,0.07071068,0.0701,0.005716443181545683,0.07825780845428469,13.68994774704021,0.0
3,0.4242641,0.07071068,0.0701,0.004042135611804359,0.07157153427209377,17.70636642251226,0.0
4,0.56568545,0.14142136,0.0701,0.004042135611804359,0.11479295210319518,28.399084822380075,0.0
5,0.70710677,0.21213204,0.0701,0.005716443181545683,0.1262795856261444,22.090587033876435,0.0
6,0.8485281,0.21213204,0.0701,0.004042135611804359,0.2405020063409424,59.49874755280298,0.0
7,0.9899494,0.28284273,0.0701,0.004042135611804359,0.05544481322236061,13.716712784312234,0.0
