Tile Number, Tile x cohordinate [m], Tile y cohordinate [m], area_m2[m2], Tile z cohordinate [m],absorbedPARTile [umol^s-1],absorbedPARTilem2 [umol m^-2 m^-1],Thermal time[dd]
1,0.1118034,0.0,0.0701,0.00108033979058772,0.006192854051977846,5.73232061424753,0.0
2,0.22360681,0.0559017,0.0701,0.0012078565728149138,0.009119649794857205,7.5502754218605865,0.0
3,0.3354102,0.0559017,0.0701,0.00108033979058772,0.0054384504061290905,5.034018420417985,0.0
4,0.44721362,0.1118034,0.0701,0.00108033979058772,0.007824625762524086,7.242745135090674,0.0
5,0.559017,0.1677051,0.0701,0.0012078565728149138,0.014148240268125582,11.713510185363367,0.0
6,0.6708204,0.1677051,0.0701,0.00108033979058772,0.016099241026816365,14.902016168503943,0.0
7,0.7826238,0.22360681,0.0701,0.00108033979058772,0.013318733149839718,12.328281588697331,0.0
