Tile Number, Tile x cohordinate [m], Tile y cohordinate [m], area_m2[m2], Tile z cohordinate [m],absorbedPARTile [umol^s-1],absorbedPARTilem2 [umol m^-2 m^-1],Thermal time[dd]
1,0.14142136,0.0,0.0701,0.004042135611804359,0.08423508774059295,20.839253263695287,0.0
2,0.28284273,0.07071068,0.0701,0.005716443181545683,0.11123148557434082,19.458163414171235,0.0
3,0.4242641,0.07071068,0.0701,0.004042135611804359,0.021893992950875314,5.416441963732658,0.0
4,0.56568545,0.14142136,0.0701,0.004042135611804359,0.038615272426604626,9.553185774825414,0.0
5,0.70710677,0.21213204,0.0701,0.005716443181545683,0.17125070906608583,29.95756340567369,0.0
6,0.8485281,0.21213204,0.0701,0.004042135611804359,0.135228004644165,33.45459371755241,0.0
7,0.9899494,0.28284273,0.0701,0.004042135611804359,0.10954380915526063,27.100478478593555,0.0
