Tile Number, Tile x cohordinate [m], Tile y cohordinate [m], area_m2[m2], Tile z cohordinate [m],absorbedPARTile [umol^s-1],absorbedPARTilem2 [umol m^-2 m^-1],Thermal time[dd]
1,0.1118034,0.0,0.0701,0.00108033979058772,0.0018306116103963366,1.6944776322646213,0.0
2,0.22360681,0.0559017,0.0701,0.0012078565728149138,0.013574465416206423,11.238474601807305,0.0
3,0.3354102,0.0559017,0.0701,0.00108033979058772,0.0018100408301280158,1.6754366042033204,0.0
4,0.44721362,0.1118034,0.0701,0.00108033979058772,0.002577243462136216,2.38558598377105,0.0
5,0.559017,0.1677051,0.0701,0.0012078565728149138,0.001386641901711719,1.1480186745021765,0.0
6,0.6708204,0.1677051,0.0701,0.00108033979058772,0.003741523782683154,3.4632842511962956,0.0
7,0.7826238,0.22360681,0.0701,0.00108033979058772,2.61267897281358E-4,0.24183863221331933,0.0
