Tile Number, Tile x cohordinate [m], Tile y cohordinate [m], area_m2[m2], Tile z cohordinate [m],absorbedPARTile [umol^s-1],absorbedPARTilem2 [umol m^-2 m^-1],Thermal time[dd]
1,0.1118034,0.0,0.0701,0.00108033979058772,0.0048786019246123075,4.515803238125923,0.0
2,0.22360681,0.0559017,0.0701,0.0012078565728149138,0.003289916428728956,2.723764147809201,0.0
3,0.3354102,0.0559017,0.0701,0.00108033979058772,0.0026591412678865613,2.461393434782173,0.0
4,0.44721362,0.1118034,0.0701,0.00108033979058772,0.0037461304774833977,3.4675483677644148,0.0
5,0.559017,0.1677051,0.0701,0.0012078565728149138,0.0041090308285486425,3.4019195002371285,0.0
6,0.6708204,0.1677051,0.0701,0.00108033979058772,0.004233158816730492,3.918358699375124,0.0
7,0.7826238,0.22360681,0.0701,0.00108033979058772,0.0013425524357370195,1.2427131236244222,0.0
