Tile Number, Tile x cohordinate [m], Tile y cohordinate [m], area_m2[m2], Tile z cohordinate [m],absorbedPARTile [umol^s-1],absorbedPARTilem2 [umol m^-2 m^-1],Thermal time[dd]
1,0.14142136,0.0,0.0701,0.004042135611804359,0.1465067803352197,36.24489487868045,0.0
2,0.28284273,0.07071068,0.0701,0.005716443181545683,0.2848739987584432,49.834134567819746,0.0
3,0.4242641,0.07071068,0.0701,0.004042135611804359,0.2665434440036774,65.94124235349335,0.0
4,0.56568545,0.14142136,0.0701,0.004042135611804359,0.17390884866104125,43.02400150879908,0.0
5,0.70710677,0.21213204,0.0701,0.005716443181545683,0.06882156729267239,12.039228783878782,0.0
6,0.8485281,0.21213204,0.0701,0.004042135611804359,0.08576458429450294,21.217641497242763,0.0
7,0.9899494,0.28284273,0.0701,0.004042135611804359,0.12037453097105029,29.779933810116923,0.0
