Tile Number, Tile x cohordinate [m], Tile y cohordinate [m], area_m2[m2], Tile z cohordinate [m],absorbedPARTile [umol^s-1],absorbedPARTilem2 [umol m^-2 m^-1],Thermal time[dd]
1,0.14142136,0.0,0.0701,0.004042135611804359,0.052796539003998645,13.061545696244199,0.0
2,0.28284273,0.07071068,0.0701,0.005716443181545683,0.1694739708602905,29.64675156877288,0.0
3,0.4242641,0.07071068,0.0701,0.004042135611804359,0.05646773349678456,13.969777097997476,0.0
4,0.56568545,0.14142136,0.0701,0.004042135611804359,0.04930302605745993,12.197271638655307,0.0
5,0.70710677,0.21213204,0.0701,0.005716443181545683,0.12819719036266328,22.426041209771935,0.0
6,0.8485281,0.21213204,0.0701,0.004042135611804359,0.13666317918209075,33.80964725255371,0.0
7,0.9899494,0.28284273,0.0701,0.004042135611804359,0.12430806481472019,30.753066386911893,0.0
