Tile Number, Tile x cohordinate [m], Tile y cohordinate [m], area_m2[m2], Tile z cohordinate [m],absorbedPARTile [umol^s-1],absorbedPARTilem2 [umol m^-2 m^-1],Thermal time[dd]
1,0.1118034,0.0,0.0701,0.00108033979058772,0.007482031125828337,6.9256276506838725,0.0
2,0.22360681,0.0559017,0.0701,0.0012078565728149138,0.002201821351162329,1.8229162308824274,0.0
3,0.3354102,0.0559017,0.0701,0.00108033979058772,0.005995157310214865,5.549325649621233,0.0
4,0.44721362,0.1118034,0.0701,0.00108033979058772,0.002313071988630761,2.1410597006451253,0.0
5,0.559017,0.1677051,0.0701,0.0012078565728149138,0.0026022497640872102,2.1544360668772606,0.0
6,0.6708204,0.1677051,0.0701,0.00108033979058772,0.00394756711205036,3.654005106951424,0.0
7,0.7826238,0.22360681,0.0701,0.00108033979058772,0.002699832407132397,2.4990585653275352,0.0
