Tile Number, Tile x cohordinate [m], Tile y cohordinate [m], area_m2[m2], Tile z cohordinate [m],absorbedPARTile [umol^s-1],absorbedPARTilem2 [umol m^-2 m^-1],Thermal time[dd]
1,0.1118034,0.0,0.0701,0.00108033979058772,0.002115283995978018,1.9579802710286862,0.0
2,0.22360681,0.0559017,0.0701,0.0012078565728149138,0.007432448215183865,6.153419522205787,0.0
3,0.3354102,0.0559017,0.0701,0.00108033979058772,0.020257095568824872,18.75067061799578,0.0
4,0.44721362,0.1118034,0.0701,0.00108033979058772,0.00712320736943762,6.593487929906289,0.0
5,0.559017,0.1677051,0.0701,0.0012078565728149138,0.008929983309646797,7.3932480980216395,0.0
6,0.6708204,0.1677051,0.0701,0.00108033979058772,0.010470637473897013,9.691985396743409,0.0
7,0.7826238,0.22360681,0.0701,0.00108033979058772,0.010005829523711962,9.261743028338012,0.0
