Tile Number, Tile x cohordinate [m], Tile y cohordinate [m], area_m2[m2], Tile z cohordinate [m],absorbedPARTile [umol^s-1],absorbedPARTilem2 [umol m^-2 m^-1],Thermal time[dd]
1,0.14142136,0.0,0.0701,0.004042135611804359,0.12536421455368993,31.01435146994707,0.0
2,0.28284273,0.07071068,0.0701,0.005716443181545683,0.10762247649765014,18.826825191770705,0.0
3,0.4242641,0.07071068,0.0701,0.004042135611804359,0.09124280834381103,22.572921125494197,0.0
4,0.56568545,0.14142136,0.0701,0.004042135611804359,0.05624636682709098,13.915012317457428,0.0
5,0.70710677,0.21213204,0.0701,0.005716443181545683,0.15459079967725753,27.04317960796338,0.0
6,0.8485281,0.21213204,0.0701,0.004042135611804359,0.05342922562478989,13.218068554839936,0.0
7,0.9899494,0.28284273,0.0701,0.004042135611804359,0.05018090827183724,12.4144544100135,0.0
