Tile Number, Tile x cohordinate [m], Tile y cohordinate [m], area_m2[m2], Tile z cohordinate [m],absorbedPARTile [umol^s-1],absorbedPARTilem2 [umol m^-2 m^-1],Thermal time[dd]
1,0.14142136,0.0,0.0701,0.004042135611804359,0.08891702099006654,21.997535345028933,0.0
2,0.28284273,0.07071068,0.0701,0.005716443181545683,0.048690731807518,8.517662165296358,0.0
3,0.4242641,0.07071068,0.0701,0.004042135611804359,0.04662165948642254,11.533917701888088,0.0
4,0.56568545,0.14142136,0.0701,0.004042135611804359,0.03509272553556979,8.681728894272508,0.0
5,0.70710677,0.21213204,0.0701,0.005716443181545683,0.192387396880188,33.65508774779213,0.0
6,0.8485281,0.21213204,0.0701,0.004042135611804359,0.06443797091145277,15.941565820620367,0.0
7,0.9899494,0.28284273,0.0701,0.004042135611804359,0.09527757918459893,23.571099125511083,0.0
