Tile Number, Tile x cohordinate [m], Tile y cohordinate [m], area_m2[m2], Tile z cohordinate [m],absorbedPARTile [umol^s-1],absorbedPARTilem2 [umol m^-2 m^-1],Thermal time[dd]
1,0.14142136,0.0,0.0701,0.004042135611804359,0.2210478938647461,54.68591732034271,0.0
2,0.28284273,0.07071068,0.0701,0.005716443181545683,0.30672369603332517,53.65638847308361,0.0
3,0.4242641,0.07071068,0.0701,0.004042135611804359,0.20424805920089723,50.52973942893603,0.0
4,0.56568545,0.14142136,0.0701,0.004042135611804359,0.20098781040786745,49.723173517711096,0.0
5,0.70710677,0.21213204,0.0701,0.005716443181545683,0.21792751538955693,38.122921626001535,0.0
6,0.8485281,0.21213204,0.0701,0.004042135611804359,0.23324698349441528,57.70389860579089,0.0
7,0.9899494,0.28284273,0.0701,0.004042135611804359,0.16085187401214604,39.79378463760738,0.0
