Tile Number, Tile x cohordinate [m], Tile y cohordinate [m], area_m2[m2], Tile z cohordinate [m],absorbedPARTile [umol^s-1],absorbedPARTilem2 [umol m^-2 m^-1],Thermal time[dd]
1,0.1118034,0.0,0.0701,0.00108033979058772,0.01826908372152492,16.91049786436755,0.0
2,0.22360681,0.0559017,0.0701,0.0012078565728149138,0.016631555115775718,13.769478504402077,0.0
3,0.3354102,0.0559017,0.0701,0.00108033979058772,0.010820472087790852,10.01580445528565,0.0
4,0.44721362,0.1118034,0.0701,0.00108033979058772,0.007420491822526626,6.868664736017707,0.0
5,0.559017,0.1677051,0.0701,0.0012078565728149138,0.008106249277500883,6.711268092542844,0.0
6,0.6708204,0.1677051,0.0701,0.00108033979058772,0.006608867566905228,6.117397160119328,0.0
7,0.7826238,0.22360681,0.0701,0.00108033979058772,0.009085963367540008,8.410282993091569,0.0
