Tile Number, Tile x cohordinate [m], Tile y cohordinate [m], area_m2[m2], Tile z cohordinate [m],absorbedPARTile [umol^s-1],absorbedPARTilem2 [umol m^-2 m^-1],Thermal time[dd]
1,0.1118034,0.0,0.0701,0.00108033979058772,0.0066832609871466326,6.18625829148702,0.0
2,0.22360681,0.0559017,0.0701,0.0012078565728149138,0.00132881113035735,1.1001398346995381,0.0
3,0.3354102,0.0559017,0.0701,0.00108033979058772,0.005694900807849073,5.271397811563497,0.0
4,0.44721362,0.1118034,0.0701,0.00108033979058772,0.004223392821297424,3.9093189551037817,0.0
5,0.559017,0.1677051,0.0701,0.0012078565728149138,0.0011254464453990265,0.9317715950132802,0.0
6,0.6708204,0.1677051,0.0701,0.00108033979058772,0.003190839227601628,2.95355151721827,0.0
7,0.7826238,0.22360681,0.0701,0.00108033979058772,2.875901526807758E-4,0.266203425243018,0.0
