Tile Number, Tile x cohordinate [m], Tile y cohordinate [m], area_m2[m2], Tile z cohordinate [m],absorbedPARTile [umol^s-1],absorbedPARTilem2 [umol m^-2 m^-1],Thermal time[dd]
1,0.14142136,0.0,0.0701,0.004042135611804359,0.27318935014467244,67.58539949695653,0.0
2,0.28284273,0.07071068,0.0701,0.005716443181545683,0.21579612952766417,37.750069872874086,0.0
3,0.4242641,0.07071068,0.0701,0.004042135611804359,0.20928433945226668,51.775684823905436,0.0
4,0.56568545,0.14142136,0.0701,0.004042135611804359,0.03635377606482593,8.993705198475034,0.0
5,0.70710677,0.21213204,0.0701,0.005716443181545683,0.1440485950414131,25.198990082931857,0.0
6,0.8485281,0.21213204,0.0701,0.004042135611804359,0.11746693550376495,29.060612207250802,0.0
7,0.9899494,0.28284273,0.0701,0.004042135611804359,0.12855946397161086,31.80483692733493,0.0
