Tile Number, Tile x cohordinate [m], Tile y cohordinate [m], area_m2[m2], Tile z cohordinate [m],absorbedPARTile [umol^s-1],absorbedPARTilem2 [umol m^-2 m^-1],Thermal time[dd]
1,0.1118034,0.0,0.0701,0.00108033979058772,0.0053771050902331865,4.977235067226364,0.0
2,0.22360681,0.0559017,0.0701,0.0012078565728149138,0.005007550889044309,4.145815820974667,0.0
3,0.3354102,0.0559017,0.0701,0.00108033979058772,0.006359890010274798,5.886934893710552,0.0
4,0.44721362,0.1118034,0.0701,0.00108033979058772,0.0024062014686229076,2.2272635790947777,0.0
5,0.559017,0.1677051,0.0701,0.0012078565728149138,0.0084320212610903,6.980978909970616,0.0
6,0.6708204,0.1677051,0.0701,0.00108033979058772,0.00496842266951764,4.5989444365598615,0.0
7,0.7826238,0.22360681,0.0701,0.00108033979058772,0.0043077591742568385,3.9874113790748718,0.0
