Tile Number, Tile x cohordinate [m], Tile y cohordinate [m], area_m2[m2], Tile z cohordinate [m],absorbedPARTile [umol^s-1],absorbedPARTilem2 [umol m^-2 m^-1],Thermal time[dd]
1,0.14142136,0.0,0.0701,0.004042135611804359,0.1708375430308819,42.26417899784963,0.0
2,0.28284273,0.07071068,0.0701,0.005716443181545683,0.2006404829706828,35.098832717940375,0.0
3,0.4242641,0.07071068,0.0701,0.004042135611804359,0.07258164395300497,17.956261472535164,0.0
4,0.56568545,0.14142136,0.0701,0.004042135611804359,0.04636399401442197,11.470172816326084,0.0
5,0.70710677,0.21213204,0.0701,0.005716443181545683,0.03020041902025649,5.283078666425322,0.0
6,0.8485281,0.21213204,0.0701,0.004042135611804359,0.14735781603139245,36.45543598316181,0.0
7,0.9899494,0.28284273,0.0701,0.004042135611804359,0.08309728532757214,20.557767800986404,0.0
