Tile Number, Tile x cohordinate [m], Tile y cohordinate [m], area_m2[m2], Tile z cohordinate [m],absorbedPARTile [umol^s-1],absorbedPARTilem2 [umol m^-2 m^-1],Thermal time[dd]
1,0.14142136,0.0,0.0701,0.004042135611804359,0.02483106230654121,6.14305522902952,0.0
2,0.28284273,0.07071068,0.0701,0.005716443181545683,0.05571221317823767,9.745957653894411,0.0
3,0.4242641,0.07071068,0.0701,0.004042135611804359,0.07931367069132805,19.62172433297541,0.0
4,0.56568545,0.14142136,0.0701,0.004042135611804359,0.04361613723564133,10.790369602709006,0.0
5,0.70710677,0.21213204,0.0701,0.005716443181545683,0.05227584509904862,9.144820203550703,0.0
6,0.8485281,0.21213204,0.0701,0.004042135611804359,0.1110442954254055,27.47168974269933,0.0
7,0.9899494,0.28284273,0.0701,0.004042135611804359,0.03978021936138988,9.841386628696627,0.0
