Tile Number, Tile x cohordinate [m], Tile y cohordinate [m], area_m2[m2], Tile z cohordinate [m],absorbedPARTile [umol^s-1],absorbedPARTilem2 [umol m^-2 m^-1],Thermal time[dd]
1,0.14142136,0.0,0.0701,0.004042135611804359,0.09580606813449064,23.701844108026844,0.0
2,0.28284273,0.07071068,0.0701,0.005716443181545683,0.12085458780272801,21.141570722312306,0.0
3,0.4242641,0.07071068,0.0701,0.004042135611804359,0.026120699109057736,6.462103605029169,0.0
4,0.56568545,0.14142136,0.0701,0.004042135611804359,0.33745178365783685,83.4835384227009,0.0
5,0.70710677,0.21213204,0.0701,0.005716443181545683,0.3686575039320628,64.49071428229968,0.0
6,0.8485281,0.21213204,0.0701,0.004042135611804359,0.05098058963711461,12.61229076239664,0.0
7,0.9899494,0.28284273,0.0701,0.004042135611804359,0.2409823560763041,59.617583183641024,0.0
