Tile Number, Tile x cohordinate [m], Tile y cohordinate [m], area_m2[m2], Tile z cohordinate [m],absorbedPARTile [umol^s-1],absorbedPARTilem2 [umol m^-2 m^-1],Thermal time[dd]
1,0.14142136,0.0,0.0701,0.004042135611804359,0.05264877891075512,13.024990739302126,0.0
2,0.28284273,0.07071068,0.0701,0.005716443181545683,0.14993837036720914,26.229311760021194,0.0
3,0.4242641,0.07071068,0.0701,0.004042135611804359,0.03358283983432934,8.308192267537104,0.0
4,0.56568545,0.14142136,0.0701,0.004042135611804359,0.00987636522603994,2.44335326038981,0.0
5,0.70710677,0.21213204,0.0701,0.005716443181545683,0.01992519736058613,3.485593528666633,0.0
6,0.8485281,0.21213204,0.0701,0.004042135611804359,0.152628951087896,37.759483042124934,0.0
7,0.9899494,0.28284273,0.0701,0.004042135611804359,0.012260022729073936,3.0330557671718523,0.0
