Tile Number, Tile x cohordinate [m], Tile y cohordinate [m], area_m2[m2], Tile z cohordinate [m],absorbedPARTile [umol^s-1],absorbedPARTilem2 [umol m^-2 m^-1],Thermal time[dd]
1,0.14142136,0.0,0.0701,0.004042135611804359,0.11748816883710224,29.065865206006034,0.0
2,0.28284273,0.07071068,0.0701,0.005716443181545683,0.15861446952921546,27.74705607872889,0.0
3,0.4242641,0.07071068,0.0701,0.004042135611804359,0.1515460365210374,37.49157650190492,0.0
4,0.56568545,0.14142136,0.0701,0.004042135611804359,0.12717303694723447,31.46184323352427,0.0
5,0.70710677,0.21213204,0.0701,0.005716443181545683,0.19996853207070037,34.98128569111928,0.0
6,0.8485281,0.21213204,0.0701,0.004042135611804359,0.1777937978602409,43.98511453723245,0.0
7,0.9899494,0.28284273,0.0701,0.004042135611804359,0.13942007791531882,34.491687391231146,0.0
