Tile Number, Tile x cohordinate [m], Tile y cohordinate [m], area_m2[m2], Tile z cohordinate [m],absorbedPARTile [umol^s-1],absorbedPARTilem2 [umol m^-2 m^-1],Thermal time[dd]
1,0.1118034,0.0,0.0701,0.00108033979058772,0.006439193432139917,5.960340892967486,0.0
2,0.22360681,0.0559017,0.0701,0.0012078565728149138,0.0029195009344202853,2.4170923933595683,0.0
3,0.3354102,0.0559017,0.0701,0.00108033979058772,0.0030512931420850547,2.8243828179512938,0.0
4,0.44721362,0.1118034,0.0701,0.00108033979058772,0.0022593928773261642,2.091372452455003,0.0
5,0.559017,0.1677051,0.0701,0.0012078565728149138,0.004161742184967719,3.445559910535375,0.0
6,0.6708204,0.1677051,0.0701,0.00108033979058772,0.004871456780255716,4.5091894445594525,0.0
7,0.7826238,0.22360681,0.0701,0.00108033979058772,0.0017534113827293583,1.6230184225422986,0.0
