Tile Number, Tile x cohordinate [m], Tile y cohordinate [m], area_m2[m2], Tile z cohordinate [m],absorbedPARTile [umol^s-1],absorbedPARTilem2 [umol m^-2 m^-1],Thermal time[dd]
1,0.1118034,0.0,0.0701,0.00108033979058772,0.008381474648384134,7.758183787551226,0.0
2,0.22360681,0.0559017,0.0701,0.0012078565728149138,0.006317315167737962,5.230186522076407,0.0
3,0.3354102,0.0559017,0.0701,0.00108033979058772,0.002776990855070636,2.5704791022831013,0.0
4,0.44721362,0.1118034,0.0701,0.00108033979058772,0.004239893166070276,3.924592246818675,0.0
5,0.559017,0.1677051,0.0701,0.0012078565728149138,0.003942547896143593,3.26408613810452,0.0
6,0.6708204,0.1677051,0.0701,0.00108033979058772,0.005167272689647339,4.783006915663331,0.0
7,0.7826238,0.22360681,0.0701,0.00108033979058772,0.0038085767604231417,3.5253508142574503,0.0
