Tile Number, Tile x cohordinate [m], Tile y cohordinate [m], area_m2[m2], Tile z cohordinate [m],absorbedPARTile [umol^s-1],absorbedPARTilem2 [umol m^-2 m^-1],Thermal time[dd]
1,0.14142136,0.0,0.0701,0.004042135611804359,0.03757710918901407,9.296350443878381,0.0
2,0.28284273,0.07071068,0.0701,0.005716443181545683,0.20231148387947084,35.391147511548844,0.0
3,0.4242641,0.07071068,0.0701,0.004042135611804359,0.17323935857077244,42.85837369356357,0.0
4,0.56568545,0.14142136,0.0701,0.004042135611804359,0.0771109963921558,19.07679598056197,0.0
5,0.70710677,0.21213204,0.0701,0.005716443181545683,0.12184446671013432,21.314734152083098,0.0
6,0.8485281,0.21213204,0.0701,0.004042135611804359,0.04080456376851132,10.094803264232064,0.0
7,0.9899494,0.28284273,0.0701,0.004042135611804359,0.05077456955734269,12.561322635753319,0.0
