Tile Number, Tile x cohordinate [m], Tile y cohordinate [m], area_m2[m2], Tile z cohordinate [m],absorbedPARTile [umol^s-1],absorbedPARTilem2 [umol m^-2 m^-1],Thermal time[dd]
1,0.14142136,0.0,0.0701,0.004042135611804359,0.1287353991495753,31.848362230506513,0.0
2,0.28284273,0.07071068,0.0701,0.005716443181545683,0.1487055124852578,26.013643057858392,0.0
3,0.4242641,0.07071068,0.0701,0.004042135611804359,0.10403237439826607,25.73698272132619,0.0
4,0.56568545,0.14142136,0.0701,0.004042135611804359,0.02999489116480077,7.420555380973826,0.0
5,0.70710677,0.21213204,0.0701,0.005716443181545683,0.19698574902926386,34.45949566422532,0.0
6,0.8485281,0.21213204,0.0701,0.004042135611804359,0.023162408731060843,5.7302403866458675,0.0
7,0.9899494,0.28284273,0.0701,0.004042135611804359,0.024064145222978516,5.953324562566217,0.0
