Tile Number, Tile x cohordinate [m], Tile y cohordinate [m], area_m2[m2], Tile z cohordinate [m],absorbedPARTile [umol^s-1],absorbedPARTilem2 [umol m^-2 m^-1],Thermal time[dd]
1,0.14142136,0.0,0.0701,0.004042135611804359,0.15182978405990602,37.56177393368826,0.0
2,0.28284273,0.07071068,0.0701,0.005716443181545683,0.23959188861251837,41.91275606236928,0.0
3,0.4242641,0.07071068,0.0701,0.004042135611804359,0.1850094914202881,45.770233655694234,0.0
4,0.56568545,0.14142136,0.0701,0.004042135611804359,0.20442848729469298,50.57437625241837,0.0
5,0.70710677,0.21213204,0.0701,0.005716443181545683,0.26141916288406375,45.73108742303251,0.0
6,0.8485281,0.21213204,0.0701,0.004042135611804359,0.19694654984985352,48.72339000074741,0.0
7,0.9899494,0.28284273,0.0701,0.004042135611804359,0.21135576378402712,52.28814272504839,0.0
