Tile Number, Tile x cohordinate [m], Tile y cohordinate [m], area_m2[m2], Tile z cohordinate [m],absorbedPARTile [umol^s-1],absorbedPARTilem2 [umol m^-2 m^-1],Thermal time[dd]
1,0.14142136,0.0,0.0701,0.004042135611804359,0.10221561987041354,25.28752859550542,0.0
2,0.28284273,0.07071068,0.0701,0.005716443181545683,0.12251471199803829,21.431982809441873,0.0
3,0.4242641,0.07071068,0.0701,0.004042135611804359,0.09778073939023972,24.190365881017932,0.0
4,0.56568545,0.14142136,0.0701,0.004042135611804359,0.11275027471089126,27.893738740883293,0.0
5,0.70710677,0.21213204,0.0701,0.005716443181545683,0.17248433613590242,30.173366664909974,0.0
6,0.8485281,0.21213204,0.0701,0.004042135611804359,0.015860528593146055,3.9237992280190004,0.0
7,0.9899494,0.28284273,0.0701,0.004042135611804359,0.02026300884914003,5.012946322227639,0.0
