Tile Number, Tile x cohordinate [m], Tile y cohordinate [m], area_m2[m2], Tile z cohordinate [m],absorbedPARTile [umol^s-1],absorbedPARTilem2 [umol m^-2 m^-1],Thermal time[dd]
1,0.1118034,0.0,0.0701,0.00108033979058772,0.005696908484197168,5.273256186461456,0.0
2,0.22360681,0.0559017,0.0701,0.0012078565728149138,0.031032713778559373,25.692383083396674,0.0
3,0.3354102,0.0559017,0.0701,0.00108033979058772,9.035111023952609E-4,0.8363212299194666,0.0
4,0.44721362,0.1118034,0.0701,0.00108033979058772,0.002308549775842501,2.1368737835589835,0.0
5,0.559017,0.1677051,0.0701,0.0012078565728149138,0.0029837027584371815,2.4702459096477427,0.0
6,0.6708204,0.1677051,0.0701,0.00108033979058772,0.007842196281553922,7.2590090172348996,0.0
7,0.7826238,0.22360681,0.0701,0.00108033979058772,0.00482562559794332,4.466766511782476,0.0
