Tile Number, Tile x cohordinate [m], Tile y cohordinate [m], area_m2[m2], Tile z cohordinate [m],absorbedPARTile [umol^s-1],absorbedPARTilem2 [umol m^-2 m^-1],Thermal time[dd]
1,0.14142136,0.0,0.0701,0.004042135611804359,0.22900912423095698,56.65547775343691,0.0
2,0.28284273,0.07071068,0.0701,0.005716443181545683,0.21265988846633913,37.201434828017916,0.0
3,0.4242641,0.07071068,0.0701,0.004042135611804359,0.15904239276870727,39.34612987853535,0.0
4,0.56568545,0.14142136,0.0701,0.004042135611804359,0.14086040376078607,34.848015328686046,0.0
5,0.70710677,0.21213204,0.0701,0.005716443181545683,0.17488527449317928,30.5933723014617,0.0
6,0.8485281,0.21213204,0.0701,0.004042135611804359,0.13172076616455078,32.586924045765066,0.0
7,0.9899494,0.28284273,0.0701,0.004042135611804359,0.2313084792805481,57.22432434108633,0.0
