Tile Number, Tile x cohordinate [m], Tile y cohordinate [m], area_m2[m2], Tile z cohordinate [m],absorbedPARTile [umol^s-1],absorbedPARTilem2 [umol m^-2 m^-1],Thermal time[dd]
1,0.1118034,0.0,0.0701,0.00108033979058772,0.004706337723682951,4.35634951585245,0.0
2,0.22360681,0.0559017,0.0701,0.0012078565728149138,0.004601483080659359,3.809627056907583,0.0
3,0.3354102,0.0559017,0.0701,0.00108033979058772,0.00543743518151464,5.033078693284637,0.0
4,0.44721362,0.1118034,0.0701,0.00108033979058772,0.0015725730070833862,1.4556281466110625,0.0
5,0.559017,0.1677051,0.0701,0.0012078565728149138,0.001883130995203671,1.5590683841004631,0.0
6,0.6708204,0.1677051,0.0701,0.00108033979058772,0.007699165578334481,7.126614834899331,0.0
7,0.7826238,0.22360681,0.0701,0.00108033979058772,0.007514972512463333,6.956119341281583,0.0
