Tile Number, Tile x cohordinate [m], Tile y cohordinate [m], area_m2[m2], Tile z cohordinate [m],absorbedPARTile [umol^s-1],absorbedPARTilem2 [umol m^-2 m^-1],Thermal time[dd]
1,0.14142136,0.0,0.0701,0.004042135611804359,0.025131684715005567,6.21742740189439,0.0
2,0.28284273,0.07071068,0.0701,0.005716443181545683,0.0877131673270901,15.344011046983436,0.0
3,0.4242641,0.07071068,0.0701,0.004042135611804359,0.059704245661259585,14.770470710310569,0.0
4,0.56568545,0.14142136,0.0701,0.004042135611804359,0.05763825751013656,14.259357687509043,0.0
5,0.70710677,0.21213204,0.0701,0.005716443181545683,0.08268265265672382,14.464003232577754,0.0
6,0.8485281,0.21213204,0.0701,0.004042135611804359,0.07241723767765065,17.915588350417686,0.0
7,0.9899494,0.28284273,0.0701,0.004042135611804359,0.14823822692245645,36.67324433389921,0.0
