Tile Number, Tile x cohordinate [m], Tile y cohordinate [m], area_m2[m2], Tile z cohordinate [m],absorbedPARTile [umol^s-1],absorbedPARTilem2 [umol m^-2 m^-1],Thermal time[dd]
1,0.1118034,0.0,0.0701,0.00108033979058772,8.490040631672996E-4,0.7858676229128149,0.0
2,0.22360681,0.0559017,0.0701,0.0012078565728149138,0.0027596810622450025,2.2847754645351284,0.0
3,0.3354102,0.0559017,0.0701,0.00108033979058772,0.0015351029241755933,1.4209445375889338,0.0
4,0.44721362,0.1118034,0.0701,0.00108033979058772,8.19545800419359E-4,0.7586000326559431,0.0
5,0.559017,0.1677051,0.0701,0.0012078565728149138,0.0013290773516416202,1.1003602427266683,0.0
6,0.6708204,0.1677051,0.0701,0.00108033979058772,0.004042641253784262,3.7420090317926817,0.0
7,0.7826238,0.22360681,0.0701,0.00108033979058772,5.978398126958633E-4,0.5533812768023939,0.0
