Tile Number, Tile x cohordinate [m], Tile y cohordinate [m], area_m2[m2], Tile z cohordinate [m],absorbedPARTile [umol^s-1],absorbedPARTilem2 [umol m^-2 m^-1],Thermal time[dd]
1,0.14142136,0.0,0.0701,0.004042135611804359,0.15484531690317793,38.307798593144405,0.0
2,0.28284273,0.07071068,0.0701,0.005716443181545683,0.2940497543690999,51.439285763982895,0.0
3,0.4242641,0.07071068,0.0701,0.004042135611804359,0.188318081299146,46.58875886033995,0.0
4,0.56568545,0.14142136,0.0701,0.004042135611804359,0.2560447531880697,63.34392949121627,0.0
5,0.70710677,0.21213204,0.0701,0.005716443181545683,0.3043425548305511,53.23984603101735,0.0
6,0.8485281,0.21213204,0.0701,0.004042135611804359,0.13101497084824246,32.412314536314874,0.0
7,0.9899494,0.28284273,0.0701,0.004042135611804359,0.10916826216146153,27.007570414672497,0.0
