Tile Number, Tile x cohordinate [m], Tile y cohordinate [m], area_m2[m2], Tile z cohordinate [m],absorbedPARTile [umol^s-1],absorbedPARTilem2 [umol m^-2 m^-1],Thermal time[dd]
1,0.14142136,0.0,0.0701,0.004042135611804359,0.16431969366378785,40.651702328818594,0.0
2,0.28284273,0.07071068,0.0701,0.005716443181545683,0.2556982031829834,44.730297330418765,0.0
3,0.4242641,0.07071068,0.0701,0.004042135611804359,0.10077800667976734,24.931871752511856,0.0
4,0.56568545,0.14142136,0.0701,0.004042135611804359,0.13860215889449118,34.289339152730925,0.0
5,0.70710677,0.21213204,0.0701,0.005716443181545683,0.19715860457237566,34.48973396759372,0.0
6,0.8485281,0.21213204,0.0701,0.004042135611804359,0.13980058950313726,34.585823665805215,0.0
7,0.9899494,0.28284273,0.0701,0.004042135611804359,0.10363652111507755,25.63905100373797,0.0
