Tile Number, Tile x cohordinate [m], Tile y cohordinate [m], area_m2[m2], Tile z cohordinate [m],absorbedPARTile [umol^s-1],absorbedPARTilem2 [umol m^-2 m^-1],Thermal time[dd]
1,0.1118034,0.0,0.0701,0.00108033979058772,0.0029317830885742984,2.7137601651970695,0.0
2,0.22360681,0.0559017,0.0701,0.0012078565728149138,0.0065535642165168535,5.425780149743898,0.0
3,0.3354102,0.0559017,0.0701,0.00108033979058772,0.008682600681219102,8.036916493185581,0.0
4,0.44721362,0.1118034,0.0701,0.00108033979058772,0.031114826695945272,28.800963333043924,0.0
5,0.559017,0.1677051,0.0701,0.0012078565728149138,0.026093958203548342,21.603523788206314,0.0
6,0.6708204,0.1677051,0.0701,0.00108033979058772,0.011306925003304632,10.466082154720514,0.0
7,0.7826238,0.22360681,0.0701,0.00108033979058772,0.012894828813076372,11.935901024307737,0.0
