Tile Number, Tile x cohordinate [m], Tile y cohordinate [m], area_m2[m2], Tile z cohordinate [m],absorbedPARTile [umol^s-1],absorbedPARTilem2 [umol m^-2 m^-1],Thermal time[dd]
1,0.14142136,0.0,0.0701,0.004042135611804359,0.13336373194405235,32.99338388217026,0.0
2,0.28284273,0.07071068,0.0701,0.005716443181545683,0.23056733155695602,40.33405462706136,0.0
3,0.4242641,0.07071068,0.0701,0.004042135611804359,0.059623988409674165,14.750615549748652,0.0
4,0.56568545,0.14142136,0.0701,0.004042135611804359,0.057436156257045276,14.20935905497898,0.0
5,0.70710677,0.21213204,0.0701,0.005716443181545683,0.09400395870595178,16.44448404725223,0.0
6,0.8485281,0.21213204,0.0701,0.004042135611804359,0.09274677164847006,22.944992586992658,0.0
7,0.9899494,0.28284273,0.0701,0.004042135611804359,0.07397046085670987,18.299846408094748,0.0
