Tile Number, Tile x cohordinate [m], Tile y cohordinate [m], area_m2[m2], Tile z cohordinate [m],absorbedPARTile [umol^s-1],absorbedPARTilem2 [umol m^-2 m^-1],Thermal time[dd]
1,0.14142136,0.0,0.0701,0.004042135611804359,0.08290235688471598,20.509543678498552,0.0
2,0.28284273,0.07071068,0.0701,0.005716443181545683,0.38015342184575396,66.50174064057842,0.0
3,0.4242641,0.07071068,0.0701,0.004042135611804359,0.3076219752690633,76.1038235260357,0.0
4,0.56568545,0.14142136,0.0701,0.004042135611804359,0.037925536252025195,9.38254920029655,0.0
5,0.70710677,0.21213204,0.0701,0.005716443181545683,0.36894952826817834,64.5417992536431,0.0
6,0.8485281,0.21213204,0.0701,0.004042135611804359,0.1653168448848327,40.89839153393404,0.0
7,0.9899494,0.28284273,0.0701,0.004042135611804359,0.04066763572647562,10.060928091505097,0.0
