Tile Number, Tile x cohordinate [m], Tile y cohordinate [m], area_m2[m2], Tile z cohordinate [m],absorbedPARTile [umol^s-1],absorbedPARTilem2 [umol m^-2 m^-1],Thermal time[dd]
1,0.1118034,0.0,0.0701,0.00108033979058772,0.0022585471600895003,2.090589627232761,0.0
2,0.22360681,0.0559017,0.0701,0.0012078565728149138,0.0016452791206754002,1.362147756369013,0.0
3,0.3354102,0.0559017,0.0701,0.00108033979058772,0.0022355788965418327,2.0693294054508966,0.0
4,0.44721362,0.1118034,0.0701,0.00108033979058772,0.002479069667996621,2.294712913099288,0.0
5,0.559017,0.1677051,0.0701,0.0012078565728149138,0.0018175390277153254,1.5047639501431405,0.0
6,0.6708204,0.1677051,0.0701,0.00108033979058772,0.002281886712689356,2.112193527045762,0.0
7,0.7826238,0.22360681,0.0701,0.00108033979058772,0.0013362738740977764,1.2369014690931868,0.0
