Tile Number, Tile x cohordinate [m], Tile y cohordinate [m], area_m2[m2], Tile z cohordinate [m],absorbedPARTile [umol^s-1],absorbedPARTilem2 [umol m^-2 m^-1],Thermal time[dd]
1,0.1118034,0.0,0.0701,0.00108033979058772,0.0015836381872670743,1.4658704613717441,0.0
2,0.22360681,0.0559017,0.0701,0.0012078565728149138,0.0031199337551036216,2.583033304883713,0.0
3,0.3354102,0.0559017,0.0701,0.00108033979058772,0.004299026385176601,3.9793280064579224,0.0
4,0.44721362,0.1118034,0.0701,0.00108033979058772,0.0020887678289348024,1.933435986652388,0.0
5,0.559017,0.1677051,0.0701,0.0012078565728149138,0.004708243127924127,3.898015073885429,0.0
6,0.6708204,0.1677051,0.0701,0.00108033979058772,0.004413886458613674,4.08564647629285,0.0
7,0.7826238,0.22360681,0.0701,0.00108033979058772,0.00268226660415463,2.4827990485247606,0.0
