Tile Number, Tile x cohordinate [m], Tile y cohordinate [m], area_m2[m2], Tile z cohordinate [m],absorbedPARTile [umol^s-1],absorbedPARTilem2 [umol m^-2 m^-1],Thermal time[dd]
1,0.14142136,0.0,0.0701,0.004042135611804359,0.08845099115622837,21.882242371562825,0.0
2,0.28284273,0.07071068,0.0701,0.005716443181545683,0.14278766843919755,24.97841120859157,0.0
3,0.4242641,0.07071068,0.0701,0.004042135611804359,0.11872152771148434,29.37099076161092,0.0
4,0.56568545,0.14142136,0.0701,0.004042135611804359,0.08080057953331471,19.989576623147073,0.0
5,0.70710677,0.21213204,0.0701,0.005716443181545683,0.2523842601003011,44.15057616859901,0.0
6,0.8485281,0.21213204,0.0701,0.004042135611804359,0.31736454918759666,78.51407762292494,0.0
7,0.9899494,0.28284273,0.0701,0.004042135611804359,0.05559137818948031,13.75297207425087,0.0
