Tile Number, Tile x cohordinate [m], Tile y cohordinate [m], area_m2[m2], Tile z cohordinate [m],absorbedPARTile [umol^s-1],absorbedPARTilem2 [umol m^-2 m^-1],Thermal time[dd]
1,0.1118034,0.0,0.0701,0.00108033979058772,0.003984057646685576,3.687782012100279,0.0
2,0.22360681,0.0559017,0.0701,0.0012078565728149138,0.006557368523114601,5.4289297841320945,0.0
3,0.3354102,0.0559017,0.0701,0.00108033979058772,0.03144548960479273,29.107036396100845,0.0
4,0.44721362,0.1118034,0.0701,0.00108033979058772,8.516050789063253E-4,0.7882752133410178,0.0
5,0.559017,0.1677051,0.0701,0.0012078565728149138,0.008672777241493745,7.180303884327763,0.0
6,0.6708204,0.1677051,0.0701,0.00108033979058772,0.004894721392973364,4.530723977416927,0.0
7,0.7826238,0.22360681,0.0701,0.00108033979058772,0.026459856500538472,24.49216138391417,0.0
