Tile Number, Tile x cohordinate [m], Tile y cohordinate [m], area_m2[m2], Tile z cohordinate [m],absorbedPARTile [umol^s-1],absorbedPARTilem2 [umol m^-2 m^-1],Thermal time[dd]
1,0.14142136,0.0,0.0701,0.004042135611804359,0.1764312959828186,43.648039780649974,0.0
2,0.28284273,0.07071068,0.0701,0.005716443181545683,0.25015425982513434,43.76047340638389,0.0
3,0.4242641,0.07071068,0.0701,0.004042135611804359,0.18169589141311648,44.950468975485386,0.0
4,0.56568545,0.14142136,0.0701,0.004042135611804359,0.18416017802894596,45.56011863905257,0.0
5,0.70710677,0.21213204,0.0701,0.005716443181545683,0.31918196893280026,55.83576339273539,0.0
6,0.8485281,0.21213204,0.0701,0.004042135611804359,0.24981097152236936,61.80172946024857,0.0
7,0.9899494,0.28284273,0.0701,0.004042135611804359,0.22679735018371583,56.108298178169306,0.0
