Tile Number, Tile x cohordinate [m], Tile y cohordinate [m], area_m2[m2], Tile z cohordinate [m],absorbedPARTile [umol^s-1],absorbedPARTilem2 [umol m^-2 m^-1],Thermal time[dd]
1,0.1118034,0.0,0.0701,0.00108033979058772,0.010309018752600438,9.542385499836296,0.0
2,0.22360681,0.0559017,0.0701,0.0012078565728149138,0.02764449378076322,22.887232145732035,0.0
3,0.3354102,0.0559017,0.0701,0.00108033979058772,0.016103484120657447,14.90594372340662,0.0
4,0.44721362,0.1118034,0.0701,0.00108033979058772,0.02292940554527061,21.224253466399393,0.0
5,0.559017,0.1677051,0.0701,0.0012078565728149138,0.0033540137562051804,2.7768311500666343,0.0
6,0.6708204,0.1677051,0.0701,0.00108033979058772,0.004793195511190561,4.436748098098836,0.0
7,0.7826238,0.22360681,0.0701,0.00108033979058772,0.0024777670572266146,2.293507171367515,0.0
