Tile Number, Tile x cohordinate [m], Tile y cohordinate [m], area_m2[m2], Tile z cohordinate [m],absorbedPARTile [umol^s-1],absorbedPARTilem2 [umol m^-2 m^-1],Thermal time[dd]
1,0.1118034,0.0,0.0701,0.00108033979058772,0.015224905669807165,14.092701020967306,0.0
2,0.22360681,0.0559017,0.0701,0.0012078565728149138,0.012846087595611504,10.635441230968055,0.0
3,0.3354102,0.0559017,0.0701,0.00108033979058772,0.01237691455175858,11.456501611428537,0.0
4,0.44721362,0.1118034,0.0701,0.00108033979058772,0.0026601376490167925,2.4623157197326226,0.0
5,0.559017,0.1677051,0.0701,0.0012078565728149138,0.005876444855285641,4.865184317034072,0.0
6,0.6708204,0.1677051,0.0701,0.00108033979058772,0.0026469549599955817,2.4501133653103726,0.0
7,0.7826238,0.22360681,0.0701,0.00108033979058772,0.0011606617973410167,1.0743488367762521,0.0
