Tile Number, Tile x cohordinate [m], Tile y cohordinate [m], area_m2[m2], Tile z cohordinate [m],absorbedPARTile [umol^s-1],absorbedPARTilem2 [umol m^-2 m^-1],Thermal time[dd]
1,0.1118034,0.0,0.0701,0.00108033979058772,0.005072428457347243,4.695215802972296,0.0
2,0.22360681,0.0559017,0.0701,0.0012078565728149138,0.0035083902615583853,2.9046414454508205,0.0
3,0.3354102,0.0559017,0.0701,0.00108033979058772,0.006617564491868734,6.125447335665279,0.0
4,0.44721362,0.1118034,0.0701,0.00108033979058772,0.013339783656730225,12.347766668367548,0.0
5,0.559017,0.1677051,0.0701,0.0012078565728149138,0.00907820784163783,7.515965095492287,0.0
6,0.6708204,0.1677051,0.0701,0.00108033979058772,0.009236007608905202,8.549169149717873,0.0
7,0.7826238,0.22360681,0.0701,0.00108033979058772,0.017105368489396186,15.833322662391828,0.0
