Tile Number, Tile x cohordinate [m], Tile y cohordinate [m], area_m2[m2], Tile z cohordinate [m],absorbedPARTile [umol^s-1],absorbedPARTilem2 [umol m^-2 m^-1],Thermal time[dd]
1,0.14142136,0.0,0.0701,0.004042135611804359,0.1343857428453541,33.24622322242325,0.0
2,0.28284273,0.07071068,0.0701,0.005716443181545683,0.18363289842277528,32.12362873046563,0.0
3,0.4242641,0.07071068,0.0701,0.004042135611804359,0.05401072124842168,13.361927069119771,0.0
4,0.56568545,0.14142136,0.0701,0.004042135611804359,0.034418302006932494,8.514880576104321,0.0
5,0.70710677,0.21213204,0.0701,0.005716443181545683,0.04012829873030424,7.019801904066831,0.0
6,0.8485281,0.21213204,0.0701,0.004042135611804359,0.06557958295870366,16.223993763888032,0.0
7,0.9899494,0.28284273,0.0701,0.004042135611804359,0.030488330987334854,7.542629420521901,0.0
