Tile Number, Tile x cohordinate [m], Tile y cohordinate [m], area_m2[m2], Tile z cohordinate [m],absorbedPARTile [umol^s-1],absorbedPARTilem2 [umol m^-2 m^-1],Thermal time[dd]
1,0.14142136,0.0,0.0701,0.004042135611804359,0.16980036935089113,42.007588477491566,0.0
2,0.28284273,0.07071068,0.0701,0.005716443181545683,0.31014814294219967,54.255440505985746,0.0
3,0.4242641,0.07071068,0.0701,0.004042135611804359,0.2567997565974426,63.53071278645457,0.0
4,0.56568545,0.14142136,0.0701,0.004042135611804359,0.2507570584068298,62.035785656111365,0.0
5,0.70710677,0.21213204,0.0701,0.005716443181545683,0.34686723520935064,60.67885644855834,0.0
6,0.8485281,0.21213204,0.0701,0.004042135611804359,0.21824936214065552,53.99357743052854,0.0
7,0.9899494,0.28284273,0.0701,0.004042135611804359,0.22337972601104736,55.26279854607189,0.0
