Tile Number, Tile x cohordinate [m], Tile y cohordinate [m], area_m2[m2], Tile z cohordinate [m],absorbedPARTile [umol^s-1],absorbedPARTilem2 [umol m^-2 m^-1],Thermal time[dd]
1,0.14142136,0.0,0.0701,0.004042135611804359,0.1641051705193202,40.598630595193136,0.0
2,0.28284273,0.07071068,0.0701,0.005716443181545683,0.17549005982042945,30.699169789172693,0.0
3,0.4242641,0.07071068,0.0701,0.004042135611804359,0.25001776607615156,61.8528891870965,0.0
4,0.56568545,0.14142136,0.0701,0.004042135611804359,0.08110198100507675,20.064141531578606,0.0
5,0.70710677,0.21213204,0.0701,0.005716443181545683,0.4100644399426778,71.73419325962749,0.0
6,0.8485281,0.21213204,0.0701,0.004042135611804359,0.1404644510788689,34.75005902045115,0.0
7,0.9899494,0.28284273,0.0701,0.004042135611804359,0.10005302387470456,24.752515373931782,0.0
