Tile Number, Tile x cohordinate [m], Tile y cohordinate [m], area_m2[m2], Tile z cohordinate [m],absorbedPARTile [umol^s-1],absorbedPARTilem2 [umol m^-2 m^-1],Thermal time[dd]
1,0.14142136,0.0,0.0701,0.004042135611804359,0.06709122829046249,16.597965712613437,0.0
2,0.28284273,0.07071068,0.0701,0.005716443181545683,0.24936118354549408,43.62173743815096,0.0
3,0.4242641,0.07071068,0.0701,0.004042135611804359,0.07635251560539405,18.88915240310585,0.0
4,0.56568545,0.14142136,0.0701,0.004042135611804359,0.17568913037553635,43.46443248031228,0.0
5,0.70710677,0.21213204,0.0701,0.005716443181545683,0.2910486541979471,50.91429144918917,0.0
6,0.8485281,0.21213204,0.0701,0.004042135611804359,0.15781799794274967,39.04322197451007,0.0
7,0.9899494,0.28284273,0.0701,0.004042135611804359,0.09741235053862733,24.09922869835227,0.0
