Tile Number, Tile x cohordinate [m], Tile y cohordinate [m], area_m2[m2], Tile z cohordinate [m],absorbedPARTile [umol^s-1],absorbedPARTilem2 [umol m^-2 m^-1],Thermal time[dd]
1,0.1118034,0.0,0.0701,0.00108033979058772,0.006636184509680867,6.142682670301989,0.0
2,0.22360681,0.0559017,0.0701,0.0012078565728149138,0.006937004215124762,5.743235058909396,0.0
3,0.3354102,0.0559017,0.0701,0.00108033979058772,0.002059951225356674,1.9067623383898797,0.0
4,0.44721362,0.1118034,0.0701,0.00108033979058772,0.001649452511800511,1.526790484041309,0.0
5,0.559017,0.1677051,0.0701,0.0012078565728149138,0.007170500195666296,5.936549385955173,0.0
6,0.6708204,0.1677051,0.0701,0.00108033979058772,0.002635215039343236,2.4392464873571327,0.0
7,0.7826238,0.22360681,0.0701,0.00108033979058772,0.002966695121250302,2.746075954155478,0.0
