Tile Number, Tile x cohordinate [m], Tile y cohordinate [m], area_m2[m2], Tile z cohordinate [m],absorbedPARTile [umol^s-1],absorbedPARTilem2 [umol m^-2 m^-1],Thermal time[dd]
1,0.14142136,0.0,0.0701,0.004042135611804359,0.07447146769894956,18.42379248273326,0.0
2,0.28284273,0.07071068,0.0701,0.005716443181545683,0.34146299337158204,59.733471063601655,0.0
3,0.4242641,0.07071068,0.0701,0.004042135611804359,0.08301059373295468,20.536320822719695,0.0
4,0.56568545,0.14142136,0.0701,0.004042135611804359,0.08779044596123398,21.718827469532968,0.0
5,0.70710677,0.21213204,0.0701,0.005716443181545683,0.0925673790590485,16.19317749153574,0.0
6,0.8485281,0.21213204,0.0701,0.004042135611804359,0.07095869980307014,17.554754866671843,0.0
7,0.9899494,0.28284273,0.0701,0.004042135611804359,0.1302269723678867,32.21736845928209,0.0
