Tile Number, Tile x cohordinate [m], Tile y cohordinate [m], area_m2[m2], Tile z cohordinate [m],absorbedPARTile [umol^s-1],absorbedPARTilem2 [umol m^-2 m^-1],Thermal time[dd]
1,0.1118034,0.0,0.0701,0.00108033979058772,6.533807019784786E-4,0.6047918512961837,0.0
2,0.22360681,0.0559017,0.0701,0.0012078565728149138,0.001764847212359379,1.4611397181425247,0.0
3,0.3354102,0.0559017,0.0701,0.00108033979058772,0.00575444157380621,5.326510810710502,0.0
4,0.44721362,0.1118034,0.0701,0.00108033979058772,0.0010153428793962171,0.9398366034855168,0.0
5,0.559017,0.1677051,0.0701,0.0012078565728149138,7.30447239121792E-4,0.6047466690680685,0.0
6,0.6708204,0.1677051,0.0701,0.00108033979058772,0.0026515316006215915,2.4543496626918846,0.0
7,0.7826238,0.22360681,0.0701,0.00108033979058772,0.0016119424573187338,1.492069875943211,0.0
