Tile Number, Tile x cohordinate [m], Tile y cohordinate [m], area_m2[m2], Tile z cohordinate [m],absorbedPARTile [umol^s-1],absorbedPARTilem2 [umol m^-2 m^-1],Thermal time[dd]
1,0.14142136,0.0,0.0701,0.004042135611804359,0.029672994044490343,7.340919972559922,0.0
2,0.28284273,0.07071068,0.0701,0.005716443181545683,0.013589659987520224,2.3772929347730667,0.0
3,0.4242641,0.07071068,0.0701,0.004042135611804359,0.015404360643624758,3.8109460253235894,0.0
4,0.56568545,0.14142136,0.0701,0.004042135611804359,0.009184930293693161,2.2722964234228455,0.0
5,0.70710677,0.21213204,0.0701,0.005716443181545683,0.05225163229264484,9.140584561625328,0.0
6,0.8485281,0.21213204,0.0701,0.004042135611804359,0.05234419464338907,12.949638426411742,0.0
7,0.9899494,0.28284273,0.0701,0.004042135611804359,0.011146438774790195,2.757561805259315,0.0
