Tile Number, Tile x cohordinate [m], Tile y cohordinate [m], area_m2[m2], Tile z cohordinate [m],absorbedPARTile [umol^s-1],absorbedPARTilem2 [umol m^-2 m^-1],Thermal time[dd]
1,0.14142136,0.0,0.0701,0.004042135611804359,0.18133927454589846,44.862244110842894,0.0
2,0.28284273,0.07071068,0.0701,0.005716443181545683,0.27188350942321776,47.56165692347572,0.0
3,0.4242641,0.07071068,0.0701,0.004042135611804359,0.1754848507514954,43.41389493193206,0.0
4,0.56568545,0.14142136,0.0701,0.004042135611804359,0.2453229994866943,60.69143221476064,0.0
5,0.70710677,0.21213204,0.0701,0.005716443181545683,0.31220502044372556,54.61525821713978,0.0
6,0.8485281,0.21213204,0.0701,0.004042135611804359,0.24219844715423583,59.918436790427585,0.0
7,0.9899494,0.28284273,0.0701,0.004042135611804359,0.16943405979347229,41.916965699683445,0.0
