Tile Number, Tile x cohordinate [m], Tile y cohordinate [m], area_m2[m2], Tile z cohordinate [m],absorbedPARTile [umol^s-1],absorbedPARTilem2 [umol m^-2 m^-1],Thermal time[dd]
1,0.14142136,0.0,0.0701,0.004042135611804359,0.07587888451549908,18.771978924682262,0.0
2,0.28284273,0.07071068,0.0701,0.005716443181545683,0.13980225989487965,24.456161892101267,0.0
3,0.4242641,0.07071068,0.0701,0.004042135611804359,0.07399540090545607,18.3060164259124,0.0
4,0.56568545,0.14142136,0.0701,0.004042135611804359,0.17659226863943733,43.68786344617684,0.0
5,0.70710677,0.21213204,0.0701,0.005716443181545683,0.252187412836202,44.116140898650976,0.0
6,0.8485281,0.21213204,0.0701,0.004042135611804359,0.048334626184804726,11.95769534392953,0.0
7,0.9899494,0.28284273,0.0701,0.004042135611804359,0.02922742937623543,7.230689957774244,0.0
