Tile Number, Tile x cohordinate [m], Tile y cohordinate [m], area_m2[m2], Tile z cohordinate [m],absorbedPARTile [umol^s-1],absorbedPARTilem2 [umol m^-2 m^-1],Thermal time[dd]
1,0.14142136,0.0,0.0701,0.004042135611804359,0.05871427444368602,14.52555779480063,0.0
2,0.28284273,0.07071068,0.0701,0.005716443181545683,0.1182601527356267,20.687715941514888,0.0
3,0.4242641,0.07071068,0.0701,0.004042135611804359,0.03348082437675369,8.28295425788752,0.0
4,0.56568545,0.14142136,0.0701,0.004042135611804359,0.05648131507734954,13.973137099212012,0.0
5,0.70710677,0.21213204,0.0701,0.005716443181545683,0.26874884199968974,47.013297161299185,0.0
6,0.8485281,0.21213204,0.0701,0.004042135611804359,0.0691018476545026,17.095380831039556,0.0
7,0.9899494,0.28284273,0.0701,0.004042135611804359,0.1613009980678161,39.90489522339735,0.0
