Tile Number, Tile x cohordinate [m], Tile y cohordinate [m], area_m2[m2], Tile z cohordinate [m],absorbedPARTile [umol^s-1],absorbedPARTilem2 [umol m^-2 m^-1],Thermal time[dd]
1,0.1118034,0.0,0.0701,0.00108033979058772,0.004051749319398009,3.750439773391852,0.0
2,0.22360681,0.0559017,0.0701,0.0012078565728149138,0.0016414301358216958,1.3589611322777648,0.0
3,0.3354102,0.0559017,0.0701,0.00108033979058772,0.0029202450120652773,2.703080121187264,0.0
4,0.44721362,0.1118034,0.0701,0.00108033979058772,0.009763539818216201,9.037471269020555,0.0
5,0.559017,0.1677051,0.0701,0.0012078565728149138,0.0022732195891648588,1.8820277509167442,0.0
6,0.6708204,0.1677051,0.0701,0.00108033979058772,0.001863077231405444,1.7245289376890431,0.0
7,0.7826238,0.22360681,0.0701,0.00108033979058772,0.0016830336845953407,1.5578743829103499,0.0
