Tile Number, Tile x cohordinate [m], Tile y cohordinate [m], area_m2[m2], Tile z cohordinate [m],absorbedPARTile [umol^s-1],absorbedPARTilem2 [umol m^-2 m^-1],Thermal time[dd]
1,0.1118034,0.0,0.0701,0.00108033979058772,0.008273741391471093,7.65846214640494,0.0
2,0.22360681,0.0559017,0.0701,0.0012078565728149138,0.007692568871644318,6.368776761065894,0.0
3,0.3354102,0.0559017,0.0701,0.00108033979058772,0.011003766108845039,10.185467761822267,0.0
4,0.44721362,0.1118034,0.0701,0.00108033979058772,0.0051198109646135815,4.739074695960548,0.0
5,0.559017,0.1677051,0.0701,0.0012078565728149138,0.011112804038832014,9.200433469458702,0.0
6,0.6708204,0.1677051,0.0701,0.00108033979058772,0.0062681550398641815,5.802021821721681,0.0
7,0.7826238,0.22360681,0.0701,0.00108033979058772,0.010769046125805124,9.968202800293612,0.0
