Tile Number, Tile x cohordinate [m], Tile y cohordinate [m], area_m2[m2], Tile z cohordinate [m],absorbedPARTile [umol^s-1],absorbedPARTilem2 [umol m^-2 m^-1],Thermal time[dd]
1,0.1118034,0.0,0.0701,0.00108033979058772,0.023453683236478045,21.70954309080749,0.0
2,0.22360681,0.0559017,0.0701,0.0012078565728149138,0.01521890148736805,12.599924386635037,0.0
3,0.3354102,0.0559017,0.0701,0.00108033979058772,0.007070412901363074,6.5446195381886945,0.0
4,0.44721362,0.1118034,0.0701,0.00108033979058772,0.014111500426166877,13.062094490188151,0.0
5,0.559017,0.1677051,0.0701,0.0012078565728149138,0.019688593517552314,16.300439936894147,0.0
6,0.6708204,0.1677051,0.0701,0.00108033979058772,0.015755718701965467,14.584039983748202,0.0
7,0.7826238,0.22360681,0.0701,0.00108033979058772,0.020980299864980578,19.420093611073053,0.0
