Tile Number, Tile x cohordinate [m], Tile y cohordinate [m], area_m2[m2], Tile z cohordinate [m],absorbedPARTile [umol^s-1],absorbedPARTilem2 [umol m^-2 m^-1],Thermal time[dd]
1,0.14142136,0.0,0.0701,0.004042135611804359,0.06411387959651947,15.861387581674883,0.0
2,0.28284273,0.07071068,0.0701,0.005716443181545683,0.10072763909957884,17.620684033868564,0.0
3,0.4242641,0.07071068,0.0701,0.004042135611804359,0.10379365060826301,25.67792389378317,0.0
4,0.56568545,0.14142136,0.0701,0.004042135611804359,0.16137765334945678,39.92385927829368,0.0
5,0.70710677,0.21213204,0.0701,0.005716443181545683,0.11324870789199828,19.811044087273984,0.0
6,0.8485281,0.21213204,0.0701,0.004042135611804359,0.10560763002243997,26.126691473198257,0.0
7,0.9899494,0.28284273,0.0701,0.004042135611804359,0.03831929853321366,9.479963616586431,0.0
