Tile Number, Tile x cohordinate [m], Tile y cohordinate [m], area_m2[m2], Tile z cohordinate [m],absorbedPARTile [umol^s-1],absorbedPARTilem2 [umol m^-2 m^-1],Thermal time[dd]
1,0.1118034,0.0,0.0701,0.00108033979058772,0.01659873756045478,15.36436749351316,0.0
2,0.22360681,0.0559017,0.0701,0.0012078565728149138,8.124173992252949E-4,0.6726108194551225,0.0
3,0.3354102,0.0559017,0.0701,0.00108033979058772,0.0028339056469978184,2.6231614087417205,0.0
4,0.44721362,0.1118034,0.0701,0.00108033979058772,6.605775904895865E-4,0.6114535410476949,0.0
5,0.559017,0.1677051,0.0701,0.0012078565728149138,0.01827565375015142,15.130648920972419,0.0
6,0.6708204,0.1677051,0.0701,0.00108033979058772,0.0029413344693069504,2.7226012546541707,0.0
7,0.7826238,0.22360681,0.0701,0.00108033979058772,0.004083725493750986,3.7800380300066356,0.0
