Tile Number, Tile x cohordinate [m], Tile y cohordinate [m], area_m2[m2], Tile z cohordinate [m],absorbedPARTile [umol^s-1],absorbedPARTilem2 [umol m^-2 m^-1],Thermal time[dd]
1,0.14142136,0.0,0.0701,0.004042135611804359,0.16054579228096008,39.71806186118887,0.0
2,0.28284273,0.07071068,0.0701,0.005716443181545683,0.15889964506530763,27.796942962414324,0.0
3,0.4242641,0.07071068,0.0701,0.004042135611804359,0.1832239585700353,45.32850358482811,0.0
4,0.56568545,0.14142136,0.0701,0.004042135611804359,0.20396383207941055,50.459423351302064,0.0
5,0.70710677,0.21213204,0.0701,0.005716443181545683,0.17204300508530931,30.09616287986793,0.0
6,0.8485281,0.21213204,0.0701,0.004042135611804359,0.14029083347346386,34.707107070769396,0.0
7,0.9899494,0.28284273,0.0701,0.004042135611804359,0.11422037082929612,28.25743166452289,0.0
