Tile Number, Tile x cohordinate [m], Tile y cohordinate [m], area_m2[m2], Tile z cohordinate [m],absorbedPARTile [umol^s-1],absorbedPARTilem2 [umol m^-2 m^-1],Thermal time[dd]
1,0.1118034,0.0,0.0701,0.00108033979058772,0.006075864502524306,5.624031027514919,0.0
2,0.22360681,0.0559017,0.0701,0.0012078565728149138,0.00505813592925426,4.187695826720765,0.0
3,0.3354102,0.0559017,0.0701,0.00108033979058772,0.0061020117673764316,5.648233843221541,0.0
4,0.44721362,0.1118034,0.0701,0.00108033979058772,0.0030028149824425274,2.7795097511024327,0.0
5,0.559017,0.1677051,0.0701,0.0012078565728149138,0.005439691098668142,4.503590261541504,0.0
6,0.6708204,0.1677051,0.0701,0.00108033979058772,0.0010688891086235014,0.9894008514136194,0.0
7,0.7826238,0.22360681,0.0701,0.00108033979058772,0.0027760805795223062,2.5696365196472857,0.0
