Tile Number, Tile x cohordinate [m], Tile y cohordinate [m], area_m2[m2], Tile z cohordinate [m],absorbedPARTile [umol^s-1],absorbedPARTilem2 [umol m^-2 m^-1],Thermal time[dd]
1,0.1118034,0.0,0.0701,0.00108033979058772,0.006477729513845778,5.996011227469279,0.0
2,0.22360681,0.0559017,0.0701,0.0012078565728149138,0.004370571795405952,3.618452632352134,0.0
3,0.3354102,0.0559017,0.0701,0.00108033979058772,0.013288472697339092,12.300271463767874,0.0
4,0.44721362,0.1118034,0.0701,0.00108033979058772,0.0024700371608588623,2.286352111047514,0.0
5,0.559017,0.1677051,0.0701,0.0012078565728149138,0.004168418264279528,3.4510871225091035,0.0
6,0.6708204,0.1677051,0.0701,0.00108033979058772,0.005842407601839328,5.4079352188453385,0.0
7,0.7826238,0.22360681,0.0701,0.00108033979058772,0.003776820592373134,3.495956203111329,0.0
