Tile Number, Tile x cohordinate [m], Tile y cohordinate [m], area_m2[m2], Tile z cohordinate [m],absorbedPARTile [umol^s-1],absorbedPARTilem2 [umol m^-2 m^-1],Thermal time[dd]
1,0.1118034,0.0,0.0701,0.00108033979058772,0.01271863204508543,11.772807181494553,0.0
2,0.22360681,0.0559017,0.0701,0.0012078565728149138,0.0033025196212000917,2.734198493040907,0.0
3,0.3354102,0.0559017,0.0701,0.00108033979058772,0.0041307541250838525,3.8235693631507033,0.0
4,0.44721362,0.1118034,0.0701,0.00108033979058772,0.004583643210363613,4.242779216592631,0.0
5,0.559017,0.1677051,0.0701,0.0012078565728149138,0.005156166072432754,4.26885624376435,0.0
6,0.6708204,0.1677051,0.0701,0.00108033979058772,0.010044367897305886,9.297415484290928,0.0
7,0.7826238,0.22360681,0.0701,0.00108033979058772,0.0061219894180774325,5.666725849972614,0.0
