Tile Number, Tile x cohordinate [m], Tile y cohordinate [m], area_m2[m2], Tile z cohordinate [m],absorbedPARTile [umol^s-1],absorbedPARTilem2 [umol m^-2 m^-1],Thermal time[dd]
1,0.1118034,0.0,0.0701,0.00108033979058772,0.003000248055883249,2.7771337148019626,0.0
2,0.22360681,0.0559017,0.0701,0.0012078565728149138,0.007497846354481577,6.207563483309794,0.0
3,0.3354102,0.0559017,0.0701,0.00108033979058772,0.0023821917635881325,2.2050393629324594,0.0
4,0.44721362,0.1118034,0.0701,0.00108033979058772,0.006851822561381207,6.34228473400366,0.0
5,0.559017,0.1677051,0.0701,0.0012078565728149138,0.003874317656269582,3.2075974444883566,0.0
6,0.6708204,0.1677051,0.0701,0.00108033979058772,0.0018277210942566863,1.6918020702193894,0.0
7,0.7826238,0.22360681,0.0701,0.00108033979058772,0.0020935588837808074,1.9378707532765058,0.0
