Tile Number, Tile x cohordinate [m], Tile y cohordinate [m], area_m2[m2], Tile z cohordinate [m],absorbedPARTile [umol^s-1],absorbedPARTilem2 [umol m^-2 m^-1],Thermal time[dd]
1,0.1118034,0.0,0.0701,0.00108033979058772,0.004545726262561267,4.2076819739170475,0.0
2,0.22360681,0.0559017,0.0701,0.0012078565728149138,0.002379207543952831,1.9697765425973384,0.0
3,0.3354102,0.0559017,0.0701,0.00108033979058772,0.0015278383577490013,1.414220202810299,0.0
4,0.44721362,0.1118034,0.0701,0.00108033979058772,0.001981344927667328,1.8340016214615669,0.0
5,0.559017,0.1677051,0.0701,0.0012078565728149138,0.00416164146387133,3.4454765222435397,0.0
6,0.6708204,0.1677051,0.0701,0.00108033979058772,0.0024273844740111076,2.2468713039724073,0.0
7,0.7826238,0.22360681,0.0701,0.00108033979058772,0.004654186929049097,4.308076930608244,0.0
