Tile Number, Tile x cohordinate [m], Tile y cohordinate [m], area_m2[m2], Tile z cohordinate [m],absorbedPARTile [umol^s-1],absorbedPARTilem2 [umol m^-2 m^-1],Thermal time[dd]
1,0.14142136,0.0,0.0701,0.004042135611804359,0.08837774489304424,21.86412168729626,0.0
2,0.28284273,0.07071068,0.0701,0.005716443181545683,0.35180668327382403,61.54293362165426,0.0
3,0.4242641,0.07071068,0.0701,0.004042135611804359,0.15242960660265387,37.71016641735361,0.0
4,0.56568545,0.14142136,0.0701,0.004042135611804359,0.07901903646442308,19.548833600154737,0.0
5,0.70710677,0.21213204,0.0701,0.005716443181545683,0.045591095361325114,7.975430510445068,0.0
6,0.8485281,0.21213204,0.0701,0.004042135611804359,0.016716504412267266,4.13556248915786,0.0
7,0.9899494,0.28284273,0.0701,0.004042135611804359,0.08152179178252,20.16800018892233,0.0
