Tile Number, Tile x cohordinate [m], Tile y cohordinate [m], area_m2[m2], Tile z cohordinate [m],absorbedPARTile [umol^s-1],absorbedPARTilem2 [umol m^-2 m^-1],Thermal time[dd]
1,0.14142136,0.0,0.0701,0.004042135611804359,0.035217310240385435,8.712550399729134,0.0
2,0.28284273,0.07071068,0.0701,0.005716443181545683,0.17548356604270934,30.698033806969445,0.0
3,0.4242641,0.07071068,0.0701,0.004042135611804359,0.10362677480632763,25.636639825666293,0.0
4,0.56568545,0.14142136,0.0701,0.004042135611804359,0.052635283246101325,13.02165199316645,0.0
5,0.70710677,0.21213204,0.0701,0.005716443181545683,0.1088774941116335,19.04637038344425,0.0
6,0.8485281,0.21213204,0.0701,0.004042135611804359,0.010491946534373034,2.595644367728068,0.0
7,0.9899494,0.28284273,0.0701,0.004042135611804359,0.03442387530825523,8.51625937727726,0.0
