Tile Number, Tile x cohordinate [m], Tile y cohordinate [m], area_m2[m2], Tile z cohordinate [m],absorbedPARTile [umol^s-1],absorbedPARTilem2 [umol m^-2 m^-1],Thermal time[dd]
1,0.14142136,0.0,0.0701,0.004042135611804359,0.05750098672051355,14.225397721093731,0.0
2,0.28284273,0.07071068,0.0701,0.005716443181545683,0.13040358533430102,22.812014602940717,0.0
3,0.4242641,0.07071068,0.0701,0.004042135611804359,0.029118588117148052,7.203763285950189,0.0
4,0.56568545,0.14142136,0.0701,0.004042135611804359,0.16232632638038993,40.15855527121453,0.0
5,0.70710677,0.21213204,0.0701,0.005716443181545683,0.12562059778185686,21.975307685624543,0.0
6,0.8485281,0.21213204,0.0701,0.004042135611804359,0.06089133478736431,15.064149408926726,0.0
7,0.9899494,0.28284273,0.0701,0.004042135611804359,0.07058585668756813,17.462515725952965,0.0
