Tile Number, Tile x cohordinate [m], Tile y cohordinate [m], area_m2[m2], Tile z cohordinate [m],absorbedPARTile [umol^s-1],absorbedPARTilem2 [umol m^-2 m^-1],Thermal time[dd]
1,0.14142136,0.0,0.0701,0.004042135611804359,0.0625335165410479,15.470415282067616,0.0
2,0.28284273,0.07071068,0.0701,0.005716443181545683,0.1283277557445526,22.448881528085746,0.0
3,0.4242641,0.07071068,0.0701,0.004042135611804359,0.3131850935801188,77.48010548322917,0.0
4,0.56568545,0.14142136,0.0701,0.004042135611804359,0.1177811549333612,29.138348201233445,0.0
5,0.70710677,0.21213204,0.0701,0.005716443181545683,0.13399212017795242,23.439771186831244,0.0
6,0.8485281,0.21213204,0.0701,0.004042135611804359,0.056677205105985395,14.02159911222904,0.0
7,0.9899494,0.28284273,0.0701,0.004042135611804359,0.11671865774822233,28.875492798253884,0.0
