Tile Number, Tile x cohordinate [m], Tile y cohordinate [m], area_m2[m2], Tile z cohordinate [m],absorbedPARTile [umol^s-1],absorbedPARTilem2 [umol m^-2 m^-1],Thermal time[dd]
1,0.1118034,0.0,0.0701,0.00108033979058772,0.0129261783698228,11.964919261921084,0.0
2,0.22360681,0.0559017,0.0701,0.0012078565728149138,0.017139636152737735,14.190125333170773,0.0
3,0.3354102,0.0559017,0.0701,0.00108033979058772,0.008225311484985537,7.613633744352647,0.0
4,0.44721362,0.1118034,0.0701,0.00108033979058772,0.007153446742989495,6.621478543429305,0.0
5,0.559017,0.1677051,0.0701,0.0012078565728149138,0.017960855035607143,14.870023014197216,0.0
6,0.6708204,0.1677051,0.0701,0.00108033979058772,0.0021167200568068425,1.9593095387658706,0.0
7,0.7826238,0.22360681,0.0701,0.00108033979058772,0.009551634975643456,8.841324793236796,0.0
