Tile Number, Tile x cohordinate [m], Tile y cohordinate [m], area_m2[m2], Tile z cohordinate [m],absorbedPARTile [umol^s-1],absorbedPARTilem2 [umol m^-2 m^-1],Thermal time[dd]
1,0.1118034,0.0,0.0701,0.00108033979058772,0.0041307568015901235,3.8235718406177877,0.0
2,0.22360681,0.0559017,0.0701,0.0012078565728149138,0.006169358898723721,5.107691622976402,0.0
3,0.3354102,0.0559017,0.0701,0.00108033979058772,0.011323776170834035,10.481680180153083,0.0
4,0.44721362,0.1118034,0.0701,0.00108033979058772,0.0037929673149710245,3.51090216986972,0.0
5,0.559017,0.1677051,0.0701,0.0012078565728149138,0.005376892858868312,4.451598790688736,0.0
6,0.6708204,0.1677051,0.0701,0.00108033979058772,0.0040853942698450395,3.781582707068975,0.0
7,0.7826238,0.22360681,0.0701,0.00108033979058772,0.005054076734833917,4.678228811774515,0.0
