Tile Number, Tile x cohordinate [m], Tile y cohordinate [m], area_m2[m2], Tile z cohordinate [m],absorbedPARTile [umol^s-1],absorbedPARTilem2 [umol m^-2 m^-1],Thermal time[dd]
1,0.14142136,0.0,0.0701,0.004042135611804359,0.011641285429743258,2.8799838866728997,0.0
2,0.28284273,0.07071068,0.0701,0.005716443181545683,0.09603052593982103,16.79899946348371,0.0
3,0.4242641,0.07071068,0.0701,0.004042135611804359,0.1453485968130589,35.958367252348836,0.0
4,0.56568545,0.14142136,0.0701,0.004042135611804359,0.016078766534508848,3.977789980017886,0.0
5,0.70710677,0.21213204,0.0701,0.005716443181545683,0.08528024150398017,14.918409716603016,0.0
6,0.8485281,0.21213204,0.0701,0.004042135611804359,0.08613765432441055,21.309936775218624,0.0
7,0.9899494,0.28284273,0.0701,0.004042135611804359,0.020750918941886107,5.133652339937985,0.0
