Tile Number, Tile x cohordinate [m], Tile y cohordinate [m], area_m2[m2], Tile z cohordinate [m],absorbedPARTile [umol^s-1],absorbedPARTilem2 [umol m^-2 m^-1],Thermal time[dd]
1,0.1118034,0.0,0.0701,0.00108033979058772,8.894371839276089E-4,0.8232939225942448,0.0
2,0.22360681,0.0559017,0.0701,0.0012078565728149138,0.0018152362981062671,1.5028574906670027,0.0
3,0.3354102,0.0559017,0.0701,0.00108033979058772,0.0012202448080871362,1.1295009391659137,0.0
4,0.44721362,0.1118034,0.0701,0.00108033979058772,5.723384664680014E-4,0.5297763457889867,0.0
5,0.559017,0.1677051,0.0701,0.0012078565728149138,0.02254454334088843,18.664917547576277,0.0
6,0.6708204,0.1677051,0.0701,0.00108033979058772,9.192128987700834E-4,0.8508553575260046,0.0
7,0.7826238,0.22360681,0.0701,0.00108033979058772,0.004162119244724764,3.8526020063192457,0.0
