Tile Number, Tile x cohordinate [m], Tile y cohordinate [m], area_m2[m2], Tile z cohordinate [m],absorbedPARTile [umol^s-1],absorbedPARTilem2 [umol m^-2 m^-1],Thermal time[dd]
1,0.1118034,0.0,0.0701,0.00108033979058772,0.0021223375016415267,1.9645092406408038,0.0
2,0.22360681,0.0559017,0.0701,0.0012078565728149138,0.0019393937030125284,1.6056490039150633,0.0
3,0.3354102,0.0559017,0.0701,0.00108033979058772,0.00213725821630845,1.9783203719134992,0.0
4,0.44721362,0.1118034,0.0701,0.00108033979058772,0.0049020872280121745,4.537542049937243,0.0
5,0.559017,0.1677051,0.0701,0.0012078565728149138,0.005260252240365014,4.355030521633855,0.0
6,0.6708204,0.1677051,0.0701,0.00108033979058772,0.005184584364233006,4.799031202407642,0.0
7,0.7826238,0.22360681,0.0701,0.00108033979058772,0.006807245865717021,6.301022997601323,0.0
