Tile Number, Tile x cohordinate [m], Tile y cohordinate [m], area_m2[m2], Tile z cohordinate [m],absorbedPARTile [umol^s-1],absorbedPARTilem2 [umol m^-2 m^-1],Thermal time[dd]
1,0.14142136,0.0,0.0701,0.004042135611804359,0.07167247406339645,17.73133831880587,0.0
2,0.28284273,0.07071068,0.0701,0.005716443181545683,0.033057884264879926,5.782946355803947,0.0
3,0.4242641,0.07071068,0.0701,0.004042135611804359,0.0526983998840621,13.037266669174958,0.0
4,0.56568545,0.14142136,0.0701,0.004042135611804359,0.07530886828405589,18.63096034287651,0.0
5,0.70710677,0.21213204,0.0701,0.005716443181545683,0.1410170166407029,24.668664090976407,0.0
6,0.8485281,0.21213204,0.0701,0.004042135611804359,0.05696442242552333,14.092654946847544,0.0
7,0.9899494,0.28284273,0.0701,0.004042135611804359,0.09378871676901349,23.202763532999665,0.0
