Tile Number, Tile x cohordinate [m], Tile y cohordinate [m], area_m2[m2], Tile z cohordinate [m],absorbedPARTile [umol^s-1],absorbedPARTilem2 [umol m^-2 m^-1],Thermal time[dd]
1,0.14142136,0.0,0.0701,0.004042135611804359,0.28223007556869506,69.82202050433213,0.0
2,0.28284273,0.07071068,0.0701,0.005716443181545683,0.44448816436645505,77.75607143291309,0.0
3,0.4242641,0.07071068,0.0701,0.004042135611804359,0.3282639297888184,81.21051872435459,0.0
4,0.56568545,0.14142136,0.0701,0.004042135611804359,0.2620045826666259,64.81835540140878,0.0
5,0.70710677,0.21213204,0.0701,0.005716443181545683,0.2863409146815491,50.09074796823655,0.0
6,0.8485281,0.21213204,0.0701,0.004042135611804359,0.16043083830139163,39.689622939141636,0.0
7,0.9899494,0.28284273,0.0701,0.004042135611804359,0.20537494219856262,50.808523494065994,0.0
