Tile Number, Tile x cohordinate [m], Tile y cohordinate [m], area_m2[m2], Tile z cohordinate [m],absorbedPARTile [umol^s-1],absorbedPARTilem2 [umol m^-2 m^-1],Thermal time[dd]
1,0.1118034,0.0,0.0701,0.00108033979058772,0.001710760510387955,1.5835392950372378,0.0
2,0.22360681,0.0559017,0.0701,0.0012078565728149138,0.00173799130775573,1.4389053691245273,0.0
3,0.3354102,0.0559017,0.0701,0.00108033979058772,0.00289413678027092,2.678913435833433,0.0
4,0.44721362,0.1118034,0.0701,0.00108033979058772,0.004325493796968403,4.003827161281613,0.0
5,0.559017,0.1677051,0.0701,0.0012078565728149138,0.0032821665383676404,2.7173479138491916,0.0
6,0.6708204,0.1677051,0.0701,0.00108033979058772,0.004618925909568958,4.275438107353426,0.0
7,0.7826238,0.22360681,0.0701,0.00108033979058772,0.005497099040153278,5.088305631289189,0.0
