Tile Number, Tile x cohordinate [m], Tile y cohordinate [m], area_m2[m2], Tile z cohordinate [m],absorbedPARTile [umol^s-1],absorbedPARTilem2 [umol m^-2 m^-1],Thermal time[dd]
1,0.14142136,0.0,0.0701,0.004042135611804359,0.03397628079061138,8.40552718998084,0.0
2,0.28284273,0.07071068,0.0701,0.005716443181545683,0.09161149285650501,16.02596053998283,0.0
3,0.4242641,0.07071068,0.0701,0.004042135611804359,0.11587547067745237,28.666893396416008,0.0
4,0.56568545,0.14142136,0.0701,0.004042135611804359,0.07343776129008779,18.168059744365202,0.0
5,0.70710677,0.21213204,0.0701,0.005716443181545683,0.07708364770102501,13.48454716559995,0.0
6,0.8485281,0.21213204,0.0701,0.004042135611804359,0.027966198932686627,6.918669143859541,0.0
7,0.9899494,0.28284273,0.0701,0.004042135611804359,0.08124095155151835,20.098522007591278,0.0
