Tile Number, Tile x cohordinate [m], Tile y cohordinate [m], area_m2[m2], Tile z cohordinate [m],absorbedPARTile [umol^s-1],absorbedPARTilem2 [umol m^-2 m^-1],Thermal time[dd]
1,0.1118034,0.0,0.0701,0.00108033979058772,5.575084921130938E-4,0.5160492068979533,0.0
2,0.22360681,0.0559017,0.0701,0.0012078565728149138,0.004887618190671253,4.0465219966313075,0.0
3,0.3354102,0.0559017,0.0701,0.00108033979058772,0.002253962757834899,2.0863461454184815,0.0
4,0.44721362,0.1118034,0.0701,0.00108033979058772,0.003263968189622315,3.0212422221777753,0.0
5,0.559017,0.1677051,0.0701,0.0012078565728149138,0.002556203653504765,2.116313899379232,0.0
6,0.6708204,0.1677051,0.0701,0.00108033979058772,0.0037734890011251535,3.4928723666396873,0.0
7,0.7826238,0.22360681,0.0701,0.00108033979058772,0.0029808286742583996,2.759158461280767,0.0
