Tile Number, Tile x cohordinate [m], Tile y cohordinate [m], area_m2[m2], Tile z cohordinate [m],absorbedPARTile [umol^s-1],absorbedPARTilem2 [umol m^-2 m^-1],Thermal time[dd]
1,0.14142136,0.0,0.0701,0.004042135611804359,0.1395711702888489,34.529066734242015,0.0
2,0.28284273,0.07071068,0.0701,0.005716443181545683,0.12465016629807153,21.805546270533746,0.0
3,0.4242641,0.07071068,0.0701,0.004042135611804359,0.12840881352807432,31.76756691514222,0.0
4,0.56568545,0.14142136,0.0701,0.004042135611804359,0.053983923984742034,13.355297587515693,0.0
5,0.70710677,0.21213204,0.0701,0.005716443181545683,0.18001920610489844,31.49147125017389,0.0
6,0.8485281,0.21213204,0.0701,0.004042135611804359,0.04709747262429552,11.651631005836489,0.0
7,0.9899494,0.28284273,0.0701,0.004042135611804359,0.03859824492944989,9.54897327460523,0.0
