Tile Number, Tile x cohordinate [m], Tile y cohordinate [m], area_m2[m2], Tile z cohordinate [m],absorbedPARTile [umol^s-1],absorbedPARTilem2 [umol m^-2 m^-1],Thermal time[dd]
1,0.14142136,0.0,0.0701,0.004042135611804359,0.27186566686370855,67.2579282272895,0.0
2,0.28284273,0.07071068,0.0701,0.005716443181545683,0.34596042920043946,60.52022528926709,0.0
3,0.4242641,0.07071068,0.0701,0.004042135611804359,0.2094778549716187,51.82355939763,0.0
4,0.56568545,0.14142136,0.0701,0.004042135611804359,0.23868821955291747,59.050027627937496,0.0
5,0.70710677,0.21213204,0.0701,0.005716443181545683,0.30876576665588384,54.013615958375695,0.0
6,0.8485281,0.21213204,0.0701,0.004042135611804359,0.2033650945440674,50.3112992919324,0.0
7,0.9899494,0.28284273,0.0701,0.004042135611804359,0.21966462900177003,54.34370592621321,0.0
