Tile Number, Tile x cohordinate [m], Tile y cohordinate [m], area_m2[m2], Tile z cohordinate [m],absorbedPARTile [umol^s-1],absorbedPARTilem2 [umol m^-2 m^-1],Thermal time[dd]
1,0.1118034,0.0,0.0701,0.00108033979058772,0.009327330889798964,8.633701147603539,0.0
2,0.22360681,0.0559017,0.0701,0.0012078565728149138,0.015022630248037601,12.437428901866479,0.0
3,0.3354102,0.0559017,0.0701,0.00108033979058772,0.004816053570802112,4.457906311293145,0.0
4,0.44721362,0.1118034,0.0701,0.00108033979058772,0.03223254380718968,29.835561078107403,0.0
5,0.559017,0.1677051,0.0701,0.0012078565728149138,0.00835868332891853,6.920261492172528,0.0
6,0.6708204,0.1677051,0.0701,0.00108033979058772,0.050429280833594554,46.67909233090482,0.0
7,0.7826238,0.22360681,0.0701,0.00108033979058772,0.028160413432228644,26.06625589242528,0.0
