Tile Number, Tile x cohordinate [m], Tile y cohordinate [m], area_m2[m2], Tile z cohordinate [m],absorbedPARTile [umol^s-1],absorbedPARTilem2 [umol m^-2 m^-1],Thermal time[dd]
1,0.1118034,0.0,0.0701,0.00108033979058772,0.0031052202864525554,2.8742996541516557,0.0
2,0.22360681,0.0559017,0.0701,0.0012078565728149138,0.0016174871746918935,1.3391384466471332,0.0
3,0.3354102,0.0559017,0.0701,0.00108033979058772,0.0014618484237095282,1.3531376298879654,0.0
4,0.44721362,0.1118034,0.0701,0.00108033979058772,0.012046261620571902,11.150437784040674,0.0
5,0.559017,0.1677051,0.0701,0.0012078565728149138,0.008160905347890053,6.756518556562586,0.0
6,0.6708204,0.1677051,0.0701,0.00108033979058772,0.007837242013635323,7.254423174926987,0.0
7,0.7826238,0.22360681,0.0701,0.00108033979058772,0.009337234858193448,8.64286860443589,0.0
