Tile Number, Tile x cohordinate [m], Tile y cohordinate [m], area_m2[m2], Tile z cohordinate [m],absorbedPARTile [umol^s-1],absorbedPARTilem2 [umol m^-2 m^-1],Thermal time[dd]
1,0.14142136,0.0,0.0701,0.004042135611804359,0.14605689127433774,36.13359503520955,0.0
2,0.28284273,0.07071068,0.0701,0.005716443181545683,0.18644030493560793,32.61473944803487,0.0
3,0.4242641,0.07071068,0.0701,0.004042135611804359,0.10742873069351197,26.57722080866978,0.0
4,0.56568545,0.14142136,0.0701,0.004042135611804359,0.218023333699646,53.93765935584805,0.0
5,0.70710677,0.21213204,0.0701,0.005716443181545683,0.20734196777023317,36.27114994155675,0.0
6,0.8485281,0.21213204,0.0701,0.004042135611804359,0.21557209458007817,53.33123756425615,0.0
7,0.9899494,0.28284273,0.0701,0.004042135611804359,0.10582686942050933,26.180929979553436,0.0
