Tile Number, Tile x cohordinate [m], Tile y cohordinate [m], area_m2[m2], Tile z cohordinate [m],absorbedPARTile [umol^s-1],absorbedPARTilem2 [umol m^-2 m^-1],Thermal time[dd]
1,0.1118034,0.0,0.0701,0.00108033979058772,0.0010304624423252383,0.9538317956100204,0.0
2,0.22360681,0.0559017,0.0701,0.0012078565728149138,0.0016930025463023012,1.4016585945769646,0.0
3,0.3354102,0.0559017,0.0701,0.00108033979058772,0.005415134776989992,5.0124366649904495,0.0
4,0.44721362,0.1118034,0.0701,0.00108033979058772,0.0029410219861965795,2.722312009443457,0.0
5,0.559017,0.1677051,0.0701,0.0012078565728149138,0.0031747213039366464,2.6283926215990596,0.0
6,0.6708204,0.1677051,0.0701,0.00108033979058772,7.457311840342048E-4,0.690274662223185,0.0
7,0.7826238,0.22360681,0.0701,0.00108033979058772,0.001904248169860112,1.7626381870320396,0.0
