Tile Number, Tile x cohordinate [m], Tile y cohordinate [m], area_m2[m2], Tile z cohordinate [m],absorbedPARTile [umol^s-1],absorbedPARTilem2 [umol m^-2 m^-1],Thermal time[dd]
1,0.1118034,0.0,0.0701,0.00108033979058772,0.011746821738201947,10.873265837789342,0.0
2,0.22360681,0.0559017,0.0701,0.0012078565728149138,0.009405967895589703,7.787321861956725,0.0
3,0.3354102,0.0559017,0.0701,0.00108033979058772,0.003009216981379587,2.785435663480034,0.0
4,0.44721362,0.1118034,0.0701,0.00108033979058772,0.004264303721357503,3.9471875038849236,0.0
5,0.559017,0.1677051,0.0701,0.0012078565728149138,0.0015546150962583213,1.2870858438392943,0.0
6,0.6708204,0.1677051,0.0701,0.00108033979058772,0.022040889129105862,20.401811838398835,0.0
7,0.7826238,0.22360681,0.0701,0.00108033979058772,0.0014388399676617551,1.331840204533248,0.0
