Tile Number, Tile x cohordinate [m], Tile y cohordinate [m], area_m2[m2], Tile z cohordinate [m],absorbedPARTile [umol^s-1],absorbedPARTilem2 [umol m^-2 m^-1],Thermal time[dd]
1,0.1118034,0.0,0.0701,0.00108033979058772,0.0016287951004921653,1.5076692672831,0.0
2,0.22360681,0.0559017,0.0701,0.0012078565728149138,0.005741936352136879,4.753822996347387,0.0
3,0.3354102,0.0559017,0.0701,0.00108033979058772,6.13927055472327E-4,0.5682721869740095,0.0
4,0.44721362,0.1118034,0.0701,0.00108033979058772,5.553938355299893E-4,0.5140918073820527,0.0
5,0.559017,0.1677051,0.0701,0.0012078565728149138,9.236768587403722E-4,0.7647239577359257,0.0
6,0.6708204,0.1677051,0.0701,0.00108033979058772,3.5752461728661534E-4,0.3309371925402442,0.0
7,0.7826238,0.22360681,0.0701,0.00108033979058772,9.646259929685506E-4,0.8928912934362814,0.0
