Tile Number, Tile x cohordinate [m], Tile y cohordinate [m], area_m2[m2], Tile z cohordinate [m],absorbedPARTile [umol^s-1],absorbedPARTilem2 [umol m^-2 m^-1],Thermal time[dd]
1,0.14142136,0.0,0.0701,0.004042135611804359,0.03392361850929291,8.392498858827208,0.0
2,0.28284273,0.07071068,0.0701,0.005716443181545683,0.1363334837010956,23.849355162178323,0.0
3,0.4242641,0.07071068,0.0701,0.004042135611804359,0.10162730097656726,25.141982045278805,0.0
4,0.56568545,0.14142136,0.0701,0.004042135611804359,0.03942538926240921,9.75360379975233,0.0
5,0.70710677,0.21213204,0.0701,0.005716443181545683,0.32941404417175296,57.62570075658163,0.0
6,0.8485281,0.21213204,0.0701,0.004042135611804359,0.08091107839043617,20.01691337473917,0.0
7,0.9899494,0.28284273,0.0701,0.004042135611804359,0.08581575830411017,21.230301638940578,0.0
