Tile Number, Tile x cohordinate [m], Tile y cohordinate [m], area_m2[m2], Tile z cohordinate [m],absorbedPARTile [umol^s-1],absorbedPARTilem2 [umol m^-2 m^-1],Thermal time[dd]
1,0.14142136,0.0,0.0701,0.004042135611804359,0.1853188352461243,45.84676345467793,0.0
2,0.28284273,0.07071068,0.0701,0.005716443181545683,0.23515141806121825,41.13596699786231,0.0
3,0.4242641,0.07071068,0.0701,0.004042135611804359,0.16918955087173462,41.85647566539968,0.0
4,0.56568545,0.14142136,0.0701,0.004042135611804359,0.18469861840339663,45.69332554405552,0.0
5,0.70710677,0.21213204,0.0701,0.005716443181545683,0.2119220801618958,37.07236710513296,0.0
6,0.8485281,0.21213204,0.0701,0.004042135611804359,0.23632153828521724,58.464524939509936,0.0
7,0.9899494,0.28284273,0.0701,0.004042135611804359,0.14548373706642154,35.991800136927964,0.0
