Tile Number, Tile x cohordinate [m], Tile y cohordinate [m], area_m2[m2], Tile z cohordinate [m],absorbedPARTile [umol^s-1],absorbedPARTilem2 [umol m^-2 m^-1],Thermal time[dd]
1,0.1118034,0.0,0.0701,0.00108033979058772,0.005817820310793491,5.385176369027856,0.0
2,0.22360681,0.0559017,0.0701,0.0012078565728149138,0.012923591278458262,10.69960752735715,0.0
3,0.3354102,0.0559017,0.0701,0.00108033979058772,0.0025638235827221303,2.3731640776902,0.0
4,0.44721362,0.1118034,0.0701,0.00108033979058772,0.0020803015930507076,1.925599344923688,0.0
5,0.559017,0.1677051,0.0701,0.0012078565728149138,0.007711127185057782,6.384141427559545,0.0
6,0.6708204,0.1677051,0.0701,0.00108033979058772,0.003015905679905204,2.7916269549458224,0.0
7,0.7826238,0.22360681,0.0701,0.00108033979058772,0.0030173218503699822,2.792937811471812,0.0
