Tile Number, Tile x cohordinate [m], Tile y cohordinate [m], area_m2[m2], Tile z cohordinate [m],absorbedPARTile [umol^s-1],absorbedPARTilem2 [umol m^-2 m^-1],Thermal time[dd]
1,0.1118034,0.0,0.0701,0.00108033979058772,0.0023509172026731757,2.1760905440632192,0.0
2,0.22360681,0.0559017,0.0701,0.0012078565728149138,0.011012257028200169,9.117189305462045,0.0
3,0.3354102,0.0559017,0.0701,0.00108033979058772,0.005213175122597926,4.825495800503549,0.0
4,0.44721362,0.1118034,0.0701,0.00108033979058772,0.007694749619577517,7.122527270231772,0.0
5,0.559017,0.1677051,0.0701,0.0012078565728149138,0.013929669394087957,11.532552546056703,0.0
6,0.6708204,0.1677051,0.0701,0.00108033979058772,0.008167931979563952,7.560521282957174,0.0
7,0.7826238,0.22360681,0.0701,0.00108033979058772,0.006253558093517499,5.788510381641572,0.0
