Tile Number, Tile x cohordinate [m], Tile y cohordinate [m], area_m2[m2], Tile z cohordinate [m],absorbedPARTile [umol^s-1],absorbedPARTilem2 [umol m^-2 m^-1],Thermal time[dd]
1,0.1118034,0.0,0.0701,0.00108033979058772,0.003972414316808749,3.6770045419207418,0.0
2,0.22360681,0.0559017,0.0701,0.0012078565728149138,0.007041474356230868,5.829727233110707,0.0
3,0.3354102,0.0559017,0.0701,0.00108033979058772,0.004777594217873246,4.422306999609972,0.0
4,0.44721362,0.1118034,0.0701,0.00108033979058772,0.0026724387380780814,2.4737020346387846,0.0
5,0.559017,0.1677051,0.0701,0.0012078565728149138,0.004980498940529227,4.123419164679593,0.0
6,0.6708204,0.1677051,0.0701,0.00108033979058772,0.007772403647139167,7.194406532884317,0.0
7,0.7826238,0.22360681,0.0701,0.00108033979058772,0.006111358152879848,5.65688518198074,0.0
