Tile Number, Tile x cohordinate [m], Tile y cohordinate [m], area_m2[m2], Tile z cohordinate [m],absorbedPARTile [umol^s-1],absorbedPARTilem2 [umol m^-2 m^-1],Thermal time[dd]
1,0.14142136,0.0,0.0701,0.004042135611804359,0.13993659121252697,34.61946966941591,0.0
2,0.28284273,0.07071068,0.0701,0.005716443181545683,0.09385246097052893,16.417981949599636,0.0
3,0.4242641,0.07071068,0.0701,0.004042135611804359,0.12547524985384945,31.041820934315176,0.0
4,0.56568545,0.14142136,0.0701,0.004042135611804359,0.10319178264361423,25.52902538506141,0.0
5,0.70710677,0.21213204,0.0701,0.005716443181545683,0.15547621382338206,27.19806860414599,0.0
6,0.8485281,0.21213204,0.0701,0.004042135611804359,0.07498849689743319,18.551702391785724,0.0
7,0.9899494,0.28284273,0.0701,0.004042135611804359,0.07368275688984748,18.2286701798598,0.0
