Tile Number, Tile x cohordinate [m], Tile y cohordinate [m], area_m2[m2], Tile z cohordinate [m],absorbedPARTile [umol^s-1],absorbedPARTilem2 [umol m^-2 m^-1],Thermal time[dd]
1,0.1118034,0.0,0.0701,0.00108033979058772,0.006448134878295997,5.96861740581463,0.0
2,0.22360681,0.0559017,0.0701,0.0012078565728149138,0.0043491066500769135,3.600681362308859,0.0
3,0.3354102,0.0559017,0.0701,0.00108033979058772,0.002446093834574285,2.2641893373598467,0.0
4,0.44721362,0.1118034,0.0701,0.00108033979058772,0.0030888988966966627,2.859192009410538,0.0
5,0.559017,0.1677051,0.0701,0.0012078565728149138,0.005348648931935011,4.428215280122181,0.0
6,0.6708204,0.1677051,0.0701,0.00108033979058772,0.008086384132163834,7.485037765539237,0.0
7,0.7826238,0.22360681,0.0701,0.00108033979058772,0.00144189906730606,1.3346718133205542,0.0
