Tile Number, Tile x cohordinate [m], Tile y cohordinate [m], area_m2[m2], Tile z cohordinate [m],absorbedPARTile [umol^s-1],absorbedPARTilem2 [umol m^-2 m^-1],Thermal time[dd]
1,0.14142136,0.0,0.0701,0.004042135611804359,0.10411235077251435,25.756768394526944,0.0
2,0.28284273,0.07071068,0.0701,0.005716443181545683,0.06283236328806878,10.991513655013604,0.0
3,0.4242641,0.07071068,0.0701,0.004042135611804359,0.11892140326408385,29.42043876924723,0.0
4,0.56568545,0.14142136,0.0701,0.004042135611804359,0.05275968192642927,13.052427477285454,0.0
5,0.70710677,0.21213204,0.0701,0.005716443181545683,0.08608148828712463,15.058574983307862,0.0
6,0.8485281,0.21213204,0.0701,0.004042135611804359,0.06287690753159522,15.555368144496208,0.0
7,0.9899494,0.28284273,0.0701,0.004042135611804359,0.1576157894542694,38.993196812590774,0.0
