Tile Number, Tile x cohordinate [m], Tile y cohordinate [m], area_m2[m2], Tile z cohordinate [m],absorbedPARTile [umol^s-1],absorbedPARTilem2 [umol m^-2 m^-1],Thermal time[dd]
1,0.14142136,0.0,0.0701,0.004042135611804359,0.1317602198002434,32.596684637561495,0.0
2,0.28284273,0.07071068,0.0701,0.005716443181545683,0.019611317566795346,3.4306852957283476,0.0
3,0.4242641,0.07071068,0.0701,0.004042135611804359,0.013932896133360278,3.4469145697812955,0.0
4,0.56568545,0.14142136,0.0701,0.004042135611804359,0.009844056824387735,2.4353603564511457,0.0
5,0.70710677,0.21213204,0.0701,0.005716443181545683,0.018443244284054344,3.2263496195666606,0.0
6,0.8485281,0.21213204,0.0701,0.004042135611804359,0.055131073718876246,13.639095521158533,0.0
7,0.9899494,0.28284273,0.0701,0.004042135611804359,0.035855633655089134,8.870467767182017,0.0
