Tile Number, Tile x cohordinate [m], Tile y cohordinate [m], area_m2[m2], Tile z cohordinate [m],absorbedPARTile [umol^s-1],absorbedPARTilem2 [umol m^-2 m^-1],Thermal time[dd]
1,0.1118034,0.0,0.0701,0.00108033979058772,0.004845663280072677,4.485314085706839,0.0
2,0.22360681,0.0559017,0.0701,0.0012078565728149138,0.007346682480767121,6.0824129670012494,0.0
3,0.3354102,0.0559017,0.0701,0.00108033979058772,0.0045947475758961985,4.253057802672057,0.0
4,0.44721362,0.1118034,0.0701,0.00108033979058772,7.951782148309711E-4,0.7360445498340694,0.0
5,0.559017,0.1677051,0.0701,0.0012078565728149138,6.644028541611863E-4,0.5500676728635033,0.0
6,0.6708204,0.1677051,0.0701,0.00108033979058772,0.0037237928820928645,3.446871914314171,0.0
7,0.7826238,0.22360681,0.0701,0.00108033979058772,7.090594526221011E-4,0.6563300350497716,0.0
