Tile Number, Tile x cohordinate [m], Tile y cohordinate [m], area_m2[m2], Tile z cohordinate [m],absorbedPARTile [umol^s-1],absorbedPARTilem2 [umol m^-2 m^-1],Thermal time[dd]
1,0.1118034,0.0,0.0701,0.00108033979058772,0.004803397144455088,4.446191083864432,0.0
2,0.22360681,0.0559017,0.0701,0.0012078565728149138,0.009910238760481686,8.204814200237237,0.0
3,0.3354102,0.0559017,0.0701,0.00108033979058772,0.010874334970752441,10.065661808898708,0.0
4,0.44721362,0.1118034,0.0701,0.00108033979058772,0.0016532088638303336,1.5302674938326255,0.0
5,0.559017,0.1677051,0.0701,0.0012078565728149138,0.005470034073902655,4.5287116012083475,0.0
6,0.6708204,0.1677051,0.0701,0.00108033979058772,0.011631779985261855,10.766779199101798,0.0
7,0.7826238,0.22360681,0.0701,0.00108033979058772,0.007360503956674384,6.813137885692581,0.0
