Tile Number, Tile x cohordinate [m], Tile y cohordinate [m], area_m2[m2], Tile z cohordinate [m],absorbedPARTile [umol^s-1],absorbedPARTilem2 [umol m^-2 m^-1],Thermal time[dd]
1,0.1118034,0.0,0.0701,0.00108033979058772,0.0010167853323864936,0.9411717880291609,0.0
2,0.22360681,0.0559017,0.0701,0.0012078565728149138,0.006137521597718038,5.081333111773795,0.0
3,0.3354102,0.0559017,0.0701,0.00108033979058772,0.0025172185168911413,2.3300248114731934,0.0
4,0.44721362,0.1118034,0.0701,0.00108033979058772,0.0012432271058236406,1.150774151479978,0.0
5,0.559017,0.1677051,0.0701,0.0012078565728149138,0.002439446339169338,2.019649016343224,0.0
6,0.6708204,0.1677051,0.0701,0.00108033979058772,0.0033388591998797065,3.090563940131577,0.0
7,0.7826238,0.22360681,0.0701,0.00108033979058772,0.0073529923676352105,6.80618489821159,0.0
