Tile Number, Tile x cohordinate [m], Tile y cohordinate [m], area_m2[m2], Tile z cohordinate [m],absorbedPARTile [umol^s-1],absorbedPARTilem2 [umol m^-2 m^-1],Thermal time[dd]
1,0.1118034,0.0,0.0701,0.00108033979058772,0.00700347858992695,6.48266281677634,0.0
2,0.22360681,0.0559017,0.0701,0.0012078565728149138,0.0027359011859940134,2.2650877989743323,0.0
3,0.3354102,0.0559017,0.0701,0.00108033979058772,0.0165281784302488,15.299055514059368,0.0
4,0.44721362,0.1118034,0.0701,0.00108033979058772,0.010294728920255939,9.529158335134044,0.0
5,0.559017,0.1677051,0.0701,0.0012078565728149138,0.008483090980355747,7.023260187743877,0.0
6,0.6708204,0.1677051,0.0701,0.00108033979058772,0.03152009551593423,29.176094216419504,0.0
7,0.7826238,0.22360681,0.0701,0.00108033979058772,0.009822651677685213,9.092187257438287,0.0
