Tile Number, Tile x cohordinate [m], Tile y cohordinate [m], area_m2[m2], Tile z cohordinate [m],absorbedPARTile [umol^s-1],absorbedPARTilem2 [umol m^-2 m^-1],Thermal time[dd]
1,0.14142136,0.0,0.0701,0.004042135611804359,0.19148163210998537,47.37140227329244,0.0
2,0.28284273,0.07071068,0.0701,0.005716443181545683,0.08689009513000488,15.200027774352943,0.0
3,0.4242641,0.07071068,0.0701,0.004042135611804359,0.05180257405065031,12.815644754562372,0.0
4,0.56568545,0.14142136,0.0701,0.004042135611804359,0.1400005718613434,34.635298096505196,0.0
5,0.70710677,0.21213204,0.0701,0.005716443181545683,0.19827505669853204,34.68503935080135,0.0
6,0.8485281,0.21213204,0.0701,0.004042135611804359,0.17174893081359868,42.489650844973035,0.0
7,0.9899494,0.28284273,0.0701,0.004042135611804359,0.15643313306922912,38.70061474741054,0.0
