Tile Number, Tile x cohordinate [m], Tile y cohordinate [m], area_m2[m2], Tile z cohordinate [m],absorbedPARTile [umol^s-1],absorbedPARTilem2 [umol m^-2 m^-1],Thermal time[dd]
1,0.14142136,0.0,0.0701,0.004042135611804359,0.046453881870365143,11.492410530390075,0.0
2,0.28284273,0.07071068,0.0701,0.005716443181545683,0.046362368684818744,8.110352401383041,0.0
3,0.4242641,0.07071068,0.0701,0.004042135611804359,0.03057359854491889,7.563724100605129,0.0
4,0.56568545,0.14142136,0.0701,0.004042135611804359,0.03884898325721713,9.611004426413944,0.0
5,0.70710677,0.21213204,0.0701,0.005716443181545683,0.17862380575820924,31.247368352205108,0.0
6,0.8485281,0.21213204,0.0701,0.004042135611804359,0.09512472742248537,23.53328452036345,0.0
7,0.9899494,0.28284273,0.0701,0.004042135611804359,0.09940719565554618,24.592741363066747,0.0
