Tile Number, Tile x cohordinate [m], Tile y cohordinate [m], area_m2[m2], Tile z cohordinate [m],absorbedPARTile [umol^s-1],absorbedPARTilem2 [umol m^-2 m^-1],Thermal time[dd]
1,0.1118034,0.0,0.0701,0.00108033979058772,0.0014191687106206797,1.3136318063862409,0.0
2,0.22360681,0.0559017,0.0701,0.0012078565728149138,0.03645023530136465,30.177618867790947,0.0
3,0.3354102,0.0559017,0.0701,0.00108033979058772,0.005736751060066337,5.310135857298623,0.0
4,0.44721362,0.1118034,0.0701,0.00108033979058772,9.953307494012613E-4,0.9213126815034625,0.0
5,0.559017,0.1677051,0.0701,0.0012078565728149138,0.0010721315210582493,0.887631483065612,0.0
6,0.6708204,0.1677051,0.0701,0.00108033979058772,0.0021895315787452633,2.026706410169459,0.0
7,0.7826238,0.22360681,0.0701,0.00108033979058772,8.891719202890909E-4,0.8230483853652831,0.0
