Tile Number, Tile x cohordinate [m], Tile y cohordinate [m], area_m2[m2], Tile z cohordinate [m],absorbedPARTile [umol^s-1],absorbedPARTilem2 [umol m^-2 m^-1],Thermal time[dd]
1,0.14142136,0.0,0.0701,0.004042135611804359,0.32080541943817137,79.36532819465891,0.0
2,0.28284273,0.07071068,0.0701,0.005716443181545683,0.35052440840148924,61.31862021004294,0.0
3,0.4242641,0.07071068,0.0701,0.004042135611804359,0.05737830799033165,14.195047742279652,0.0
4,0.56568545,0.14142136,0.0701,0.004042135611804359,0.07564230157745956,18.713449731018244,0.0
5,0.70710677,0.21213204,0.0701,0.005716443181545683,0.07403012941087007,12.950383142066478,0.0
6,0.8485281,0.21213204,0.0701,0.004042135611804359,0.01908495955616333,4.721504023870203,0.0
7,0.9899494,0.28284273,0.0701,0.004042135611804359,0.04073514553459347,10.077629611345424,0.0
