Tile Number, Tile x cohordinate [m], Tile y cohordinate [m], area_m2[m2], Tile z cohordinate [m],absorbedPARTile [umol^s-1],absorbedPARTilem2 [umol m^-2 m^-1],Thermal time[dd]
1,0.1118034,0.0,0.0701,0.00108033979058772,0.002418032925619945,2.2382151862651485,0.0
2,0.22360681,0.0559017,0.0701,0.0012078565728149138,0.0026459926295276785,2.190651348082814,0.0
3,0.3354102,0.0559017,0.0701,0.00108033979058772,0.0043318454780786695,4.009706497732612,0.0
4,0.44721362,0.1118034,0.0701,0.00108033979058772,0.004735378595358367,4.383230754448334,0.0
5,0.559017,0.1677051,0.0701,0.0012078565728149138,0.008633017197712652,7.147386032427159,0.0
6,0.6708204,0.1677051,0.0701,0.00108033979058772,0.0014596276542815118,1.3510820086404982,0.0
7,0.7826238,0.22360681,0.0701,0.00108033979058772,0.0035777221589274426,3.3116637840221657,0.0
