Tile Number, Tile x cohordinate [m], Tile y cohordinate [m], area_m2[m2], Tile z cohordinate [m],absorbedPARTile [umol^s-1],absorbedPARTilem2 [umol m^-2 m^-1],Thermal time[dd]
1,0.1118034,0.0,0.0701,0.00108033979058772,0.002501516302386495,2.3154902968311806,0.0
2,0.22360681,0.0559017,0.0701,0.0012078565728149138,0.01788270425774455,14.805320979517335,0.0
3,0.3354102,0.0559017,0.0701,0.00108033979058772,0.002746380279161688,2.5421448909769575,0.0
4,0.44721362,0.1118034,0.0701,0.00108033979058772,0.004118352547345702,3.8120900324380917,0.0
5,0.559017,0.1677051,0.0701,0.0012078565728149138,0.00870239188278228,7.204822226948127,0.0
6,0.6708204,0.1677051,0.0701,0.00108033979058772,0.011022983929170222,10.203256443209932,0.0
7,0.7826238,0.22360681,0.0701,0.00108033979058772,0.0018570727521227794,1.7189709832982325,0.0
