Tile Number, Tile x cohordinate [m], Tile y cohordinate [m], area_m2[m2], Tile z cohordinate [m],absorbedPARTile [umol^s-1],absorbedPARTilem2 [umol m^-2 m^-1],Thermal time[dd]
1,0.14142136,0.0,0.0701,0.004042135611804359,0.11618440489822388,28.743321861574206,0.0
2,0.28284273,0.07071068,0.0701,0.005716443181545683,0.19727285360687258,34.509720002767786,0.0
3,0.4242641,0.07071068,0.0701,0.004042135611804359,0.07604337422188757,18.812672687134995,0.0
4,0.56568545,0.14142136,0.0701,0.004042135611804359,0.10262156618709328,25.3879572687776,0.0
5,0.70710677,0.21213204,0.0701,0.005716443181545683,0.1699493574703789,29.729912827442096,0.0
6,0.8485281,0.21213204,0.0701,0.004042135611804359,0.09914349397544861,24.527503155984462,0.0
7,0.9899494,0.28284273,0.0701,0.004042135611804359,0.13561515739569663,33.550372976021876,0.0
