Tile Number, Tile x cohordinate [m], Tile y cohordinate [m], area_m2[m2], Tile z cohordinate [m],absorbedPARTile [umol^s-1],absorbedPARTilem2 [umol m^-2 m^-1],Thermal time[dd]
1,0.1118034,0.0,0.0701,0.00108033979058772,0.0066303274033515155,6.137261129430885,0.0
2,0.22360681,0.0559017,0.0701,0.0012078565728149138,0.016694820421920716,13.821856665492477,0.0
3,0.3354102,0.0559017,0.0701,0.00108033979058772,0.0037355403880620845,3.4577458134999346,0.0
4,0.44721362,0.1118034,0.0701,0.00108033979058772,0.01092651776486099,10.113964013967136,0.0
5,0.559017,0.1677051,0.0701,0.0012078565728149138,0.007216114046926288,5.974313680397591,0.0
6,0.6708204,0.1677051,0.0701,0.00108033979058772,0.010219821885316966,9.459821784178883,0.0
7,0.7826238,0.22360681,0.0701,0.00108033979058772,0.006816554863273169,6.309639728779098,0.0
