Tile Number, Tile x cohordinate [m], Tile y cohordinate [m], area_m2[m2], Tile z cohordinate [m],absorbedPARTile [umol^s-1],absorbedPARTilem2 [umol m^-2 m^-1],Thermal time[dd]
1,0.1118034,0.0,0.0701,0.00108033979058772,0.005309420087666767,4.914583480053408,0.0
2,0.22360681,0.0559017,0.0701,0.0012078565728149138,0.003385261644209898,2.8027016786608483,0.0
3,0.3354102,0.0559017,0.0701,0.00108033979058772,0.0016752023369706254,1.5506254157863537,0.0
4,0.44721362,0.1118034,0.0701,0.00108033979058772,0.002439482874962408,2.258070003730303,0.0
5,0.559017,0.1677051,0.0701,0.0012078565728149138,0.008868109482609568,7.342021960390884,0.0
6,0.6708204,0.1677051,0.0701,0.00108033979058772,0.004616585836284483,4.273272054316352,0.0
7,0.7826238,0.22360681,0.0701,0.00108033979058772,0.0030981460207015516,2.867751468282138,0.0
