Tile Number, Tile x cohordinate [m], Tile y cohordinate [m], area_m2[m2], Tile z cohordinate [m],absorbedPARTile [umol^s-1],absorbedPARTilem2 [umol m^-2 m^-1],Thermal time[dd]
1,0.1118034,0.0,0.0701,0.00108033979058772,0.005143231823176887,4.760753855394789,0.0
2,0.22360681,0.0559017,0.0701,0.0012078565728149138,0.014064892788498174,11.644505734418363,0.0
3,0.3354102,0.0559017,0.0701,0.00108033979058772,0.004735767496205606,4.383590734568133,0.0
4,0.44721362,0.1118034,0.0701,0.00108033979058772,0.005664425994236141,5.243189266549753,0.0
5,0.559017,0.1677051,0.0701,0.0012078565728149138,0.001769194079395532,1.4647385452996453,0.0
6,0.6708204,0.1677051,0.0701,0.00108033979058772,0.023137346347324103,21.416730688718836,0.0
7,0.7826238,0.22360681,0.0701,0.00108033979058772,0.003104850540458458,2.8739574044286345,0.0
