Tile Number, Tile x cohordinate [m], Tile y cohordinate [m], area_m2[m2], Tile z cohordinate [m],absorbedPARTile [umol^s-1],absorbedPARTilem2 [umol m^-2 m^-1],Thermal time[dd]
1,0.14142136,0.0,0.0701,0.004042135611804359,0.10960624916042327,27.11592575972393,0.0
2,0.28284273,0.07071068,0.0701,0.005716443181545683,0.20659439184234618,36.14037352969625,0.0
3,0.4242641,0.07071068,0.0701,0.004042135611804359,0.14730348236145024,36.441994160531344,0.0
4,0.56568545,0.14142136,0.0701,0.004042135611804359,0.12856194609825133,31.805450990513123,0.0
5,0.70710677,0.21213204,0.0701,0.005716443181545683,0.08931624668196919,15.624444054706542,0.0
6,0.8485281,0.21213204,0.0701,0.004042135611804359,0.05701675215148449,14.105601005809133,0.0
7,0.9899494,0.28284273,0.0701,0.004042135611804359,0.05779220053519487,14.297442264535292,0.0
