Tile Number, Tile x cohordinate [m], Tile y cohordinate [m], area_m2[m2], Tile z cohordinate [m],absorbedPARTile [umol^s-1],absorbedPARTilem2 [umol m^-2 m^-1],Thermal time[dd]
1,0.1118034,0.0,0.0701,0.00108033979058772,0.010359502439960859,9.58911495273644,0.0
2,0.22360681,0.0559017,0.0701,0.0012078565728149138,0.008502088073212644,7.038988125385202,0.0
3,0.3354102,0.0559017,0.0701,0.00108033979058772,0.010949111337228264,10.134877408589935,0.0
4,0.44721362,0.1118034,0.0701,0.00108033979058772,0.011620801343012441,10.75661698685611,0.0
5,0.559017,0.1677051,0.0701,0.0012078565728149138,0.011119258002728925,9.205776789222131,0.0
6,0.6708204,0.1677051,0.0701,0.00108033979058772,0.01105188080027556,10.23000438988106,0.0
7,0.7826238,0.22360681,0.0701,0.00108033979058772,0.0076785991738707905,7.107577857234644,0.0
