Tile Number, Tile x cohordinate [m], Tile y cohordinate [m], area_m2[m2], Tile z cohordinate [m],absorbedPARTile [umol^s-1],absorbedPARTilem2 [umol m^-2 m^-1],Thermal time[dd]
1,0.1118034,0.0,0.0701,0.00108033979058772,0.0018052940435823843,1.671042813854222,0.0
2,0.22360681,0.0559017,0.0701,0.0012078565728149138,0.006537787183454375,5.412718141043882,0.0
3,0.3354102,0.0559017,0.0701,0.00108033979058772,9.165330173307594E-4,0.8483747662688168,0.0
4,0.44721362,0.1118034,0.0701,0.00108033979058772,0.012150324906710128,11.24676237288287,0.0
5,0.559017,0.1677051,0.0701,0.0012078565728149138,0.0039874347738145305,3.301248561757461,0.0
6,0.6708204,0.1677051,0.0701,0.00108033979058772,0.0018217657773601662,1.6862896222392219,0.0
7,0.7826238,0.22360681,0.0701,0.00108033979058772,0.002441014130596453,2.2594873870826393,0.0
