Tile Number, Tile x cohordinate [m], Tile y cohordinate [m], area_m2[m2], Tile z cohordinate [m],absorbedPARTile [umol^s-1],absorbedPARTilem2 [umol m^-2 m^-1],Thermal time[dd]
1,0.14142136,0.0,0.0701,0.004042135611804359,0.20196083337219237,49.96389353746584,0.0
2,0.28284273,0.07071068,0.0701,0.005716443181545683,0.20791910699584965,36.37211118743769,0.0
3,0.4242641,0.07071068,0.0701,0.004042135611804359,0.2232597163119507,55.2331088694697,0.0
4,0.56568545,0.14142136,0.0701,0.004042135611804359,0.1566260524903107,38.74834185001397,0.0
5,0.70710677,0.21213204,0.0701,0.005716443181545683,0.31761441111267086,55.56154430748498,0.0
6,0.8485281,0.21213204,0.0701,0.004042135611804359,0.11465918919517516,28.3659926847414,0.0
7,0.9899494,0.28284273,0.0701,0.004042135611804359,0.13503958131237032,33.40797892035352,0.0
