Tile Number, Tile x cohordinate [m], Tile y cohordinate [m], area_m2[m2], Tile z cohordinate [m],absorbedPARTile [umol^s-1],absorbedPARTilem2 [umol m^-2 m^-1],Thermal time[dd]
1,0.1118034,0.0,0.0701,0.00108033979058772,0.0026298677490045243,2.434296849858543,0.0
2,0.22360681,0.0559017,0.0701,0.0012078565728149138,0.009786213816642984,8.10213235321159,0.0
3,0.3354102,0.0559017,0.0701,0.00108033979058772,0.01187027754780848,10.98754081931101,0.0
4,0.44721362,0.1118034,0.0701,0.00108033979058772,0.011444274309137763,10.59321743848009,0.0
5,0.559017,0.1677051,0.0701,0.0012078565728149138,0.0059471561638895915,4.923727119379517,0.0
6,0.6708204,0.1677051,0.0701,0.00108033979058772,0.007541250566771331,6.980443220247201,0.0
7,0.7826238,0.22360681,0.0701,0.00108033979058772,0.0023486896255589277,2.1740286213851365,0.0
