Tile Number, Tile x cohordinate [m], Tile y cohordinate [m], area_m2[m2], Tile z cohordinate [m],absorbedPARTile [umol^s-1],absorbedPARTilem2 [umol m^-2 m^-1],Thermal time[dd]
1,0.14142136,0.0,0.0701,0.004042135611804359,0.15771206268127444,39.01701422898915,0.0
2,0.28284273,0.07071068,0.0701,0.005716443181545683,0.21026805908081056,36.78302265989735,0.0
3,0.4242641,0.07071068,0.0701,0.004042135611804359,0.16254586030975346,40.2128666428376,0.0
4,0.56568545,0.14142136,0.0701,0.004042135611804359,0.06489946781254768,16.05573737383278,0.0
5,0.70710677,0.21213204,0.0701,0.005716443181545683,0.1884739742897797,32.970497266242006,0.0
6,0.8485281,0.21213204,0.0701,0.004042135611804359,0.08094664365484237,20.025712006903397,0.0
7,0.9899494,0.28284273,0.0701,0.004042135611804359,0.06790878009794712,16.80022310474474,0.0
