Tile Number, Tile x cohordinate [m], Tile y cohordinate [m], area_m2[m2], Tile z cohordinate [m],absorbedPARTile [umol^s-1],absorbedPARTilem2 [umol m^-2 m^-1],Thermal time[dd]
1,0.1118034,0.0,0.0701,0.00108033979058772,0.002032185652874721,1.8810615609827568,0.0
2,0.22360681,0.0559017,0.0701,0.0012078565728149138,0.0013120274741288713,1.086244429726608,0.0
3,0.3354102,0.0559017,0.0701,0.00108033979058772,7.94270883406403E-4,0.7352046923813743,0.0
4,0.44721362,0.1118034,0.0701,0.00108033979058772,0.005078534292632388,4.700867575996247,0.0
5,0.559017,0.1677051,0.0701,0.0012078565728149138,0.00491803355265498,4.071703266219338,0.0
6,0.6708204,0.1677051,0.0701,0.00108033979058772,0.0022621495717703934,2.0939241444950873,0.0
7,0.7826238,0.22360681,0.0701,0.00108033979058772,0.005141175146991856,4.758850124547375,0.0
