Tile Number, Tile x cohordinate [m], Tile y cohordinate [m], area_m2[m2], Tile z cohordinate [m],absorbedPARTile [umol^s-1],absorbedPARTilem2 [umol m^-2 m^-1],Thermal time[dd]
1,0.1118034,0.0,0.0701,0.00108033979058772,0.009314838200741596,8.622137481092125,0.0
2,0.22360681,0.0559017,0.0701,0.0012078565728149138,0.0023863347320118924,1.9756772333080337,0.0
3,0.3354102,0.0559017,0.0701,0.00108033979058772,5.26446084056925E-4,0.48729676407691236,0.0
4,0.44721362,0.1118034,0.0701,0.00108033979058772,9.611288064702909E-4,0.8896541762545129,0.0
5,0.559017,0.1677051,0.0701,0.0012078565728149138,0.003128235141413859,2.5899061294367893,0.0
6,0.6708204,0.1677051,0.0701,0.00108033979058772,0.001873089226199454,1.7337963875055156,0.0
7,0.7826238,0.22360681,0.0701,0.00108033979058772,0.0012461819313194405,1.1535092404969183,0.0
