Tile Number, Tile x cohordinate [m], Tile y cohordinate [m], area_m2[m2], Tile z cohordinate [m],absorbedPARTile [umol^s-1],absorbedPARTilem2 [umol m^-2 m^-1],Thermal time[dd]
1,0.14142136,0.0,0.0701,0.004042135611804359,0.0334846947804968,8.28391177245774,0.0
2,0.28284273,0.07071068,0.0701,0.005716443181545683,0.10328377733876226,18.067839399190024,0.0
3,0.4242641,0.07071068,0.0701,0.004042135611804359,0.10243800469348906,25.34254526105867,0.0
4,0.56568545,0.14142136,0.0701,0.004042135611804359,0.15207027669057846,37.621270361757155,0.0
5,0.70710677,0.21213204,0.0701,0.005716443181545683,0.36286011223388664,63.47655363833635,0.0
6,0.8485281,0.21213204,0.0701,0.004042135611804359,0.08509465734097003,21.051905604667436,0.0
7,0.9899494,0.28284273,0.0701,0.004042135611804359,0.10502010626163481,25.981341634096026,0.0
