Tile Number, Tile x cohordinate [m], Tile y cohordinate [m], area_m2[m2], Tile z cohordinate [m],absorbedPARTile [umol^s-1],absorbedPARTilem2 [umol m^-2 m^-1],Thermal time[dd]
1,0.14142136,0.0,0.0701,0.004042135611804359,0.045883896720512365,11.351399637982547,0.0
2,0.28284273,0.07071068,0.0701,0.005716443181545683,0.07731703363244058,13.525374289040801,0.0
3,0.4242641,0.07071068,0.0701,0.004042135611804359,0.0999767277289772,24.733640167096922,0.0
4,0.56568545,0.14142136,0.0701,0.004042135611804359,0.08453237340088399,20.91279994516309,0.0
5,0.70710677,0.21213204,0.0701,0.005716443181545683,0.19409402585289,33.95363509944106,0.0
6,0.8485281,0.21213204,0.0701,0.004042135611804359,0.12416992991198542,30.718892644118263,0.0
7,0.9899494,0.28284273,0.0701,0.004042135611804359,0.14300563919360162,35.37873365158218,0.0
