Tile Number, Tile x cohordinate [m], Tile y cohordinate [m], area_m2[m2], Tile z cohordinate [m],absorbedPARTile [umol^s-1],absorbedPARTilem2 [umol m^-2 m^-1],Thermal time[dd]
1,0.1118034,0.0,0.0701,0.00108033979058772,0.007146072649020672,6.614652826156767,0.0
2,0.22360681,0.0559017,0.0701,0.0012078565728149138,0.00573802151051879,4.7505818485934235,0.0
3,0.3354102,0.0559017,0.0701,0.00108033979058772,0.013977749459049773,12.938289953613282,0.0
4,0.44721362,0.1118034,0.0701,0.00108033979058772,0.01295497139073862,11.991571081252996,0.0
5,0.559017,0.1677051,0.0701,0.0012078565728149138,0.003812041255329925,3.1560380107432375,0.0
6,0.6708204,0.1677051,0.0701,0.00108033979058772,0.005570939670219901,5.156655080888238,0.0
7,0.7826238,0.22360681,0.0701,0.00108033979058772,0.011040707771646455,10.219662246856757,0.0
