Tile Number, Tile x cohordinate [m], Tile y cohordinate [m], area_m2[m2], Tile z cohordinate [m],absorbedPARTile [umol^s-1],absorbedPARTilem2 [umol m^-2 m^-1],Thermal time[dd]
1,0.14142136,0.0,0.0701,0.004042135611804359,0.21982484033020017,54.38334124373256,0.0
2,0.28284273,0.07071068,0.0701,0.005716443181545683,0.35378595654235834,61.8891757176002,0.0
3,0.4242641,0.07071068,0.0701,0.004042135611804359,0.25045587842468264,61.961275542876265,0.0
4,0.56568545,0.14142136,0.0701,0.004042135611804359,0.25555157185516364,63.221919400444996,0.0
5,0.70710677,0.21213204,0.0701,0.005716443181545683,0.40567616286010744,70.96653460490019,0.0
6,0.8485281,0.21213204,0.0701,0.004042135611804359,0.26535358417541505,65.64687819985448,0.0
7,0.9899494,0.28284273,0.0701,0.004042135611804359,0.27314292624542236,67.57391450394579,0.0
