Tile Number, Tile x cohordinate [m], Tile y cohordinate [m], area_m2[m2], Tile z cohordinate [m],absorbedPARTile [umol^s-1],absorbedPARTilem2 [umol m^-2 m^-1],Thermal time[dd]
1,0.14142136,0.0,0.0701,0.004042135611804359,0.2943541299816894,72.82143852919704,0.0
2,0.28284273,0.07071068,0.0701,0.005716443181545683,0.35632311161010743,62.33301028171164,0.0
3,0.4242641,0.07071068,0.0701,0.004042135611804359,0.2068438640925598,51.171925921660815,0.0
4,0.56568545,0.14142136,0.0701,0.004042135611804359,0.274717165510254,67.96337181463925,0.0
5,0.70710677,0.21213204,0.0701,0.005716443181545683,0.38983023032531744,68.19454299551182,0.0
6,0.8485281,0.21213204,0.0701,0.004042135611804359,0.2618946814385986,64.7911664996544,0.0
7,0.9899494,0.28284273,0.0701,0.004042135611804359,0.222455398046875,55.034125376009754,0.0
