Tile Number, Tile x cohordinate [m], Tile y cohordinate [m], area_m2[m2], Tile z cohordinate [m],absorbedPARTile [umol^s-1],absorbedPARTilem2 [umol m^-2 m^-1],Thermal time[dd]
1,0.1118034,0.0,0.0701,0.00108033979058772,0.01726408516935587,15.980236329131197,0.0
2,0.22360681,0.0559017,0.0701,0.0012078565728149138,0.016723436100826564,13.845547954301015,0.0
3,0.3354102,0.0559017,0.0701,0.00108033979058772,0.011258219082913771,10.420998264619266,0.0
4,0.44721362,0.1118034,0.0701,0.00108033979058772,0.014385742572133467,13.315942537215465,0.0
5,0.559017,0.1677051,0.0701,0.0012078565728149138,0.011963186594092585,9.904476130152059,0.0
6,0.6708204,0.1677051,0.0701,0.00108033979058772,0.013658716591044694,12.642982059944456,0.0
7,0.7826238,0.22360681,0.0701,0.00108033979058772,0.012557308933446927,11.623480911145165,0.0
