Tile Number, Tile x cohordinate [m], Tile y cohordinate [m], area_m2[m2], Tile z cohordinate [m],absorbedPARTile [umol^s-1],absorbedPARTilem2 [umol m^-2 m^-1],Thermal time[dd]
1,0.14142136,0.0,0.0701,0.004042135611804359,0.04839990831004381,11.973845748445507,0.0
2,0.28284273,0.07071068,0.0701,0.005716443181545683,0.08647504614068667,15.127421614169613,0.0
3,0.4242641,0.07071068,0.0701,0.004042135611804359,0.08055285132330059,19.928290156337134,0.0
4,0.56568545,0.14142136,0.0701,0.004042135611804359,0.07262291101396995,17.966470694819655,0.0
5,0.70710677,0.21213204,0.0701,0.005716443181545683,0.08195406063311522,14.336547750126586,0.0
6,0.8485281,0.21213204,0.0701,0.004042135611804359,0.07913699878688754,19.578016768111787,0.0
7,0.9899494,0.28284273,0.0701,0.004042135611804359,0.16800334849550128,41.563016343359806,0.0
