Tile Number, Tile x cohordinate [m], Tile y cohordinate [m], area_m2[m2], Tile z cohordinate [m],absorbedPARTile [umol^s-1],absorbedPARTilem2 [umol m^-2 m^-1],Thermal time[dd]
1,0.14142136,0.0,0.0701,0.004042135611804359,0.3012202883438111,74.52008474533838,0.0
2,0.28284273,0.07071068,0.0701,0.005716443181545683,0.23526187111221317,41.15528898663874,0.0
3,0.4242641,0.07071068,0.0701,0.004042135611804359,0.21299014832969662,52.69247961589801,0.0
4,0.56568545,0.14142136,0.0701,0.004042135611804359,0.06667034112923685,16.49384076440623,0.0
5,0.70710677,0.21213204,0.0701,0.005716443181545683,0.03926938047480821,6.869547938756923,0.0
6,0.8485281,0.21213204,0.0701,0.004042135611804359,0.02314393485877425,5.725670061931218,0.0
7,0.9899494,0.28284273,0.0701,0.004042135611804359,0.1461322646121216,36.15224194491831,0.0
