Tile Number, Tile x cohordinate [m], Tile y cohordinate [m], area_m2[m2], Tile z cohordinate [m],absorbedPARTile [umol^s-1],absorbedPARTilem2 [umol m^-2 m^-1],Thermal time[dd]
1,0.1118034,0.0,0.0701,0.00108033979058772,0.0036204006634280726,3.351168488812695,0.0
2,0.22360681,0.0559017,0.0701,0.0012078565728149138,0.0013666033548840836,1.1314285037164717,0.0
3,0.3354102,0.0559017,0.0701,0.00108033979058772,0.0037731959783209256,3.492601134563649,0.0
4,0.44721362,0.1118034,0.0701,0.00108033979058772,0.0043590001529541424,4.034841807115876,0.0
5,0.559017,0.1677051,0.0701,0.0012078565728149138,0.01702639844297949,14.096374376056433,0.0
6,0.6708204,0.1677051,0.0701,0.00108033979058772,0.005012471021990308,4.639717120169622,0.0
7,0.7826238,0.22360681,0.0701,0.00108033979058772,0.005643401297131616,5.22372807731309,0.0
