Tile Number, Tile x cohordinate [m], Tile y cohordinate [m], area_m2[m2], Tile z cohordinate [m],absorbedPARTile [umol^s-1],absorbedPARTilem2 [umol m^-2 m^-1],Thermal time[dd]
1,0.14142136,0.0,0.0701,0.004042135611804359,0.2952421053393555,73.04111828340244,0.0
2,0.28284273,0.07071068,0.0701,0.005716443181545683,0.34682455465209966,60.67139016998345,0.0
3,0.4242641,0.07071068,0.0701,0.004042135611804359,0.2344321656639099,57.997105534829466,0.0
4,0.56568545,0.14142136,0.0701,0.004042135611804359,0.2538950106378174,62.812096134617754,0.0
5,0.70710677,0.21213204,0.0701,0.005716443181545683,0.4051730741259765,70.87852730417951,0.0
6,0.8485281,0.21213204,0.0701,0.004042135611804359,0.29710773284896846,73.50266329049343,0.0
7,0.9899494,0.28284273,0.0701,0.004042135611804359,0.24414473028503417,60.39993551231968,0.0
