Tile Number, Tile x cohordinate [m], Tile y cohordinate [m], area_m2[m2], Tile z cohordinate [m],absorbedPARTile [umol^s-1],absorbedPARTilem2 [umol m^-2 m^-1],Thermal time[dd]
1,0.1118034,0.0,0.0701,0.00108033979058772,0.009643205841893675,8.926085964720079,0.0
2,0.22360681,0.0559017,0.0701,0.0012078565728149138,0.003346170052204941,2.7703372465877143,0.0
3,0.3354102,0.0559017,0.0701,0.00108033979058772,0.01421445280933757,13.157390788693165,0.0
4,0.44721362,0.1118034,0.0701,0.00108033979058772,0.005916351868616935,5.476380598180464,0.0
5,0.559017,0.1677051,0.0701,0.0012078565728149138,0.002538392265028057,2.101567621652565,0.0
6,0.6708204,0.1677051,0.0701,0.00108033979058772,0.0018944983561068247,1.7536134210850376,0.0
7,0.7826238,0.22360681,0.0701,0.00108033979058772,0.001194224814925986,1.1054159305530264,0.0
