Tile Number, Tile x cohordinate [m], Tile y cohordinate [m], area_m2[m2], Tile z cohordinate [m],absorbedPARTile [umol^s-1],absorbedPARTilem2 [umol m^-2 m^-1],Thermal time[dd]
1,0.1118034,0.0,0.0701,0.00108033979058772,0.007538477745007165,6.977876600200136,0.0
2,0.22360681,0.0559017,0.0701,0.0012078565728149138,0.009920394963798972,8.21322265165926,0.0
3,0.3354102,0.0559017,0.0701,0.00108033979058772,0.009834272705600972,9.102944084148739,0.0
4,0.44721362,0.1118034,0.0701,0.00108033979058772,0.005718755828052657,5.293478846078208,0.0
5,0.559017,0.1677051,0.0701,0.0012078565728149138,0.00468551973835371,3.8792020872429336,0.0
6,0.6708204,0.1677051,0.0701,0.00108033979058772,0.009029884090811938,8.358374068495205,0.0
7,0.7826238,0.22360681,0.0701,0.00108033979058772,0.00823261564711511,7.620394730288007,0.0
