Tile Number, Tile x cohordinate [m], Tile y cohordinate [m], area_m2[m2], Tile z cohordinate [m],absorbedPARTile [umol^s-1],absorbedPARTilem2 [umol m^-2 m^-1],Thermal time[dd]
1,0.14142136,0.0,0.0701,0.004042135611804359,0.05921707992186624,14.649948841135606,0.0
2,0.28284273,0.07071068,0.0701,0.005716443181545683,0.04803183952357818,8.402399533793798,0.0
3,0.4242641,0.07071068,0.0701,0.004042135611804359,0.09836757052030787,24.335544367448325,0.0
4,0.56568545,0.14142136,0.0701,0.004042135611804359,0.0191125857371807,4.7283385746301265,0.0
5,0.70710677,0.21213204,0.0701,0.005716443181545683,0.1004477290120799,17.57171825591724,0.0
6,0.8485281,0.21213204,0.0701,0.004042135611804359,0.16933922131688897,41.893503231896275,0.0
7,0.9899494,0.28284273,0.0701,0.004042135611804359,0.06937431759341221,17.162788252530788,0.0
