Tile Number, Tile x cohordinate [m], Tile y cohordinate [m], area_m2[m2], Tile z cohordinate [m],absorbedPARTile [umol^s-1],absorbedPARTilem2 [umol m^-2 m^-1],Thermal time[dd]
1,0.14142136,0.0,0.0701,0.004042135611804359,0.12155707008171084,30.072486862322084,0.0
2,0.28284273,0.07071068,0.0701,0.005716443181545683,0.06851823994035722,11.98616653123637,0.0
3,0.4242641,0.07071068,0.0701,0.004042135611804359,0.069565746906147,17.210146711305836,0.0
4,0.56568545,0.14142136,0.0701,0.004042135611804359,0.09403269691190543,23.26312275058243,0.0
5,0.70710677,0.21213204,0.0701,0.005716443181545683,0.16188038995563508,28.318376447478983,0.0
6,0.8485281,0.21213204,0.0701,0.004042135611804359,0.05469504625863313,13.53122495418157,0.0
7,0.9899494,0.28284273,0.0701,0.004042135611804359,0.10976119627287388,27.154258741922277,0.0
