Tile Number, Tile x cohordinate [m], Tile y cohordinate [m], area_m2[m2], Tile z cohordinate [m],absorbedPARTile [umol^s-1],absorbedPARTilem2 [umol m^-2 m^-1],Thermal time[dd]
1,0.14142136,0.0,0.0701,0.004042135611804359,0.037304698967123726,9.228957796017975,0.0
2,0.28284273,0.07071068,0.0701,0.005716443181545683,0.057541336383771895,10.065933405851355,0.0
3,0.4242641,0.07071068,0.0701,0.004042135611804359,0.09202777721810342,22.767117696237644,0.0
4,0.56568545,0.14142136,0.0701,0.004042135611804359,0.17542221204369865,43.398398492967026,0.0
5,0.70710677,0.21213204,0.0701,0.005716443181545683,0.2203355352705638,38.544166061489086,0.0
6,0.8485281,0.21213204,0.0701,0.004042135611804359,0.06186120400647719,15.304089211114595,0.0
7,0.9899494,0.28284273,0.0701,0.004042135611804359,0.21864216528816224,54.0907545629235,0.0
