Tile Number, Tile x cohordinate [m], Tile y cohordinate [m], area_m2[m2], Tile z cohordinate [m],absorbedPARTile [umol^s-1],absorbedPARTilem2 [umol m^-2 m^-1],Thermal time[dd]
1,0.14142136,0.0,0.0701,0.004042135611804359,0.08445642128255844,20.894009848634973,0.0
2,0.28284273,0.07071068,0.0701,0.005716443181545683,0.09691727970741272,16.954122804944426,0.0
3,0.4242641,0.07071068,0.0701,0.004042135611804359,0.02534200619691849,6.269459669515177,0.0
4,0.56568545,0.14142136,0.0701,0.004042135611804359,0.1251059657692766,30.9504622764081,0.0
5,0.70710677,0.21213204,0.0701,0.005716443181545683,0.23658377024230962,41.386534026275264,0.0
6,0.8485281,0.21213204,0.0701,0.004042135611804359,0.06817659096104145,16.86647789894616,0.0
7,0.9899494,0.28284273,0.0701,0.004042135611804359,0.0512256845039568,12.672925755969452,0.0
