Tile Number, Tile x cohordinate [m], Tile y cohordinate [m], area_m2[m2], Tile z cohordinate [m],absorbedPARTile [umol^s-1],absorbedPARTilem2 [umol m^-2 m^-1],Thermal time[dd]
1,0.14142136,0.0,0.0701,0.004042135611804359,0.12297930742429097,30.42433981313025,0.0
2,0.28284273,0.07071068,0.0701,0.005716443181545683,0.07665592784276802,13.409724440231528,0.0
3,0.4242641,0.07071068,0.0701,0.004042135611804359,0.03990000241914417,9.87102023559603,0.0
4,0.56568545,0.14142136,0.0701,0.004042135611804359,0.04119899003672075,10.192381946910986,0.0
5,0.70710677,0.21213204,0.0701,0.005716443181545683,0.3641329243164698,63.69921168673473,0.0
6,0.8485281,0.21213204,0.0701,0.004042135611804359,0.2206960102891922,54.59886344354395,0.0
7,0.9899494,0.28284273,0.0701,0.004042135611804359,0.08161689582635215,20.191528356447044,0.0
