Tile Number, Tile x cohordinate [m], Tile y cohordinate [m], area_m2[m2], Tile z cohordinate [m],absorbedPARTile [umol^s-1],absorbedPARTilem2 [umol m^-2 m^-1],Thermal time[dd]
1,0.1118034,0.0,0.0701,0.00108033979058772,0.002924160490430224,2.706704423836356,0.0
2,0.22360681,0.0559017,0.0701,0.0012078565728149138,0.0048201895529889184,3.9906969597850934,0.0
3,0.3354102,0.0559017,0.0701,0.00108033979058772,0.004478086579150589,4.145072335727306,0.0
4,0.44721362,0.1118034,0.0701,0.00108033979058772,0.002273163988456176,2.1041194708005184,0.0
5,0.559017,0.1677051,0.0701,0.0012078565728149138,0.010854928511293938,8.98693500172499,0.0
6,0.6708204,0.1677051,0.0701,0.00108033979058772,0.007875074931050179,7.289442636159896,0.0
7,0.7826238,0.22360681,0.0701,0.00108033979058772,0.014638383208051477,13.5497954769286,0.0
