Tile Number, Tile x cohordinate [m], Tile y cohordinate [m], area_m2[m2], Tile z cohordinate [m],absorbedPARTile [umol^s-1],absorbedPARTilem2 [umol m^-2 m^-1],Thermal time[dd]
1,0.14142136,0.0,0.0701,0.004042135611804359,0.05620812407226562,13.905551290293056,0.0
2,0.28284273,0.07071068,0.0701,0.005716443181545683,0.0481288363836026,8.419367577898138,0.0
3,0.4242641,0.07071068,0.0701,0.004042135611804359,0.07462966508384707,18.462929562754898,0.0
4,0.56568545,0.14142136,0.0701,0.004042135611804359,0.07712743113435386,19.080861836776705,0.0
5,0.70710677,0.21213204,0.0701,0.005716443181545683,0.17261780564636225,30.1967150139132,0.0
6,0.8485281,0.21213204,0.0701,0.004042135611804359,0.17796109182083128,44.026502055281526,0.0
7,0.9899494,0.28284273,0.0701,0.004042135611804359,0.08251146424837828,20.41283919505763,0.0
