Tile Number, Tile x cohordinate [m], Tile y cohordinate [m], area_m2[m2], Tile z cohordinate [m],absorbedPARTile [umol^s-1],absorbedPARTilem2 [umol m^-2 m^-1],Thermal time[dd]
1,0.14142136,0.0,0.0701,0.004042135611804359,0.03506069453462705,8.673804617598266,0.0
2,0.28284273,0.07071068,0.0701,0.005716443181545683,0.09817012625497104,17.17328820338709,0.0
3,0.4242641,0.07071068,0.0701,0.004042135611804359,0.06448444916418672,15.953064260355594,0.0
4,0.56568545,0.14142136,0.0701,0.004042135611804359,0.043239995838041605,10.697314486868441,0.0
5,0.70710677,0.21213204,0.0701,0.005716443181545683,0.12217357847496031,21.372306973918963,0.0
6,0.8485281,0.21213204,0.0701,0.004042135611804359,0.06280208864619016,15.536858402965873,0.0
7,0.9899494,0.28284273,0.0701,0.004042135611804359,0.08882105342045785,21.973793546429093,0.0
