Tile Number, Tile x cohordinate [m], Tile y cohordinate [m], area_m2[m2], Tile z cohordinate [m],absorbedPARTile [umol^s-1],absorbedPARTilem2 [umol m^-2 m^-1],Thermal time[dd]
1,0.14142136,0.0,0.0701,0.004042135611804359,0.08636900242934228,21.3671709027071,0.0
2,0.28284273,0.07071068,0.0701,0.005716443181545683,0.19052255728416442,33.32886398647779,0.0
3,0.4242641,0.07071068,0.0701,0.004042135611804359,0.1473485181654374,36.453135747136116,0.0
4,0.56568545,0.14142136,0.0701,0.004042135611804359,0.14939393077635368,36.959158505240275,0.0
5,0.70710677,0.21213204,0.0701,0.005716443181545683,0.14053637382011416,24.584583342629184,0.0
6,0.8485281,0.21213204,0.0701,0.004042135611804359,0.06135483557607134,15.178816711862693,0.0
7,0.9899494,0.28284273,0.0701,0.004042135611804359,0.11234150270320575,27.792611008678627,0.0
