Tile Number, Tile x cohordinate [m], Tile y cohordinate [m], area_m2[m2], Tile z cohordinate [m],absorbedPARTile [umol^s-1],absorbedPARTilem2 [umol m^-2 m^-1],Thermal time[dd]
1,0.14142136,0.0,0.0701,0.004042135611804359,0.10161060786422252,25.137852269846235,0.0
2,0.28284273,0.07071068,0.0701,0.005716443181545683,0.14599001937728884,25.538611115489868,0.0
3,0.4242641,0.07071068,0.0701,0.004042135611804359,0.1881060095378113,46.53629358413413,0.0
4,0.56568545,0.14142136,0.0701,0.004042135611804359,0.10399131818293482,25.72682566098132,0.0
5,0.70710677,0.21213204,0.0701,0.005716443181545683,0.16004694190994265,27.99764413413922,0.0
6,0.8485281,0.21213204,0.0701,0.004042135611804359,0.06686811936192513,16.542769907731035,0.0
7,0.9899494,0.28284273,0.0701,0.004042135611804359,0.14953046442871096,36.99293610833665,0.0
