Tile Number, Tile x cohordinate [m], Tile y cohordinate [m], area_m2[m2], Tile z cohordinate [m],absorbedPARTile [umol^s-1],absorbedPARTilem2 [umol m^-2 m^-1],Thermal time[dd]
1,0.1118034,0.0,0.0701,0.00108033979058772,0.005304529906681479,4.910056958834906,0.0
2,0.22360681,0.0559017,0.0701,0.0012078565728149138,0.001398292709111627,1.157664527877595,0.0
3,0.3354102,0.0559017,0.0701,0.00108033979058772,0.0011911763415095517,1.1025941577709872,0.0
4,0.44721362,0.1118034,0.0701,0.00108033979058772,0.007849230384494636,7.265520027013488,0.0
5,0.559017,0.1677051,0.0701,0.0012078565728149138,0.007788833285597847,6.4484753081617505,0.0
6,0.6708204,0.1677051,0.0701,0.00108033979058772,0.012148738118206924,11.245293586379747,0.0
7,0.7826238,0.22360681,0.0701,0.00108033979058772,0.005719561926250867,5.294224998543602,0.0
