Tile Number, Tile x cohordinate [m], Tile y cohordinate [m], area_m2[m2], Tile z cohordinate [m],absorbedPARTile [umol^s-1],absorbedPARTilem2 [umol m^-2 m^-1],Thermal time[dd]
1,0.14142136,0.0,0.0701,0.004042135611804359,0.08084878181900025,20.00150157824872,0.0
2,0.28284273,0.07071068,0.0701,0.005716443181545683,0.06551716128325939,11.461175979981324,0.0
3,0.4242641,0.07071068,0.0701,0.004042135611804359,0.08516140106746674,21.06841760052967,0.0
4,0.56568545,0.14142136,0.0701,0.004042135611804359,0.05180850354403257,12.81711167550509,0.0
5,0.70710677,0.21213204,0.0701,0.005716443181545683,0.15212189893241881,26.611285042334,0.0
6,0.8485281,0.21213204,0.0701,0.004042135611804359,0.22750480142677307,56.28331735392167,0.0
7,0.9899494,0.28284273,0.0701,0.004042135611804359,0.1853377201661682,45.85143547013153,0.0
