Tile Number, Tile x cohordinate [m], Tile y cohordinate [m], area_m2[m2], Tile z cohordinate [m],absorbedPARTile [umol^s-1],absorbedPARTilem2 [umol m^-2 m^-1],Thermal time[dd]
1,0.14142136,0.0,0.0701,0.004042135611804359,0.06974433505388648,17.254328343217924,0.0
2,0.28284273,0.07071068,0.0701,0.005716443181545683,0.2983111223754883,52.184743712405314,0.0
3,0.4242641,0.07071068,0.0701,0.004042135611804359,0.13117794709470226,32.452633877898535,0.0
4,0.56568545,0.14142136,0.0701,0.004042135611804359,0.16251722984657288,40.205783638720426,0.0
5,0.70710677,0.21213204,0.0701,0.005716443181545683,0.3353441794937134,58.66308276732297,0.0
6,0.8485281,0.21213204,0.0701,0.004042135611804359,0.2569843954167685,63.57639131806709,0.0
7,0.9899494,0.28284273,0.0701,0.004042135611804359,0.2550626713778178,63.10096836755088,0.0
