Tile Number, Tile x cohordinate [m], Tile y cohordinate [m], area_m2[m2], Tile z cohordinate [m],absorbedPARTile [umol^s-1],absorbedPARTilem2 [umol m^-2 m^-1],Thermal time[dd]
1,0.14142136,0.0,0.0701,0.004042135611804359,0.25007183993927,61.86626673508389,0.0
2,0.28284273,0.07071068,0.0701,0.005716443181545683,0.29280424330017085,51.221403589810336,0.0
3,0.4242641,0.07071068,0.0701,0.004042135611804359,0.2045737738141632,50.61031926211006,0.0
4,0.56568545,0.14142136,0.0701,0.004042135611804359,0.18598996842956544,46.01279776126606,0.0
5,0.70710677,0.21213204,0.0701,0.005716443181545683,0.2997355777517701,52.433929321540795,0.0
6,0.8485281,0.21213204,0.0701,0.004042135611804359,0.2565490999267578,63.46870183611614,0.0
7,0.9899494,0.28284273,0.0701,0.004042135611804359,0.1685393648498535,41.69562356039302,0.0
