Tile Number, Tile x cohordinate [m], Tile y cohordinate [m], area_m2[m2], Tile z cohordinate [m],absorbedPARTile [umol^s-1],absorbedPARTilem2 [umol m^-2 m^-1],Thermal time[dd]
1,0.14142136,0.0,0.0701,0.004042135611804359,0.06860180413017274,16.97167307544878,0.0
2,0.28284273,0.07071068,0.0701,0.005716443181545683,0.08190943734350681,14.328741621701752,0.0
3,0.4242641,0.07071068,0.0701,0.004042135611804359,0.033284763657121054,8.234450016946152,0.0
4,0.56568545,0.14142136,0.0701,0.004042135611804359,0.1581322698807526,39.12097095875621,0.0
5,0.70710677,0.21213204,0.0701,0.005716443181545683,0.1657128644026947,28.988806350365437,0.0
6,0.8485281,0.21213204,0.0701,0.004042135611804359,0.14079082079483035,34.83080092208561,0.0
7,0.9899494,0.28284273,0.0701,0.004042135611804359,0.13409206330827717,33.173568674114854,0.0
