Tile Number, Tile x cohordinate [m], Tile y cohordinate [m], area_m2[m2], Tile z cohordinate [m],absorbedPARTile [umol^s-1],absorbedPARTilem2 [umol m^-2 m^-1],Thermal time[dd]
1,0.14142136,0.0,0.0701,0.004042135611804359,0.04956189321799279,12.261313814721069,0.0
2,0.28284273,0.07071068,0.0701,0.005716443181545683,0.09003085239983559,15.749452857413328,0.0
3,0.4242641,0.07071068,0.0701,0.004042135611804359,0.07835243425741792,19.38392022984166,0.0
4,0.56568545,0.14142136,0.0701,0.004042135611804359,0.061787220619633806,15.285786166895265,0.0
5,0.70710677,0.21213204,0.0701,0.005716443181545683,0.0660084612370813,11.547121022767364,0.0
6,0.8485281,0.21213204,0.0701,0.004042135611804359,0.048176067829118964,11.91846896190941,0.0
7,0.9899494,0.28284273,0.0701,0.004042135611804359,0.06895474154709638,17.058987666253937,0.0
