Tile Number, Tile x cohordinate [m], Tile y cohordinate [m], area_m2[m2], Tile z cohordinate [m],absorbedPARTile [umol^s-1],absorbedPARTilem2 [umol m^-2 m^-1],Thermal time[dd]
1,0.1118034,0.0,0.0701,0.00108033979058772,0.008751884947609454,8.101048414451444,0.0
2,0.22360681,0.0559017,0.0701,0.0012078565728149138,0.008220620777796023,6.805957729432924,0.0
3,0.3354102,0.0559017,0.0701,0.00108033979058772,0.01109872280292151,10.27336297303615,0.0
4,0.44721362,0.1118034,0.0701,0.00108033979058772,0.00696367234260169,6.445816772900084,0.0
5,0.559017,0.1677051,0.0701,0.0012078565728149138,0.007815322503218876,6.470406072308106,0.0
6,0.6708204,0.1677051,0.0701,0.00108033979058772,0.00716810485763899,6.635046603013151,0.0
7,0.7826238,0.22360681,0.0701,0.00108033979058772,0.011609949681311234,10.746572312212308,0.0
