Tile Number, Tile x cohordinate [m], Tile y cohordinate [m], area_m2[m2], Tile z cohordinate [m],absorbedPARTile [umol^s-1],absorbedPARTilem2 [umol m^-2 m^-1],Thermal time[dd]
1,0.14142136,0.0,0.0701,0.004042135611804359,0.03144002098797202,7.7780717935729,0.0
2,0.28284273,0.07071068,0.0701,0.005716443181545683,0.11914135281528473,20.841867754394407,0.0
3,0.4242641,0.07071068,0.0701,0.004042135611804359,0.10388461058049202,25.700426842957704,0.0
4,0.56568545,0.14142136,0.0701,0.004042135611804359,0.1821292124103212,45.05766997981074,0.0
5,0.70710677,0.21213204,0.0701,0.005716443181545683,0.130939898133049,22.905833920603026,0.0
6,0.8485281,0.21213204,0.0701,0.004042135611804359,0.09700258291816473,23.997854657544252,0.0
7,0.9899494,0.28284273,0.0701,0.004042135611804359,0.08432694553440574,20.861978328521054,0.0
