Tile Number, Tile x cohordinate [m], Tile y cohordinate [m], area_m2[m2], Tile z cohordinate [m],absorbedPARTile [umol^s-1],absorbedPARTilem2 [umol m^-2 m^-1],Thermal time[dd]
1,0.1118034,0.0,0.0701,0.00108033979058772,0.0026550796458033143,2.457633856435959,0.0
2,0.22360681,0.0559017,0.0701,0.0012078565728149138,0.001165644214803269,0.9650518455901858,0.0
3,0.3354102,0.0559017,0.0701,0.00108033979058772,0.0011505962246328059,1.0650317933831406,0.0
4,0.44721362,0.1118034,0.0701,0.00108033979058772,0.0016778166195974978,1.5530452865063336,0.0
5,0.559017,0.1677051,0.0701,0.0012078565728149138,0.001495933983101803,1.2385029951159878,0.0
6,0.6708204,0.1677051,0.0701,0.00108033979058772,6.636487724743062E-4,0.6142963336685692,0.0
7,0.7826238,0.22360681,0.0701,0.00108033979058772,8.655012669936382E-4,0.8011380072586176,0.0
