Tile Number, Tile x cohordinate [m], Tile y cohordinate [m], area_m2[m2], Tile z cohordinate [m],absorbedPARTile [umol^s-1],absorbedPARTilem2 [umol m^-2 m^-1],Thermal time[dd]
1,0.1118034,0.0,0.0701,0.00108033979058772,0.02427963542702289,22.474073100477426,0.0
2,0.22360681,0.0559017,0.0701,0.0012078565728149138,0.009475263704877494,7.844692754202894,0.0
3,0.3354102,0.0559017,0.0701,0.00108033979058772,0.02588890035604653,23.963664563315405,0.0
4,0.44721362,0.1118034,0.0701,0.00108033979058772,0.007271146513239596,6.730425535177216,0.0
5,0.559017,0.1677051,0.0701,0.0012078565728149138,0.0010854509955760465,0.8986588474212623,0.0
6,0.6708204,0.1677051,0.0701,0.00108033979058772,0.0023163801558714826,2.1441218550427914,0.0
7,0.7826238,0.22360681,0.0701,0.00108033979058772,0.0030512016238546376,2.824298105501364,0.0
