Tile Number, Tile x cohordinate [m], Tile y cohordinate [m], area_m2[m2], Tile z cohordinate [m],absorbedPARTile [umol^s-1],absorbedPARTilem2 [umol m^-2 m^-1],Thermal time[dd]
1,0.14142136,0.0,0.0701,0.004042135611804359,0.028690518000301257,7.0978613177933845,0.0
2,0.28284273,0.07071068,0.0701,0.005716443181545683,0.03452214590941847,6.0390954327799236,0.0
3,0.4242641,0.07071068,0.0701,0.004042135611804359,0.03529788164074883,8.732483278806248,0.0
4,0.56568545,0.14142136,0.0701,0.004042135611804359,0.07428815462649106,18.378441932909258,0.0
5,0.70710677,0.21213204,0.0701,0.005716443181545683,0.22281204248268127,38.97739125650411,0.0
6,0.8485281,0.21213204,0.0701,0.004042135611804359,0.07727596228003501,19.117607547446923,0.0
7,0.9899494,0.28284273,0.0701,0.004042135611804359,0.054536173092533356,13.491920689961484,0.0
