Tile Number, Tile x cohordinate [m], Tile y cohordinate [m], area_m2[m2], Tile z cohordinate [m],absorbedPARTile [umol^s-1],absorbedPARTilem2 [umol m^-2 m^-1],Thermal time[dd]
1,0.1118034,0.0,0.0701,0.00108033979058772,0.025435998762433826,23.544443131726442,0.0
2,0.22360681,0.0559017,0.0701,0.0012078565728149138,0.02306462359435677,19.095498682103116,0.0
3,0.3354102,0.0559017,0.0701,0.00108033979058772,0.018545061884354355,17.165952828846176,0.0
4,0.44721362,0.1118034,0.0701,0.00108033979058772,0.01678603472354412,15.537736247234106,0.0
5,0.559017,0.1677051,0.0701,0.0012078565728149138,0.01716404479302415,14.210333560567781,0.0
6,0.6708204,0.1677051,0.0701,0.00108033979058772,0.010710266870871725,9.91379468217605,0.0
7,0.7826238,0.22360681,0.0701,0.00108033979058772,0.009965696755083724,9.224594745012814,0.0
