Tile Number, Tile x cohordinate [m], Tile y cohordinate [m], area_m2[m2], Tile z cohordinate [m],absorbedPARTile [umol^s-1],absorbedPARTilem2 [umol m^-2 m^-1],Thermal time[dd]
1,0.1118034,0.0,0.0701,0.00108033979058772,0.00628299493271893,5.815758141520357,0.0
2,0.22360681,0.0559017,0.0701,0.0012078565728149138,0.011741937249463348,9.721300950574557,0.0
3,0.3354102,0.0559017,0.0701,0.00108033979058772,0.022188374511707423,20.538329426556285,0.0
4,0.44721362,0.1118034,0.0701,0.00108033979058772,0.005472585230185853,5.065614798107816,0.0
5,0.559017,0.1677051,0.0701,0.0012078565728149138,7.821539648823532E-4,0.647555332715987,0.0
6,0.6708204,0.1677051,0.0701,0.00108033979058772,0.001175060772271417,1.0876770276434673,0.0
7,0.7826238,0.22360681,0.0701,0.00108033979058772,0.0036328950435694676,3.362733720650169,0.0
