Tile Number, Tile x cohordinate [m], Tile y cohordinate [m], area_m2[m2], Tile z cohordinate [m],absorbedPARTile [umol^s-1],absorbedPARTilem2 [umol m^-2 m^-1],Thermal time[dd]
1,0.1118034,0.0,0.0701,0.00108033979058772,0.003729924549448987,3.4525475983994407,0.0
2,0.22360681,0.0559017,0.0701,0.0012078565728149138,0.0016885374147096413,1.3979618546716182,0.0
3,0.3354102,0.0559017,0.0701,0.00108033979058772,0.0028068708234663536,2.5981370379215383,0.0
4,0.44721362,0.1118034,0.0701,0.00108033979058772,6.063530392394007E-4,0.5612614147161387,0.0
5,0.559017,0.1677051,0.0701,0.0012078565728149138,0.00240186377857582,1.9885339307946708,0.0
6,0.6708204,0.1677051,0.0701,0.00108033979058772,0.005463963390431795,5.05763412403733,0.0
7,0.7826238,0.22360681,0.0701,0.00108033979058772,0.007489679977748247,6.9327076934505545,0.0
