Tile Number, Tile x cohordinate [m], Tile y cohordinate [m], area_m2[m2], Tile z cohordinate [m],absorbedPARTile [umol^s-1],absorbedPARTilem2 [umol m^-2 m^-1],Thermal time[dd]
1,0.1118034,0.0,0.0701,0.00108033979058772,0.0035885980886062236,3.3217309219481552,0.0
2,0.22360681,0.0559017,0.0701,0.0012078565728149138,0.007415602096522867,6.1394724037811725,0.0
3,0.3354102,0.0559017,0.0701,0.00108033979058772,0.0035603387380752295,3.295573086443808,0.0
4,0.44721362,0.1118034,0.0701,0.00108033979058772,0.003161709841640581,2.9265883467279927,0.0
5,0.559017,0.1677051,0.0701,0.0012078565728149138,7.34352132953935E-4,0.6079795809220336,0.0
6,0.6708204,0.1677051,0.0701,0.00108033979058772,0.0035636067374497284,3.2985980600705975,0.0
7,0.7826238,0.22360681,0.0701,0.00108033979058772,0.0016180092010006587,1.4976854644226694,0.0
