Tile Number, Tile x cohordinate [m], Tile y cohordinate [m], area_m2[m2], Tile z cohordinate [m],absorbedPARTile [umol^s-1],absorbedPARTilem2 [umol m^-2 m^-1],Thermal time[dd]
1,0.14142136,0.0,0.0701,0.004042135611804359,0.04382459548913241,10.841940918842564,0.0
2,0.28284273,0.07071068,0.0701,0.005716443181545683,0.08740788733745417,15.2906072117767,0.0
3,0.4242641,0.07071068,0.0701,0.004042135611804359,0.10431999904198748,25.80813932549391,0.0
4,0.56568545,0.14142136,0.0701,0.004042135611804359,0.0698278097990395,17.27497949230586,0.0
5,0.70710677,0.21213204,0.0701,0.005716443181545683,0.06766798039620853,11.837427268526024,0.0
6,0.8485281,0.21213204,0.0701,0.004042135611804359,0.1573171670071254,38.91931941810853,0.0
7,0.9899494,0.28284273,0.0701,0.004042135611804359,0.03355311933259437,8.300839594448112,0.0
