Tile Number, Tile x cohordinate [m], Tile y cohordinate [m], area_m2[m2], Tile z cohordinate [m],absorbedPARTile [umol^s-1],absorbedPARTilem2 [umol m^-2 m^-1],Thermal time[dd]
1,0.1118034,0.0,0.0701,0.00108033979058772,0.01030474714139493,9.538431548271497,0.0
2,0.22360681,0.0559017,0.0701,0.0012078565728149138,0.006778357894737834,5.611889728712448,0.0
3,0.3354102,0.0559017,0.0701,0.00108033979058772,0.006337714319293871,5.866408304600228,0.0
4,0.44721362,0.1118034,0.0701,0.00108033979058772,0.00506914300985424,4.692174678761536,0.0
5,0.559017,0.1677051,0.0701,0.0012078565728149138,0.014069579761459828,11.648386139647878,0.0
6,0.6708204,0.1677051,0.0701,0.00108033979058772,0.003958656429005039,3.6642697635449255,0.0
7,0.7826238,0.22360681,0.0701,0.00108033979058772,0.0050605994648256275,4.684266477005897,0.0
