Tile Number, Tile x cohordinate [m], Tile y cohordinate [m], area_m2[m2], Tile z cohordinate [m],absorbedPARTile [umol^s-1],absorbedPARTilem2 [umol m^-2 m^-1],Thermal time[dd]
1,0.1118034,0.0,0.0701,0.00108033979058772,0.0020802668275329353,1.9255671647540087,0.0
2,0.22360681,0.0559017,0.0701,0.0012078565728149138,0.0017322853206505606,1.4341813089723592,0.0
3,0.3354102,0.0559017,0.0701,0.00108033979058772,0.002397722737911608,2.2194153717204226,0.0
4,0.44721362,0.1118034,0.0701,0.00108033979058772,0.010138754184149827,9.384782706776175,0.0
5,0.559017,0.1677051,0.0701,0.0012078565728149138,0.009218650545545465,7.632239417351821,0.0
6,0.6708204,0.1677051,0.0701,0.00108033979058772,0.006479269617179124,5.99743680055912,0.0
7,0.7826238,0.22360681,0.0701,0.00108033979058772,0.002366338446423691,2.1903649824249922,0.0
