Tile Number, Tile x cohordinate [m], Tile y cohordinate [m], area_m2[m2], Tile z cohordinate [m],absorbedPARTile [umol^s-1],absorbedPARTilem2 [umol m^-2 m^-1],Thermal time[dd]
1,0.14142136,0.0,0.0701,0.004042135611804359,0.09346531735763551,23.12275646682565,0.0
2,0.28284273,0.07071068,0.0701,0.005716443181545683,0.12074448403060913,21.122309834270187,0.0
3,0.4242641,0.07071068,0.0701,0.004042135611804359,0.04161080388279439,10.294262211608443,0.0
4,0.56568545,0.14142136,0.0701,0.004042135611804359,0.10081699705471035,24.941517736389574,0.0
5,0.70710677,0.21213204,0.0701,0.005716443181545683,0.26717377505554196,46.73776447530442,0.0
6,0.8485281,0.21213204,0.0701,0.004042135611804359,0.2819044017192077,69.74145075587137,0.0
7,0.9899494,0.28284273,0.0701,0.004042135611804359,0.13366167239707943,33.067092555416394,0.0
