Tile Number, Tile x cohordinate [m], Tile y cohordinate [m], area_m2[m2], Tile z cohordinate [m],absorbedPARTile [umol^s-1],absorbedPARTilem2 [umol m^-2 m^-1],Thermal time[dd]
1,0.14142136,0.0,0.0701,0.004042135611804359,0.0945935556406021,23.401875821374706,0.0
2,0.28284273,0.07071068,0.0701,0.005716443181545683,0.2846902026293437,49.80198238450183,0.0
3,0.4242641,0.07071068,0.0701,0.004042135611804359,0.08146163881467978,20.153118707048108,0.0
4,0.56568545,0.14142136,0.0701,0.004042135611804359,0.040974907254678,10.136945216537974,0.0
5,0.70710677,0.21213204,0.0701,0.005716443181545683,0.03133910250119288,5.482273068394082,0.0
6,0.8485281,0.21213204,0.0701,0.004042135611804359,0.03826513554579759,9.466564019784707,0.0
7,0.9899494,0.28284273,0.0701,0.004042135611804359,0.03365560231721314,8.32619326747172,0.0
