Tile Number, Tile x cohordinate [m], Tile y cohordinate [m], area_m2[m2], Tile z cohordinate [m],absorbedPARTile [umol^s-1],absorbedPARTilem2 [umol m^-2 m^-1],Thermal time[dd]
1,0.1118034,0.0,0.0701,0.00108033979058772,0.008002845634837748,7.407711633470511,0.0
2,0.22360681,0.0559017,0.0701,0.0012078565728149138,0.01057444986588278,8.754723121834731,0.0
3,0.3354102,0.0559017,0.0701,0.00108033979058772,0.013912232614346518,12.877645288597646,0.0
4,0.44721362,0.1118034,0.0701,0.00108033979058772,0.007122245383507805,6.592597482346924,0.0
5,0.559017,0.1677051,0.0701,0.0012078565728149138,0.016331293556659014,13.520888095677519,0.0
6,0.6708204,0.1677051,0.0701,0.00108033979058772,0.00434069418254891,4.017897165657031,0.0
7,0.7826238,0.22360681,0.0701,0.00108033979058772,0.005875334142100804,5.438413167124521,0.0
