Tile Number, Tile x cohordinate [m], Tile y cohordinate [m], area_m2[m2], Tile z cohordinate [m],absorbedPARTile [umol^s-1],absorbedPARTilem2 [umol m^-2 m^-1],Thermal time[dd]
1,0.14142136,0.0,0.0701,0.004042135611804359,0.136931003200531,33.87590530130846,0.0
2,0.28284273,0.07071068,0.0701,0.005716443181545683,0.22536988079437256,39.42484402222892,0.0
3,0.4242641,0.07071068,0.0701,0.004042135611804359,0.24747288677001955,61.22330137744951,0.0
4,0.56568545,0.14142136,0.0701,0.004042135611804359,0.2083334885016632,51.54045002677822,0.0
5,0.70710677,0.21213204,0.0701,0.005716443181545683,0.2636948575860596,46.12918369194015,0.0
6,0.8485281,0.21213204,0.0701,0.004042135611804359,0.16625011440246584,41.12927679045727,0.0
7,0.9899494,0.28284273,0.0701,0.004042135611804359,0.13775899978080752,34.08074666730778,0.0
