Tile Number, Tile x cohordinate [m], Tile y cohordinate [m], area_m2[m2], Tile z cohordinate [m],absorbedPARTile [umol^s-1],absorbedPARTilem2 [umol m^-2 m^-1],Thermal time[dd]
1,0.14142136,0.0,0.0701,0.004042135611804359,0.16693158964508056,41.29786966018302,0.0
2,0.28284273,0.07071068,0.0701,0.005716443181545683,0.21322179286712645,37.299730985775824,0.0
3,0.4242641,0.07071068,0.0701,0.004042135611804359,0.12009381725479125,29.710486927771047,0.0
4,0.56568545,0.14142136,0.0701,0.004042135611804359,0.20740591025650026,51.31097275677914,0.0
5,0.70710677,0.21213204,0.0701,0.005716443181545683,0.3176829019476318,55.573525679954855,0.0
6,0.8485281,0.21213204,0.0701,0.004042135611804359,0.204276224629364,50.53670738626644,0.0
7,0.9899494,0.28284273,0.0701,0.004042135611804359,0.16918069137241362,41.85428387863846,0.0
