Tile Number, Tile x cohordinate [m], Tile y cohordinate [m], area_m2[m2], Tile z cohordinate [m],absorbedPARTile [umol^s-1],absorbedPARTilem2 [umol m^-2 m^-1],Thermal time[dd]
1,0.14142136,0.0,0.0701,0.004042135611804359,0.09440581825308181,23.35543072265708,0.0
2,0.28284273,0.07071068,0.0701,0.005716443181545683,0.16186807127145134,28.3162214913651,0.0
3,0.4242641,0.07071068,0.0701,0.004042135611804359,0.04955621954436813,12.25991018204529,0.0
4,0.56568545,0.14142136,0.0701,0.004042135611804359,0.022004607660294218,5.443807376485232,0.0
5,0.70710677,0.21213204,0.0701,0.005716443181545683,0.08784798399540236,15.36759505963443,0.0
6,0.8485281,0.21213204,0.0701,0.004042135611804359,0.12682685244456182,31.376199273024362,0.0
7,0.9899494,0.28284273,0.0701,0.004042135611804359,0.04416475357819015,10.92609398091806,0.0
