Tile Number, Tile x cohordinate [m], Tile y cohordinate [m], area_m2[m2], Tile z cohordinate [m],absorbedPARTile [umol^s-1],absorbedPARTilem2 [umol m^-2 m^-1],Thermal time[dd]
1,0.14142136,0.0,0.0701,0.004042135611804359,0.22792201512180962,56.38653350872314,0.0
2,0.28284273,0.07071068,0.0701,0.005716443181545683,0.07164309123101036,12.53280911849081,0.0
3,0.4242641,0.07071068,0.0701,0.004042135611804359,0.044509812443054034,11.011459465405071,0.0
4,0.56568545,0.14142136,0.0701,0.004042135611804359,0.035034636030077185,8.667357900552513,0.0
5,0.70710677,0.21213204,0.0701,0.005716443181545683,0.08940514602582851,15.639995568302673,0.0
6,0.8485281,0.21213204,0.0701,0.004042135611804359,0.20375817334757645,50.40854461996175,0.0
7,0.9899494,0.28284273,0.0701,0.004042135611804359,0.11175037304557461,27.64636909242405,0.0
