Tile Number, Tile x cohordinate [m], Tile y cohordinate [m], area_m2[m2], Tile z cohordinate [m],absorbedPARTile [umol^s-1],absorbedPARTilem2 [umol m^-2 m^-1],Thermal time[dd]
1,0.14142136,0.0,0.0701,0.004042135611804359,0.08626704068031311,21.34194618022837,0.0
2,0.28284273,0.07071068,0.0701,0.005716443181545683,0.21087407820846557,36.889035981189764,0.0
3,0.4242641,0.07071068,0.0701,0.004042135611804359,0.2882662029199219,71.31532204859485,0.0
4,0.56568545,0.14142136,0.0701,0.004042135611804359,0.16641981696266178,41.17126018153904,0.0
5,0.70710677,0.21213204,0.0701,0.005716443181545683,0.3312102174102783,57.9399124405749,0.0
6,0.8485281,0.21213204,0.0701,0.004042135611804359,0.14042923836868287,34.741347608077156,0.0
7,0.9899494,0.28284273,0.0701,0.004042135611804359,0.18566314569976808,45.93194378673761,0.0
