Tile Number, Tile x cohordinate [m], Tile y cohordinate [m], area_m2[m2], Tile z cohordinate [m],absorbedPARTile [umol^s-1],absorbedPARTilem2 [umol m^-2 m^-1],Thermal time[dd]
1,0.14142136,0.0,0.0701,0.004042135611804359,0.12250507075977325,30.307016519193056,0.0
2,0.28284273,0.07071068,0.0701,0.005716443181545683,0.22995478017018633,40.226898591863254,0.0
3,0.4242641,0.07071068,0.0701,0.004042135611804359,0.1754506735613505,43.405439700978135,0.0
4,0.56568545,0.14142136,0.0701,0.004042135611804359,0.10792704509809216,26.70050079045093,0.0
5,0.70710677,0.21213204,0.0701,0.005716443181545683,0.14149551598374047,24.752369872323502,0.0
6,0.8485281,0.21213204,0.0701,0.004042135611804359,0.14356202404495874,35.51637991207188,0.0
7,0.9899494,0.28284273,0.0701,0.004042135611804359,0.07504020587704381,18.56449488183965,0.0
