Tile Number, Tile x cohordinate [m], Tile y cohordinate [m], area_m2[m2], Tile z cohordinate [m],absorbedPARTile [umol^s-1],absorbedPARTilem2 [umol m^-2 m^-1],Thermal time[dd]
1,0.14142136,0.0,0.0701,0.004042135611804359,0.02855744857905165,7.064940744604053,0.0
2,0.28284273,0.07071068,0.0701,0.005716443181545683,0.033946014557238814,5.938310498182905,0.0
3,0.4242641,0.07071068,0.0701,0.004042135611804359,0.0584018752163744,14.448272107898065,0.0
4,0.56568545,0.14142136,0.0701,0.004042135611804359,0.10470416224017859,25.903178986476394,0.0
5,0.70710677,0.21213204,0.0701,0.005716443181545683,0.06189285743067783,10.82716218198157,0.0
6,0.8485281,0.21213204,0.0701,0.004042135611804359,0.017517779622377643,4.3337931491511545,0.0
7,0.9899494,0.28284273,0.0701,0.004042135611804359,0.060927288791799546,15.073044213032317,0.0
