Tile Number, Tile x cohordinate [m], Tile y cohordinate [m], area_m2[m2], Tile z cohordinate [m],absorbedPARTile [umol^s-1],absorbedPARTilem2 [umol m^-2 m^-1],Thermal time[dd]
1,0.14142136,0.0,0.0701,0.004042135611804359,0.11492108306030273,28.43078364929062,0.0
2,0.28284273,0.07071068,0.0701,0.005716443181545683,0.08078421204618454,14.131901512986104,0.0
3,0.4242641,0.07071068,0.0701,0.004042135611804359,0.051451657517986596,12.72883011834905,0.0
4,0.56568545,0.14142136,0.0701,0.004042135611804359,0.04163142263236165,10.299363166041305,0.0
5,0.70710677,0.21213204,0.0701,0.005716443181545683,0.11979426250352859,20.95608382678565,0.0
6,0.8485281,0.21213204,0.0701,0.004042135611804359,0.1345305281637955,33.28204223799971,0.0
7,0.9899494,0.28284273,0.0701,0.004042135611804359,0.06390525117896856,15.809774167978011,0.0
