Tile Number, Tile x cohordinate [m], Tile y cohordinate [m], area_m2[m2], Tile z cohordinate [m],absorbedPARTile [umol^s-1],absorbedPARTilem2 [umol m^-2 m^-1],Thermal time[dd]
1,0.14142136,0.0,0.0701,0.004042135611804359,0.17554974632000922,43.42994970464288,0.0
2,0.28284273,0.07071068,0.0701,0.005716443181545683,0.1754465866386096,30.691564853649112,0.0
3,0.4242641,0.07071068,0.0701,0.004042135611804359,0.13996503281658887,34.62650595092484,0.0
4,0.56568545,0.14142136,0.0701,0.004042135611804359,0.23303081418708166,57.6504196213891,0.0
5,0.70710677,0.21213204,0.0701,0.005716443181545683,0.22457495210506917,39.285784004651966,0.0
6,0.8485281,0.21213204,0.0701,0.004042135611804359,0.03780653275238932,9.35310845137948,0.0
7,0.9899494,0.28284273,0.0701,0.004042135611804359,0.17358797216928307,42.9446185977406,0.0
