Tile Number, Tile x cohordinate [m], Tile y cohordinate [m], area_m2[m2], Tile z cohordinate [m],absorbedPARTile [umol^s-1],absorbedPARTilem2 [umol m^-2 m^-1],Thermal time[dd]
1,0.14142136,0.0,0.0701,0.004042135611804359,0.12398815080101012,30.673921587124422,0.0
2,0.28284273,0.07071068,0.0701,0.005716443181545683,0.18533357250976565,32.421134370420326,0.0
3,0.4242641,0.07071068,0.0701,0.004042135611804359,0.1218049260194397,30.1338049281992,0.0
4,0.56568545,0.14142136,0.0701,0.004042135611804359,0.09005555770503998,22.279202469617363,0.0
5,0.70710677,0.21213204,0.0701,0.005716443181545683,0.18034789173217772,31.548969526084402,0.0
6,0.8485281,0.21213204,0.0701,0.004042135611804359,0.15299419383079532,37.84984189644756,0.0
7,0.9899494,0.28284273,0.0701,0.004042135611804359,0.11764061196670533,29.10357871793223,0.0
