Tile Number, Tile x cohordinate [m], Tile y cohordinate [m], area_m2[m2], Tile z cohordinate [m],absorbedPARTile [umol^s-1],absorbedPARTilem2 [umol m^-2 m^-1],Thermal time[dd]
1,0.1118034,0.0,0.0701,0.00108033979058772,0.004815074316477236,4.456999879508065,0.0
2,0.22360681,0.0559017,0.0701,0.0012078565728149138,0.00879018464087809,7.277506981141424,0.0
3,0.3354102,0.0559017,0.0701,0.00108033979058772,0.006736782006274443,6.235799204072211,0.0
4,0.44721362,0.1118034,0.0701,0.00108033979058772,0.00913949787077461,8.459836387033931,0.0
5,0.559017,0.1677051,0.0701,0.0012078565728149138,0.0031454445615586215,2.6041540298349766,0.0
6,0.6708204,0.1677051,0.0701,0.00108033979058772,0.008876175359694352,8.216095932989369,0.0
7,0.7826238,0.22360681,0.0701,0.00108033979058772,0.009978544779870119,9.236487322605836,0.0
