Tile Number, Tile x cohordinate [m], Tile y cohordinate [m], area_m2[m2], Tile z cohordinate [m],absorbedPARTile [umol^s-1],absorbedPARTilem2 [umol m^-2 m^-1],Thermal time[dd]
1,0.14142136,0.0,0.0701,0.004042135611804359,0.12270578853805543,30.356672888389582,0.0
2,0.28284273,0.07071068,0.0701,0.005716443181545683,0.20178914756378172,35.29977315531009,0.0
3,0.4242641,0.07071068,0.0701,0.004042135611804359,0.28564920561645507,70.6678926808556,0.0
4,0.56568545,0.14142136,0.0701,0.004042135611804359,0.15079124624427798,37.30484593439126,0.0
5,0.70710677,0.21213204,0.0701,0.005716443181545683,0.1664228367869568,29.113004625711564,0.0
6,0.8485281,0.21213204,0.0701,0.004042135611804359,0.14702958960021972,36.374234741369186,0.0
7,0.9899494,0.28284273,0.0701,0.004042135611804359,0.08789481589597702,21.744647962650085,0.0
