Tile Number, Tile x cohordinate [m], Tile y cohordinate [m], area_m2[m2], Tile z cohordinate [m],absorbedPARTile [umol^s-1],absorbedPARTilem2 [umol m^-2 m^-1],Thermal time[dd]
1,0.14142136,0.0,0.0701,0.004042135611804359,0.3246028950781504,80.30480079149339,0.0
2,0.28284273,0.07071068,0.0701,0.005716443181545683,0.21644780779670877,37.86407052823762,0.0
3,0.4242641,0.07071068,0.0701,0.004042135611804359,0.028302531842140082,7.001875879544324,0.0
4,0.56568545,0.14142136,0.0701,0.004042135611804359,0.13421447765372,33.20385324573717,0.0
5,0.70710677,0.21213204,0.0701,0.005716443181545683,0.13364168707995416,23.378468539910944,0.0
6,0.8485281,0.21213204,0.0701,0.004042135611804359,0.0805370157753441,19.924372537168136,0.0
7,0.9899494,0.28284273,0.0701,0.004042135611804359,0.08245307244565502,20.39839341482385,0.0
