Tile Number, Tile x cohordinate [m], Tile y cohordinate [m], area_m2[m2], Tile z cohordinate [m],absorbedPARTile [umol^s-1],absorbedPARTilem2 [umol m^-2 m^-1],Thermal time[dd]
1,0.1118034,0.0,0.0701,0.00108033979058772,0.010845538913255246,10.0390071788017,0.0
2,0.22360681,0.0559017,0.0701,0.0012078565728149138,0.010771011980658041,8.917459426127195,0.0
3,0.3354102,0.0559017,0.0701,0.00108033979058772,0.005187411741891283,4.801648321283491,0.0
4,0.44721362,0.1118034,0.0701,0.00108033979058772,0.0021451558332262234,1.9856306801948198,0.0
5,0.559017,0.1677051,0.0701,0.0012078565728149138,0.0035091591682655807,2.9052780332084245,0.0
6,0.6708204,0.1677051,0.0701,0.00108033979058772,0.0015749916362751356,1.4578669137219489,0.0
7,0.7826238,0.22360681,0.0701,0.00108033979058772,0.0020853583240381677,1.9302800306038008,0.0
