Tile Number, Tile x cohordinate [m], Tile y cohordinate [m], area_m2[m2], Tile z cohordinate [m],absorbedPARTile [umol^s-1],absorbedPARTilem2 [umol m^-2 m^-1],Thermal time[dd]
1,0.1118034,0.0,0.0701,0.00108033979058772,0.016611731810044647,15.376395421858556,0.0
2,0.22360681,0.0559017,0.0701,0.0012078565728149138,0.014574238055639862,12.066199235621621,0.0
3,0.3354102,0.0559017,0.0701,0.00108033979058772,0.009485756048366607,8.780344972026091,0.0
4,0.44721362,0.1118034,0.0701,0.00108033979058772,0.008408969094623327,7.7836336010994565,0.0
5,0.559017,0.1677051,0.0701,0.0012078565728149138,0.020614193251739826,17.066755867957387,0.0
6,0.6708204,0.1677051,0.0701,0.00108033979058772,0.017372616065852046,16.08069629315523,0.0
7,0.7826238,0.22360681,0.0701,0.00108033979058772,0.008883725362059365,8.223084477177773,0.0
