Tile Number, Tile x cohordinate [m], Tile y cohordinate [m], area_m2[m2], Tile z cohordinate [m],absorbedPARTile [umol^s-1],absorbedPARTilem2 [umol m^-2 m^-1],Thermal time[dd]
1,0.14142136,0.0,0.0701,0.004042135611804359,0.12103434663779039,29.943168231251438,0.0
2,0.28284273,0.07071068,0.0701,0.005716443181545683,0.3123304888262431,54.63720689720759,0.0
3,0.4242641,0.07071068,0.0701,0.004042135611804359,0.16433354197450478,40.6551283174659,0.0
4,0.56568545,0.14142136,0.0701,0.004042135611804359,0.1780301173337301,44.04357855135386,0.0
5,0.70710677,0.21213204,0.0701,0.005716443181545683,0.2573606593571345,45.0211173598241,0.0
6,0.8485281,0.21213204,0.0701,0.004042135611804359,0.18388725188185373,45.49259835440522,0.0
7,0.9899494,0.28284273,0.0701,0.004042135611804359,0.1960483109851996,48.501171116741936,0.0
