Tile Number, Tile x cohordinate [m], Tile y cohordinate [m], area_m2[m2], Tile z cohordinate [m],absorbedPARTile [umol^s-1],absorbedPARTilem2 [umol m^-2 m^-1],Thermal time[dd]
1,0.14142136,0.0,0.0701,0.004042135611804359,0.17729869333140055,43.86262865937262,0.0
2,0.28284273,0.07071068,0.0701,0.005716443181545683,0.3862941962361654,67.5759705761152,0.0
3,0.4242641,0.07071068,0.0701,0.004042135611804359,0.16123170001331968,39.887751302175595,0.0
4,0.56568545,0.14142136,0.0701,0.004042135611804359,0.2227022421667735,55.09519312425096,0.0
5,0.70710677,0.21213204,0.0701,0.005716443181545683,0.18271129814008083,31.96240955038708,0.0
6,0.8485281,0.21213204,0.0701,0.004042135611804359,0.18251644674040474,45.1534694203225,0.0
7,0.9899494,0.28284273,0.0701,0.004042135611804359,0.11887806897029081,29.409718126014358,0.0
