Tile Number, Tile x cohordinate [m], Tile y cohordinate [m], area_m2[m2], Tile z cohordinate [m],absorbedPARTile [umol^s-1],absorbedPARTilem2 [umol m^-2 m^-1],Thermal time[dd]
1,0.14142136,0.0,0.0701,0.004042135611804359,0.08487237250764847,20.996913675976963,0.0
2,0.28284273,0.07071068,0.0701,0.005716443181545683,0.17737591635101319,31.02907012591912,0.0
3,0.4242641,0.07071068,0.0701,0.004042135611804359,0.047823072751584046,11.831140106216381,0.0
4,0.56568545,0.14142136,0.0701,0.004042135611804359,0.1505022386456299,37.23334719550578,0.0
5,0.70710677,0.21213204,0.0701,0.005716443181545683,0.35174234590728753,61.531678831832465,0.0
6,0.8485281,0.21213204,0.0701,0.004042135611804359,0.1754811785773468,43.412986458169364,0.0
7,0.9899494,0.28284273,0.0701,0.004042135611804359,0.22729360087905884,56.23106761071724,0.0
