Tile Number, Tile x cohordinate [m], Tile y cohordinate [m], area_m2[m2], Tile z cohordinate [m],absorbedPARTile [umol^s-1],absorbedPARTilem2 [umol m^-2 m^-1],Thermal time[dd]
1,0.1118034,0.0,0.0701,0.00108033979058772,0.002888827730898705,2.673999195500466,0.0
2,0.22360681,0.0559017,0.0701,0.0012078565728149138,6.207965374783101E-4,0.5139654421315452,0.0
3,0.3354102,0.0559017,0.0701,0.00108033979058772,0.001500951716824515,1.389332994953353,0.0
4,0.44721362,0.1118034,0.0701,0.00108033979058772,2.7897660955275295E-4,0.2582304308174984,0.0
5,0.559017,0.1677051,0.0701,0.0012078565728149138,5.316765762367404E-4,0.44018187937468967,0.0
6,0.6708204,0.1677051,0.0701,0.00108033979058772,0.0041867035337806915,3.875358077390694,0.0
7,0.7826238,0.22360681,0.0701,0.00108033979058772,3.42092699654293E-4,0.3166528740630666,0.0
