Tile Number, Tile x cohordinate [m], Tile y cohordinate [m], area_m2[m2], Tile z cohordinate [m],absorbedPARTile [umol^s-1],absorbedPARTilem2 [umol m^-2 m^-1],Thermal time[dd]
1,0.14142136,0.0,0.0701,0.004042135611804359,0.07887713386051179,19.513727750787165,0.0
2,0.28284273,0.07071068,0.0701,0.005716443181545683,0.06498716970628737,11.368462458628922,0.0
3,0.4242641,0.07071068,0.0701,0.004042135611804359,0.1129780089389038,27.95007881699244,0.0
4,0.56568545,0.14142136,0.0701,0.004042135611804359,0.2172019724725342,53.73445953624943,0.0
5,0.70710677,0.21213204,0.0701,0.005716443181545683,0.24556630228942872,42.95788386075228,0.0
6,0.8485281,0.21213204,0.0701,0.004042135611804359,0.07027223595343948,17.384927845622386,0.0
7,0.9899494,0.28284273,0.0701,0.004042135611804359,0.13647754469429016,33.763722398558585,0.0
