Tile Number, Tile x cohordinate [m], Tile y cohordinate [m], area_m2[m2], Tile z cohordinate [m],absorbedPARTile [umol^s-1],absorbedPARTilem2 [umol m^-2 m^-1],Thermal time[dd]
1,0.1118034,0.0,0.0701,0.00108033979058772,0.014144107756685412,13.092276966852086,0.0
2,0.22360681,0.0559017,0.0701,0.0012078565728149138,0.015921706961456537,13.181786082722509,0.0
3,0.3354102,0.0559017,0.0701,0.00108033979058772,0.011907190381730494,11.021708619334309,0.0
4,0.44721362,0.1118034,0.0701,0.00108033979058772,0.01776450006808557,16.443437724737915,0.0
5,0.559017,0.1677051,0.0701,0.0012078565728149138,0.013245224475874418,10.96589179045189,0.0
6,0.6708204,0.1677051,0.0701,0.00108033979058772,0.015091358185570836,13.969084835208122,0.0
7,0.7826238,0.22360681,0.0701,0.00108033979058772,0.012327283782398973,11.41056164902781,0.0
