Tile Number, Tile x cohordinate [m], Tile y cohordinate [m], area_m2[m2], Tile z cohordinate [m],absorbedPARTile [umol^s-1],absorbedPARTilem2 [umol m^-2 m^-1],Thermal time[dd]
1,0.1118034,0.0,0.0701,0.00108033979058772,0.0015958392526875655,1.4771641909249744,0.0
2,0.22360681,0.0559017,0.0701,0.0012078565728149138,0.0035803747896337315,2.964238362581127,0.0
3,0.3354102,0.0559017,0.0701,0.00108033979058772,0.0016656885713458743,1.5418191441784408,0.0
4,0.44721362,0.1118034,0.0701,0.00108033979058772,0.0019099250265742203,1.7678928826042726,0.0
5,0.559017,0.1677051,0.0701,0.0012078565728149138,0.0023428475670821034,1.9396736498457672,0.0
6,0.6708204,0.1677051,0.0701,0.00108033979058772,0.002427016761682648,2.246530936680873,0.0
7,0.7826238,0.22360681,0.0701,0.00108033979058772,0.006062813613999058,5.611950672205458,0.0
