Tile Number, Tile x cohordinate [m], Tile y cohordinate [m], area_m2[m2], Tile z cohordinate [m],absorbedPARTile [umol^s-1],absorbedPARTilem2 [umol m^-2 m^-1],Thermal time[dd]
1,0.1118034,0.0,0.0701,0.00108033979058772,0.0014878321701657592,1.3771890872929504,0.0
2,0.22360681,0.0559017,0.0701,0.0012078565728149138,0.0011078037447328354,0.917164976095709,0.0
3,0.3354102,0.0559017,0.0701,0.00108033979058772,0.0012725691751517712,1.1779341890753425,0.0
4,0.44721362,0.1118034,0.0701,0.00108033979058772,0.0010923088437219289,1.0110789709297827,0.0
5,0.559017,0.1677051,0.0701,0.0012078565728149138,0.0026015536544043098,2.1538597487128626,0.0
6,0.6708204,0.1677051,0.0701,0.00108033979058772,0.0019389928121753166,1.7947990336637305,0.0
7,0.7826238,0.22360681,0.0701,0.00108033979058772,0.012351691488623917,11.433154268903143,0.0
