Tile Number, Tile x cohordinate [m], Tile y cohordinate [m], area_m2[m2], Tile z cohordinate [m],absorbedPARTile [umol^s-1],absorbedPARTilem2 [umol m^-2 m^-1],Thermal time[dd]
1,0.14142136,0.0,0.0701,0.004042135611804359,0.13249704196348192,32.77897000203238,0.0
2,0.28284273,0.07071068,0.0701,0.005716443181545683,0.12729511488110223,22.268237580327458,0.0
3,0.4242641,0.07071068,0.0701,0.004042135611804359,0.034090761192190656,8.433848951686448,0.0
4,0.56568545,0.14142136,0.0701,0.004042135611804359,0.08289577315075747,20.507914902378502,0.0
5,0.70710677,0.21213204,0.0701,0.005716443181545683,0.22606765530916856,39.54690847605723,0.0
6,0.8485281,0.21213204,0.0701,0.004042135611804359,0.22650662755533854,56.036375151260394,0.0
7,0.9899494,0.28284273,0.0701,0.004042135611804359,0.1051368370708108,26.010220133084307,0.0
