Tile Number, Tile x cohordinate [m], Tile y cohordinate [m], area_m2[m2], Tile z cohordinate [m],absorbedPARTile [umol^s-1],absorbedPARTilem2 [umol m^-2 m^-1],Thermal time[dd]
1,0.1118034,0.0,0.0701,0.00108033979058772,0.014530946942802667,13.450348741572899,0.0
2,0.22360681,0.0559017,0.0701,0.0012078565728149138,0.005138263048275862,4.254034099678841,0.0
3,0.3354102,0.0559017,0.0701,0.00108033979058772,0.011275807904953689,10.437279088664773,0.0
4,0.44721362,0.1118034,0.0701,0.00108033979058772,0.005008390746821048,4.6359402758796975,0.0
5,0.559017,0.1677051,0.0701,0.0012078565728149138,0.00264031667663816,2.1859521536442803,0.0
6,0.6708204,0.1677051,0.0701,0.00108033979058772,0.010445692066112193,9.668895061644996,0.0
7,0.7826238,0.22360681,0.0701,0.00108033979058772,0.007258000387236617,6.718257024753447,0.0
