Tile Number, Tile x cohordinate [m], Tile y cohordinate [m], area_m2[m2], Tile z cohordinate [m],absorbedPARTile [umol^s-1],absorbedPARTilem2 [umol m^-2 m^-1],Thermal time[dd]
1,0.14142136,0.0,0.0701,0.004042135611804359,0.11071659510171414,27.390618656728247,0.0
2,0.28284273,0.07071068,0.0701,0.005716443181545683,0.2832845515666962,49.556086288274486,0.0
3,0.4242641,0.07071068,0.0701,0.004042135611804359,0.2605797868958155,64.46586951086877,0.0
4,0.56568545,0.14142136,0.0701,0.004042135611804359,0.14579348272124135,36.06842934598153,0.0
5,0.70710677,0.21213204,0.0701,0.005716443181545683,0.12335065596540164,21.578217791722818,0.0
6,0.8485281,0.21213204,0.0701,0.004042135611804359,0.0940829488183648,23.27555476951634,0.0
7,0.9899494,0.28284273,0.0701,0.004042135611804359,0.3603340916435241,89.14448357230533,0.0
