Tile Number, Tile x cohordinate [m], Tile y cohordinate [m], area_m2[m2], Tile z cohordinate [m],absorbedPARTile [umol^s-1],absorbedPARTilem2 [umol m^-2 m^-1],Thermal time[dd]
1,0.1118034,0.0,0.0701,0.00108033979058772,0.001903589136250089,1.7620281626528909,0.0
2,0.22360681,0.0559017,0.0701,0.0012078565728149138,0.0012505433509717124,1.035340932953088,0.0
3,0.3354102,0.0559017,0.0701,0.00108033979058772,0.003584356289642611,3.3178045656289963,0.0
4,0.44721362,0.1118034,0.0701,0.00108033979058772,0.00354579552448523,3.2821113832679143,0.0
5,0.559017,0.1677051,0.0701,0.0012078565728149138,0.008082018083773223,6.691206775435309,0.0
6,0.6708204,0.1677051,0.0701,0.00108033979058772,0.004597311479007936,4.255431040364564,0.0
7,0.7826238,0.22360681,0.0701,0.00108033979058772,0.011945092259001266,11.05679191220289,0.0
