Tile Number, Tile x cohordinate [m], Tile y cohordinate [m], area_m2[m2], Tile z cohordinate [m],absorbedPARTile [umol^s-1],absorbedPARTilem2 [umol m^-2 m^-1],Thermal time[dd]
1,0.1118034,0.0,0.0701,0.00108033979058772,0.0020925243400688547,1.936913143716101,0.0
2,0.22360681,0.0559017,0.0701,0.0012078565728149138,0.0012668528583310234,1.0488437839756244,0.0
3,0.3354102,0.0559017,0.0701,0.00108033979058772,0.0014462745372994348,1.338721900183498,0.0
4,0.44721362,0.1118034,0.0701,0.00108033979058772,0.002363179766551508,2.18744119872314,0.0
5,0.559017,0.1677051,0.0701,0.0012078565728149138,0.013203826420903644,10.931617808008514,0.0
6,0.6708204,0.1677051,0.0701,0.00108033979058772,0.0031746420402356916,2.9385588385193535,0.0
7,0.7826238,0.22360681,0.0701,0.00108033979058772,8.798157337814714E-4,0.8143879744564804,0.0
