Tile Number, Tile x cohordinate [m], Tile y cohordinate [m], area_m2[m2], Tile z cohordinate [m],absorbedPARTile [umol^s-1],absorbedPARTilem2 [umol m^-2 m^-1],Thermal time[dd]
1,0.1118034,0.0,0.0701,0.00108033979058772,0.004738796742799436,4.386394710335963,0.0
2,0.22360681,0.0559017,0.0701,0.0012078565728149138,0.0070203645050276545,5.812250115646323,0.0
3,0.3354102,0.0559017,0.0701,0.00108033979058772,0.0061729743582232596,5.713919279845349,0.0
4,0.44721362,0.1118034,0.0701,0.00108033979058772,0.009189556839156099,8.506172705308625,0.0
5,0.559017,0.1677051,0.0701,0.0012078565728149138,0.005240347943160334,4.338551497838593,0.0
6,0.6708204,0.1677051,0.0701,0.00108033979058772,0.004377237671113961,4.051723086800943,0.0
7,0.7826238,0.22360681,0.0701,0.00108033979058772,0.004745358563710725,4.392468559479036,0.0
