Tile Number, Tile x cohordinate [m], Tile y cohordinate [m], area_m2[m2], Tile z cohordinate [m],absorbedPARTile [umol^s-1],absorbedPARTilem2 [umol m^-2 m^-1],Thermal time[dd]
1,0.14142136,0.0,0.0701,0.004042135611804359,0.06761411149084091,16.72732386646939,0.0
2,0.28284273,0.07071068,0.0701,0.005716443181545683,0.11031406366897584,19.297675174153966,0.0
3,0.4242641,0.07071068,0.0701,0.004042135611804359,0.06563161039869667,16.23686503912211,0.0
4,0.56568545,0.14142136,0.0701,0.004042135611804359,0.0908309669664669,22.471034049726274,0.0
5,0.70710677,0.21213204,0.0701,0.005716443181545683,0.18574748558158877,32.493541820066525,0.0
6,0.8485281,0.21213204,0.0701,0.004042135611804359,0.09863155655628206,24.40085292246149,0.0
7,0.9899494,0.28284273,0.0701,0.004042135611804359,0.19074524991012576,47.189225753111096,0.0
