Tile Number, Tile x cohordinate [m], Tile y cohordinate [m], area_m2[m2], Tile z cohordinate [m],absorbedPARTile [umol^s-1],absorbedPARTilem2 [umol m^-2 m^-1],Thermal time[dd]
1,0.1118034,0.0,0.0701,0.00108033979058772,7.421299985131017E-4,0.6869412799369101,0.0
2,0.22360681,0.0559017,0.0701,0.0012078565728149138,0.002633661961905303,2.1804426296803974,0.0
3,0.3354102,0.0559017,0.0701,0.00108033979058772,0.0011749352040978877,1.0875607973845955,0.0
4,0.44721362,0.1118034,0.0701,0.00108033979058772,0.004858043527100875,4.496773671974104,0.0
5,0.559017,0.1677051,0.0701,0.0012078565728149138,0.018959153441494354,15.696527111087358,0.0
6,0.6708204,0.1677051,0.0701,0.00108033979058772,0.0038129002245617357,3.5293527626965076,0.0
7,0.7826238,0.22360681,0.0701,0.00108033979058772,0.0016649323300619225,1.5411191410030136,0.0
