Tile Number, Tile x cohordinate [m], Tile y cohordinate [m], area_m2[m2], Tile z cohordinate [m],absorbedPARTile [umol^s-1],absorbedPARTilem2 [umol m^-2 m^-1],Thermal time[dd]
1,0.14142136,0.0,0.0701,0.004042135611804359,0.05886284010896682,14.56231204541185,0.0
2,0.28284273,0.07071068,0.0701,0.005716443181545683,0.17609949326725005,30.80578039081184,0.0
3,0.4242641,0.07071068,0.0701,0.004042135611804359,0.11037154127877712,27.30525441958357,0.0
4,0.56568545,0.14142136,0.0701,0.004042135611804359,0.10570231352542876,26.150115601451716,0.0
5,0.70710677,0.21213204,0.0701,0.005716443181545683,0.2814372811817933,49.23293597850382,0.0
6,0.8485281,0.21213204,0.0701,0.004042135611804359,0.1995392741764832,49.36481438024078,0.0
7,0.9899494,0.28284273,0.0701,0.004042135611804359,0.19359381525566105,47.89394365946153,0.0
