Tile Number, Tile x cohordinate [m], Tile y cohordinate [m], area_m2[m2], Tile z cohordinate [m],absorbedPARTile [umol^s-1],absorbedPARTilem2 [umol m^-2 m^-1],Thermal time[dd]
1,0.1118034,0.0,0.0701,0.00108033979058772,0.0014740381666213738,1.3644208789342809,0.0
2,0.22360681,0.0559017,0.0701,0.0012078565728149138,9.129043953718585E-4,0.7558052966871156,0.0
3,0.3354102,0.0559017,0.0701,0.00108033979058772,0.0014352383648896872,1.3285064360250005,0.0
4,0.44721362,0.1118034,0.0701,0.00108033979058772,0.003524433289946092,3.262337757668586,0.0
5,0.559017,0.1677051,0.0701,0.0012078565728149138,0.002338830470949914,1.9363478442637125,0.0
6,0.6708204,0.1677051,0.0701,0.00108033979058772,0.0033445736460964983,3.0958534298519207,0.0
7,0.7826238,0.22360681,0.0701,0.00108033979058772,0.004023395831865417,3.7241948014120942,0.0
