Tile Number, Tile x cohordinate [m], Tile y cohordinate [m], area_m2[m2], Tile z cohordinate [m],absorbedPARTile [umol^s-1],absorbedPARTilem2 [umol m^-2 m^-1],Thermal time[dd]
1,0.14142136,0.0,0.0701,0.004042135611804359,0.1559865918039958,38.590143128415555,0.0
2,0.28284273,0.07071068,0.0701,0.005716443181545683,0.07741529453564487,13.54256345721473,0.0
3,0.4242641,0.07071068,0.0701,0.004042135611804359,0.07392279505323818,18.288054175460964,0.0
4,0.56568545,0.14142136,0.0701,0.004042135611804359,0.023751755929106617,5.876041333136799,0.0
5,0.70710677,0.21213204,0.0701,0.005716443181545683,0.21651423983848092,37.87569174787759,0.0
6,0.8485281,0.21213204,0.0701,0.004042135611804359,0.10073846069833187,24.92208831493495,0.0
7,0.9899494,0.28284273,0.0701,0.004042135611804359,0.018734860060790906,4.6348915177608045,0.0
