Tile Number, Tile x cohordinate [m], Tile y cohordinate [m], area_m2[m2], Tile z cohordinate [m],absorbedPARTile [umol^s-1],absorbedPARTilem2 [umol m^-2 m^-1],Thermal time[dd]
1,0.14142136,0.0,0.0701,0.004042135611804359,0.010810424439206727,2.6744338828308356,0.0
2,0.28284273,0.07071068,0.0701,0.005716443181545683,0.08240413455370267,14.415280959972948,0.0
3,0.4242641,0.07071068,0.0701,0.004042135611804359,0.031609210295410875,7.819928209014471,0.0
4,0.56568545,0.14142136,0.0701,0.004042135611804359,0.1368689525643468,33.86055434771774,0.0
5,0.70710677,0.21213204,0.0701,0.005716443181545683,0.1812837608192444,31.712684804509273,0.0
6,0.8485281,0.21213204,0.0701,0.004042135611804359,0.069010949736817,17.072893233785237,0.0
7,0.9899494,0.28284273,0.0701,0.004042135611804359,0.03068849118096747,7.592147846635087,0.0
