Tile Number, Tile x cohordinate [m], Tile y cohordinate [m], area_m2[m2], Tile z cohordinate [m],absorbedPARTile [umol^s-1],absorbedPARTilem2 [umol m^-2 m^-1],Thermal time[dd]
1,0.14142136,0.0,0.0701,0.004042135611804359,0.058811249968822,14.549548955525859,0.0
2,0.28284273,0.07071068,0.0701,0.005716443181545683,0.15816285616958617,27.668053568726304,0.0
3,0.4242641,0.07071068,0.0701,0.004042135611804359,0.18524718564430237,45.82903777481387,0.0
4,0.56568545,0.14142136,0.0701,0.004042135611804359,0.09763654897583007,24.154694041115143,0.0
5,0.70710677,0.21213204,0.0701,0.005716443181545683,0.10756786080439569,18.817271052681075,0.0
6,0.8485281,0.21213204,0.0701,0.004042135611804359,0.08651484399218559,21.403251226785642,0.0
7,0.9899494,0.28284273,0.0701,0.004042135611804359,0.02600898008376241,6.434464991181313,0.0
