Tile Number, Tile x cohordinate [m], Tile y cohordinate [m], area_m2[m2], Tile z cohordinate [m],absorbedPARTile [umol^s-1],absorbedPARTilem2 [umol m^-2 m^-1],Thermal time[dd]
1,0.14142136,0.0,0.0701,0.004042135611804359,0.026911528450177757,6.657750019961548,0.0
2,0.28284273,0.07071068,0.0701,0.005716443181545683,0.057666844336763765,10.087889008138639,0.0
3,0.4242641,0.07071068,0.0701,0.004042135611804359,0.035600157737700984,8.80726456424096,0.0
4,0.56568545,0.14142136,0.0701,0.004042135611804359,0.05011585780896437,12.398361317371355,0.0
5,0.70710677,0.21213204,0.0701,0.005716443181545683,0.13260023256095052,23.19628278455073,0.0
6,0.8485281,0.21213204,0.0701,0.004042135611804359,0.030766722881019396,7.611501897949809,0.0
7,0.9899494,0.28284273,0.0701,0.004042135611804359,0.09146342535100732,22.62750044404848,0.0
