Tile Number, Tile x cohordinate [m], Tile y cohordinate [m], area_m2[m2], Tile z cohordinate [m],absorbedPARTile [umol^s-1],absorbedPARTilem2 [umol m^-2 m^-1],Thermal time[dd]
1,0.14142136,0.0,0.0701,0.004042135611804359,0.06661365694208145,16.479817437977033,0.0
2,0.28284273,0.07071068,0.0701,0.005716443181545683,0.165972823379364,29.034282001642534,0.0
3,0.4242641,0.07071068,0.0701,0.004042135611804359,0.13861971433135983,34.29368226205595,0.0
4,0.56568545,0.14142136,0.0701,0.004042135611804359,0.17070376346794128,42.23108273988394,0.0
5,0.70710677,0.21213204,0.0701,0.005716443181545683,0.24160802123321534,42.26544611047571,0.0
6,0.8485281,0.21213204,0.0701,0.004042135611804359,0.17754403526092524,43.92332477476474,0.0
7,0.9899494,0.28284273,0.0701,0.004042135611804359,0.22667745408775328,56.07863660629814,0.0
