Tile Number, Tile x cohordinate [m], Tile y cohordinate [m], area_m2[m2], Tile z cohordinate [m],absorbedPARTile [umol^s-1],absorbedPARTilem2 [umol m^-2 m^-1],Thermal time[dd]
1,0.14142136,0.0,0.0701,0.004042135611804359,0.06009067392594767,14.866070735099344,0.0
2,0.28284273,0.07071068,0.0701,0.005716443181545683,0.12560768148279192,21.973048186377415,0.0
3,0.4242641,0.07071068,0.0701,0.004042135611804359,0.06279878506980736,15.536041118069951,0.0
4,0.56568545,0.14142136,0.0701,0.004042135611804359,0.05913523954139251,14.6297020240237,0.0
5,0.70710677,0.21213204,0.0701,0.005716443181545683,0.09011643091316172,15.7644234449987,0.0
6,0.8485281,0.21213204,0.0701,0.004042135611804359,0.07915490316349169,19.582446203025317,0.0
7,0.9899494,0.28284273,0.0701,0.004042135611804359,0.08320638548417947,20.58475852249726,0.0
