Tile Number, Tile x cohordinate [m], Tile y cohordinate [m], area_m2[m2], Tile z cohordinate [m],absorbedPARTile [umol^s-1],absorbedPARTilem2 [umol m^-2 m^-1],Thermal time[dd]
1,0.14142136,0.0,0.0701,0.004042135611804359,0.11241495884367625,27.810783615321505,0.0
2,0.28284273,0.07071068,0.0701,0.005716443181545683,0.16592470127830508,29.025863812301605,0.0
3,0.4242641,0.07071068,0.0701,0.004042135611804359,0.08959888298998377,22.16622389618144,0.0
4,0.56568545,0.14142136,0.0701,0.004042135611804359,0.08115130713269313,20.076344518403772,0.0
5,0.70710677,0.21213204,0.0701,0.005716443181545683,0.2584885767321905,45.218428404338155,0.0
6,0.8485281,0.21213204,0.0701,0.004042135611804359,0.24698195686086016,61.101848275350285,0.0
7,0.9899494,0.28284273,0.0701,0.004042135611804359,0.02453996616952891,6.071039798334369,0.0
