Tile Number, Tile x cohordinate [m], Tile y cohordinate [m], area_m2[m2], Tile z cohordinate [m],absorbedPARTile [umol^s-1],absorbedPARTilem2 [umol m^-2 m^-1],Thermal time[dd]
1,0.14142136,0.0,0.0701,0.004042135611804359,0.05185102930431367,12.827632292417823,0.0
2,0.28284273,0.07071068,0.0701,0.005716443181545683,0.12018137345680237,21.023802675898587,0.0
3,0.4242641,0.07071068,0.0701,0.004042135611804359,0.05407186332124353,13.37705324960795,0.0
4,0.56568545,0.14142136,0.0701,0.004042135611804359,0.07090179153692244,17.540676104449837,0.0
5,0.70710677,0.21213204,0.0701,0.005716443181545683,0.1425352291355133,24.934251003431275,0.0
6,0.8485281,0.21213204,0.0701,0.004042135611804359,0.07776944558192313,19.23969234352526,0.0
7,0.9899494,0.28284273,0.0701,0.004042135611804359,0.06325926240018606,15.649960435629202,0.0
