Tile Number, Tile x cohordinate [m], Tile y cohordinate [m], area_m2[m2], Tile z cohordinate [m],absorbedPARTile [umol^s-1],absorbedPARTilem2 [umol m^-2 m^-1],Thermal time[dd]
1,0.1118034,0.0,0.0701,0.00108033979058772,0.002703010492030471,2.5020003109947435,0.0
2,0.22360681,0.0559017,0.0701,0.0012078565728149138,0.004349934993793858,3.6013671587317027,0.0
3,0.3354102,0.0559017,0.0701,0.00108033979058772,0.0026544331743891276,2.457035460061208,0.0
4,0.44721362,0.1118034,0.0701,0.00108033979058772,0.002213460802689312,2.0488561302413553,0.0
5,0.559017,0.1677051,0.0701,0.0012078565728149138,0.002414667017063338,1.9991338966976422,0.0
6,0.6708204,0.1677051,0.0701,0.00108033979058772,0.003420567024349621,3.166195537876824,0.0
7,0.7826238,0.22360681,0.0701,0.00108033979058772,0.002664185479042369,2.4660625316716467,0.0
