Tile Number, Tile x cohordinate [m], Tile y cohordinate [m], area_m2[m2], Tile z cohordinate [m],absorbedPARTile [umol^s-1],absorbedPARTilem2 [umol m^-2 m^-1],Thermal time[dd]
1,0.14142136,0.0,0.0701,0.004042135611804359,0.3296761963012696,81.55990495185445,0.0
2,0.28284273,0.07071068,0.0701,0.005716443181545683,0.5098823080651855,89.19572746060554,0.0
3,0.4242641,0.07071068,0.0701,0.004042135611804359,0.22467331624740602,55.58282497778807,0.0
4,0.56568545,0.14142136,0.0701,0.004042135611804359,0.2605777264515686,64.46535976937447,0.0
5,0.70710677,0.21213204,0.0701,0.005716443181545683,0.3355306790092468,58.695707864714905,0.0
6,0.8485281,0.21213204,0.0701,0.004042135611804359,0.2471040944973755,61.13206439085088,0.0
7,0.9899494,0.28284273,0.0701,0.004042135611804359,0.22857403864395143,56.54784020022495,0.0
