Tile Number, Tile x cohordinate [m], Tile y cohordinate [m], area_m2[m2], Tile z cohordinate [m],absorbedPARTile [umol^s-1],absorbedPARTilem2 [umol m^-2 m^-1],Thermal time[dd]
1,0.1118034,0.0,0.0701,0.00108033979058772,0.006796422110355771,6.291004154034189,0.0
2,0.22360681,0.0559017,0.0701,0.0012078565728149138,0.0032219594660400875,2.667501703891299,0.0
3,0.3354102,0.0559017,0.0701,0.00108033979058772,0.0017566602967058003,1.626025730062347,0.0
4,0.44721362,0.1118034,0.0701,0.00108033979058772,0.0015102217195055436,1.3979136311215214,0.0
5,0.559017,0.1677051,0.0701,0.0012078565728149138,0.008395432278867994,6.950686420741505,0.0
6,0.6708204,0.1677051,0.0701,0.00108033979058772,0.018059320992180793,16.716334202923573,0.0
7,0.7826238,0.22360681,0.0701,0.00108033979058772,0.015199432971316063,14.069122607293174,0.0
