Tile Number, Tile x cohordinate [m], Tile y cohordinate [m], area_m2[m2], Tile z cohordinate [m],absorbedPARTile [umol^s-1],absorbedPARTilem2 [umol m^-2 m^-1],Thermal time[dd]
1,0.14142136,0.0,0.0701,0.004042135611804359,0.06754790621624948,16.710945080364816,0.0
2,0.28284273,0.07071068,0.0701,0.005716443181545683,0.22200328837722777,38.83591270423504,0.0
3,0.4242641,0.07071068,0.0701,0.004042135611804359,0.0649309684627372,16.063530444925576,0.0
4,0.56568545,0.14142136,0.0701,0.004042135611804359,0.07639901517217322,18.900656115807465,0.0
5,0.70710677,0.21213204,0.0701,0.005716443181545683,0.16160085204624172,28.2694757761147,0.0
6,0.8485281,0.21213204,0.0701,0.004042135611804359,0.10864928590393066,26.879178814941085,0.0
7,0.9899494,0.28284273,0.0701,0.004042135611804359,0.061896440633258824,15.312806540310264,0.0
