Tile Number, Tile x cohordinate [m], Tile y cohordinate [m], area_m2[m2], Tile z cohordinate [m],absorbedPARTile [umol^s-1],absorbedPARTilem2 [umol m^-2 m^-1],Thermal time[dd]
1,0.14142136,0.0,0.0701,0.004042135611804359,0.0381203390875268,9.43074224828156,0.0
2,0.28284273,0.07071068,0.0701,0.005716443181545683,0.05782928949224712,10.116306181252119,0.0
3,0.4242641,0.07071068,0.0701,0.004042135611804359,0.15193767412879947,37.58846528678843,0.0
4,0.56568545,0.14142136,0.0701,0.004042135611804359,0.06675219682664871,16.514091370836358,0.0
5,0.70710677,0.21213204,0.0701,0.005716443181545683,0.13228096083051682,23.14043131882386,0.0
6,0.8485281,0.21213204,0.0701,0.004042135611804359,0.02589140046027541,6.405376500645858,0.0
7,0.9899494,0.28284273,0.0701,0.004042135611804359,0.03696398716205836,9.14466774793785,0.0
