Tile Number, Tile x cohordinate [m], Tile y cohordinate [m], area_m2[m2], Tile z cohordinate [m],absorbedPARTile [umol^s-1],absorbedPARTilem2 [umol m^-2 m^-1],Thermal time[dd]
1,0.14142136,0.0,0.0701,0.004042135611804359,0.11843693675811767,29.30058467416161,0.0
2,0.28284273,0.07071068,0.0701,0.005716443181545683,0.1985954923326111,34.741094422793225,0.0
3,0.4242641,0.07071068,0.0701,0.004042135611804359,0.14485061628166196,35.83516986878192,0.0
4,0.56568545,0.14142136,0.0701,0.004042135611804359,0.07561942837500096,18.70779103852119,0.0
5,0.70710677,0.21213204,0.0701,0.005716443181545683,0.06451993866599082,11.286727886018298,0.0
6,0.8485281,0.21213204,0.0701,0.004042135611804359,0.0668584414714837,16.54037565593672,0.0
7,0.9899494,0.28284273,0.0701,0.004042135611804359,0.15153830829922676,37.489664586384805,0.0
