Tile Number, Tile x cohordinate [m], Tile y cohordinate [m], area_m2[m2], Tile z cohordinate [m],absorbedPARTile [umol^s-1],absorbedPARTilem2 [umol m^-2 m^-1],Thermal time[dd]
1,0.1118034,0.0,0.0701,0.00108033979058772,0.0024410409261253476,2.2595121899540396,0.0
2,0.22360681,0.0559017,0.0701,0.0012078565728149138,0.005933485300916155,4.912408835999583,0.0
3,0.3354102,0.0559017,0.0701,0.00108033979058772,0.006444273249256803,5.965042947970128,0.0
4,0.44721362,0.1118034,0.0701,0.00108033979058772,0.008607210730130519,7.967132938284238,0.0
5,0.559017,0.1677051,0.0701,0.0012078565728149138,0.010444234664788953,8.646916281167911,0.0
6,0.6708204,0.1677051,0.0701,0.00108033979058772,0.006307879815262609,5.83879245235523,0.0
7,0.7826238,0.22360681,0.0701,0.00108033979058772,0.011557846201816194,10.698343523502512,0.0
