Tile Number, Tile x cohordinate [m], Tile y cohordinate [m], area_m2[m2], Tile z cohordinate [m],absorbedPARTile [umol^s-1],absorbedPARTilem2 [umol m^-2 m^-1],Thermal time[dd]
1,0.14142136,0.0,0.0701,0.004042135611804359,0.05073385506348905,12.551250115243432,0.0
2,0.28284273,0.07071068,0.0701,0.005716443181545683,0.019524196348164793,3.4154448366065275,0.0
3,0.4242641,0.07071068,0.0701,0.004042135611804359,0.04893185026467273,12.1054449835319,0.0
4,0.56568545,0.14142136,0.0701,0.004042135611804359,0.04874866208983073,12.060125332625821,0.0
5,0.70710677,0.21213204,0.0701,0.005716443181545683,0.11938015063834588,20.88364160143133,0.0
6,0.8485281,0.21213204,0.0701,0.004042135611804359,0.035992166589661326,8.904245192702692,0.0
7,0.9899494,0.28284273,0.0701,0.004042135611804359,0.03678708861068785,9.100904111989095,0.0
