Tile Number, Tile x cohordinate [m], Tile y cohordinate [m], area_m2[m2], Tile z cohordinate [m],absorbedPARTile [umol^s-1],absorbedPARTilem2 [umol m^-2 m^-1],Thermal time[dd]
1,0.14142136,0.0,0.0701,0.004042135611804359,0.24902526081878665,61.60734936540757,0.0
2,0.28284273,0.07071068,0.0701,0.005716443181545683,0.3800657905364991,66.48641094928756,0.0
3,0.4242641,0.07071068,0.0701,0.004042135611804359,0.3181240282550049,78.70196816899923,0.0
4,0.56568545,0.14142136,0.0701,0.004042135611804359,0.30608480381317144,75.72353656797253,0.0
5,0.70710677,0.21213204,0.0701,0.005716443181545683,0.37879796118469233,66.26462454967815,0.0
6,0.8485281,0.21213204,0.0701,0.004042135611804359,0.2809356795211792,69.50179471978997,0.0
7,0.9899494,0.28284273,0.0701,0.004042135611804359,0.24936141641754153,61.69051223549367,0.0
