Tile Number, Tile x cohordinate [m], Tile y cohordinate [m], area_m2[m2], Tile z cohordinate [m],absorbedPARTile [umol^s-1],absorbedPARTilem2 [umol m^-2 m^-1],Thermal time[dd]
1,0.1118034,0.0,0.0701,0.00108033979058772,0.0063057674633068125,5.836837186082341,0.0
2,0.22360681,0.0559017,0.0701,0.0012078565728149138,0.0062755972044141115,5.195647683390762,0.0
3,0.3354102,0.0559017,0.0701,0.00108033979058772,0.007394967264697534,6.845038319540715,0.0
4,0.44721362,0.1118034,0.0701,0.00108033979058772,0.005075348266669255,4.69791847980365,0.0
5,0.559017,0.1677051,0.0701,0.0012078565728149138,0.014261272777382313,11.80709125434187,0.0
6,0.6708204,0.1677051,0.0701,0.00108033979058772,0.014936603441530617,13.825838473842472,0.0
7,0.7826238,0.22360681,0.0701,0.00108033979058772,0.006059674713307992,5.609045196800022,0.0
