Tile Number, Tile x cohordinate [m], Tile y cohordinate [m], area_m2[m2], Tile z cohordinate [m],absorbedPARTile [umol^s-1],absorbedPARTilem2 [umol m^-2 m^-1],Thermal time[dd]
1,0.14142136,0.0,0.0701,0.004042135611804359,0.10597130497615488,26.216662465921225,0.0
2,0.28284273,0.07071068,0.0701,0.005716443181545683,0.07176816016852658,12.55468792206573,0.0
3,0.4242641,0.07071068,0.0701,0.004042135611804359,0.11241561761875152,27.81094659230658,0.0
4,0.56568545,0.14142136,0.0701,0.004042135611804359,0.022040002675526117,5.452563890029343,0.0
5,0.70710677,0.21213204,0.0701,0.005716443181545683,0.09298531286487878,16.26628830407377,0.0
6,0.8485281,0.21213204,0.0701,0.004042135611804359,0.18199932757381201,45.02553725370183,0.0
7,0.9899494,0.28284273,0.0701,0.004042135611804359,0.13863472091535473,34.29739480053463,0.0
