Tile Number, Tile x cohordinate [m], Tile y cohordinate [m], area_m2[m2], Tile z cohordinate [m],absorbedPARTile [umol^s-1],absorbedPARTilem2 [umol m^-2 m^-1],Thermal time[dd]
1,0.1118034,0.0,0.0701,0.00108033979058772,0.00546684576409485,5.0603021491236655,0.0
2,0.22360681,0.0559017,0.0701,0.0012078565728149138,0.011259422536624571,9.321820810549095,0.0
3,0.3354102,0.0559017,0.0701,0.00108033979058772,0.009748316525745144,9.02338006123233,0.0
4,0.44721362,0.1118034,0.0701,0.00108033979058772,0.009676590049009044,8.956987545321129,0.0
5,0.559017,0.1677051,0.0701,0.0012078565728149138,0.0020897351415776434,1.7301186155799182,0.0
6,0.6708204,0.1677051,0.0701,0.00108033979058772,0.009699567476162563,8.978256249254564,0.0
7,0.7826238,0.22360681,0.0701,0.00108033979058772,0.004879753261097411,4.516868955130087,0.0
