Tile Number, Tile x cohordinate [m], Tile y cohordinate [m], area_m2[m2], Tile z cohordinate [m],absorbedPARTile [umol^s-1],absorbedPARTilem2 [umol m^-2 m^-1],Thermal time[dd]
1,0.14142136,0.0,0.0701,0.004042135611804359,0.14722154408868154,36.42172312545537,0.0
2,0.28284273,0.07071068,0.0701,0.005716443181545683,0.20906253182830808,36.572135012768406,0.0
3,0.4242641,0.07071068,0.0701,0.004042135611804359,0.2482225075369517,61.408753039373714,0.0
4,0.56568545,0.14142136,0.0701,0.004042135611804359,0.05723337153398773,14.159191336096578,0.0
5,0.70710677,0.21213204,0.0701,0.005716443181545683,0.14837240153376757,25.955370642492557,0.0
6,0.8485281,0.21213204,0.0701,0.004042135611804359,0.1014036390727202,25.086649437635977,0.0
7,0.9899494,0.28284273,0.0701,0.004042135611804359,0.1066661623389264,26.388565991558096,0.0
