Tile Number, Tile x cohordinate [m], Tile y cohordinate [m], area_m2[m2], Tile z cohordinate [m],absorbedPARTile [umol^s-1],absorbedPARTilem2 [umol m^-2 m^-1],Thermal time[dd]
1,0.14142136,0.0,0.0701,0.004042135611804359,0.29821715033233637,73.77712649260076,0.0
2,0.28284273,0.07071068,0.0701,0.005716443181545683,0.36950890979064943,64.63965407432546,0.0
3,0.4242641,0.07071068,0.0701,0.004042135611804359,0.2536918045832825,62.761824180866014,0.0
4,0.56568545,0.14142136,0.0701,0.004042135611804359,0.25069813296432497,62.02120785661034,0.0
5,0.70710677,0.21213204,0.0701,0.005716443181545683,0.37795026813690197,66.11633425431985,0.0
6,0.8485281,0.21213204,0.0701,0.004042135611804359,0.23969962576873782,59.300243432886425,0.0
7,0.9899494,0.28284273,0.0701,0.004042135611804359,0.21451604133735658,53.06997635381146,0.0
