Tile Number, Tile x cohordinate [m], Tile y cohordinate [m], area_m2[m2], Tile z cohordinate [m],absorbedPARTile [umol^s-1],absorbedPARTilem2 [umol m^-2 m^-1],Thermal time[dd]
1,0.14142136,0.0,0.0701,0.004042135611804359,0.08721850001692474,21.577331488389,0.0
2,0.28284273,0.07071068,0.0701,0.005716443181545683,0.056761085070268315,9.92944095963542,0.0
3,0.4242641,0.07071068,0.0701,0.004042135611804359,0.061907338537612315,15.315502616196898,0.0
4,0.56568545,0.14142136,0.0701,0.004042135611804359,0.08750022777932683,21.647029239641913,0.0
5,0.70710677,0.21213204,0.0701,0.005716443181545683,0.27149753582216896,47.49413703588288,0.0
6,0.8485281,0.21213204,0.0701,0.004042135611804359,0.07349455709408542,18.18211068412877,0.0
7,0.9899494,0.28284273,0.0701,0.004042135611804359,0.1584711099616607,39.204797953555335,0.0
