Tile Number, Tile x cohordinate [m], Tile y cohordinate [m], area_m2[m2], Tile z cohordinate [m],absorbedPARTile [umol^s-1],absorbedPARTilem2 [umol m^-2 m^-1],Thermal time[dd]
1,0.1118034,0.0,0.0701,0.00108033979058772,0.0070892037790872,6.562013026689107,0.0
2,0.22360681,0.0559017,0.0701,0.0012078565728149138,0.0064454390441015435,5.336261928086731,0.0
3,0.3354102,0.0559017,0.0701,0.00108033979058772,0.0014790628394344418,1.3690718904556973,0.0
4,0.44721362,0.1118034,0.0701,0.00108033979058772,0.0016996298697851302,1.5732363878410032,0.0
5,0.559017,0.1677051,0.0701,0.0012078565728149138,0.011215254099693909,9.28525319323032,0.0
6,0.6708204,0.1677051,0.0701,0.00108033979058772,0.0024147478428294495,2.235174399635686,0.0
7,0.7826238,0.22360681,0.0701,0.00108033979058772,0.002914674955993151,2.6979242839954334,0.0
