Tile Number, Tile x cohordinate [m], Tile y cohordinate [m], area_m2[m2], Tile z cohordinate [m],absorbedPARTile [umol^s-1],absorbedPARTilem2 [umol m^-2 m^-1],Thermal time[dd]
1,0.14142136,0.0,0.0701,0.004042135611804359,0.03661115468036771,9.057379117477193,0.0
2,0.28284273,0.07071068,0.0701,0.005716443181545683,0.047533409051136975,8.315207121202297,0.0
3,0.4242641,0.07071068,0.0701,0.004042135611804359,0.049438974532634614,12.2309044724419,0.0
4,0.56568545,0.14142136,0.0701,0.004042135611804359,0.023248507770205363,5.751540770258204,0.0
5,0.70710677,0.21213204,0.0701,0.005716443181545683,0.039011729975177656,6.824476118492475,0.0
6,0.8485281,0.21213204,0.0701,0.004042135611804359,0.06078629586503815,15.038163412311617,0.0
7,0.9899494,0.28284273,0.0701,0.004042135611804359,0.043314334241358186,10.715705360024574,0.0
