Tile Number, Tile x cohordinate [m], Tile y cohordinate [m], area_m2[m2], Tile z cohordinate [m],absorbedPARTile [umol^s-1],absorbedPARTilem2 [umol m^-2 m^-1],Thermal time[dd]
1,0.14142136,0.0,0.0701,0.004042135611804359,0.07348960591600895,18.1808857924992,0.0
2,0.28284273,0.07071068,0.0701,0.005716443181545683,0.0747993459482956,13.084945231288106,0.0
3,0.4242641,0.07071068,0.0701,0.004042135611804359,0.10114693842529772,25.023143243862364,0.0
4,0.56568545,0.14142136,0.0701,0.004042135611804359,0.04970683998792588,12.297172772423972,0.0
5,0.70710677,0.21213204,0.0701,0.005716443181545683,0.16409361696327207,28.70554499570875,0.0
6,0.8485281,0.21213204,0.0701,0.004042135611804359,0.1460842696926117,36.140368290959316,0.0
7,0.9899494,0.28284273,0.0701,0.004042135611804359,0.06432570070829145,15.913790848688834,0.0
