Tile Number, Tile x cohordinate [m], Tile y cohordinate [m], area_m2[m2], Tile z cohordinate [m],absorbedPARTile [umol^s-1],absorbedPARTilem2 [umol m^-2 m^-1],Thermal time[dd]
1,0.14142136,0.0,0.0701,0.004042135611804359,0.0572538504908882,14.164257706665806,0.0
2,0.28284273,0.07071068,0.0701,0.005716443181545683,0.22366780258356736,39.127092753345494,0.0
3,0.4242641,0.07071068,0.0701,0.004042135611804359,0.2084465699749907,51.56842570206167,0.0
4,0.56568545,0.14142136,0.0701,0.004042135611804359,0.050285267322735736,12.440272210533038,0.0
5,0.70710677,0.21213204,0.0701,0.005716443181545683,0.04914210747540679,8.596623094943302,0.0
6,0.8485281,0.21213204,0.0701,0.004042135611804359,0.05942665640050222,14.701796799433678,0.0
7,0.9899494,0.28284273,0.0701,0.004042135611804359,0.06858278293558163,16.96696734649314,0.0
