Tile Number, Tile x cohordinate [m], Tile y cohordinate [m], area_m2[m2], Tile z cohordinate [m],absorbedPARTile [umol^s-1],absorbedPARTilem2 [umol m^-2 m^-1],Thermal time[dd]
1,0.1118034,0.0,0.0701,0.00108033979058772,0.001625961685521736,1.5050465600616174,0.0
2,0.22360681,0.0559017,0.0701,0.0012078565728149138,0.0019103270131075908,1.581584317296521,0.0
3,0.3354102,0.0559017,0.0701,0.00108033979058772,0.0034657459748796606,3.2080147422823764,0.0
4,0.44721362,0.1118034,0.0701,0.00108033979058772,0.006614304767299583,6.122430021485471,0.0
5,0.559017,0.1677051,0.0701,0.0012078565728149138,0.005774211421144423,4.780543941312174,0.0
6,0.6708204,0.1677051,0.0701,0.00108033979058772,0.0023322718377622215,2.158831747272248,0.0
7,0.7826238,0.22360681,0.0701,0.00108033979058772,0.0042629977461505686,3.9459786479135777,0.0
