Tile Number, Tile x cohordinate [m], Tile y cohordinate [m], area_m2[m2], Tile z cohordinate [m],absorbedPARTile [umol^s-1],absorbedPARTilem2 [umol m^-2 m^-1],Thermal time[dd]
1,0.1118034,0.0,0.0701,0.00108033979058772,0.0015356265126351197,1.4214291892365805,0.0
2,0.22360681,0.0559017,0.0701,0.0012078565728149138,0.005328591093571017,4.411609137625271,0.0
3,0.3354102,0.0559017,0.0701,0.00108033979058772,4.6323937772890165E-4,0.42879044330755695,0.0
4,0.44721362,0.1118034,0.0701,0.00108033979058772,0.0061984541194748865,5.737504231055714,0.0
5,0.559017,0.1677051,0.0701,0.0012078565728149138,0.003641681634085052,3.0149950880327627,0.0
6,0.6708204,0.1677051,0.0701,0.00108033979058772,0.004746520744357339,4.393544314215406,0.0
7,0.7826238,0.22360681,0.0701,0.00108033979058772,0.005654227993191034,5.233749642892497,0.0
