Tile Number, Tile x cohordinate [m], Tile y cohordinate [m], area_m2[m2], Tile z cohordinate [m],absorbedPARTile [umol^s-1],absorbedPARTilem2 [umol m^-2 m^-1],Thermal time[dd]
1,0.1118034,0.0,0.0701,0.00108033979058772,0.007480114332110319,6.923853399902111,0.0
2,0.22360681,0.0559017,0.0701,0.0012078565728149138,0.009755848713525831,8.076992693585956,0.0
3,0.3354102,0.0559017,0.0701,0.00108033979058772,0.008143522127009015,7.537926676364318,0.0
4,0.44721362,0.1118034,0.0701,0.00108033979058772,0.0035369023101881423,3.2738795155031903,0.0
5,0.559017,0.1677051,0.0701,0.0012078565728149138,0.0012312765309705214,1.0193896847380044,0.0
6,0.6708204,0.1677051,0.0701,0.00108033979058772,0.01605584923148159,14.86185121696479,0.0
7,0.7826238,0.22360681,0.0701,0.00108033979058772,0.007704581797410548,7.131628275229174,0.0
