Tile Number, Tile x cohordinate [m], Tile y cohordinate [m], area_m2[m2], Tile z cohordinate [m],absorbedPARTile [umol^s-1],absorbedPARTilem2 [umol m^-2 m^-1],Thermal time[dd]
1,0.1118034,0.0,0.0701,0.00108033979058772,0.010094269285514577,9.34360594088935,0.0
2,0.22360681,0.0559017,0.0701,0.0012078565728149138,0.013999069038077894,11.590009404388981,0.0
3,0.3354102,0.0559017,0.0701,0.00108033979058772,0.010762540741759927,9.96218119107226,0.0
4,0.44721362,0.1118034,0.0701,0.00108033979058772,0.00960291119708225,8.888787843182312,0.0
5,0.559017,0.1677051,0.0701,0.0012078565728149138,0.008230568926269412,6.81419392957232,0.0
6,0.6708204,0.1677051,0.0701,0.00108033979058772,0.01100823617366359,10.189605408938013,0.0
7,0.7826238,0.22360681,0.0701,0.00108033979058772,0.005835933611210081,5.401942668459201,0.0
