Tile Number, Tile x cohordinate [m], Tile y cohordinate [m], area_m2[m2], Tile z cohordinate [m],absorbedPARTile [umol^s-1],absorbedPARTilem2 [umol m^-2 m^-1],Thermal time[dd]
1,0.14142136,0.0,0.0701,0.004042135611804359,0.06598962113242626,16.325434737942725,0.0
2,0.28284273,0.07071068,0.0701,0.005716443181545683,0.10792720141410829,18.880131925832522,0.0
3,0.4242641,0.07071068,0.0701,0.004042135611804359,0.09297598155448916,23.001697736950945,0.0
4,0.56568545,0.14142136,0.0701,0.004042135611804359,0.10367768580575944,25.649234900231118,0.0
5,0.70710677,0.21213204,0.0701,0.005716443181545683,0.26830911265945434,46.93637356978078,0.0
6,0.8485281,0.21213204,0.0701,0.004042135611804359,0.09200085126530887,22.76045637772178,0.0
7,0.9899494,0.28284273,0.0701,0.004042135611804359,0.15224793221000674,37.66522126704332,0.0
