Tile Number, Tile x cohordinate [m], Tile y cohordinate [m], area_m2[m2], Tile z cohordinate [m],absorbedPARTile [umol^s-1],absorbedPARTilem2 [umol m^-2 m^-1],Thermal time[dd]
1,0.1118034,0.0,0.0701,0.00108033979058772,0.003041931994780193,2.8157178151564146,0.0
2,0.22360681,0.0559017,0.0701,0.0012078565728149138,0.0027851317261338034,2.305846396681888,0.0
3,0.3354102,0.0559017,0.0701,0.00108033979058772,0.007199068522654517,6.663707645849204,0.0
4,0.44721362,0.1118034,0.0701,0.00108033979058772,0.004292210386120934,3.9730188812039513,0.0
5,0.559017,0.1677051,0.0701,0.0012078565728149138,0.0028512371812073442,2.360575953618836,0.0
6,0.6708204,0.1677051,0.0701,0.00108033979058772,0.0025206368502099616,2.3331889394157184,0.0
7,0.7826238,0.22360681,0.0701,0.00108033979058772,0.0025632488416986263,2.3726320774542455,0.0
