Tile Number, Tile x cohordinate [m], Tile y cohordinate [m], area_m2[m2], Tile z cohordinate [m],absorbedPARTile [umol^s-1],absorbedPARTilem2 [umol m^-2 m^-1],Thermal time[dd]
1,0.14142136,0.0,0.0701,0.004042135611804359,0.09534075630033492,23.58672876335685,0.0
2,0.28284273,0.07071068,0.0701,0.005716443181545683,0.13534610819664003,23.676629662580407,0.0
3,0.4242641,0.07071068,0.0701,0.004042135611804359,0.10353004854561805,25.61271033145855,0.0
4,0.56568545,0.14142136,0.0701,0.004042135611804359,0.225883348086319,55.882179565343044,0.0
5,0.70710677,0.21213204,0.0701,0.005716443181545683,0.20446788731689453,35.76837568804593,0.0
6,0.8485281,0.21213204,0.0701,0.004042135611804359,0.19931672229980466,49.30975638663249,0.0
7,0.9899494,0.28284273,0.0701,0.004042135611804359,0.17548722680946355,43.414482754359696,0.0
