Tile Number, Tile x cohordinate [m], Tile y cohordinate [m], area_m2[m2], Tile z cohordinate [m],absorbedPARTile [umol^s-1],absorbedPARTilem2 [umol m^-2 m^-1],Thermal time[dd]
1,0.14142136,0.0,0.0701,0.004042135611804359,0.19749619576248525,48.859369088392704,0.0
2,0.28284273,0.07071068,0.0701,0.005716443181545683,0.14587800908789636,25.519016712845566,0.0
3,0.4242641,0.07071068,0.0701,0.004042135611804359,0.0453555151115495,11.220681210965942,0.0
4,0.56568545,0.14142136,0.0701,0.004042135611804359,0.031024756472802527,7.675337854128417,0.0
5,0.70710677,0.21213204,0.0701,0.005716443181545683,0.08199874676141015,14.344364871171223,0.0
6,0.8485281,0.21213204,0.0701,0.004042135611804359,0.025146017535802197,6.220973255416665,0.0
7,0.9899494,0.28284273,0.0701,0.004042135611804359,0.03833537387260896,9.483940558712854,0.0
