Tile Number, Tile x cohordinate [m], Tile y cohordinate [m], area_m2[m2], Tile z cohordinate [m],absorbedPARTile [umol^s-1],absorbedPARTilem2 [umol m^-2 m^-1],Thermal time[dd]
1,0.1118034,0.0,0.0701,0.00108033979058772,0.0014259774457958858,1.319934207940387,0.0
2,0.22360681,0.0559017,0.0701,0.0012078565728149138,0.0022378807583304946,1.8527702781093505,0.0
3,0.3354102,0.0559017,0.0701,0.00108033979058772,0.006426821783564274,5.948889265726289,0.0
4,0.44721362,0.1118034,0.0701,0.00108033979058772,8.135127730618572E-4,0.7530156531763909,0.0
5,0.559017,0.1677051,0.0701,0.0012078565728149138,6.704058804570155E-4,0.5550376555840834,0.0
6,0.6708204,0.1677051,0.0701,0.00108033979058772,5.718937562973851E-4,0.5293647066227811,0.0
7,0.7826238,0.22360681,0.0701,0.00108033979058772,0.0014921485113574464,1.3811844424851711,0.0
