Tile Number, Tile x cohordinate [m], Tile y cohordinate [m], area_m2[m2], Tile z cohordinate [m],absorbedPARTile [umol^s-1],absorbedPARTilem2 [umol m^-2 m^-1],Thermal time[dd]
1,0.14142136,0.0,0.0701,0.004042135611804359,0.0398827286035031,9.866746797666183,0.0
2,0.28284273,0.07071068,0.0701,0.005716443181545683,0.14813982001350473,25.91468423787409,0.0
3,0.4242641,0.07071068,0.0701,0.004042135611804359,0.1961424382469952,48.52445763427507,0.0
4,0.56568545,0.14142136,0.0701,0.004042135611804359,0.02311423943285822,5.718323592448772,0.0
5,0.70710677,0.21213204,0.0701,0.005716443181545683,0.08714090342970093,15.24390266153904,0.0
6,0.8485281,0.21213204,0.0701,0.004042135611804359,0.2036930962777455,50.392444944918466,0.0
7,0.9899494,0.28284273,0.0701,0.004042135611804359,0.03752443296719198,9.283318663928135,0.0
