Tile Number, Tile x cohordinate [m], Tile y cohordinate [m], area_m2[m2], Tile z cohordinate [m],absorbedPARTile [umol^s-1],absorbedPARTilem2 [umol m^-2 m^-1],Thermal time[dd]
1,0.14142136,0.0,0.0701,0.004042135611804359,0.15669773684570312,38.76607612770201,0.0
2,0.28284273,0.07071068,0.0701,0.005716443181545683,0.3144844850390625,55.014013968390095,0.0
3,0.4242641,0.07071068,0.0701,0.004042135611804359,0.3654266719915772,90.40435727203503,0.0
4,0.56568545,0.14142136,0.0701,0.004042135611804359,0.1681891999878693,41.60899488297764,0.0
5,0.70710677,0.21213204,0.0701,0.005716443181545683,0.1329253620993805,23.253158979783386,0.0
6,0.8485281,0.21213204,0.0701,0.004042135611804359,0.11258842529678345,27.853698170835333,0.0
7,0.9899494,0.28284273,0.0701,0.004042135611804359,0.228226720814209,56.46191586143529,0.0
