Tile Number, Tile x cohordinate [m], Tile y cohordinate [m], area_m2[m2], Tile z cohordinate [m],absorbedPARTile [umol^s-1],absorbedPARTilem2 [umol m^-2 m^-1],Thermal time[dd]
1,0.1118034,0.0,0.0701,0.00108033979058772,0.0034441841161955747,3.1880563376471494,0.0
2,0.22360681,0.0559017,0.0701,0.0012078565728149138,0.0022044005742366617,1.825051602856537,0.0
3,0.3354102,0.0559017,0.0701,0.00108033979058772,0.003644558626655084,3.3735299379025867,0.0
4,0.44721362,0.1118034,0.0701,0.00108033979058772,7.385790584141574E-4,0.6836544065569964,0.0
5,0.559017,0.1677051,0.0701,0.0012078565728149138,0.0011884444641040955,0.9839284653925604,0.0
6,0.6708204,0.1677051,0.0701,0.00108033979058772,0.0017082708019300643,1.5812347344910263,0.0
7,0.7826238,0.22360681,0.0701,0.00108033979058772,0.0013472009191396158,1.2470159211730225,0.0
