Tile Number, Tile x cohordinate [m], Tile y cohordinate [m], area_m2[m2], Tile z cohordinate [m],absorbedPARTile [umol^s-1],absorbedPARTilem2 [umol m^-2 m^-1],Thermal time[dd]
1,0.1118034,0.0,0.0701,0.00108033979058772,0.0038372830947427227,3.551922393467695,0.0
2,0.22360681,0.0559017,0.0701,0.0012078565728149138,0.009915088945595103,8.2088297309075,0.0
3,0.3354102,0.0559017,0.0701,0.00108033979058772,0.012773427930867325,11.823528154895046,0.0
4,0.44721362,0.1118034,0.0701,0.00108033979058772,0.006579290649580359,6.090019739068514,0.0
5,0.559017,0.1677051,0.0701,0.0012078565728149138,0.011789436795773236,9.76062643621495,0.0
6,0.6708204,0.1677051,0.0701,0.00108033979058772,0.02327963922441453,21.54844191358543,0.0
7,0.7826238,0.22360681,0.0701,0.00108033979058772,0.016673678188547907,15.433735139457553,0.0
