Tile Number, Tile x cohordinate [m], Tile y cohordinate [m], area_m2[m2], Tile z cohordinate [m],absorbedPARTile [umol^s-1],absorbedPARTilem2 [umol m^-2 m^-1],Thermal time[dd]
1,0.14142136,0.0,0.0701,0.004042135611804359,0.21713971271648405,53.719056847663644,0.0
2,0.28284273,0.07071068,0.0701,0.005716443181545683,0.13277311776534317,23.226526276684226,0.0
3,0.4242641,0.07071068,0.0701,0.004042135611804359,0.08016990303366581,19.833551056412716,0.0
4,0.56568545,0.14142136,0.0701,0.004042135611804359,0.040898334040182026,10.118001464558859,0.0
5,0.70710677,0.21213204,0.0701,0.005716443181545683,0.13208745925970874,23.106581324227086,0.0
6,0.8485281,0.21213204,0.0701,0.004042135611804359,0.02170144686592916,5.368807222240103,0.0
7,0.9899494,0.28284273,0.0701,0.004042135611804359,0.07905169895441531,19.556914103415647,0.0
