Tile Number, Tile x cohordinate [m], Tile y cohordinate [m], area_m2[m2], Tile z cohordinate [m],absorbedPARTile [umol^s-1],absorbedPARTilem2 [umol m^-2 m^-1],Thermal time[dd]
1,0.14142136,0.0,0.0701,0.004042135611804359,0.05592608586109614,13.835776735885272,0.0
2,0.28284273,0.07071068,0.0701,0.005716443181545683,0.23173522415746056,40.538358695765275,0.0
3,0.4242641,0.07071068,0.0701,0.004042135611804359,0.04587873341093325,11.350122266297134,0.0
4,0.56568545,0.14142136,0.0701,0.004042135611804359,0.06110939038404823,15.118095049950528,0.0
5,0.70710677,0.21213204,0.0701,0.005716443181545683,0.14434183748426238,25.25028814250078,0.0
6,0.8485281,0.21213204,0.0701,0.004042135611804359,0.07310503747624907,18.085745877193833,0.0
7,0.9899494,0.28284273,0.0701,0.004042135611804359,0.09024683573004004,22.326523500718217,0.0
