Tile Number, Tile x cohordinate [m], Tile y cohordinate [m], area_m2[m2], Tile z cohordinate [m],absorbedPARTile [umol^s-1],absorbedPARTilem2 [umol m^-2 m^-1],Thermal time[dd]
1,0.14142136,0.0,0.0701,0.004042135611804359,0.1170259035244902,28.951503552413296,0.0
2,0.28284273,0.07071068,0.0701,0.005716443181545683,0.2323961428329468,40.65397581195037,0.0
3,0.4242641,0.07071068,0.0701,0.004042135611804359,0.08925634553320506,22.081482192865405,0.0
4,0.56568545,0.14142136,0.0701,0.004042135611804359,0.17605939503270387,43.55603372597218,0.0
5,0.70710677,0.21213204,0.0701,0.005716443181545683,0.06765464154319663,11.835093850246812,0.0
6,0.8485281,0.21213204,0.0701,0.004042135611804359,0.06039130533241332,14.940445134015528,0.0
7,0.9899494,0.28284273,0.0701,0.004042135611804359,0.02910189840764602,7.199634352360407,0.0
