Tile Number, Tile x cohordinate [m], Tile y cohordinate [m], area_m2[m2], Tile z cohordinate [m],absorbedPARTile [umol^s-1],absorbedPARTilem2 [umol m^-2 m^-1],Thermal time[dd]
1,0.1118034,0.0,0.0701,0.00108033979058772,0.006054159392361775,5.603940024340146,0.0
2,0.22360681,0.0559017,0.0701,0.0012078565728149138,0.0037406887153401385,3.0969643246817387,0.0
3,0.3354102,0.0559017,0.0701,0.00108033979058772,0.013656222475978965,12.640673420489113,0.0
4,0.44721362,0.1118034,0.0701,0.00108033979058772,0.011791622340877495,10.914734830291392,0.0
5,0.559017,0.1677051,0.0701,0.0012078565728149138,0.013425033989035055,11.114758400285861,0.0
6,0.6708204,0.1677051,0.0701,0.00108033979058772,0.009816021849001011,9.086050457940607,0.0
7,0.7826238,0.22360681,0.0701,0.00108033979058772,0.012596729429039197,11.659969889831052,0.0
