Tile Number, Tile x cohordinate [m], Tile y cohordinate [m], area_m2[m2], Tile z cohordinate [m],absorbedPARTile [umol^s-1],absorbedPARTilem2 [umol m^-2 m^-1],Thermal time[dd]
1,0.14142136,0.0,0.0701,0.004042135611804359,0.2325471440352758,57.53076253952539,0.0
2,0.28284273,0.07071068,0.0701,0.005716443181545683,0.1917890524518331,33.55041699198255,0.0
3,0.4242641,0.07071068,0.0701,0.004042135611804359,0.12285683662210704,30.39404127445028,0.0
4,0.56568545,0.14142136,0.0701,0.004042135611804359,0.11781630537007104,29.14704420752457,0.0
5,0.70710677,0.21213204,0.0701,0.005716443181545683,0.14420749853172304,25.226787698558116,0.0
6,0.8485281,0.21213204,0.0701,0.004042135611804359,0.0963574733954236,23.83825844784332,0.0
7,0.9899494,0.28284273,0.0701,0.004042135611804359,0.17393824303478003,43.03127349978645,0.0
