Tile Number, Tile x cohordinate [m], Tile y cohordinate [m], area_m2[m2], Tile z cohordinate [m],absorbedPARTile [umol^s-1],absorbedPARTilem2 [umol m^-2 m^-1],Thermal time[dd]
1,0.14142136,0.0,0.0701,0.004042135611804359,0.0459856341305544,11.37656886034731,0.0
2,0.28284273,0.07071068,0.0701,0.005716443181545683,0.15720409908123015,27.500334401771024,0.0
3,0.4242641,0.07071068,0.0701,0.004042135611804359,0.28593103529357905,70.73761564519677,0.0
4,0.56568545,0.14142136,0.0701,0.004042135611804359,0.10420829132512412,25.780503509284,0.0
5,0.70710677,0.21213204,0.0701,0.005716443181545683,0.20643363766034442,36.11225216525747,0.0
6,0.8485281,0.21213204,0.0701,0.004042135611804359,0.11466684461750487,28.36788659010849,0.0
7,0.9899494,0.28284273,0.0701,0.004042135611804359,0.16262906289510728,40.23345046123074,0.0
