Tile Number, Tile x cohordinate [m], Tile y cohordinate [m], area_m2[m2], Tile z cohordinate [m],absorbedPARTile [umol^s-1],absorbedPARTilem2 [umol m^-2 m^-1],Thermal time[dd]
1,0.14142136,0.0,0.0701,0.004042135611804359,0.3226116067153931,79.81216804633213,0.0
2,0.28284273,0.07071068,0.0701,0.005716443181545683,0.10936913557957013,19.13237516864421,0.0
3,0.4242641,0.07071068,0.0701,0.004042135611804359,0.1908728201583544,47.220785864022794,0.0
4,0.56568545,0.14142136,0.0701,0.004042135611804359,0.11624575850113233,28.75850037333153,0.0
5,0.70710677,0.21213204,0.0701,0.005716443181545683,0.3333015658748627,58.305760293543315,0.0
6,0.8485281,0.21213204,0.0701,0.004042135611804359,0.25635654850514733,63.42106577436498,0.0
7,0.9899494,0.28284273,0.0701,0.004042135611804359,0.022700565286736404,5.615983100726091,0.0
