Tile Number, Tile x cohordinate [m], Tile y cohordinate [m], area_m2[m2], Tile z cohordinate [m],absorbedPARTile [umol^s-1],absorbedPARTilem2 [umol m^-2 m^-1],Thermal time[dd]
1,0.14142136,0.0,0.0701,0.004042135611804359,0.04962369155128717,12.276602350096752,0.0
2,0.28284273,0.07071068,0.0701,0.005716443181545683,0.049527653847455985,8.664068245678616,0.0
3,0.4242641,0.07071068,0.0701,0.004042135611804359,0.04224561482516289,10.451310614565198,0.0
4,0.56568545,0.14142136,0.0701,0.004042135611804359,0.052223855675522686,12.919867290699482,0.0
5,0.70710677,0.21213204,0.0701,0.005716443181545683,0.2884208808769417,50.4546046758668,0.0
6,0.8485281,0.21213204,0.0701,0.004042135611804359,0.09322932054893493,23.064372278029165,0.0
7,0.9899494,0.28284273,0.0701,0.004042135611804359,0.0719257725776577,17.794002845330297,0.0
