Tile Number, Tile x cohordinate [m], Tile y cohordinate [m], area_m2[m2], Tile z cohordinate [m],absorbedPARTile [umol^s-1],absorbedPARTilem2 [umol m^-2 m^-1],Thermal time[dd]
1,0.14142136,0.0,0.0701,0.004042135611804359,0.16265328549140295,40.239442985634156,0.0
2,0.28284273,0.07071068,0.0701,0.005716443181545683,0.15660628914553323,27.39575714687469,0.0
3,0.4242641,0.07071068,0.0701,0.004042135611804359,0.06011504060893493,14.872098905682266,0.0
4,0.56568545,0.14142136,0.0701,0.004042135611804359,0.018345743002483424,4.53862630162824,0.0
5,0.70710677,0.21213204,0.0701,0.005716443181545683,0.04416566645973972,7.726074598680373,0.0
6,0.8485281,0.21213204,0.0701,0.004042135611804359,0.04539283209777214,11.229913208554954,0.0
7,0.9899494,0.28284273,0.0701,0.004042135611804359,0.15141261875656048,37.45856975069962,0.0
