Tile Number, Tile x cohordinate [m], Tile y cohordinate [m], area_m2[m2], Tile z cohordinate [m],absorbedPARTile [umol^s-1],absorbedPARTilem2 [umol m^-2 m^-1],Thermal time[dd]
1,0.1118034,0.0,0.0701,0.00108033979058772,0.002928786647073997,2.7109865549622087,0.0
2,0.22360681,0.0559017,0.0701,0.0012078565728149138,0.009491418606397291,7.858067605061343,0.0
3,0.3354102,0.0559017,0.0701,0.00108033979058772,0.003389647202918869,3.137575078184294,0.0
4,0.44721362,0.1118034,0.0701,0.00108033979058772,0.0075898903783057315,7.025465917696807,0.0
5,0.559017,0.1677051,0.0701,0.0012078565728149138,0.0027560037124499635,2.281730939317644,0.0
6,0.6708204,0.1677051,0.0701,0.00108033979058772,0.004926943946549392,4.560550291190391,0.0
7,0.7826238,0.22360681,0.0701,0.00108033979058772,0.010644546973582955,9.852962064640952,0.0
