Tile Number, Tile x cohordinate [m], Tile y cohordinate [m], area_m2[m2], Tile z cohordinate [m],absorbedPARTile [umol^s-1],absorbedPARTilem2 [umol m^-2 m^-1],Thermal time[dd]
1,0.14142136,0.0,0.0701,0.004042135611804359,0.03641255896933326,9.008247734934143,0.0
2,0.28284273,0.07071068,0.0701,0.005716443181545683,0.03304381513049988,5.780485186518566,0.0
3,0.4242641,0.07071068,0.0701,0.004042135611804359,0.10351831582792799,25.609807727781476,0.0
4,0.56568545,0.14142136,0.0701,0.004042135611804359,0.05522764765140116,13.662987330291035,0.0
5,0.70710677,0.21213204,0.0701,0.005716443181545683,0.24720199206174215,43.24402153768991,0.0
6,0.8485281,0.21213204,0.0701,0.004042135611804359,0.2262302917634964,55.968011341042065,0.0
7,0.9899494,0.28284273,0.0701,0.004042135611804359,0.05800820771069419,14.350881138497984,0.0
