Tile Number, Tile x cohordinate [m], Tile y cohordinate [m], area_m2[m2], Tile z cohordinate [m],absorbedPARTile [umol^s-1],absorbedPARTilem2 [umol m^-2 m^-1],Thermal time[dd]
1,0.14142136,0.0,0.0701,0.004042135611804359,0.04837810368108352,11.968451414594705,0.0
2,0.28284273,0.07071068,0.0701,0.005716443181545683,0.18921739413032532,33.100546637316945,0.0
3,0.4242641,0.07071068,0.0701,0.004042135611804359,0.09998722730615188,24.736237699239094,0.0
4,0.56568545,0.14142136,0.0701,0.004042135611804359,0.1698767516164462,42.026484989853,0.0
5,0.70710677,0.21213204,0.0701,0.005716443181545683,0.17541359819558464,30.685794054923875,0.0
6,0.8485281,0.21213204,0.0701,0.004042135611804359,0.08949081755207976,22.139489157844498,0.0
7,0.9899494,0.28284273,0.0701,0.004042135611804359,0.13142543332727852,32.51386048094805,0.0
