Tile Number, Tile x cohordinate [m], Tile y cohordinate [m], area_m2[m2], Tile z cohordinate [m],absorbedPARTile [umol^s-1],absorbedPARTilem2 [umol m^-2 m^-1],Thermal time[dd]
1,0.14142136,0.0,0.0701,0.004042135611804359,0.2550220696780396,63.09092375161577,0.0
2,0.28284273,0.07071068,0.0701,0.005716443181545683,0.2748359946603393,48.07814683570873,0.0
3,0.4242641,0.07071068,0.0701,0.004042135611804359,0.20698620411361693,51.20713998539521,0.0
4,0.56568545,0.14142136,0.0701,0.004042135611804359,0.20611919089767458,50.99264613877354,0.0
5,0.70710677,0.21213204,0.0701,0.005716443181545683,0.3282477594384765,57.42167795844702,0.0
6,0.8485281,0.21213204,0.0701,0.004042135611804359,0.23284012478897095,57.6032442130347,0.0
7,0.9899494,0.28284273,0.0701,0.004042135611804359,0.2672433548773193,66.11439608727655,0.0
