Tile Number, Tile x cohordinate [m], Tile y cohordinate [m], area_m2[m2], Tile z cohordinate [m],absorbedPARTile [umol^s-1],absorbedPARTilem2 [umol m^-2 m^-1],Thermal time[dd]
1,0.14142136,0.0,0.0701,0.004042135611804359,0.2744940701251221,67.90817936031378,0.0
2,0.28284273,0.07071068,0.0701,0.005716443181545683,0.3235077987548829,56.59249790136265,0.0
3,0.4242641,0.07071068,0.0701,0.004042135611804359,0.24527293384796142,60.67904627734016,0.0
4,0.56568545,0.14142136,0.0701,0.004042135611804359,0.23097992650711066,57.143042364183344,0.0
5,0.70710677,0.21213204,0.0701,0.005716443181545683,0.36732323415496826,64.25730519648877,0.0
6,0.8485281,0.21213204,0.0701,0.004042135611804359,0.25085501098266605,62.060018533293956,0.0
7,0.9899494,0.28284273,0.0701,0.004042135611804359,0.29924291564804073,74.03089465235986,0.0
