Tile Number, Tile x cohordinate [m], Tile y cohordinate [m], area_m2[m2], Tile z cohordinate [m],absorbedPARTile [umol^s-1],absorbedPARTilem2 [umol m^-2 m^-1],Thermal time[dd]
1,0.1118034,0.0,0.0701,0.00108033979058772,0.005907782230031313,5.468448243322961,0.0
2,0.22360681,0.0559017,0.0701,0.0012078565728149138,0.00836936667716229,6.929106373662771,0.0
3,0.3354102,0.0559017,0.0701,0.00108033979058772,0.0031044263906192487,2.8735647966186617,0.0
4,0.44721362,0.1118034,0.0701,0.00108033979058772,0.00629668721593726,5.828432194015343,0.0
5,0.559017,0.1677051,0.0701,0.0012078565728149138,0.0019172627745889575,1.5873265234801597,0.0
6,0.6708204,0.1677051,0.0701,0.00108033979058772,0.0037090754189576234,3.4332489197124128,0.0
7,0.7826238,0.22360681,0.0701,0.00108033979058772,0.004908548521029945,4.543522846973568,0.0
