Tile Number, Tile x cohordinate [m], Tile y cohordinate [m], area_m2[m2], Tile z cohordinate [m],absorbedPARTile [umol^s-1],absorbedPARTilem2 [umol m^-2 m^-1],Thermal time[dd]
1,0.14142136,0.0,0.0701,0.004042135611804359,0.13805843769086204,34.15482580240163,0.0
2,0.28284273,0.07071068,0.0701,0.005716443181545683,0.061243982155176006,10.713651865357315,0.0
3,0.4242641,0.07071068,0.0701,0.004042135611804359,0.043479803358052516,10.756641422686872,0.0
4,0.56568545,0.14142136,0.0701,0.004042135611804359,0.0760198019215688,18.80684104203879,0.0
5,0.70710677,0.21213204,0.0701,0.005716443181545683,0.11357296626931826,19.8677678868504,0.0
6,0.8485281,0.21213204,0.0701,0.004042135611804359,0.06533917686889255,16.164518745506896,0.0
7,0.9899494,0.28284273,0.0701,0.004042135611804359,0.08586433510302406,21.242319246358804,0.0
