Tile Number, Tile x cohordinate [m], Tile y cohordinate [m], area_m2[m2], Tile z cohordinate [m],absorbedPARTile [umol^s-1],absorbedPARTilem2 [umol m^-2 m^-1],Thermal time[dd]
1,0.14142136,0.0,0.0701,0.004042135611804359,0.0740730497769785,18.32522628895996,0.0
2,0.28284273,0.07071068,0.0701,0.005716443181545683,0.18059130717071534,31.591551150847756,0.0
3,0.4242641,0.07071068,0.0701,0.004042135611804359,0.05701434518930076,14.105005537864738,0.0
4,0.56568545,0.14142136,0.0701,0.004042135611804359,0.09877157635765077,24.435492977822275,0.0
5,0.70710677,0.21213204,0.0701,0.005716443181545683,0.40336133030273436,70.56159179625897,0.0
6,0.8485281,0.21213204,0.0701,0.004042135611804359,0.14447356568452832,35.74188982245381,0.0
7,0.9899494,0.28284273,0.0701,0.004042135611804359,0.12562003793577195,31.077640633560218,0.0
