Tile Number, Tile x cohordinate [m], Tile y cohordinate [m], area_m2[m2], Tile z cohordinate [m],absorbedPARTile [umol^s-1],absorbedPARTilem2 [umol m^-2 m^-1],Thermal time[dd]
1,0.1118034,0.0,0.0701,0.00108033979058772,0.0031722204430697704,2.9363173241485794,0.0
2,0.22360681,0.0559017,0.0701,0.0012078565728149138,0.003296762028287285,2.7294317077765036,0.0
3,0.3354102,0.0559017,0.0701,0.00108033979058772,4.566022326277851E-4,0.42264687148048774,0.0
4,0.44721362,0.1118034,0.0701,0.00108033979058772,0.0012232522340000433,1.1322847169542622,0.0
5,0.559017,0.1677051,0.0701,0.0012078565728149138,0.0012691000197761126,1.0507042378537303,0.0
6,0.6708204,0.1677051,0.0701,0.00108033979058772,0.0013896038585130164,1.2862655533191576,0.0
7,0.7826238,0.22360681,0.0701,0.00108033979058772,2.9193845120748814E-4,0.2702283612535178,0.0
