Tile Number, Tile x cohordinate [m], Tile y cohordinate [m], area_m2[m2], Tile z cohordinate [m],absorbedPARTile [umol^s-1],absorbedPARTilem2 [umol m^-2 m^-1],Thermal time[dd]
1,0.1118034,0.0,0.0701,0.00108033979058772,0.0023598408849347116,2.1843506140331326,0.0
2,0.22360681,0.0559017,0.0701,0.0012078565728149138,0.009555843999447663,7.911406217029342,0.0
3,0.3354102,0.0559017,0.0701,0.00108033979058772,0.0068954816081640835,6.382697062757306,0.0
4,0.44721362,0.1118034,0.0701,0.00108033979058772,0.008940203292201677,8.275362409208386,0.0
5,0.559017,0.1677051,0.0701,0.0012078565728149138,0.010803795735175644,8.944601518371806,0.0
6,0.6708204,0.1677051,0.0701,0.00108033979058772,0.008691120362573527,8.044802605896276,0.0
7,0.7826238,0.22360681,0.0701,0.00108033979058772,0.012293121640589289,11.378939985077897,0.0
