Tile Number, Tile x cohordinate [m], Tile y cohordinate [m], area_m2[m2], Tile z cohordinate [m],absorbedPARTile [umol^s-1],absorbedPARTilem2 [umol m^-2 m^-1],Thermal time[dd]
1,0.14142136,0.0,0.0701,0.004042135611804359,0.22330090939674377,55.24329979049491,0.0
2,0.28284273,0.07071068,0.0701,0.005716443181545683,0.3448157479532878,60.31998167434811,0.0
3,0.4242641,0.07071068,0.0701,0.004042135611804359,0.14223719314915337,35.188624729406456,0.0
4,0.56568545,0.14142136,0.0701,0.004042135611804359,0.2798006437924703,69.22099371811298,0.0
5,0.70710677,0.21213204,0.0701,0.005716443181545683,0.16404352588520055,28.69678236543662,0.0
6,0.8485281,0.21213204,0.0701,0.004042135611804359,0.12858784511914215,31.81185825226238,0.0
7,0.9899494,0.28284273,0.0701,0.004042135611804359,0.08745378381030164,21.635539281489706,0.0
