Tile Number, Tile x cohordinate [m], Tile y cohordinate [m], area_m2[m2], Tile z cohordinate [m],absorbedPARTile [umol^s-1],absorbedPARTilem2 [umol m^-2 m^-1],Thermal time[dd]
1,0.1118034,0.0,0.0701,0.00108033979058772,0.002652865239133372,2.4555841247781647,0.0
2,0.22360681,0.0559017,0.0701,0.0012078565728149138,0.004716010045736825,3.9044454050915567,0.0
3,0.3354102,0.0559017,0.0701,0.00108033979058772,0.008608664763664741,7.9684788421812245,0.0
4,0.44721362,0.1118034,0.0701,0.00108033979058772,0.019378738069871927,17.937632436300085,0.0
5,0.559017,0.1677051,0.0701,0.0012078565728149138,0.011472012449990273,9.497826735549163,0.0
6,0.6708204,0.1677051,0.0701,0.00108033979058772,0.005308193224146682,4.913447852604736,0.0
7,0.7826238,0.22360681,0.0701,0.00108033979058772,0.015283154539648782,14.146618196238549,0.0
