Tile Number, Tile x cohordinate [m], Tile y cohordinate [m], area_m2[m2], Tile z cohordinate [m],absorbedPARTile [umol^s-1],absorbedPARTilem2 [umol m^-2 m^-1],Thermal time[dd]
1,0.1118034,0.0,0.0701,0.00108033979058772,0.0016725101477613254,1.5481334320301732,0.0
2,0.22360681,0.0559017,0.0701,0.0012078565728149138,0.007455580738070616,6.172571235585828,0.0
3,0.3354102,0.0559017,0.0701,0.00108033979058772,0.003601740666598053,3.3338961482096816,0.0
4,0.44721362,0.1118034,0.0701,0.00108033979058772,0.0069540043342155595,6.436867728839724,0.0
5,0.559017,0.1677051,0.0701,0.0012078565728149138,0.0016344747073773363,1.353202643562379,0.0
6,0.6708204,0.1677051,0.0701,0.00108033979058772,0.00269843934514591,2.4977690988109598,0.0
7,0.7826238,0.22360681,0.0701,0.00108033979058772,0.0024267599369524693,2.246293210798316,0.0
