Tile Number, Tile x cohordinate [m], Tile y cohordinate [m], area_m2[m2], Tile z cohordinate [m],absorbedPARTile [umol^s-1],absorbedPARTilem2 [umol m^-2 m^-1],Thermal time[dd]
1,0.1118034,0.0,0.0701,0.00108033979058772,0.002576965899773742,2.385329062416406,0.0
2,0.22360681,0.0559017,0.0701,0.0012078565728149138,0.0015654544687897895,1.2960598998451387,0.0
3,0.3354102,0.0559017,0.0701,0.00108033979058772,0.012828475351042886,11.874481957259038,0.0
4,0.44721362,0.1118034,0.0701,0.00108033979058772,0.004589284777147302,4.248001246580641,0.0
5,0.559017,0.1677051,0.0701,0.0012078565728149138,0.007939763139200676,6.5734320762083795,0.0
6,0.6708204,0.1677051,0.0701,0.00108033979058772,0.012559967753273173,11.62594200704241,0.0
7,0.7826238,0.22360681,0.0701,0.00108033979058772,0.006550393907156773,6.063271911509681,0.0
