Tile Number, Tile x cohordinate [m], Tile y cohordinate [m], area_m2[m2], Tile z cohordinate [m],absorbedPARTile [umol^s-1],absorbedPARTilem2 [umol m^-2 m^-1],Thermal time[dd]
1,0.1118034,0.0,0.0701,0.00108033979058772,0.005845693307394693,5.410976581927575,0.0
2,0.22360681,0.0559017,0.0701,0.0012078565728149138,0.0023331808425062486,1.9316704441726578,0.0
3,0.3354102,0.0559017,0.0701,0.00108033979058772,0.006661784509176073,6.1663789182031055,0.0
4,0.44721362,0.1118034,0.0701,0.00108033979058772,0.019951289869085623,18.467606250281538,0.0
5,0.559017,0.1677051,0.0701,0.0012078565728149138,0.006073721660186932,5.028512322478904,0.0
6,0.6708204,0.1677051,0.0701,0.00108033979058772,0.02731440689107304,25.28316287990617,0.0
7,0.7826238,0.22360681,0.0701,0.00108033979058772,0.0117050196226845,10.834572349054001,0.0
