Tile Number, Tile x cohordinate [m], Tile y cohordinate [m], area_m2[m2], Tile z cohordinate [m],absorbedPARTile [umol^s-1],absorbedPARTilem2 [umol m^-2 m^-1],Thermal time[dd]
1,0.14142136,0.0,0.0701,0.004042135611804359,0.33513146534759525,82.90950565065201,0.0
2,0.28284273,0.07071068,0.0701,0.005716443181545683,0.43097345289916983,75.39188953901889,0.0
3,0.4242641,0.07071068,0.0701,0.004042135611804359,0.25780530268737795,63.779478831561725,0.0
4,0.56568545,0.14142136,0.0701,0.004042135611804359,0.2864294181890869,70.86091257122082,0.0
5,0.70710677,0.21213204,0.0701,0.005716443181545683,0.3692602560223388,64.59615608783041,0.0
6,0.8485281,0.21213204,0.0701,0.004042135611804359,0.27255062043746947,67.42738161518689,0.0
7,0.9899494,0.28284273,0.0701,0.004042135611804359,0.26130789166595464,64.64599824480159,0.0
