Tile Number, Tile x cohordinate [m], Tile y cohordinate [m], area_m2[m2], Tile z cohordinate [m],absorbedPARTile [umol^s-1],absorbedPARTilem2 [umol m^-2 m^-1],Thermal time[dd]
1,0.14142136,0.0,0.0701,0.004042135611804359,0.04287728221087109,10.607581320541396,0.0
2,0.28284273,0.07071068,0.0701,0.005716443181545683,0.12002397944192489,20.99626911877594,0.0
3,0.4242641,0.07071068,0.0701,0.004042135611804359,0.05399258334235208,13.357439860423302,0.0
4,0.56568545,0.14142136,0.0701,0.004042135611804359,0.12337895788526045,30.523210929626778,0.0
5,0.70710677,0.21213204,0.0701,0.005716443181545683,0.07751718403890927,13.56038739073922,0.0
6,0.8485281,0.21213204,0.0701,0.004042135611804359,0.11803155384566684,29.20029538370164,0.0
7,0.9899494,0.28284273,0.0701,0.004042135611804359,0.18261344079551695,45.17746516525223,0.0
