Tile Number, Tile x cohordinate [m], Tile y cohordinate [m], area_m2[m2], Tile z cohordinate [m],absorbedPARTile [umol^s-1],absorbedPARTilem2 [umol m^-2 m^-1],Thermal time[dd]
1,0.14142136,0.0,0.0701,0.004042135611804359,0.10781767290947439,26.67344276985945,0.0
2,0.28284273,0.07071068,0.0701,0.005716443181545683,0.07650908381228048,13.384036433577043,0.0
3,0.4242641,0.07071068,0.0701,0.004042135611804359,0.09905452769459089,24.505493434044922,0.0
4,0.56568545,0.14142136,0.0701,0.004042135611804359,0.10980065411120653,27.164020373426528,0.0
5,0.70710677,0.21213204,0.0701,0.005716443181545683,0.15836057962083816,27.70264211355612,0.0
6,0.8485281,0.21213204,0.0701,0.004042135611804359,0.2185756451875051,54.07429789074683,0.0
7,0.9899494,0.28284273,0.0701,0.004042135611804359,0.16561730554097492,40.97272369024883,0.0
