Tile Number, Tile x cohordinate [m], Tile y cohordinate [m], area_m2[m2], Tile z cohordinate [m],absorbedPARTile [umol^s-1],absorbedPARTilem2 [umol m^-2 m^-1],Thermal time[dd]
1,0.1118034,0.0,0.0701,0.00108033979058772,0.01377855252162382,12.753906355821714,0.0
2,0.22360681,0.0559017,0.0701,0.0012078565728149138,0.029376639657653577,24.321298007420882,0.0
3,0.3354102,0.0559017,0.0701,0.00108033979058772,0.010040763066369723,9.294078727681972,0.0
4,0.44721362,0.1118034,0.0701,0.00108033979058772,0.018379643080718145,17.012835443855458,0.0
5,0.559017,0.1677051,0.0701,0.0012078565728149138,0.01594374386389196,13.200030717831847,0.0
6,0.6708204,0.1677051,0.0701,0.00108033979058772,0.01301230728166519,12.044643171558379,0.0
7,0.7826238,0.22360681,0.0701,0.00108033979058772,0.0055697369805895345,5.155541829630768,0.0
