Tile Number, Tile x cohordinate [m], Tile y cohordinate [m], area_m2[m2], Tile z cohordinate [m],absorbedPARTile [umol^s-1],absorbedPARTilem2 [umol m^-2 m^-1],Thermal time[dd]
1,0.1118034,0.0,0.0701,0.00108033979058772,0.0017040354483987329,1.5773143442876558,0.0
2,0.22360681,0.0559017,0.0701,0.0012078565728149138,0.020054447566491173,16.603335212022913,0.0
3,0.3354102,0.0559017,0.0701,0.00108033979058772,0.004182923806607657,3.8718594307556593,0.0
4,0.44721362,0.1118034,0.0701,0.00108033979058772,0.010810699290035612,10.006758414548854,0.0
5,0.559017,0.1677051,0.0701,0.0012078565728149138,0.004576529524140029,3.7889676863490607,0.0
6,0.6708204,0.1677051,0.0701,0.00108033979058772,0.0028129460353478,2.6037604648603363,0.0
7,0.7826238,0.22360681,0.0701,0.00108033979058772,0.001702172524085668,1.5755899568964893,0.0
