Tile Number, Tile x cohordinate [m], Tile y cohordinate [m], area_m2[m2], Tile z cohordinate [m],absorbedPARTile [umol^s-1],absorbedPARTilem2 [umol m^-2 m^-1],Thermal time[dd]
1,0.1118034,0.0,0.0701,0.00108033979058772,0.0019702675467253477,1.823748013255621,0.0
2,0.22360681,0.0559017,0.0701,0.0012078565728149138,0.009426447230001125,7.804276966455345,0.0
3,0.3354102,0.0559017,0.0701,0.00108033979058772,0.0017870256831501905,1.6541329854915587,0.0
4,0.44721362,0.1118034,0.0701,0.00108033979058772,0.002581761145936693,2.3897677086689355,0.0
5,0.559017,0.1677051,0.0701,0.0012078565728149138,0.00785654217340419,6.504532367692045,0.0
6,0.6708204,0.1677051,0.0701,0.00108033979058772,0.0018978860890176894,1.7567492242280671,0.0
7,0.7826238,0.22360681,0.0701,0.00108033979058772,6.952771654584352E-4,0.6435726717796766,0.0
