Tile Number, Tile x cohordinate [m], Tile y cohordinate [m], area_m2[m2], Tile z cohordinate [m],absorbedPARTile [umol^s-1],absorbedPARTilem2 [umol m^-2 m^-1],Thermal time[dd]
1,0.1118034,0.0,0.0701,0.00108033979058772,0.006709865433405368,6.210884290168658,0.0
2,0.22360681,0.0559017,0.0701,0.0012078565728149138,0.004071255527675812,3.3706448425310445,0.0
3,0.3354102,0.0559017,0.0701,0.00108033979058772,0.0030151437491325195,2.7909216853821883,0.0
4,0.44721362,0.1118034,0.0701,0.00108033979058772,0.008674370416950862,8.029298274973176,0.0
5,0.559017,0.1677051,0.0701,0.0012078565728149138,0.007229752493995513,5.985605126233283,0.0
6,0.6708204,0.1677051,0.0701,0.00108033979058772,0.007490479004886804,6.933447300697755,0.0
7,0.7826238,0.22360681,0.0701,0.00108033979058772,0.0016596932396143206,1.5362696570783756,0.0
