Tile Number, Tile x cohordinate [m], Tile y cohordinate [m], area_m2[m2], Tile z cohordinate [m],absorbedPARTile [umol^s-1],absorbedPARTilem2 [umol m^-2 m^-1],Thermal time[dd]
1,0.1118034,0.0,0.0701,0.00108033979058772,0.004447800281524101,4.117038287652476,0.0
2,0.22360681,0.0559017,0.0701,0.0012078565728149138,0.0064357709775537675,5.3282576113778,0.0
3,0.3354102,0.0559017,0.0701,0.00108033979058772,0.009127179843345684,8.448434393386892,0.0
4,0.44721362,0.1118034,0.0701,0.00108033979058772,0.004881551004224917,4.518533008553989,0.0
5,0.559017,0.1677051,0.0701,0.0012078565728149138,0.00496602386586218,4.111435064089476,0.0
6,0.6708204,0.1677051,0.0701,0.00108033979058772,0.006178047711809776,5.718615351979984,0.0
7,0.7826238,0.22360681,0.0701,0.00108033979058772,0.003339626334350221,3.091274026418501,0.0
