Tile Number, Tile x cohordinate [m], Tile y cohordinate [m], area_m2[m2], Tile z cohordinate [m],absorbedPARTile [umol^s-1],absorbedPARTilem2 [umol m^-2 m^-1],Thermal time[dd]
1,0.14142136,0.0,0.0701,0.004042135611804359,0.16024080185346606,39.64260906672959,0.0
2,0.28284273,0.07071068,0.0701,0.005716443181545683,0.09415254241780044,16.470476383243312,0.0
3,0.4242641,0.07071068,0.0701,0.004042135611804359,0.1119398427474956,27.69324275528872,0.0
4,0.56568545,0.14142136,0.0701,0.004042135611804359,0.04590026222367287,11.355448364876496,0.0
5,0.70710677,0.21213204,0.0701,0.005716443181545683,0.13298741347441675,23.264013872076653,0.0
6,0.8485281,0.21213204,0.0701,0.004042135611804359,0.06001856928320689,14.848232480853195,0.0
7,0.9899494,0.28284273,0.0701,0.004042135611804359,0.11494754740964806,28.43733076989391,0.0
