Tile Number, Tile x cohordinate [m], Tile y cohordinate [m], area_m2[m2], Tile z cohordinate [m],absorbedPARTile [umol^s-1],absorbedPARTilem2 [umol m^-2 m^-1],Thermal time[dd]
1,0.1118034,0.0,0.0701,0.00108033979058772,0.013679963702530638,12.66264912365076,0.0
2,0.22360681,0.0559017,0.0701,0.0012078565728149138,0.013993236127361657,11.585180262545887,0.0
3,0.3354102,0.0559017,0.0701,0.00108033979058772,0.009565422540349752,8.85408704158349,0.0
4,0.44721362,0.1118034,0.0701,0.00108033979058772,0.007189982890598906,6.655297669529931,0.0
5,0.559017,0.1677051,0.0701,0.0012078565728149138,0.0034807489770112892,2.8817568702709395,0.0
6,0.6708204,0.1677051,0.0701,0.00108033979058772,0.002505379400613318,2.3190661146067355,0.0
7,0.7826238,0.22360681,0.0701,0.00108033979058772,0.002139532339735404,1.9804253794738675,0.0
