Tile Number, Tile x cohordinate [m], Tile y cohordinate [m], area_m2[m2], Tile z cohordinate [m],absorbedPARTile [umol^s-1],absorbedPARTilem2 [umol m^-2 m^-1],Thermal time[dd]
1,0.1118034,0.0,0.0701,0.00108033979058772,0.00621325186088845,5.751201534017695,0.0
2,0.22360681,0.0559017,0.0701,0.0012078565728149138,0.009738298523944543,8.06246266578606,0.0
3,0.3354102,0.0559017,0.0701,0.00108033979058772,0.008633365978803485,7.991343144092483,0.0
4,0.44721362,0.1118034,0.0701,0.00108033979058772,0.011471498049078384,10.618416676884344,0.0
5,0.559017,0.1677051,0.0701,0.0012078565728149138,0.015749395649281146,13.03912732997522,0.0
6,0.6708204,0.1677051,0.0701,0.00108033979058772,0.013863439291440623,12.832480495695451,0.0
7,0.7826238,0.22360681,0.0701,0.00108033979058772,0.01072672586983729,9.92902970277694,0.0
