Tile Number, Tile x cohordinate [m], Tile y cohordinate [m], area_m2[m2], Tile z cohordinate [m],absorbedPARTile [umol^s-1],absorbedPARTilem2 [umol m^-2 m^-1],Thermal time[dd]
1,0.14142136,0.0,0.0701,0.004042135611804359,0.07070346635776112,17.491611649862477,0.0
2,0.28284273,0.07071068,0.0701,0.005716443181545683,0.1723021923476855,30.141503532113532,0.0
3,0.4242641,0.07071068,0.0701,0.004042135611804359,0.23784511977678935,58.84144982226814,0.0
4,0.56568545,0.14142136,0.0701,0.004042135611804359,0.28066088442769044,69.4338120690629,0.0
5,0.70710677,0.21213204,0.0701,0.005716443181545683,0.09120338530118964,15.954568672285646,0.0
6,0.8485281,0.21213204,0.0701,0.004042135611804359,0.07420407056775341,18.357640043311072,0.0
7,0.9899494,0.28284273,0.0701,0.004042135611804359,0.08081578903719983,19.993339362784184,0.0
