Tile Number, Tile x cohordinate [m], Tile y cohordinate [m], area_m2[m2], Tile z cohordinate [m],absorbedPARTile [umol^s-1],absorbedPARTilem2 [umol m^-2 m^-1],Thermal time[dd]
1,0.1118034,0.0,0.0701,0.00108033979058772,0.0017347443479395085,1.6057395673594355,0.0
2,0.22360681,0.0559017,0.0701,0.0012078565728149138,0.008803947932021411,7.288901786992623,0.0
3,0.3354102,0.0559017,0.0701,0.00108033979058772,0.005020958066376349,4.647573022969818,0.0
4,0.44721362,0.1118034,0.0701,0.00108033979058772,0.002972180129620631,2.751153068243209,0.0
5,0.559017,0.1677051,0.0701,0.0012078565728149138,0.011733421633491255,9.714250762527605,0.0
6,0.6708204,0.1677051,0.0701,0.00108033979058772,0.01126430620149856,10.426632712815865,0.0
7,0.7826238,0.22360681,0.0701,0.00108033979058772,0.008788384014371741,8.134833217233199,0.0
