Tile Number, Tile x cohordinate [m], Tile y cohordinate [m], area_m2[m2], Tile z cohordinate [m],absorbedPARTile [umol^s-1],absorbedPARTilem2 [umol m^-2 m^-1],Thermal time[dd]
1,0.14142136,0.0,0.0701,0.004042135611804359,0.28388779600311287,70.23213055347959,0.0
2,0.28284273,0.07071068,0.0701,0.005716443181545683,0.3603129491064453,63.03096832478608,0.0
3,0.4242641,0.07071068,0.0701,0.004042135611804359,0.23410984207382204,57.91736462036174,0.0
4,0.56568545,0.14142136,0.0701,0.004042135611804359,0.27539067090911873,68.12999299303264,0.0
5,0.70710677,0.21213204,0.0701,0.005716443181545683,0.3446461668118287,60.29031617500289,0.0
6,0.8485281,0.21213204,0.0701,0.004042135611804359,0.20514590864486695,50.75186197261016,0.0
7,0.9899494,0.28284273,0.0701,0.004042135611804359,0.24392002302368165,60.34434428952738,0.0
