Tile Number, Tile x cohordinate [m], Tile y cohordinate [m], area_m2[m2], Tile z cohordinate [m],absorbedPARTile [umol^s-1],absorbedPARTilem2 [umol m^-2 m^-1],Thermal time[dd]
1,0.1118034,0.0,0.0701,0.00108033979058772,0.001675143289354311,1.550570759263629,0.0
2,0.22360681,0.0559017,0.0701,0.0012078565728149138,0.01100408792723843,9.11042600165131,0.0
3,0.3354102,0.0559017,0.0701,0.00108033979058772,9.613842768729914E-4,0.8898906485245581,0.0
4,0.44721362,0.1118034,0.0701,0.00108033979058772,0.008183049779620286,7.574514843305543,0.0
5,0.559017,0.1677051,0.0701,0.0012078565728149138,0.007217863552856173,5.975762118870552,0.0
6,0.6708204,0.1677051,0.0701,0.00108033979058772,0.02839579790697225,26.284135930533985,0.0
7,0.7826238,0.22360681,0.0701,0.00108033979058772,0.003402209452988891,3.1492031327829197,0.0
