Tile Number, Tile x cohordinate [m], Tile y cohordinate [m], area_m2[m2], Tile z cohordinate [m],absorbedPARTile [umol^s-1],absorbedPARTilem2 [umol m^-2 m^-1],Thermal time[dd]
1,0.14142136,0.0,0.0701,0.004042135611804359,0.07100550816730312,17.566334974003293,0.0
2,0.28284273,0.07071068,0.0701,0.005716443181545683,0.08936901600714126,15.633675201329746,0.0
3,0.4242641,0.07071068,0.0701,0.004042135611804359,0.01635486986378926,4.046096280398828,0.0
4,0.56568545,0.14142136,0.0701,0.004042135611804359,0.0609934102841674,15.089402271919496,0.0
5,0.70710677,0.21213204,0.0701,0.005716443181545683,0.09002098350432719,15.747726452515217,0.0
6,0.8485281,0.21213204,0.0701,0.004042135611804359,0.19180461410056757,47.45130607207618,0.0
7,0.9899494,0.28284273,0.0701,0.004042135611804359,0.08887140708540404,21.986250739799633,0.0
