Tile Number, Tile x cohordinate [m], Tile y cohordinate [m], area_m2[m2], Tile z cohordinate [m],absorbedPARTile [umol^s-1],absorbedPARTilem2 [umol m^-2 m^-1],Thermal time[dd]
1,0.1118034,0.0,0.0701,0.00108033979058772,0.0012645533499169184,1.1705144630736815,0.0
2,0.22360681,0.0559017,0.0701,0.0012078565728149138,0.001925599948713607,1.5942289772253257,0.0
3,0.3354102,0.0559017,0.0701,0.00108033979058772,0.001563903214240144,1.4476030854971647,0.0
4,0.44721362,0.1118034,0.0701,0.00108033979058772,0.0028022719270535046,2.5938801398114104,0.0
5,0.559017,0.1677051,0.0701,0.0012078565728149138,0.0014409919931304782,1.1930158145948087,0.0
6,0.6708204,0.1677051,0.0701,0.00108033979058772,7.441754563247655E-4,0.688834626668637,0.0
7,0.7826238,0.22360681,0.0701,0.00108033979058772,0.006477628463567295,5.9959176918248795,0.0
