Tile Number, Tile x cohordinate [m], Tile y cohordinate [m], area_m2[m2], Tile z cohordinate [m],absorbedPARTile [umol^s-1],absorbedPARTilem2 [umol m^-2 m^-1],Thermal time[dd]
1,0.1118034,0.0,0.0701,0.00108033979058772,0.005172693730114875,4.788024818840429,0.0
2,0.22360681,0.0559017,0.0701,0.0012078565728149138,0.006125376858175475,5.0712783256212814,0.0
3,0.3354102,0.0559017,0.0701,0.00108033979058772,0.0107404179340161,9.941703552521343,0.0
4,0.44721362,0.1118034,0.0701,0.00108033979058772,0.013755005830087586,12.732110721021089,0.0
5,0.559017,0.1677051,0.0701,0.0012078565728149138,0.01636078500801888,13.545304447770661,0.0
6,0.6708204,0.1677051,0.0701,0.00108033979058772,0.01240562713388206,11.483078973822881,0.0
7,0.7826238,0.22360681,0.0701,0.00108033979058772,0.0011152766944471514,1.032338810588866,0.0
