Tile Number, Tile x cohordinate [m], Tile y cohordinate [m], area_m2[m2], Tile z cohordinate [m],absorbedPARTile [umol^s-1],absorbedPARTilem2 [umol m^-2 m^-1],Thermal time[dd]
1,0.1118034,0.0,0.0701,0.00108033979058772,0.0011430142066309371,1.05801361441026,0.0
2,0.22360681,0.0559017,0.0701,0.0012078565728149138,0.002946384351808813,2.439349520566216,0.0
3,0.3354102,0.0559017,0.0701,0.00108033979058772,0.0016629416631485248,1.5392765106280695,0.0
4,0.44721362,0.1118034,0.0701,0.00108033979058772,0.0042608834922839125,3.9440216211659966,0.0
5,0.559017,0.1677051,0.0701,0.0012078565728149138,0.015313631060531685,12.67835221928976,0.0
6,0.6708204,0.1677051,0.0701,0.00108033979058772,0.0016507753727656046,1.5280149700563743,0.0
7,0.7826238,0.22360681,0.0701,0.00108033979058772,0.0012372933414077714,1.1452816532238126,0.0
