Tile Number, Tile x cohordinate [m], Tile y cohordinate [m], area_m2[m2], Tile z cohordinate [m],absorbedPARTile [umol^s-1],absorbedPARTilem2 [umol m^-2 m^-1],Thermal time[dd]
1,0.14142136,0.0,0.0701,0.004042135611804359,0.23717253667678836,58.675056815057594,0.0
2,0.28284273,0.07071068,0.0701,0.005716443181545683,0.1648948797454834,28.8457130611936,0.0
3,0.4242641,0.07071068,0.0701,0.004042135611804359,0.10779568984534263,26.668004292222143,0.0
4,0.56568545,0.14142136,0.0701,0.004042135611804359,0.07311297401345969,18.08770932868899,0.0
5,0.70710677,0.21213204,0.0701,0.005716443181545683,0.24131619952484135,42.214396585604,0.0
6,0.8485281,0.21213204,0.0701,0.004042135611804359,0.07754445454775813,19.184030917048634,0.0
7,0.9899494,0.28284273,0.0701,0.004042135611804359,0.12253484838409423,30.314383324065712,0.0
