Tile Number, Tile x cohordinate [m], Tile y cohordinate [m], area_m2[m2], Tile z cohordinate [m],absorbedPARTile [umol^s-1],absorbedPARTilem2 [umol m^-2 m^-1],Thermal time[dd]
1,0.1118034,0.0,0.0701,0.00108033979058772,0.01602523598641387,14.83351453499266,0.0
2,0.22360681,0.0559017,0.0701,0.0012078565728149138,0.00968268489314147,8.01641942517723,0.0
3,0.3354102,0.0559017,0.0701,0.00108033979058772,0.018527660229278417,17.149845253037576,0.0
4,0.44721362,0.1118034,0.0701,0.00108033979058772,0.015134892492679334,14.009381700590462,0.0
5,0.559017,0.1677051,0.0701,0.0012078565728149138,0.0085366280677181,7.067584231316024,0.0
6,0.6708204,0.1677051,0.0701,0.00108033979058772,0.01266880934491558,11.726689561275505,0.0
7,0.7826238,0.22360681,0.0701,0.00108033979058772,0.008409749344610778,7.78435582756399,0.0
