Tile Number, Tile x cohordinate [m], Tile y cohordinate [m], area_m2[m2], Tile z cohordinate [m],absorbedPARTile [umol^s-1],absorbedPARTilem2 [umol m^-2 m^-1],Thermal time[dd]
1,0.1118034,0.0,0.0701,0.00108033979058772,0.0024062506754687777,2.2273091266588856,0.0
2,0.22360681,0.0559017,0.0701,0.0012078565728149138,0.0018816755049274676,1.5578633649707403,0.0
3,0.3354102,0.0559017,0.0701,0.00108033979058772,0.0057366806176725625,5.310070653374462,0.0
4,0.44721362,0.1118034,0.0701,0.00108033979058772,6.153332299759891E-4,0.5695737908915114,0.0
5,0.559017,0.1677051,0.0701,0.0012078565728149138,0.003058433811053862,2.5321167097896167,0.0
6,0.6708204,0.1677051,0.0701,0.00108033979058772,0.0020921707189472012,1.9365858197345773,0.0
7,0.7826238,0.22360681,0.0701,0.00108033979058772,7.83656550865141E-4,0.7253796978437876,0.0
