Tile Number, Tile x cohordinate [m], Tile y cohordinate [m], area_m2[m2], Tile z cohordinate [m],absorbedPARTile [umol^s-1],absorbedPARTilem2 [umol m^-2 m^-1],Thermal time[dd]
1,0.14142136,0.0,0.0701,0.004042135611804359,0.16133030088510514,39.912144563870605,0.0
2,0.28284273,0.07071068,0.0701,0.005716443181545683,0.2676442265513102,46.820062414919555,0.0
3,0.4242641,0.07071068,0.0701,0.004042135611804359,0.13905447905991872,34.4012404368211,0.0
4,0.56568545,0.14142136,0.0701,0.004042135611804359,0.127085125785776,31.440094541767927,0.0
5,0.70710677,0.21213204,0.0701,0.005716443181545683,0.21407556690343224,37.44908505249025,0.0
6,0.8485281,0.21213204,0.0701,0.004042135611804359,0.12966329239801966,32.077917430419795,0.0
7,0.9899494,0.28284273,0.0701,0.004042135611804359,0.1508042318526864,37.30805849568448,0.0
