Tile Number, Tile x cohordinate [m], Tile y cohordinate [m], area_m2[m2], Tile z cohordinate [m],absorbedPARTile [umol^s-1],absorbedPARTilem2 [umol m^-2 m^-1],Thermal time[dd]
1,0.14142136,0.0,0.0701,0.004042135611804359,0.25686465112365725,63.54676730130686,0.0
2,0.28284273,0.07071068,0.0701,0.005716443181545683,0.31816035172180185,55.65704785607153,0.0
3,0.4242641,0.07071068,0.0701,0.004042135611804359,0.2567557672235108,63.51983008034166,0.0
4,0.56568545,0.14142136,0.0701,0.004042135611804359,0.17369943642349248,42.972194182756574,0.0
5,0.70710677,0.21213204,0.0701,0.005716443181545683,0.2838083074812317,49.6477089805504,0.0
6,0.8485281,0.21213204,0.0701,0.004042135611804359,0.16003908959388732,39.592706668851186,0.0
7,0.9899494,0.28284273,0.0701,0.004042135611804359,0.1981721626022339,49.02659921243273,0.0
