Tile Number, Tile x cohordinate [m], Tile y cohordinate [m], area_m2[m2], Tile z cohordinate [m],absorbedPARTile [umol^s-1],absorbedPARTilem2 [umol m^-2 m^-1],Thermal time[dd]
1,0.1118034,0.0,0.0701,0.00108033979058772,0.0019601743019369523,1.814405355624817,0.0
2,0.22360681,0.0559017,0.0701,0.0012078565728149138,0.0018839772934935617,1.5597690453452981,0.0
3,0.3354102,0.0559017,0.0701,0.00108033979058772,0.0049940125036282606,4.6226312750282466,0.0
4,0.44721362,0.1118034,0.0701,0.00108033979058772,0.0037101753947218607,3.434267095451028,0.0
5,0.559017,0.1677051,0.0701,0.0012078565728149138,0.007374225740671181,6.105216386317727,0.0
6,0.6708204,0.1677051,0.0701,0.00108033979058772,0.006226277938072358,5.763258923088611,0.0
7,0.7826238,0.22360681,0.0701,0.00108033979058772,0.003895479714352689,3.605791204111341,0.0
