Tile Number, Tile x cohordinate [m], Tile y cohordinate [m], area_m2[m2], Tile z cohordinate [m],absorbedPARTile [umol^s-1],absorbedPARTilem2 [umol m^-2 m^-1],Thermal time[dd]
1,0.14142136,0.0,0.0701,0.004042135611804359,0.2325590559705099,57.53370948054324,0.0
2,0.28284273,0.07071068,0.0701,0.005716443181545683,0.17436126646283467,30.50170550557081,0.0
3,0.4242641,0.07071068,0.0701,0.004042135611804359,0.10602077693057857,26.22890152942004,0.0
4,0.56568545,0.14142136,0.0701,0.004042135611804359,0.16667952893301644,41.23551135846547,0.0
5,0.70710677,0.21213204,0.0701,0.005716443181545683,0.13212176792529423,23.11258307470302,0.0
6,0.8485281,0.21213204,0.0701,0.004042135611804359,0.16786844232937498,41.529641370552774,0.0
7,0.9899494,0.28284273,0.0701,0.004042135611804359,0.15666559694051743,38.758124908774114,0.0
