Tile Number, Tile x cohordinate [m], Tile y cohordinate [m], area_m2[m2], Tile z cohordinate [m],absorbedPARTile [umol^s-1],absorbedPARTilem2 [umol m^-2 m^-1],Thermal time[dd]
1,0.14142136,0.0,0.0701,0.004042135611804359,0.2199387863252004,54.41153079646985,0.0
2,0.28284273,0.07071068,0.0701,0.005716443181545683,0.23614364815864564,41.30954173059657,0.0
3,0.4242641,0.07071068,0.0701,0.004042135611804359,0.1357971535788099,33.59539773535498,0.0
4,0.56568545,0.14142136,0.0701,0.004042135611804359,0.2052278456853231,50.77213270281942,0.0
5,0.70710677,0.21213204,0.0701,0.005716443181545683,0.42013446193161014,73.4957820079319,0.0
6,0.8485281,0.21213204,0.0701,0.004042135611804359,0.1889069696493149,46.7344462906303,0.0
7,0.9899494,0.28284273,0.0701,0.004042135611804359,0.16106851555207571,39.84738044950865,0.0
