Tile Number, Tile x cohordinate [m], Tile y cohordinate [m], area_m2[m2], Tile z cohordinate [m],absorbedPARTile [umol^s-1],absorbedPARTilem2 [umol m^-2 m^-1],Thermal time[dd]
1,0.1118034,0.0,0.0701,0.00108033979058772,0.002906506862396945,2.6903636131145046,0.0
2,0.22360681,0.0559017,0.0701,0.0012078565728149138,0.0022168449693051213,1.8353544776750743,0.0
3,0.3354102,0.0559017,0.0701,0.00108033979058772,0.0033302165551215967,3.0825640082273673,0.0
4,0.44721362,0.1118034,0.0701,0.00108033979058772,0.006843355496677328,6.334447325090607,0.0
5,0.559017,0.1677051,0.0701,0.0012078565728149138,0.00783616232453366,6.487659628552964,0.0
6,0.6708204,0.1677051,0.0701,0.00108033979058772,0.0022356491746896414,2.069394457343293,0.0
7,0.7826238,0.22360681,0.0701,0.00108033979058772,0.004466949782700353,4.134763730465088,0.0
