Tile Number, Tile x cohordinate [m], Tile y cohordinate [m], area_m2[m2], Tile z cohordinate [m],absorbedPARTile [umol^s-1],absorbedPARTilem2 [umol m^-2 m^-1],Thermal time[dd]
1,0.1118034,0.0,0.0701,0.00108033979058772,5.889841196424938E-4,0.5451841400029136,0.0
2,0.22360681,0.0559017,0.0701,0.0012078565728149138,0.0017441112392704,1.4439721391801867,0.0
3,0.3354102,0.0559017,0.0701,0.00108033979058772,0.002063486470123781,1.9100346836259872,0.0
4,0.44721362,0.1118034,0.0701,0.00108033979058772,3.240675619997905E-4,0.2999681811437244,0.0
5,0.559017,0.1677051,0.0701,0.0012078565728149138,0.0014310329220418852,1.1847705714817267,0.0
6,0.6708204,0.1677051,0.0701,0.00108033979058772,0.002140994528719392,1.9817788323381673,0.0
7,0.7826238,0.22360681,0.0701,0.00108033979058772,0.00167144019651558,1.5471430480277815,0.0
