Tile Number, Tile x cohordinate [m], Tile y cohordinate [m], area_m2[m2], Tile z cohordinate [m],absorbedPARTile [umol^s-1],absorbedPARTilem2 [umol m^-2 m^-1],Thermal time[dd]
1,0.14142136,0.0,0.0701,0.004042135611804359,0.07363175992676735,18.21605383840624,0.0
2,0.28284273,0.07071068,0.0701,0.005716443181545683,0.09220013981025695,16.128934878230826,0.0
3,0.4242641,0.07071068,0.0701,0.004042135611804359,0.029154679231615965,7.212692010251897,0.0
4,0.56568545,0.14142136,0.0701,0.004042135611804359,0.016908984088152373,4.18318080144877,0.0
5,0.70710677,0.21213204,0.0701,0.005716443181545683,0.11866556338662029,20.75863602907954,0.0
6,0.8485281,0.21213204,0.0701,0.004042135611804359,0.09065518390512467,22.427546379290654,0.0
7,0.9899494,0.28284273,0.0701,0.004042135611804359,0.18348608529258728,45.39335215690138,0.0
