Tile Number, Tile x cohordinate [m], Tile y cohordinate [m], area_m2[m2], Tile z cohordinate [m],absorbedPARTile [umol^s-1],absorbedPARTilem2 [umol m^-2 m^-1],Thermal time[dd]
1,0.1118034,0.0,0.0701,0.00108033979058772,0.0024865939494296036,2.301677649100439,0.0
2,0.22360681,0.0559017,0.0701,0.0012078565728149138,0.003958122413182418,3.2769804811824637,0.0
3,0.3354102,0.0559017,0.0701,0.00108033979058772,0.0028157545433399847,2.6063601173184363,0.0
4,0.44721362,0.1118034,0.0701,0.00108033979058772,0.0017500731622909175,1.619928449861921,0.0
5,0.559017,0.1677051,0.0701,0.0012078565728149138,0.0018085860462042618,1.4973516615382123,0.0
6,0.6708204,0.1677051,0.0701,0.00108033979058772,0.00124522581424601,1.152624225354682,0.0
7,0.7826238,0.22360681,0.0701,0.00108033979058772,0.002499017060275737,2.31317691160504,0.0
