Tile Number, Tile x cohordinate [m], Tile y cohordinate [m], area_m2[m2], Tile z cohordinate [m],absorbedPARTile [umol^s-1],absorbedPARTilem2 [umol m^-2 m^-1],Thermal time[dd]
1,0.14142136,0.0,0.0701,0.004042135611804359,0.1083566717707825,26.80678784114653,0.0
2,0.28284273,0.07071068,0.0701,0.005716443181545683,0.08153806656681059,14.263776263890604,0.0
3,0.4242641,0.07071068,0.0701,0.004042135611804359,0.0629299471660766,15.568489830549115,0.0
4,0.56568545,0.14142136,0.0701,0.004042135611804359,0.08574632773757934,21.213124935039783,0.0
5,0.70710677,0.21213204,0.0701,0.005716443181545683,0.14026703773445132,24.537467316612805,0.0
6,0.8485281,0.21213204,0.0701,0.004042135611804359,0.09803155903163911,24.252417149329396,0.0
7,0.9899494,0.28284273,0.0701,0.004042135611804359,0.04210419417917253,10.416323998683888,0.0
