Tile Number, Tile x cohordinate [m], Tile y cohordinate [m], area_m2[m2], Tile z cohordinate [m],absorbedPARTile [umol^s-1],absorbedPARTilem2 [umol m^-2 m^-1],Thermal time[dd]
1,0.14142136,0.0,0.0701,0.004042135611804359,0.11576176915283203,28.63876432417798,0.0
2,0.28284273,0.07071068,0.0701,0.005716443181545683,0.31081068514251714,54.37134163178655,0.0
3,0.4242641,0.07071068,0.0701,0.004042135611804359,0.1352760824243164,33.46648787073495,0.0
4,0.56568545,0.14142136,0.0701,0.004042135611804359,0.08112004700992584,20.068610952346265,0.0
5,0.70710677,0.21213204,0.0701,0.005716443181545683,0.12960306391129495,22.671976226351866,0.0
6,0.8485281,0.21213204,0.0701,0.004042135611804359,0.05690368282907486,14.077628336589568,0.0
7,0.9899494,0.28284273,0.0701,0.004042135611804359,0.054631685388832084,13.515549856687063,0.0
