Tile Number, Tile x cohordinate [m], Tile y cohordinate [m], area_m2[m2], Tile z cohordinate [m],absorbedPARTile [umol^s-1],absorbedPARTilem2 [umol m^-2 m^-1],Thermal time[dd]
1,0.1118034,0.0,0.0701,0.00108033979058772,0.0013683992146366183,1.2666377991059554,0.0
2,0.22360681,0.0559017,0.0701,0.0012078565728149138,0.0029423288761661207,2.4359919400935275,0.0
3,0.3354102,0.0559017,0.0701,0.00108033979058772,6.357251754582559E-4,0.5884492832689356,0.0
4,0.44721362,0.1118034,0.0701,0.00108033979058772,0.002463862418681555,2.2806365554129777,0.0
5,0.559017,0.1677051,0.0701,0.0012078565728149138,0.0026072474187868624,2.1585736895156877,0.0
6,0.6708204,0.1677051,0.0701,0.00108033979058772,0.001447616362721161,1.3399639403577253,0.0
7,0.7826238,0.22360681,0.0701,0.00108033979058772,0.004888431600861302,4.5249019275703315,0.0
