Tile Number, Tile x cohordinate [m], Tile y cohordinate [m], area_m2[m2], Tile z cohordinate [m],absorbedPARTile [umol^s-1],absorbedPARTilem2 [umol m^-2 m^-1],Thermal time[dd]
1,0.14142136,0.0,0.0701,0.004042135611804359,0.09504265151872873,23.512979436210173,0.0
2,0.28284273,0.07071068,0.0701,0.005716443181545683,0.12771748312248232,22.34212412620333,0.0
3,0.4242641,0.07071068,0.0701,0.004042135611804359,0.0583744806216538,14.441494850192854,0.0
4,0.56568545,0.14142136,0.0701,0.004042135611804359,0.12329915281707766,30.50346763651466,0.0
5,0.70710677,0.21213204,0.0701,0.005716443181545683,0.14617523124687198,25.5710109598863,0.0
6,0.8485281,0.21213204,0.0701,0.004042135611804359,0.03239688154284715,8.014793330594266,0.0
7,0.9899494,0.28284273,0.0701,0.004042135611804359,0.056031515474131696,13.861859387028314,0.0
