Tile Number, Tile x cohordinate [m], Tile y cohordinate [m], area_m2[m2], Tile z cohordinate [m],absorbedPARTile [umol^s-1],absorbedPARTilem2 [umol m^-2 m^-1],Thermal time[dd]
1,0.1118034,0.0,0.0701,0.00108033979058772,0.0012987471575540259,1.2021654380123215,0.0
2,0.22360681,0.0559017,0.0701,0.0012078565728149138,0.001517567812534722,1.256413920899586,0.0
3,0.3354102,0.0559017,0.0701,0.00108033979058772,0.002107264253834678,1.9505569194006052,0.0
4,0.44721362,0.1118034,0.0701,0.00108033979058772,0.0031649202092098733,2.92955997435595,0.0
5,0.559017,0.1677051,0.0701,0.0012078565728149138,0.001034804278776093,0.8567277788326126,0.0
6,0.6708204,0.1677051,0.0701,0.00108033979058772,7.052274559779477E-4,0.6527830059784192,0.0
7,0.7826238,0.22360681,0.0701,0.00108033979058772,0.00211988525726665,1.9622393581499047,0.0
