Tile Number, Tile x cohordinate [m], Tile y cohordinate [m], area_m2[m2], Tile z cohordinate [m],absorbedPARTile [umol^s-1],absorbedPARTilem2 [umol m^-2 m^-1],Thermal time[dd]
1,0.1118034,0.0,0.0701,0.00108033979058772,3.669571036491077E-4,0.3396682292424663,0.0
2,0.22360681,0.0559017,0.0701,0.0012078565728149138,8.3383831352619E-4,0.6903454700610082,0.0
3,0.3354102,0.0559017,0.0701,0.00108033979058772,6.541835793132737E-4,0.6055350224186307,0.0
4,0.44721362,0.1118034,0.0701,0.00108033979058772,0.0027595372799188085,2.554323467450534,0.0
5,0.559017,0.1677051,0.0701,0.0012078565728149138,0.0017324535511803532,1.4343205891928579,0.0
6,0.6708204,0.1677051,0.0701,0.00108033979058772,0.011683532871060985,10.814683466120396,0.0
7,0.7826238,0.22360681,0.0701,0.00108033979058772,0.001530650138122226,1.4168228842978476,0.0
