Tile Number, Tile x cohordinate [m], Tile y cohordinate [m], area_m2[m2], Tile z cohordinate [m],absorbedPARTile [umol^s-1],absorbedPARTilem2 [umol m^-2 m^-1],Thermal time[dd]
1,0.1118034,0.0,0.0701,0.00108033979058772,9.6364798880147E-4,0.8919860188406391,0.0
2,0.22360681,0.0559017,0.0701,0.0012078565728149138,0.00480549680661699,3.9785326459893855,0.0
3,0.3354102,0.0559017,0.0701,0.00108033979058772,0.0023603405194789285,2.184813093105522,0.0
4,0.44721362,0.1118034,0.0701,0.00108033979058772,0.0046021986744211865,4.259954798033983,0.0
5,0.559017,0.1677051,0.0701,0.0012078565728149138,0.0043950864982494455,3.6387486703050196,0.0
6,0.6708204,0.1677051,0.0701,0.00108033979058772,0.020498276210028116,18.973915788917456,0.0
7,0.7826238,0.22360681,0.0701,0.00108033979058772,0.007704679403332981,7.131718622658088,0.0
