Tile Number, Tile x cohordinate [m], Tile y cohordinate [m], area_m2[m2], Tile z cohordinate [m],absorbedPARTile [umol^s-1],absorbedPARTilem2 [umol m^-2 m^-1],Thermal time[dd]
1,0.1118034,0.0,0.0701,0.00108033979058772,0.002559139160102711,2.3688280135553494,0.0
2,0.22360681,0.0559017,0.0701,0.0012078565728149138,0.0019729975124781586,1.6334700302040674,0.0
3,0.3354102,0.0559017,0.0701,0.00108033979058772,0.01997458258896739,18.48916680010549,0.0
4,0.44721362,0.1118034,0.0701,0.00108033979058772,0.013519427493484896,12.51405123764824,0.0
5,0.559017,0.1677051,0.0701,0.0012078565728149138,0.0036052370608915902,2.9848221568969677,0.0
6,0.6708204,0.1677051,0.0701,0.00108033979058772,0.0013693241812085112,1.2674939802629872,0.0
7,0.7826238,0.22360681,0.0701,0.00108033979058772,0.008081619707174649,7.480627648434697,0.0
