Tile Number, Tile x cohordinate [m], Tile y cohordinate [m], area_m2[m2], Tile z cohordinate [m],absorbedPARTile [umol^s-1],absorbedPARTilem2 [umol m^-2 m^-1],Thermal time[dd]
1,0.1118034,0.0,0.0701,0.00108033979058772,0.0010333885661651364,0.9565403173782562,0.0
2,0.22360681,0.0559017,0.0701,0.0012078565728149138,0.0022326758125882193,1.8484610365491996,0.0
3,0.3354102,0.0559017,0.0701,0.00108033979058772,0.0012717860920694116,1.1772093401998478,0.0
4,0.44721362,0.1118034,0.0701,0.00108033979058772,0.0025837445936489098,2.3916036567007466,0.0
5,0.559017,0.1677051,0.0701,0.0012078565728149138,0.0031292064651950854,2.5907103008947985,0.0
6,0.6708204,0.1677051,0.0701,0.00108033979058772,0.003731696121371134,3.454187426847473,0.0
7,0.7826238,0.22360681,0.0701,0.00108033979058772,6.366619671733081E-4,0.5893164101888306,0.0
