Tile Number, Tile x cohordinate [m], Tile y cohordinate [m], area_m2[m2], Tile z cohordinate [m],absorbedPARTile [umol^s-1],absorbedPARTilem2 [umol m^-2 m^-1],Thermal time[dd]
1,0.14142136,0.0,0.0701,0.004042135611804359,0.053871385076212884,13.327456139494876,0.0
2,0.28284273,0.07071068,0.0701,0.005716443181545683,0.08848845570414543,15.479635307110465,0.0
3,0.4242641,0.07071068,0.0701,0.004042135611804359,0.020309996599383425,5.0245708085774226,0.0
4,0.56568545,0.14142136,0.0701,0.004042135611804359,0.022580769326017325,5.586346301710929,0.0
5,0.70710677,0.21213204,0.0701,0.005716443181545683,0.05857523695140422,10.246797718641178,0.0
6,0.8485281,0.21213204,0.0701,0.004042135611804359,0.0415981597128994,10.291134120146577,0.0
7,0.9899494,0.28284273,0.0701,0.004042135611804359,0.027762601374856942,6.868300334551136,0.0
