Tile Number, Tile x cohordinate [m], Tile y cohordinate [m], area_m2[m2], Tile z cohordinate [m],absorbedPARTile [umol^s-1],absorbedPARTilem2 [umol m^-2 m^-1],Thermal time[dd]
1,0.1118034,0.0,0.0701,0.00108033979058772,0.004673049963119207,4.325537209526461,0.0
2,0.22360681,0.0559017,0.0701,0.0012078565728149138,0.012853943315070305,10.64194508219974,0.0
3,0.3354102,0.0559017,0.0701,0.00108033979058772,0.0015326583706254877,1.418681773992329,0.0
4,0.44721362,0.1118034,0.0701,0.00108033979058772,0.007723363410159367,7.149013187746931,0.0
5,0.559017,0.1677051,0.0701,0.0012078565728149138,0.008655948386408376,7.1663710586395695,0.0
6,0.6708204,0.1677051,0.0701,0.00108033979058772,0.012726263322899892,11.779870957059378,0.0
7,0.7826238,0.22360681,0.0701,0.00108033979058772,0.011961480928928854,11.071961833805679,0.0
