Tile Number, Tile x cohordinate [m], Tile y cohordinate [m], area_m2[m2], Tile z cohordinate [m],absorbedPARTile [umol^s-1],absorbedPARTilem2 [umol m^-2 m^-1],Thermal time[dd]
1,0.1118034,0.0,0.0701,0.00108033979058772,0.0025684699246796287,2.3774648930429056,0.0
2,0.22360681,0.0559017,0.0701,0.0012078565728149138,0.003481848442082871,2.882667131552227,0.0
3,0.3354102,0.0559017,0.0701,0.00108033979058772,0.00677461557164501,6.270819265075412,0.0
4,0.44721362,0.1118034,0.0701,0.00108033979058772,0.01258225133080618,11.646568459689206,0.0
5,0.559017,0.1677051,0.0701,0.0012078565728149138,0.008393615803613962,6.949182537503283,0.0
6,0.6708204,0.1677051,0.0701,0.00108033979058772,0.006120091534783827,5.664969103335916,0.0
7,0.7826238,0.22360681,0.0701,0.00108033979058772,0.0040049921905149066,3.707159752336934,0.0
