Tile Number, Tile x cohordinate [m], Tile y cohordinate [m], area_m2[m2], Tile z cohordinate [m],absorbedPARTile [umol^s-1],absorbedPARTilem2 [umol m^-2 m^-1],Thermal time[dd]
1,0.1118034,0.0,0.0701,0.00108033979058772,0.0066253618627651785,6.132664852750531,0.0
2,0.22360681,0.0559017,0.0701,0.0012078565728149138,0.003554496888996759,2.942813715632637,0.0
3,0.3354102,0.0559017,0.0701,0.00108033979058772,0.002462264204070628,2.2791571925080367,0.0
4,0.44721362,0.1118034,0.0701,0.00108033979058772,0.004415867907729233,4.087480574354241,0.0
5,0.559017,0.1677051,0.0701,0.0012078565728149138,0.00311376927717682,2.5779296542802017,0.0
6,0.6708204,0.1677051,0.0701,0.00108033979058772,0.004154454621073732,3.8455073646909277,0.0
7,0.7826238,0.22360681,0.0701,0.00108033979058772,0.002261590554010193,2.0934066982572737,0.0
