Tile Number, Tile x cohordinate [m], Tile y cohordinate [m], area_m2[m2], Tile z cohordinate [m],absorbedPARTile [umol^s-1],absorbedPARTilem2 [umol m^-2 m^-1],Thermal time[dd]
1,0.14142136,0.0,0.0701,0.004042135611804359,0.10756458492994309,26.61083032835892,0.0
2,0.28284273,0.07071068,0.0701,0.005716443181545683,0.11644330161214671,20.369886993377115,0.0
3,0.4242641,0.07071068,0.0701,0.004042135611804359,0.11700500350929895,28.94633301455944,0.0
4,0.56568545,0.14142136,0.0701,0.004042135611804359,0.057074973696990446,14.120004665433004,0.0
5,0.70710677,0.21213204,0.0701,0.005716443181545683,0.10526686323593458,18.414748453333043,0.0
6,0.8485281,0.21213204,0.0701,0.004042135611804359,0.10553958682767493,26.109857996714606,0.0
7,0.9899494,0.28284273,0.0701,0.004042135611804359,0.08260046822371682,20.434858242384646,0.0
