Tile Number, Tile x cohordinate [m], Tile y cohordinate [m], area_m2[m2], Tile z cohordinate [m],absorbedPARTile [umol^s-1],absorbedPARTilem2 [umol m^-2 m^-1],Thermal time[dd]
1,0.1118034,0.0,0.0701,0.00108033979058772,4.1679421991150264E-4,0.3857991934970393,0.0
2,0.22360681,0.0559017,0.0701,0.0012078565728149138,0.001105617875750588,0.9153552670363352,0.0
3,0.3354102,0.0559017,0.0701,0.00108033979058772,0.004774021965054659,4.419000398437166,0.0
4,0.44721362,0.1118034,0.0701,0.00108033979058772,4.92303183988055E-4,0.45569291095002173,0.0
5,0.559017,0.1677051,0.0701,0.0012078565728149138,0.0028046435992952912,2.322000527561861,0.0
6,0.6708204,0.1677051,0.0701,0.00108033979058772,0.001140769412538858,1.0559357551000352,0.0
7,0.7826238,0.22360681,0.0701,0.00108033979058772,0.0036154315709256883,3.3465689243555894,0.0
