Tile Number, Tile x cohordinate [m], Tile y cohordinate [m], area_m2[m2], Tile z cohordinate [m],absorbedPARTile [umol^s-1],absorbedPARTilem2 [umol m^-2 m^-1],Thermal time[dd]
1,0.1118034,0.0,0.0701,0.00108033979058772,0.00560411736557127,5.187365507034182,0.0
2,0.22360681,0.0559017,0.0701,0.0012078565728149138,0.005569485694414258,4.61104887762837,0.0
3,0.3354102,0.0559017,0.0701,0.00108033979058772,0.0016609270982417463,1.5374117594411465,0.0
4,0.44721362,0.1118034,0.0701,0.00108033979058772,0.006932040946594067,6.416537655086221,0.0
5,0.559017,0.1677051,0.0701,0.0012078565728149138,0.0062080396701641545,5.1397159314175,0.0
6,0.6708204,0.1677051,0.0701,0.00108033979058772,0.0037778221542209478,3.496883283513754,0.0
7,0.7826238,0.22360681,0.0701,0.00108033979058772,0.0010082582958260485,0.9332788670845327,0.0
