Tile Number, Tile x cohordinate [m], Tile y cohordinate [m], area_m2[m2], Tile z cohordinate [m],absorbedPARTile [umol^s-1],absorbedPARTilem2 [umol m^-2 m^-1],Thermal time[dd]
1,0.14142136,0.0,0.0701,0.004042135611804359,0.04430207312545789,10.960066009680954,0.0
2,0.28284273,0.07071068,0.0701,0.005716443181545683,0.26243986665089925,45.90964316729857,0.0
3,0.4242641,0.07071068,0.0701,0.004042135611804359,0.14260644861305855,35.27997630673276,0.0
4,0.56568545,0.14142136,0.0701,0.004042135611804359,0.10841405737569332,26.820984694102982,0.0
5,0.70710677,0.21213204,0.0701,0.005716443181545683,0.12574865554612477,21.99770933647648,0.0
6,0.8485281,0.21213204,0.0701,0.004042135611804359,0.021748028518829336,5.3803312425535585,0.0
7,0.9899494,0.28284273,0.0701,0.004042135611804359,0.13056959609552227,32.30213150548841,0.0
