Tile Number, Tile x cohordinate [m], Tile y cohordinate [m], area_m2[m2], Tile z cohordinate [m],absorbedPARTile [umol^s-1],absorbedPARTilem2 [umol m^-2 m^-1],Thermal time[dd]
1,0.14142136,0.0,0.0701,0.004042135611804359,0.10604075894568762,26.233844959583713,0.0
2,0.28284273,0.07071068,0.0701,0.005716443181545683,0.19160281399599713,33.51783756279533,0.0
3,0.4242641,0.07071068,0.0701,0.004042135611804359,0.17901074932221575,44.286180997848206,0.0
4,0.56568545,0.14142136,0.0701,0.004042135611804359,0.11106266569228171,27.47623443605958,0.0
5,0.70710677,0.21213204,0.0701,0.005716443181545683,0.22633438056513464,39.59356777931545,0.0
6,0.8485281,0.21213204,0.0701,0.004042135611804359,0.07254527155659696,17.947263160775954,0.0
7,0.9899494,0.28284273,0.0701,0.004042135611804359,0.10649193199937294,26.345462455139216,0.0
