Tile Number, Tile x cohordinate [m], Tile y cohordinate [m], area_m2[m2], Tile z cohordinate [m],absorbedPARTile [umol^s-1],absorbedPARTilem2 [umol m^-2 m^-1],Thermal time[dd]
1,0.14142136,0.0,0.0701,0.004042135611804359,0.28620046755523687,70.80427156363527,0.0
2,0.28284273,0.07071068,0.0701,0.005716443181545683,0.3719363034881592,65.06428764810892,0.0
3,0.4242641,0.07071068,0.0701,0.004042135611804359,0.3179890200384522,78.66856794953146,0.0
4,0.56568545,0.14142136,0.0701,0.004042135611804359,0.2539294924334717,62.820626723139725,0.0
5,0.70710677,0.21213204,0.0701,0.005716443181545683,0.29501415509521484,51.60799219479782,0.0
6,0.8485281,0.21213204,0.0701,0.004042135611804359,0.2664485171031189,65.91775801014741,0.0
7,0.9899494,0.28284273,0.0701,0.004042135611804359,0.20065057645004272,49.639743868087294,0.0
