Tile Number, Tile x cohordinate [m], Tile y cohordinate [m], area_m2[m2], Tile z cohordinate [m],absorbedPARTile [umol^s-1],absorbedPARTilem2 [umol m^-2 m^-1],Thermal time[dd]
1,0.1118034,0.0,0.0701,0.00108033979058772,0.001531881689461224,1.4179628509543825,0.0
2,0.22360681,0.0559017,0.0701,0.0012078565728149138,0.006127175230416949,5.072767221142446,0.0
3,0.3354102,0.0559017,0.0701,0.00108033979058772,0.0010744066582399955,0.9945080868080433,0.0
4,0.44721362,0.1118034,0.0701,0.00108033979058772,0.002160606677465043,1.9999325177957603,0.0
5,0.559017,0.1677051,0.0701,0.0012078565728149138,0.013993198681514716,11.58514926064733,0.0
6,0.6708204,0.1677051,0.0701,0.00108033979058772,0.0014254438346124134,1.3194402789116488,0.0
7,0.7826238,0.22360681,0.0701,0.00108033979058772,0.007288368403315495,6.746366714263593,0.0
