Tile Number, Tile x cohordinate [m], Tile y cohordinate [m], area_m2[m2], Tile z cohordinate [m],absorbedPARTile [umol^s-1],absorbedPARTilem2 [umol m^-2 m^-1],Thermal time[dd]
1,0.14142136,0.0,0.0701,0.004042135611804359,0.16050584515170255,39.70817918205736,0.0
2,0.28284273,0.07071068,0.0701,0.005716443181545683,0.041272340711939096,7.219933689742258,0.0
3,0.4242641,0.07071068,0.0701,0.004042135611804359,0.05009364762251974,12.39286665104206,0.0
4,0.56568545,0.14142136,0.0701,0.004042135611804359,0.043487060664309324,10.758436836535832,0.0
5,0.70710677,0.21213204,0.0701,0.005716443181545683,0.10488234311153477,18.347482828155282,0.0
6,0.8485281,0.21213204,0.0701,0.004042135611804359,0.19495150887467066,48.22982888187829,0.0
7,0.9899494,0.28284273,0.0701,0.004042135611804359,0.0657326373398212,16.26185849575664,0.0
