Tile Number, Tile x cohordinate [m], Tile y cohordinate [m], area_m2[m2], Tile z cohordinate [m],absorbedPARTile [umol^s-1],absorbedPARTilem2 [umol m^-2 m^-1],Thermal time[dd]
1,0.1118034,0.0,0.0701,0.00108033979058772,0.00780205721453992,7.221854903905272,0.0
2,0.22360681,0.0559017,0.0701,0.0012078565728149138,0.007272792543092499,6.021238536743838,0.0
3,0.3354102,0.0559017,0.0701,0.00108033979058772,0.014176987581843416,13.122711674010393,0.0
4,0.44721362,0.1118034,0.0701,0.00108033979058772,0.009316074400509591,8.623281750495849,0.0
5,0.559017,0.1677051,0.0701,0.0012078565728149138,0.01538853722893462,12.74036800004456,0.0
6,0.6708204,0.1677051,0.0701,0.00108033979058772,0.006687507908570834,6.190189389333458,0.0
7,0.7826238,0.22360681,0.0701,0.00108033979058772,0.0077087559291576565,7.135491996424556,0.0
