Tile Number, Tile x cohordinate [m], Tile y cohordinate [m], area_m2[m2], Tile z cohordinate [m],absorbedPARTile [umol^s-1],absorbedPARTilem2 [umol m^-2 m^-1],Thermal time[dd]
1,0.14142136,0.0,0.0701,0.004042135611804359,0.15386110425726576,38.064310313573095,0.0
2,0.28284273,0.07071068,0.0701,0.005716443181545683,0.14036625704323452,24.554824142462753,0.0
3,0.4242641,0.07071068,0.0701,0.004042135611804359,0.16858873991495768,41.70783865405786,0.0
4,0.56568545,0.14142136,0.0701,0.004042135611804359,0.12358738886708817,30.574775498915113,0.0
5,0.70710677,0.21213204,0.0701,0.005716443181545683,0.32306134733352665,56.51439838962474,0.0
6,0.8485281,0.21213204,0.0701,0.004042135611804359,0.21536531024061842,53.280080364370065,0.0
7,0.9899494,0.28284273,0.0701,0.004042135611804359,0.14210816855804123,35.15670482282654,0.0
