Tile Number, Tile x cohordinate [m], Tile y cohordinate [m], area_m2[m2], Tile z cohordinate [m],absorbedPARTile [umol^s-1],absorbedPARTilem2 [umol m^-2 m^-1],Thermal time[dd]
1,0.14142136,0.0,0.0701,0.004042135611804359,0.11373502727940876,28.1373605940546,0.0
2,0.28284273,0.07071068,0.0701,0.005716443181545683,0.1340342898411433,23.447148092688895,0.0
3,0.4242641,0.07071068,0.0701,0.004042135611804359,0.0463782430274407,11.473697936308977,0.0
4,0.56568545,0.14142136,0.0701,0.004042135611804359,0.07086207871650856,17.53085139191473,0.0
5,0.70710677,0.21213204,0.0701,0.005716443181545683,0.22786054321595828,39.86054544398472,0.0
6,0.8485281,0.21213204,0.0701,0.004042135611804359,0.1344517104530414,33.26254321116748,0.0
7,0.9899494,0.28284273,0.0701,0.004042135611804359,0.12165843440141728,30.09756378438537,0.0
