Tile Number, Tile x cohordinate [m], Tile y cohordinate [m], area_m2[m2], Tile z cohordinate [m],absorbedPARTile [umol^s-1],absorbedPARTilem2 [umol m^-2 m^-1],Thermal time[dd]
1,0.14142136,0.0,0.0701,0.004042135611804359,0.12230622130905153,30.257822362979933,0.0
2,0.28284273,0.07071068,0.0701,0.005716443181545683,0.10656960783058168,18.64264271437507,0.0
3,0.4242641,0.07071068,0.0701,0.004042135611804359,0.07046537380542756,17.43270898671623,0.0
4,0.56568545,0.14142136,0.0701,0.004042135611804359,0.04022273491302192,9.950862310398088,0.0
5,0.70710677,0.21213204,0.0701,0.005716443181545683,0.18692520039718633,32.69956412767898,0.0
6,0.8485281,0.21213204,0.0701,0.004042135611804359,0.09456641106601714,23.3951604171449,0.0
7,0.9899494,0.28284273,0.0701,0.004042135611804359,0.053489920901970855,13.233084200778118,0.0
