Tile Number, Tile x cohordinate [m], Tile y cohordinate [m], area_m2[m2], Tile z cohordinate [m],absorbedPARTile [umol^s-1],absorbedPARTilem2 [umol m^-2 m^-1],Thermal time[dd]
1,0.14142136,0.0,0.0701,0.004042135611804359,0.0676155067112267,16.72766903558784,0.0
2,0.28284273,0.07071068,0.0701,0.005716443181545683,0.05561622475474676,9.729166019578726,0.0
3,0.4242641,0.07071068,0.0701,0.004042135611804359,0.09488159770040512,23.473135691766448,0.0
4,0.56568545,0.14142136,0.0701,0.004042135611804359,0.05634962203267819,13.940557033296667,0.0
5,0.70710677,0.21213204,0.0701,0.005716443181545683,0.21366398759520844,37.377085857334684,0.0
6,0.8485281,0.21213204,0.0701,0.004042135611804359,0.1101523572998504,27.251029623590423,0.0
7,0.9899494,0.28284273,0.0701,0.004042135611804359,0.10972301651167671,27.144813299002035,0.0
