Tile Number, Tile x cohordinate [m], Tile y cohordinate [m], area_m2[m2], Tile z cohordinate [m],absorbedPARTile [umol^s-1],absorbedPARTilem2 [umol m^-2 m^-1],Thermal time[dd]
1,0.1118034,0.0,0.0701,0.00108033979058772,5.151296433205369E-4,0.47682187382943586,0.0
2,0.22360681,0.0559017,0.0701,0.0012078565728149138,0.005386311854208256,4.459396898139518,0.0
3,0.3354102,0.0559017,0.0701,0.00108033979058772,0.0022974936309898835,2.126639832214284,0.0
4,0.44721362,0.1118034,0.0701,0.00108033979058772,0.001377963514576156,1.275490847029271,0.0
5,0.559017,0.1677051,0.0701,0.0012078565728149138,0.002279685157883327,1.887380678461279,0.0
6,0.6708204,0.1677051,0.0701,0.00108033979058772,0.001248845101358726,1.1559743631023134,0.0
7,0.7826238,0.22360681,0.0701,0.00108033979058772,0.002278383635535974,2.108950957269195,0.0
