Tile Number, Tile x cohordinate [m], Tile y cohordinate [m], area_m2[m2], Tile z cohordinate [m],absorbedPARTile [umol^s-1],absorbedPARTilem2 [umol m^-2 m^-1],Thermal time[dd]
1,0.1118034,0.0,0.0701,0.00108033979058772,0.009117803993152802,8.439755781088643,0.0
2,0.22360681,0.0559017,0.0701,0.0012078565728149138,0.006333846315684216,5.243872872193067,0.0
3,0.3354102,0.0559017,0.0701,0.00108033979058772,0.0074915827476694785,6.934468963319358,0.0
4,0.44721362,0.1118034,0.0701,0.00108033979058772,0.0031674081173350297,2.9318628684517076,0.0
5,0.559017,0.1677051,0.0701,0.0012078565728149138,0.004394810187996614,3.638519909490987,0.0
6,0.6708204,0.1677051,0.0701,0.00108033979058772,0.002498469354250886,2.3126699359020035,0.0
7,0.7826238,0.22360681,0.0701,0.00108033979058772,0.00753000374058696,6.970032767644829,0.0
