Tile Number, Tile x cohordinate [m], Tile y cohordinate [m], area_m2[m2], Tile z cohordinate [m],absorbedPARTile [umol^s-1],absorbedPARTilem2 [umol m^-2 m^-1],Thermal time[dd]
1,0.14142136,0.0,0.0701,0.004042135611804359,0.12124027247155506,29.994113042000315,0.0
2,0.28284273,0.07071068,0.0701,0.005716443181545683,0.3322638503804525,58.12422862053373,0.0
3,0.4242641,0.07071068,0.0701,0.004042135611804359,0.12938097816470462,32.008074589795996,0.0
4,0.56568545,0.14142136,0.0701,0.004042135611804359,0.1987826413111369,49.17762796741072,0.0
5,0.70710677,0.21213204,0.0701,0.005716443181545683,0.12389238794638316,21.672985108352567,0.0
6,0.8485281,0.21213204,0.0701,0.004042135611804359,0.13455240585475564,33.28745464694914,0.0
7,0.9899494,0.28284273,0.0701,0.004042135611804359,0.19918668437914852,49.27758578842783,0.0
