Tile Number, Tile x cohordinate [m], Tile y cohordinate [m], area_m2[m2], Tile z cohordinate [m],absorbedPARTile [umol^s-1],absorbedPARTilem2 [umol m^-2 m^-1],Thermal time[dd]
1,0.14142136,0.0,0.0701,0.004042135611804359,0.029483416225367116,7.294019562150732,0.0
2,0.28284273,0.07071068,0.0701,0.005716443181545683,0.1374368076757622,24.042363985956793,0.0
3,0.4242641,0.07071068,0.0701,0.004042135611804359,0.043232604543956187,10.695485925237843,0.0
4,0.56568545,0.14142136,0.0701,0.004042135611804359,0.026247563063022495,6.493488982994785,0.0
5,0.70710677,0.21213204,0.0701,0.005716443181545683,0.029657253988329767,5.18806066052959,0.0
6,0.8485281,0.21213204,0.0701,0.004042135611804359,0.03217497952645842,7.959896108506836,0.0
7,0.9899494,0.28284273,0.0701,0.004042135611804359,0.1030672518882084,25.498217226363774,0.0
