Tile Number, Tile x cohordinate [m], Tile y cohordinate [m], area_m2[m2], Tile z cohordinate [m],absorbedPARTile [umol^s-1],absorbedPARTilem2 [umol m^-2 m^-1],Thermal time[dd]
1,0.14142136,0.0,0.0701,0.004042135611804359,0.10341755766007901,25.58488076403619,0.0
2,0.28284273,0.07071068,0.0701,0.005716443181545683,0.17748698210181968,31.048499296695283,0.0
3,0.4242641,0.07071068,0.0701,0.004042135611804359,0.12535333754327,31.011660563093727,0.0
4,0.56568545,0.14142136,0.0701,0.004042135611804359,0.13201867845501306,32.66062575176233,0.0
5,0.70710677,0.21213204,0.0701,0.005716443181545683,0.1532532061528484,26.80918908589762,0.0
6,0.8485281,0.21213204,0.0701,0.004042135611804359,0.06270818563873289,15.5136273646051,0.0
7,0.9899494,0.28284273,0.0701,0.004042135611804359,0.05875712557029996,14.536158905384054,0.0
