Tile Number, Tile x cohordinate [m], Tile y cohordinate [m], area_m2[m2], Tile z cohordinate [m],absorbedPARTile [umol^s-1],absorbedPARTilem2 [umol m^-2 m^-1],Thermal time[dd]
1,0.14142136,0.0,0.0701,0.004042135611804359,0.12180084977064136,30.132796488802356,0.0
2,0.28284273,0.07071068,0.0701,0.005716443181545683,0.06866919564243953,12.01257380885432,0.0
3,0.4242641,0.07071068,0.0701,0.004042135611804359,0.12941118704306084,32.01554808431904,0.0
4,0.56568545,0.14142136,0.0701,0.004042135611804359,0.06070424377478594,15.017864219475882,0.0
5,0.70710677,0.21213204,0.0701,0.005716443181545683,0.17929217767143252,31.364289292726472,0.0
6,0.8485281,0.21213204,0.0701,0.004042135611804359,0.03406262538541222,8.426888322583292,0.0
7,0.9899494,0.28284273,0.0701,0.004042135611804359,0.030164237002136208,7.462450520968856,0.0
