Tile Number, Tile x cohordinate [m], Tile y cohordinate [m], area_m2[m2], Tile z cohordinate [m],absorbedPARTile [umol^s-1],absorbedPARTilem2 [umol m^-2 m^-1],Thermal time[dd]
1,0.1118034,0.0,0.0701,0.00108033979058772,0.005198650363244423,4.812051179209353,0.0
2,0.22360681,0.0559017,0.0701,0.0012078565728149138,0.01918171049950476,15.880784963401508,0.0
3,0.3354102,0.0559017,0.0701,0.00108033979058772,0.01123229034416837,10.396997724260297,0.0
4,0.44721362,0.1118034,0.0701,0.00108033979058772,0.00836871258933505,7.74637078282783,0.0
5,0.559017,0.1677051,0.0701,0.0012078565728149138,0.020166121440593737,16.69579144947361,0.0
6,0.6708204,0.1677051,0.0701,0.00108033979058772,0.004323726267122375,4.002191074319505,0.0
7,0.7826238,0.22360681,0.0701,0.00108033979058772,0.009983299303340428,9.240888274520902,0.0
