Tile Number, Tile x cohordinate [m], Tile y cohordinate [m], area_m2[m2], Tile z cohordinate [m],absorbedPARTile [umol^s-1],absorbedPARTilem2 [umol m^-2 m^-1],Thermal time[dd]
1,0.1118034,0.0,0.0701,0.00108033979058772,0.0025008519142437164,2.314875316110701,0.0
2,0.22360681,0.0559017,0.0701,0.0012078565728149138,0.004939889693124853,4.089798246171251,0.0
3,0.3354102,0.0559017,0.0701,0.00108033979058772,0.005218027001659057,4.829986868131902,0.0
4,0.44721362,0.1118034,0.0701,0.00108033979058772,0.0015668250286115703,1.4503076182718362,0.0
5,0.559017,0.1677051,0.0701,0.0012078565728149138,0.006603857981047321,5.467419004606654,0.0
6,0.6708204,0.1677051,0.0701,0.00108033979058772,0.003478056352081327,3.2194096546135875,0.0
7,0.7826238,0.22360681,0.0701,0.00108033979058772,0.005708807714057007,5.284270526545482,0.0
