Tile Number, Tile x cohordinate [m], Tile y cohordinate [m], area_m2[m2], Tile z cohordinate [m],absorbedPARTile [umol^s-1],absorbedPARTilem2 [umol m^-2 m^-1],Thermal time[dd]
1,0.1118034,0.0,0.0701,0.00108033979058772,0.010032542713067681,9.28646968340381,0.0
2,0.22360681,0.0559017,0.0701,0.0012078565728149138,0.011246860383612202,9.31142044241342,0.0
3,0.3354102,0.0559017,0.0701,0.00108033979058772,0.009168010671525123,8.486228824856665,0.0
4,0.44721362,0.1118034,0.0701,0.00108033979058772,0.0026114125634638754,2.417214089692309,0.0
5,0.559017,0.1677051,0.0701,0.0012078565728149138,0.008424898136906746,6.975081583794749,0.0
6,0.6708204,0.1677051,0.0701,0.00108033979058772,0.0035707870992735245,3.3052444521468254,0.0
7,0.7826238,0.22360681,0.0701,0.00108033979058772,0.0043073869911541786,3.987066873479593,0.0
