Tile Number, Tile x cohordinate [m], Tile y cohordinate [m], area_m2[m2], Tile z cohordinate [m],absorbedPARTile [umol^s-1],absorbedPARTilem2 [umol m^-2 m^-1],Thermal time[dd]
1,0.1118034,0.0,0.0701,0.00108033979058772,0.002384610271644909,2.207278017916611,0.0
2,0.22360681,0.0559017,0.0701,0.0012078565728149138,0.005404809414957371,4.474711266720555,0.0
3,0.3354102,0.0559017,0.0701,0.00108033979058772,0.004350129560434516,4.026630878853388,0.0
4,0.44721362,0.1118034,0.0701,0.00108033979058772,0.005752345778745517,5.324570870074276,0.0
5,0.559017,0.1677051,0.0701,0.0012078565728149138,0.006015085966387386,4.979967077025717,0.0
6,0.6708204,0.1677051,0.0701,0.00108033979058772,0.002858687439079284,2.6461002954673347,0.0
7,0.7826238,0.22360681,0.0701,0.00108033979058772,0.010470370811811817,9.691738565063673,0.0
