Tile Number, Tile x cohordinate [m], Tile y cohordinate [m], area_m2[m2], Tile z cohordinate [m],absorbedPARTile [umol^s-1],absorbedPARTilem2 [umol m^-2 m^-1],Thermal time[dd]
1,0.1118034,0.0,0.0701,0.00108033979058772,0.004307197763693369,3.9868917179753174,0.0
2,0.22360681,0.0559017,0.0701,0.0012078565728149138,0.009808583860390623,8.120652800300357,0.0
3,0.3354102,0.0559017,0.0701,0.00108033979058772,0.0060394597691891885,5.590333543026901,0.0
4,0.44721362,0.1118034,0.0701,0.00108033979058772,0.0056650795648035095,5.243794234147043,0.0
5,0.559017,0.1677051,0.0701,0.0012078565728149138,0.003275114767397645,2.711509661917043,0.0
6,0.6708204,0.1677051,0.0701,0.00108033979058772,0.010419936600294171,9.645054908720507,0.0
7,0.7826238,0.22360681,0.0701,0.00108033979058772,0.0015314163214613218,1.4175320901845243,0.0
