Tile Number, Tile x cohordinate [m], Tile y cohordinate [m], area_m2[m2], Tile z cohordinate [m],absorbedPARTile [umol^s-1],absorbedPARTilem2 [umol m^-2 m^-1],Thermal time[dd]
1,0.1118034,0.0,0.0701,0.00108033979058772,0.01799180601163821,16.653839994035966,0.0
2,0.22360681,0.0559017,0.0701,0.0012078565728149138,0.03196506589408747,26.464289397865162,0.0
3,0.3354102,0.0559017,0.0701,0.00108033979058772,0.013068711519162847,12.096852891119825,0.0
4,0.44721362,0.1118034,0.0701,0.00108033979058772,0.007314020923159477,6.770111576822092,0.0
5,0.559017,0.1677051,0.0701,0.0012078565728149138,0.008652925035636715,7.163867987629561,0.0
6,0.6708204,0.1677051,0.0701,0.00108033979058772,0.028126631043344123,26.03498574096104,0.0
7,0.7826238,0.22360681,0.0701,0.00108033979058772,0.0035936717674459858,3.3264272951484815,0.0
