Tile Number, Tile x cohordinate [m], Tile y cohordinate [m], area_m2[m2], Tile z cohordinate [m],absorbedPARTile [umol^s-1],absorbedPARTilem2 [umol m^-2 m^-1],Thermal time[dd]
1,0.14142136,0.0,0.0701,0.004042135611804359,0.013631186274611951,3.372273368267117,0.0
2,0.28284273,0.07071068,0.0701,0.005716443181545683,0.051953881927547456,9.088497913399975,0.0
3,0.4242641,0.07071068,0.0701,0.004042135611804359,0.04188879985329092,10.36303674002473,0.0
4,0.56568545,0.14142136,0.0701,0.004042135611804359,0.12915969529222607,31.953330540182144,0.0
5,0.70710677,0.21213204,0.0701,0.005716443181545683,0.1472087675537682,25.751811551105813,0.0
6,0.8485281,0.21213204,0.0701,0.004042135611804359,0.0632228352864504,15.640948587132756,0.0
7,0.9899494,0.28284273,0.0701,0.004042135611804359,0.03371039289562494,8.339748126505096,0.0
