Tile Number, Tile x cohordinate [m], Tile y cohordinate [m], area_m2[m2], Tile z cohordinate [m],absorbedPARTile [umol^s-1],absorbedPARTilem2 [umol m^-2 m^-1],Thermal time[dd]
1,0.14142136,0.0,0.0701,0.004042135611804359,0.07861280695655347,19.448334867088164,0.0
2,0.28284273,0.07071068,0.0701,0.005716443181545683,0.129481320223999,22.65067912194104,0.0
3,0.4242641,0.07071068,0.0701,0.004042135611804359,0.1042044101840059,25.779543338351864,0.0
4,0.56568545,0.14142136,0.0701,0.004042135611804359,0.13259959841028848,32.80434184915871,0.0
5,0.70710677,0.21213204,0.0701,0.005716443181545683,0.25481435328540797,44.57568197441754,0.0
6,0.8485281,0.21213204,0.0701,0.004042135611804359,0.1192268033542633,29.495992911787027,0.0
7,0.9899494,0.28284273,0.0701,0.004042135611804359,0.09558572052361966,23.64733143650056,0.0
