Tile Number, Tile x cohordinate [m], Tile y cohordinate [m], area_m2[m2], Tile z cohordinate [m],absorbedPARTile [umol^s-1],absorbedPARTilem2 [umol m^-2 m^-1],Thermal time[dd]
1,0.1118034,0.0,0.0701,0.00108033979058772,0.0033932592804722115,3.140918542513584,0.0
2,0.22360681,0.0559017,0.0701,0.0012078565728149138,0.0034257584158594047,2.836229477044334,0.0
3,0.3354102,0.0559017,0.0701,0.00108033979058772,0.003108492592222854,2.8773286139278373,0.0
4,0.44721362,0.1118034,0.0701,0.00108033979058772,0.002844079920104882,2.632579068996119,0.0
5,0.559017,0.1677051,0.0701,0.0012078565728149138,0.007681881321497303,6.359928400765874,0.0
6,0.6708204,0.1677051,0.0701,0.00108033979058772,0.004310447672430546,3.9898999462804223,0.0
7,0.7826238,0.22360681,0.0701,0.00108033979058772,0.006483697908585901,6.001535780755312,0.0
