Tile Number, Tile x cohordinate [m], Tile y cohordinate [m], area_m2[m2], Tile z cohordinate [m],absorbedPARTile [umol^s-1],absorbedPARTilem2 [umol m^-2 m^-1],Thermal time[dd]
1,0.14142136,0.0,0.0701,0.004042135611804359,0.09084032265945585,22.473348591811806,0.0
2,0.28284273,0.07071068,0.0701,0.005716443181545683,0.21336123659966788,37.32412442906091,0.0
3,0.4242641,0.07071068,0.0701,0.004042135611804359,0.06828814748003707,16.89407630971443,0.0
4,0.56568545,0.14142136,0.0701,0.004042135611804359,0.16600620174289543,41.068934267841726,0.0
5,0.70710677,0.21213204,0.0701,0.005716443181545683,0.028197355780730467,4.932674896823888,0.0
6,0.8485281,0.21213204,0.0701,0.004042135611804359,0.10715562708954017,26.509656622259445,0.0
7,0.9899494,0.28284273,0.0701,0.004042135611804359,0.024980649095517924,6.180062099491726,0.0
