Tile Number, Tile x cohordinate [m], Tile y cohordinate [m], area_m2[m2], Tile z cohordinate [m],absorbedPARTile [umol^s-1],absorbedPARTilem2 [umol m^-2 m^-1],Thermal time[dd]
1,0.14142136,0.0,0.0701,0.004042135611804359,0.11384212880348207,28.163856865916568,0.0
2,0.28284273,0.07071068,0.0701,0.005716443181545683,0.24185599473297123,42.30882509490372,0.0
3,0.4242641,0.07071068,0.0701,0.004042135611804359,0.14207026165275574,35.14732688281513,0.0
4,0.56568545,0.14142136,0.0701,0.004042135611804359,0.14637488043304445,36.21226363746478,0.0
5,0.70710677,0.21213204,0.0701,0.005716443181545683,0.2520541607315063,44.09283058129737,0.0
6,0.8485281,0.21213204,0.0701,0.004042135611804359,0.1998187121266174,49.43394564573275,0.0
7,0.9899494,0.28284273,0.0701,0.004042135611804359,0.22365064676406857,55.32982270830683,0.0
