Tile Number, Tile x cohordinate [m], Tile y cohordinate [m], area_m2[m2], Tile z cohordinate [m],absorbedPARTile [umol^s-1],absorbedPARTilem2 [umol m^-2 m^-1],Thermal time[dd]
1,0.1118034,0.0,0.0701,0.00108033979058772,0.008198373626063264,7.588699127339589,0.0
2,0.22360681,0.0559017,0.0701,0.0012078565728149138,0.012560601407487396,10.399083542025915,0.0
3,0.3354102,0.0559017,0.0701,0.00108033979058772,0.006385909446231959,5.91101938655609,0.0
4,0.44721362,0.1118034,0.0701,0.00108033979058772,0.00991836727888459,9.180784939420644,0.0
5,0.559017,0.1677051,0.0701,0.0012078565728149138,0.005623764688434514,4.655987155269861,0.0
6,0.6708204,0.1677051,0.0701,0.00108033979058772,0.006170317693469815,5.711460178758275,0.0
7,0.7826238,0.22360681,0.0701,0.00108033979058772,0.013075944357355202,12.103547857143822,0.0
