Tile Number, Tile x cohordinate [m], Tile y cohordinate [m], area_m2[m2], Tile z cohordinate [m],absorbedPARTile [umol^s-1],absorbedPARTilem2 [umol m^-2 m^-1],Thermal time[dd]
1,0.14142136,0.0,0.0701,0.004042135611804359,0.09726080839600565,24.06173808517761,0.0
2,0.28284273,0.07071068,0.0701,0.005716443181545683,0.14343204338943483,25.091134265529757,0.0
3,0.4242641,0.07071068,0.0701,0.004042135611804359,0.14892891589576723,36.84411662509443,0.0
4,0.56568545,0.14142136,0.0701,0.004042135611804359,0.17627279589271547,43.608827813184,0.0
5,0.70710677,0.21213204,0.0701,0.005716443181545683,0.3277494391073609,57.33450481331294,0.0
6,0.8485281,0.21213204,0.0701,0.004042135611804359,0.1429156404666519,35.35646850869907,0.0
7,0.9899494,0.28284273,0.0701,0.004042135611804359,0.21987878408218384,54.396686603009016,0.0
