Tile Number, Tile x cohordinate [m], Tile y cohordinate [m], area_m2[m2], Tile z cohordinate [m],absorbedPARTile [umol^s-1],absorbedPARTilem2 [umol m^-2 m^-1],Thermal time[dd]
1,0.14142136,0.0,0.0701,0.004042135611804359,0.11036885185956002,27.304589073470677,0.0
2,0.28284273,0.07071068,0.0701,0.005716443181545683,0.08900681315879823,15.570313625461674,0.0
3,0.4242641,0.07071068,0.0701,0.004042135611804359,0.18569086646629338,45.9388017373824,0.0
4,0.56568545,0.14142136,0.0701,0.004042135611804359,0.050902642534974556,12.593007118890858,0.0
5,0.70710677,0.21213204,0.0701,0.005716443181545683,0.09762438527553559,17.077819576812217,0.0
6,0.8485281,0.21213204,0.0701,0.004042135611804359,0.05651106410253308,13.98049682883035,0.0
7,0.9899494,0.28284273,0.0701,0.004042135611804359,0.08788478039717199,21.742165240700896,0.0
