Tile Number, Tile x cohordinate [m], Tile y cohordinate [m], area_m2[m2], Tile z cohordinate [m],absorbedPARTile [umol^s-1],absorbedPARTilem2 [umol m^-2 m^-1],Thermal time[dd]
1,0.1118034,0.0,0.0701,0.00108033979058772,0.009681569392503598,8.961596598452317,0.0
2,0.22360681,0.0559017,0.0701,0.0012078565728149138,0.0013644268133533209,1.129626516974213,0.0
3,0.3354102,0.0559017,0.0701,0.00108033979058772,0.004902616162220893,4.538031649795849,0.0
4,0.44721362,0.1118034,0.0701,0.00108033979058772,0.002109066836515368,1.9522254524828768,0.0
5,0.559017,0.1677051,0.0701,0.0012078565728149138,0.008010988958178778,6.632400848313589,0.0
6,0.6708204,0.1677051,0.0701,0.00108033979058772,0.004775025281725524,4.419929103164702,0.0
7,0.7826238,0.22360681,0.0701,0.00108033979058772,0.01041541077376022,9.640865646625949,0.0
