Tile Number, Tile x cohordinate [m], Tile y cohordinate [m], area_m2[m2], Tile z cohordinate [m],absorbedPARTile [umol^s-1],absorbedPARTilem2 [umol m^-2 m^-1],Thermal time[dd]
1,0.1118034,0.0,0.0701,0.00108033979058772,0.0020302604378652123,1.879279515161357,0.0
2,0.22360681,0.0559017,0.0701,0.0012078565728149138,0.004020952668219944,3.3289984578625096,0.0
3,0.3354102,0.0559017,0.0701,0.00108033979058772,0.0027574409281868537,2.5523830115400705,0.0
4,0.44721362,0.1118034,0.0701,0.00108033979058772,0.002413878267886738,2.2343694908928184,0.0
5,0.559017,0.1677051,0.0701,0.0012078565728149138,0.003344705075883357,2.769124373838949,0.0
6,0.6708204,0.1677051,0.0701,0.00108033979058772,0.01652520041930443,15.296298963786652,0.0
7,0.7826238,0.22360681,0.0701,0.00108033979058772,0.0028670767816617927,2.6538657620877437,0.0
