Tile Number, Tile x cohordinate [m], Tile y cohordinate [m], area_m2[m2], Tile z cohordinate [m],absorbedPARTile [umol^s-1],absorbedPARTilem2 [umol m^-2 m^-1],Thermal time[dd]
1,0.14142136,0.0,0.0701,0.004042135611804359,0.12261950637299537,30.335327200528916,0.0
2,0.28284273,0.07071068,0.0701,0.005716443181545683,0.037035903022884724,6.478836900268201,0.0
3,0.4242641,0.07071068,0.0701,0.004042135611804359,0.05976207943121313,14.784778436598785,0.0
4,0.56568545,0.14142136,0.0701,0.004042135611804359,0.00900795002840803,2.228512571943867,0.0
5,0.70710677,0.21213204,0.0701,0.005716443181545683,0.0502694288697958,8.793829882203662,0.0
6,0.8485281,0.21213204,0.0701,0.004042135611804359,0.018325414285475166,4.5335970995032815,0.0
7,0.9899494,0.28284273,0.0701,0.004042135611804359,0.07417099175609648,18.349456544578292,0.0
