Tile Number, Tile x cohordinate [m], Tile y cohordinate [m], area_m2[m2], Tile z cohordinate [m],absorbedPARTile [umol^s-1],absorbedPARTilem2 [umol m^-2 m^-1],Thermal time[dd]
1,0.14142136,0.0,0.0701,0.004042135611804359,0.10625511424575806,26.286875169516417,0.0
2,0.28284273,0.07071068,0.0701,0.005716443181545683,0.1313548763650894,22.978427702936084,0.0
3,0.4242641,0.07071068,0.0701,0.004042135611804359,0.12973116777122498,32.09470938886056,0.0
4,0.56568545,0.14142136,0.0701,0.004042135611804359,0.09268215323551178,22.92900638089666,0.0
5,0.70710677,0.21213204,0.0701,0.005716443181545683,0.10335391967594625,18.080109675471334,0.0
6,0.8485281,0.21213204,0.0701,0.004042135611804359,0.16075071482276915,39.7687584635519,0.0
7,0.9899494,0.28284273,0.0701,0.004042135611804359,0.07423341492902757,18.36489966151598,0.0
