Tile Number, Tile x cohordinate [m], Tile y cohordinate [m], area_m2[m2], Tile z cohordinate [m],absorbedPARTile [umol^s-1],absorbedPARTilem2 [umol m^-2 m^-1],Thermal time[dd]
1,0.1118034,0.0,0.0701,0.00108033979058772,0.008962336211015578,8.295849406916636,0.0
2,0.22360681,0.0559017,0.0701,0.0012078565728149138,0.005367948983046774,4.444194040801344,0.0
3,0.3354102,0.0559017,0.0701,0.00108033979058772,0.01430412749582581,13.240396790387742,0.0
4,0.44721362,0.1118034,0.0701,0.00108033979058772,0.01317377282056261,12.194101277521115,0.0
5,0.559017,0.1677051,0.0701,0.0012078565728149138,0.006223633188117058,5.152626005596724,0.0
6,0.6708204,0.1677051,0.0701,0.00108033979058772,0.0134525461257801,12.452143522790852,0.0
7,0.7826238,0.22360681,0.0701,0.00108033979058772,0.004461583841729708,4.129796829294369,0.0
