Tile Number, Tile x cohordinate [m], Tile y cohordinate [m], area_m2[m2], Tile z cohordinate [m],absorbedPARTile [umol^s-1],absorbedPARTilem2 [umol m^-2 m^-1],Thermal time[dd]
1,0.1118034,0.0,0.0701,0.00108033979058772,0.011969234629499018,11.079138928121482,0.0
2,0.22360681,0.0559017,0.0701,0.0012078565728149138,0.014487576964490115,11.994451403055885,0.0
3,0.3354102,0.0559017,0.0701,0.00108033979058772,0.017108094921833576,15.835846342868232,0.0
4,0.44721362,0.1118034,0.0701,0.00108033979058772,0.008291536881618603,7.674934269622608,0.0
5,0.559017,0.1677051,0.0701,0.0012078565728149138,0.006427591840557984,5.321485998605331,0.0
6,0.6708204,0.1677051,0.0701,0.00108033979058772,0.011095132342893147,10.27003951863815,0.0
7,0.7826238,0.22360681,0.0701,0.00108033979058772,0.005147158689660691,4.764388699281885,0.0
