Tile Number, Tile x cohordinate [m], Tile y cohordinate [m], area_m2[m2], Tile z cohordinate [m],absorbedPARTile [umol^s-1],absorbedPARTilem2 [umol m^-2 m^-1],Thermal time[dd]
1,0.14142136,0.0,0.0701,0.004042135611804359,0.13245841450408935,32.7694138012756,0.0
2,0.28284273,0.07071068,0.0701,0.005716443181545683,0.12366609815681456,21.633399341052524,0.0
3,0.4242641,0.07071068,0.0701,0.004042135611804359,0.08208544888919116,20.307445561567693,0.0
4,0.56568545,0.14142136,0.0701,0.004042135611804359,0.1020252840091133,25.240440650028184,0.0
5,0.70710677,0.21213204,0.0701,0.005716443181545683,0.15052816185136794,26.33248631549702,0.0
6,0.8485281,0.21213204,0.0701,0.004042135611804359,0.06546345423751831,16.195264217841576,0.0
7,0.9899494,0.28284273,0.0701,0.004042135611804359,0.04770872948440552,11.802852270735404,0.0
