Tile Number, Tile x cohordinate [m], Tile y cohordinate [m], area_m2[m2], Tile z cohordinate [m],absorbedPARTile [umol^s-1],absorbedPARTilem2 [umol m^-2 m^-1],Thermal time[dd]
1,0.14142136,0.0,0.0701,0.004042135611804359,0.15047359038223268,37.22625978772224,0.0
2,0.28284273,0.07071068,0.0701,0.005716443181545683,0.20652506243011476,36.12824546158997,0.0
3,0.4242641,0.07071068,0.0701,0.004042135611804359,0.23613358276901242,58.418025877069795,0.0
4,0.56568545,0.14142136,0.0701,0.004042135611804359,0.2967556776043701,73.41556694380722,0.0
5,0.70710677,0.21213204,0.0701,0.005716443181545683,0.280210997333374,49.01841729801066,0.0
6,0.8485281,0.21213204,0.0701,0.004042135611804359,0.21542735732757565,53.295430439903406,0.0
7,0.9899494,0.28284273,0.0701,0.004042135611804359,0.10536558081356048,26.06680995705797,0.0
