Tile Number, Tile x cohordinate [m], Tile y cohordinate [m], area_m2[m2], Tile z cohordinate [m],absorbedPARTile [umol^s-1],absorbedPARTilem2 [umol m^-2 m^-1],Thermal time[dd]
1,0.1118034,0.0,0.0701,0.00108033979058772,0.002372041104432939,2.19564356057136,0.0
2,0.22360681,0.0559017,0.0701,0.0012078565728149138,0.0017727706083895743,1.4676995996785664,0.0
3,0.3354102,0.0559017,0.0701,0.00108033979058772,0.004626008453919165,4.281993956181649,0.0
4,0.44721362,0.1118034,0.0701,0.00108033979058772,0.012728197835340205,11.781661608905369,0.0
5,0.559017,0.1677051,0.0701,0.0012078565728149138,0.02898661027249932,23.99838766033779,0.0
6,0.6708204,0.1677051,0.0701,0.00108033979058772,0.00725970701653548,6.719836740055736,0.0
7,0.7826238,0.22360681,0.0701,0.00108033979058772,0.009814095641348901,9.08426749329477,0.0
