Tile Number, Tile x cohordinate [m], Tile y cohordinate [m], area_m2[m2], Tile z cohordinate [m],absorbedPARTile [umol^s-1],absorbedPARTilem2 [umol m^-2 m^-1],Thermal time[dd]
1,0.1118034,0.0,0.0701,0.00108033979058772,0.004795654637042633,4.439024350323828,0.0
2,0.22360681,0.0559017,0.0701,0.0012078565728149138,0.004897170255049369,4.054430273651198,0.0
3,0.3354102,0.0559017,0.0701,0.00108033979058772,0.009620736612879524,8.905287666619879,0.0
4,0.44721362,0.1118034,0.0701,0.00108033979058772,0.007571217316980475,7.0081814841436385,0.0
5,0.559017,0.1677051,0.0701,0.0012078565728149138,0.002454907305630986,2.032449349437091,0.0
6,0.6708204,0.1677051,0.0701,0.00108033979058772,8.553948682195471E-4,0.7917831738421858,0.0
7,0.7826238,0.22360681,0.0701,0.00108033979058772,0.0025406800018219306,2.351741576082989,0.0
