Tile Number, Tile x cohordinate [m], Tile y cohordinate [m], area_m2[m2], Tile z cohordinate [m],absorbedPARTile [umol^s-1],absorbedPARTilem2 [umol m^-2 m^-1],Thermal time[dd]
1,0.14142136,0.0,0.0701,0.004042135611804359,0.05775788232859612,14.288952146960185,0.0
2,0.28284273,0.07071068,0.0701,0.005716443181545683,0.08401768729106902,14.697546117890614,0.0
3,0.4242641,0.07071068,0.0701,0.004042135611804359,0.041468001103148466,10.258933664186904,0.0
4,0.56568545,0.14142136,0.0701,0.004042135611804359,0.02467516567910482,6.104487342543694,0.0
5,0.70710677,0.21213204,0.0701,0.005716443181545683,0.12523843618495942,21.908454646984858,0.0
6,0.8485281,0.21213204,0.0701,0.004042135611804359,0.13731733012107847,33.97148025416735,0.0
7,0.9899494,0.28284273,0.0701,0.004042135611804359,0.0656672938336581,16.24569290596983,0.0
