Tile Number, Tile x cohordinate [m], Tile y cohordinate [m], area_m2[m2], Tile z cohordinate [m],absorbedPARTile [umol^s-1],absorbedPARTilem2 [umol m^-2 m^-1],Thermal time[dd]
1,0.14142136,0.0,0.0701,0.004042135611804359,0.10860032375477155,26.867065874193592,0.0
2,0.28284273,0.07071068,0.0701,0.005716443181545683,0.2666184107070923,46.64061239475151,0.0
3,0.4242641,0.07071068,0.0701,0.004042135611804359,0.08468401030379138,20.950314001461592,0.0
4,0.56568545,0.14142136,0.0701,0.004042135611804359,0.3686762467371623,91.20828248822404,0.0
5,0.70710677,0.21213204,0.0701,0.005716443181545683,0.35219754045181273,61.61130781266353,0.0
6,0.8485281,0.21213204,0.0701,0.004042135611804359,0.08328362433903218,20.603866949890726,0.0
7,0.9899494,0.28284273,0.0701,0.004042135611804359,0.15893406606334048,39.31933050420203,0.0
