Tile Number, Tile x cohordinate [m], Tile y cohordinate [m], area_m2[m2], Tile z cohordinate [m],absorbedPARTile [umol^s-1],absorbedPARTilem2 [umol m^-2 m^-1],Thermal time[dd]
1,0.14142136,0.0,0.0701,0.004042135611804359,0.1110628036122958,27.47626855664022,0.0
2,0.28284273,0.07071068,0.0701,0.005716443181545683,0.18104585090525152,31.67106628291512,0.0
3,0.4242641,0.07071068,0.0701,0.004042135611804359,0.12281049577492874,30.382576828021772,0.0
4,0.56568545,0.14142136,0.0701,0.004042135611804359,0.3048481123039246,75.41758653857835,0.0
5,0.70710677,0.21213204,0.0701,0.005716443181545683,0.08315055942858893,14.545856013582496,0.0
6,0.8485281,0.21213204,0.0701,0.004042135611804359,0.10309609774752163,25.505353518186592,0.0
7,0.9899494,0.28284273,0.0701,0.004042135611804359,0.14172984608384773,35.06311012177577,0.0
