Tile Number, Tile x cohordinate [m], Tile y cohordinate [m], area_m2[m2], Tile z cohordinate [m],absorbedPARTile [umol^s-1],absorbedPARTilem2 [umol m^-2 m^-1],Thermal time[dd]
1,0.14142136,0.0,0.0701,0.004042135611804359,0.06405697301555474,15.84730923635699,0.0
2,0.28284273,0.07071068,0.0701,0.005716443181545683,0.14021864912201562,24.52900250538335,0.0
3,0.4242641,0.07071068,0.0701,0.004042135611804359,0.03132619223022919,7.749911244626839,0.0
4,0.56568545,0.14142136,0.0701,0.004042135611804359,0.27302726500892643,67.5453006107953,0.0
5,0.70710677,0.21213204,0.0701,0.005716443181545683,0.3955186135241191,69.18963435182327,0.0
6,0.8485281,0.21213204,0.0701,0.004042135611804359,0.07649303904062807,18.923917054450957,0.0
7,0.9899494,0.28284273,0.0701,0.004042135611804359,0.3317775638854982,82.0797706332759,0.0
