Tile Number, Tile x cohordinate [m], Tile y cohordinate [m], area_m2[m2], Tile z cohordinate [m],absorbedPARTile [umol^s-1],absorbedPARTilem2 [umol m^-2 m^-1],Thermal time[dd]
1,0.1118034,0.0,0.0701,0.00108033979058772,0.006523878976846154,6.0387287718959906,0.0
2,0.22360681,0.0559017,0.0701,0.0012078565728149138,0.013710710704399397,11.351273829182004,0.0
3,0.3354102,0.0559017,0.0701,0.00108033979058772,0.049373791869216366,45.70209511801499,0.0
4,0.44721362,0.1118034,0.0701,0.00108033979058772,0.017630066693897696,16.319001528497523,0.0
5,0.559017,0.1677051,0.0701,0.0012078565728149138,0.011437588169208247,9.469326430499036,0.0
6,0.6708204,0.1677051,0.0701,0.00108033979058772,0.013477659745678749,12.475389560859101,0.0
7,0.7826238,0.22360681,0.0701,0.00108033979058772,0.011455328273934732,10.603449371889628,0.0
