Tile Number, Tile x cohordinate [m], Tile y cohordinate [m], area_m2[m2], Tile z cohordinate [m],absorbedPARTile [umol^s-1],absorbedPARTilem2 [umol m^-2 m^-1],Thermal time[dd]
1,0.1118034,0.0,0.0701,0.00108033979058772,0.02465001642952919,22.81691060931787,0.0
2,0.22360681,0.0559017,0.0701,0.0012078565728149138,0.012410066862536892,10.274454055099596,0.0
3,0.3354102,0.0559017,0.0701,0.00108033979058772,0.006940732996141612,6.424583317777971,0.0
4,0.44721362,0.1118034,0.0701,0.00108033979058772,0.007455968941791636,6.9015035887324725,0.0
5,0.559017,0.1677051,0.0701,0.0012078565728149138,0.007517261502171127,6.2236375339268335,0.0
6,0.6708204,0.1677051,0.0701,0.00108033979058772,0.008104983946614935,7.502254399243881,0.0
7,0.7826238,0.22360681,0.0701,0.00108033979058772,0.009736884168697,9.012797874824178,0.0
