Tile Number, Tile x cohordinate [m], Tile y cohordinate [m], area_m2[m2], Tile z cohordinate [m],absorbedPARTile [umol^s-1],absorbedPARTilem2 [umol m^-2 m^-1],Thermal time[dd]
1,0.14142136,0.0,0.0701,0.004042135611804359,0.20621283609453836,51.015813396346566,0.0
2,0.28284273,0.07071068,0.0701,0.005716443181545683,0.25900763604634597,45.30922950174627,0.0
3,0.4242641,0.07071068,0.0701,0.004042135611804359,0.05079937353598976,12.56745899064815,0.0
4,0.56568545,0.14142136,0.0701,0.004042135611804359,0.07103498293336381,17.573626853566815,0.0
5,0.70710677,0.21213204,0.0701,0.005716443181545683,0.13936338710168997,24.37938813974307,0.0
6,0.8485281,0.21213204,0.0701,0.004042135611804359,0.05963006289773226,14.752118341500704,0.0
7,0.9899494,0.28284273,0.0701,0.004042135611804359,0.27152507415211996,67.1736676422181,0.0
