Tile Number, Tile x cohordinate [m], Tile y cohordinate [m], area_m2[m2], Tile z cohordinate [m],absorbedPARTile [umol^s-1],absorbedPARTilem2 [umol m^-2 m^-1],Thermal time[dd]
1,0.14142136,0.0,0.0701,0.004042135611804359,0.22659334396087646,56.05782826759936,0.0
2,0.28284273,0.07071068,0.0701,0.005716443181545683,0.3560992001834107,62.293840570829246,0.0
3,0.4242641,0.07071068,0.0701,0.004042135611804359,0.282961656029663,70.00300910323799,0.0
4,0.56568545,0.14142136,0.0701,0.004042135611804359,0.2827786149528504,69.95772584349824,0.0
5,0.70710677,0.21213204,0.0701,0.005716443181545683,0.3671738725802612,64.23117678587337,0.0
6,0.8485281,0.21213204,0.0701,0.004042135611804359,0.23402047920227048,57.895256784273656,0.0
7,0.9899494,0.28284273,0.0701,0.004042135611804359,0.21491557647613524,53.168818940292695,0.0
