Tile Number, Tile x cohordinate [m], Tile y cohordinate [m], area_m2[m2], Tile z cohordinate [m],absorbedPARTile [umol^s-1],absorbedPARTilem2 [umol m^-2 m^-1],Thermal time[dd]
1,0.14142136,0.0,0.0701,0.004042135611804359,0.19461113037948613,48.14562129265478,0.0
2,0.28284273,0.07071068,0.0701,0.005716443181545683,0.337742408348999,59.08261441998204,0.0
3,0.4242641,0.07071068,0.0701,0.004042135611804359,0.159103599032135,39.36127193939273,0.0
4,0.56568545,0.14142136,0.0701,0.004042135611804359,0.11867937542056083,29.360562538767425,0.0
5,0.70710677,0.21213204,0.0701,0.005716443181545683,0.08305762947939874,14.529599410264861,0.0
6,0.8485281,0.21213204,0.0701,0.004042135611804359,0.038726416044526105,9.58068203635531,0.0
7,0.9899494,0.28284273,0.0701,0.004042135611804359,0.08072740947230339,19.97147479083901,0.0
