Tile Number, Tile x cohordinate [m], Tile y cohordinate [m], area_m2[m2], Tile z cohordinate [m],absorbedPARTile [umol^s-1],absorbedPARTilem2 [umol m^-2 m^-1],Thermal time[dd]
1,0.14142136,0.0,0.0701,0.004042135611804359,0.20500702996864317,50.71750422473593,0.0
2,0.28284273,0.07071068,0.0701,0.005716443181545683,0.28256962081553144,49.431020626208124,0.0
3,0.4242641,0.07071068,0.0701,0.004042135611804359,0.13752881728579205,34.023800904690795,0.0
4,0.56568545,0.14142136,0.0701,0.004042135611804359,0.19259974660180412,47.64801706289858,0.0
5,0.70710677,0.21213204,0.0701,0.005716443181545683,0.0940973539486885,16.460822046209035,0.0
6,0.8485281,0.21213204,0.0701,0.004042135611804359,0.06575557090732394,16.26753212220197,0.0
7,0.9899494,0.28284273,0.0701,0.004042135611804359,0.09004640473453203,22.276938079852403,0.0
