Tile Number, Tile x cohordinate [m], Tile y cohordinate [m], area_m2[m2], Tile z cohordinate [m],absorbedPARTile [umol^s-1],absorbedPARTilem2 [umol m^-2 m^-1],Thermal time[dd]
1,0.1118034,0.0,0.0701,0.00108033979058772,0.0014543066084419997,1.3461566639611013,0.0
2,0.22360681,0.0559017,0.0701,0.0012078565728149138,0.001807687061438969,1.4966073804823932,0.0
3,0.3354102,0.0559017,0.0701,0.00108033979058772,0.005040078740332051,4.665271782306729,0.0
4,0.44721362,0.1118034,0.0701,0.00108033979058772,0.0031780355479349193,2.9416999870068876,0.0
5,0.559017,0.1677051,0.0701,0.0012078565728149138,0.004625277110481411,3.829326440391997,0.0
6,0.6708204,0.1677051,0.0701,0.00108033979058772,0.0018463104245655007,1.709008999438114,0.0
7,0.7826238,0.22360681,0.0701,0.00108033979058772,0.0044633523490579955,4.1314338210479775,0.0
