Tile Number, Tile x cohordinate [m], Tile y cohordinate [m], area_m2[m2], Tile z cohordinate [m],absorbedPARTile [umol^s-1],absorbedPARTilem2 [umol m^-2 m^-1],Thermal time[dd]
1,0.1118034,0.0,0.0701,0.00108033979058772,0.01694383390673486,15.683800647125269,0.0
2,0.22360681,0.0559017,0.0701,0.0012078565728149138,0.0167836706116555,13.895416880947296,0.0
3,0.3354102,0.0559017,0.0701,0.00108033979058772,0.006218307790732966,5.755881478132098,0.0
4,0.44721362,0.1118034,0.0701,0.00108033979058772,0.020797985435749896,19.25133704872196,0.0
5,0.559017,0.1677051,0.0701,0.0012078565728149138,0.08149980525612435,67.4747375561229,0.0
6,0.6708204,0.1677051,0.0701,0.00108033979058772,0.010810543215505649,10.006613946547837,0.0
7,0.7826238,0.22360681,0.0701,0.00108033979058772,0.006815096169526994,6.308289511228209,0.0
