Tile Number, Tile x cohordinate [m], Tile y cohordinate [m], area_m2[m2], Tile z cohordinate [m],absorbedPARTile [umol^s-1],absorbedPARTilem2 [umol m^-2 m^-1],Thermal time[dd]
1,0.14142136,0.0,0.0701,0.004042135611804359,0.19619949423706054,48.538572942504395,0.0
2,0.28284273,0.07071068,0.0701,0.005716443181545683,0.35124398048461913,61.44449779865483,0.0
3,0.4242641,0.07071068,0.0701,0.004042135611804359,0.3374503074557495,83.48317321919733,0.0
4,0.56568545,0.14142136,0.0701,0.004042135611804359,0.29667966557205205,73.39676202491829,0.0
5,0.70710677,0.21213204,0.0701,0.005716443181545683,0.36445960767944335,63.75635969863628,0.0
6,0.8485281,0.21213204,0.0701,0.004042135611804359,0.24849624826171868,61.476474845630676,0.0
7,0.9899494,0.28284273,0.0701,0.004042135611804359,0.2879845362872315,71.24563942046436,0.0
