Tile Number, Tile x cohordinate [m], Tile y cohordinate [m], area_m2[m2], Tile z cohordinate [m],absorbedPARTile [umol^s-1],absorbedPARTilem2 [umol m^-2 m^-1],Thermal time[dd]
1,0.1118034,0.0,0.0701,0.00108033979058772,0.006204141814897242,5.742768959312424,0.0
2,0.22360681,0.0559017,0.0701,0.0012078565728149138,0.002124992651826576,1.759308762028155,0.0
3,0.3354102,0.0559017,0.0701,0.00108033979058772,0.0010174993307395651,0.9418326896818559,0.0
4,0.44721362,0.1118034,0.0701,0.00108033979058772,9.862088413733607E-4,0.9128691268853935,0.0
5,0.559017,0.1677051,0.0701,0.0012078565728149138,0.0035992377568464197,2.979855255875608,0.0
6,0.6708204,0.1677051,0.0701,0.00108033979058772,0.0025046725606971743,2.3184118390516724,0.0
7,0.7826238,0.22360681,0.0701,0.00108033979058772,0.0014960829509675687,1.384826296320789,0.0
