Tile Number, Tile x cohordinate [m], Tile y cohordinate [m], area_m2[m2], Tile z cohordinate [m],absorbedPARTile [umol^s-1],absorbedPARTilem2 [umol m^-2 m^-1],Thermal time[dd]
1,0.1118034,0.0,0.0701,0.00108033979058772,0.0025705848738709716,2.3794225634071458,0.0
2,0.22360681,0.0559017,0.0701,0.0012078565728149138,0.004384213164849962,3.6297464976595184,0.0
3,0.3354102,0.0559017,0.0701,0.00108033979058772,0.006494658893544992,6.011681648800335,0.0
4,0.44721362,0.1118034,0.0701,0.00108033979058772,0.006369992746848729,5.89628633726743,0.0
5,0.559017,0.1677051,0.0701,0.0012078565728149138,0.004581750375681084,3.7932900965247054,0.0
6,0.6708204,0.1677051,0.0701,0.00108033979058772,0.0057924213346788,5.361666195343636,0.0
7,0.7826238,0.22360681,0.0701,0.00108033979058772,0.005554902857833208,5.141810850835424,0.0
