Tile Number, Tile x cohordinate [m], Tile y cohordinate [m], area_m2[m2], Tile z cohordinate [m],absorbedPARTile [umol^s-1],absorbedPARTilem2 [umol m^-2 m^-1],Thermal time[dd]
1,0.1118034,0.0,0.0701,0.00108033979058772,0.004018839594695907,3.719977390177957,0.0
2,0.22360681,0.0559017,0.0701,0.0012078565728149138,0.002573401966920293,2.130552604373358,0.0
3,0.3354102,0.0559017,0.0701,0.00108033979058772,0.0057306428732198595,5.304481907587899,0.0
4,0.44721362,0.1118034,0.0701,0.00108033979058772,0.0031569249094873164,2.922159247480744,0.0
5,0.559017,0.1677051,0.0701,0.0012078565728149138,3.852061638338546E-4,0.3189171400840502,0.0
6,0.6708204,0.1677051,0.0701,0.00108033979058772,3.238839167567166E-4,0.29979819273389835,0.0
7,0.7826238,0.22360681,0.0701,0.00108033979058772,3.9252850328681864E-4,0.3633380041230155,0.0
