Tile Number, Tile x cohordinate [m], Tile y cohordinate [m], area_m2[m2], Tile z cohordinate [m],absorbedPARTile [umol^s-1],absorbedPARTilem2 [umol m^-2 m^-1],Thermal time[dd]
1,0.14142136,0.0,0.0701,0.004042135611804359,0.01913486207919836,4.7338496074496605,0.0
2,0.28284273,0.07071068,0.0701,0.005716443181545683,0.08431446257731437,14.74946219171838,0.0
3,0.4242641,0.07071068,0.0701,0.004042135611804359,0.08951581821951866,22.145674172361552,0.0
4,0.56568545,0.14142136,0.0701,0.004042135611804359,0.02461619209501088,6.0898976331035355,0.0
5,0.70710677,0.21213204,0.0701,0.005716443181545683,0.10612063926744462,18.564102869076432,0.0
6,0.8485281,0.21213204,0.0701,0.004042135611804359,0.04499673372835636,11.13192085811054,0.0
7,0.9899494,0.28284273,0.0701,0.004042135611804359,0.05769585162358762,14.273606124222265,0.0
