Tile Number, Tile x cohordinate [m], Tile y cohordinate [m], area_m2[m2], Tile z cohordinate [m],absorbedPARTile [umol^s-1],absorbedPARTilem2 [umol m^-2 m^-1],Thermal time[dd]
1,0.1118034,0.0,0.0701,0.00108033979058772,0.0014990594906873693,1.3875814847769885,0.0
2,0.22360681,0.0559017,0.0701,0.0012078565728149138,0.0011901241361477858,0.9853190874924806,0.0
3,0.3354102,0.0559017,0.0701,0.00108033979058772,0.004571083417620854,4.231153436581393,0.0
4,0.44721362,0.1118034,0.0701,0.00108033979058772,0.0030610723832210462,2.833434822904912,0.0
5,0.559017,0.1677051,0.0701,0.0012078565728149138,0.002161672804832271,1.7896767327220693,0.0
6,0.6708204,0.1677051,0.0701,0.00108033979058772,9.558067504514425E-4,0.8847278965180672,0.0
7,0.7826238,0.22360681,0.0701,0.00108033979058772,0.002921314601400539,2.7040701701927534,0.0
