Tile Number, Tile x cohordinate [m], Tile y cohordinate [m], area_m2[m2], Tile z cohordinate [m],absorbedPARTile [umol^s-1],absorbedPARTilem2 [umol m^-2 m^-1],Thermal time[dd]
1,0.1118034,0.0,0.0701,0.00108033979058772,0.0019387921115324495,1.794613258184001,0.0
2,0.22360681,0.0559017,0.0701,0.0012078565728149138,0.004076182398001135,3.374723861875072,0.0
3,0.3354102,0.0559017,0.0701,0.00108033979058772,0.004848818833121661,4.488234975112632,0.0
4,0.44721362,0.1118034,0.0701,0.00108033979058772,0.002266181880177411,2.097656589085344,0.0
5,0.559017,0.1677051,0.0701,0.0012078565728149138,0.0020793298402650012,1.7215039327220085,0.0
6,0.6708204,0.1677051,0.0701,0.00108033979058772,0.002742474976659497,2.5385300074595536,0.0
7,0.7826238,0.22360681,0.0701,0.00108033979058772,0.0013053381035767425,1.2082662463692284,0.0
