Tile Number, Tile x cohordinate [m], Tile y cohordinate [m], area_m2[m2], Tile z cohordinate [m],absorbedPARTile [umol^s-1],absorbedPARTilem2 [umol m^-2 m^-1],Thermal time[dd]
1,0.1118034,0.0,0.0701,0.00108033979058772,0.0018257685682173791,1.6899947443610641,0.0
2,0.22360681,0.0559017,0.0701,0.0012078565728149138,9.71219789825669E-4,0.8040853621901797,0.0
3,0.3354102,0.0559017,0.0701,0.00108033979058772,0.0025411085343022746,2.3521382406176823,0.0
4,0.44721362,0.1118034,0.0701,0.00108033979058772,0.005588475082677222,5.172886467170679,0.0
5,0.559017,0.1677051,0.0701,0.0012078565728149138,0.0018667544749039892,1.5455100522022343,0.0
6,0.6708204,0.1677051,0.0701,0.00108033979058772,6.612753259355342E-4,0.6120993891892025,0.0
7,0.7826238,0.22360681,0.0701,0.00108033979058772,0.001515077726937766,1.4024085201134195,0.0
