Tile Number, Tile x cohordinate [m], Tile y cohordinate [m], area_m2[m2], Tile z cohordinate [m],absorbedPARTile [umol^s-1],absorbedPARTilem2 [umol m^-2 m^-1],Thermal time[dd]
1,0.14142136,0.0,0.0701,0.004042135611804359,0.05766435555505181,14.265814186602995,0.0
2,0.28284273,0.07071068,0.0701,0.005716443181545683,0.08316206265358926,14.547868318198322,0.0
3,0.4242641,0.07071068,0.0701,0.004042135611804359,0.08682209636972846,21.479263614060724,0.0
4,0.56568545,0.14142136,0.0701,0.004042135611804359,0.10741223267226914,26.57313929760057,0.0
5,0.70710677,0.21213204,0.0701,0.005716443181545683,0.24595657483037314,43.02615577889263,0.0
6,0.8485281,0.21213204,0.0701,0.004042135611804359,0.05232272600843013,12.944327215452802,0.0
7,0.9899494,0.28284273,0.0701,0.004042135611804359,0.07424247018314271,18.367139876834017,0.0
