Tile Number, Tile x cohordinate [m], Tile y cohordinate [m], area_m2[m2], Tile z cohordinate [m],absorbedPARTile [umol^s-1],absorbedPARTilem2 [umol m^-2 m^-1],Thermal time[dd]
1,0.1118034,0.0,0.0701,0.00108033979058772,0.004227737267636858,3.913340325396059,0.0
2,0.22360681,0.0559017,0.0701,0.0012078565728149138,0.001898150868535616,1.571503530516019,0.0
3,0.3354102,0.0559017,0.0701,0.00108033979058772,0.00276175304457022,2.5563744561031005,0.0
4,0.44721362,0.1118034,0.0701,0.00108033979058772,0.006393036352502271,5.917616298317005,0.0
5,0.559017,0.1677051,0.0701,0.0012078565728149138,0.006876364213620954,5.693030421315309,0.0
6,0.6708204,0.1677051,0.0701,0.00108033979058772,0.01207598322625703,11.177949133658705,0.0
7,0.7826238,0.22360681,0.0701,0.00108033979058772,0.0019571530776307617,1.8116088055648152,0.0
