Tile Number, Tile x cohordinate [m], Tile y cohordinate [m], area_m2[m2], Tile z cohordinate [m],absorbedPARTile [umol^s-1],absorbedPARTilem2 [umol m^-2 m^-1],Thermal time[dd]
1,0.14142136,0.0,0.0701,0.004042135611804359,0.026934322488327316,6.663389127685443,0.0
2,0.28284273,0.07071068,0.0701,0.005716443181545683,0.0724017413568306,12.665522783566567,0.0
3,0.4242641,0.07071068,0.0701,0.004042135611804359,0.0682915532115519,16.89491886717462,0.0
4,0.56568545,0.14142136,0.0701,0.004042135611804359,0.08757765115689278,21.66618331684305,0.0
5,0.70710677,0.21213204,0.0701,0.005716443181545683,0.2831647359588623,49.53512647042469,0.0
6,0.8485281,0.21213204,0.0701,0.004042135611804359,0.10770245951087952,26.644939669107853,0.0
7,0.9899494,0.28284273,0.0701,0.004042135611804359,0.08228335565279483,20.356406502666683,0.0
