Tile Number, Tile x cohordinate [m], Tile y cohordinate [m], area_m2[m2], Tile z cohordinate [m],absorbedPARTile [umol^s-1],absorbedPARTilem2 [umol m^-2 m^-1],Thermal time[dd]
1,0.14142136,0.0,0.0701,0.004042135611804359,0.0400509928412652,9.908374356442467,0.0
2,0.28284273,0.07071068,0.0701,0.005716443181545683,0.2151011282495117,37.62849055229304,0.0
3,0.4242641,0.07071068,0.0701,0.004042135611804359,0.03169771881521821,7.841824683627757,0.0
4,0.56568545,0.14142136,0.0701,0.004042135611804359,0.03452265985578576,8.540698079245113,0.0
5,0.70710677,0.21213204,0.0701,0.005716443181545683,0.08262067486840487,14.453161213099797,0.0
6,0.8485281,0.21213204,0.0701,0.004042135611804359,0.03171258595745951,7.84550272505662,0.0
7,0.9899494,0.28284273,0.0701,0.004042135611804359,0.08587173428405287,21.244149759171684,0.0
