Tile Number, Tile x cohordinate [m], Tile y cohordinate [m], area_m2[m2], Tile z cohordinate [m],absorbedPARTile [umol^s-1],absorbedPARTilem2 [umol m^-2 m^-1],Thermal time[dd]
1,0.14142136,0.0,0.0701,0.004042135611804359,0.0721906844340692,17.85954044274239,0.0
2,0.28284273,0.07071068,0.0701,0.005716443181545683,0.16704826784000396,29.222413751838495,0.0
3,0.4242641,0.07071068,0.0701,0.004042135611804359,0.06368422982976074,15.755094817645885,0.0
4,0.56568545,0.14142136,0.0701,0.004042135611804359,0.04321704229059616,10.69163591750565,0.0
5,0.70710677,0.21213204,0.0701,0.005716443181545683,0.05505775955564777,9.631471494965611,0.0
6,0.8485281,0.21213204,0.0701,0.004042135611804359,0.08387913587533632,20.75119291653199,0.0
7,0.9899494,0.28284273,0.0701,0.004042135611804359,0.048853426258670174,12.086043356883469,0.0
