Tile Number, Tile x cohordinate [m], Tile y cohordinate [m], area_m2[m2], Tile z cohordinate [m],absorbedPARTile [umol^s-1],absorbedPARTilem2 [umol m^-2 m^-1],Thermal time[dd]
1,0.1118034,0.0,0.0701,0.00108033979058772,0.016473394016997555,15.248345160031363,0.0
2,0.22360681,0.0559017,0.0701,0.0012078565728149138,0.006036178778231376,4.997430087385327,0.0
3,0.3354102,0.0559017,0.0701,0.00108033979058772,0.006159274660074902,5.701238363833818,0.0
4,0.44721362,0.1118034,0.0701,0.00108033979058772,0.006377082083385195,5.902848473178955,0.0
5,0.559017,0.1677051,0.0701,0.0012078565728149138,0.00920004806367486,7.61683818322412,0.0
6,0.6708204,0.1677051,0.0701,0.00108033979058772,0.003889692381897158,3.600434248359131,0.0
7,0.7826238,0.22360681,0.0701,0.00108033979058772,0.00551847704034973,5.108093850128025,0.0
