Tile Number, Tile x cohordinate [m], Tile y cohordinate [m], area_m2[m2], Tile z cohordinate [m],absorbedPARTile [umol^s-1],absorbedPARTilem2 [umol m^-2 m^-1],Thermal time[dd]
1,0.14142136,0.0,0.0701,0.004042135611804359,0.021849428087720727,5.405416885052853,0.0
2,0.28284273,0.07071068,0.0701,0.005716443181545683,0.024379526989144754,4.264807016336461,0.0
3,0.4242641,0.07071068,0.0701,0.004042135611804359,0.022001980315742197,5.443157387270533,0.0
4,0.56568545,0.14142136,0.0701,0.004042135611804359,0.0886499260152638,21.931457657278244,0.0
5,0.70710677,0.21213204,0.0701,0.005716443181545683,0.07932034051305652,13.875820679741087,0.0
6,0.8485281,0.21213204,0.0701,0.004042135611804359,0.0936140692886734,23.159556798463086,0.0
7,0.9899494,0.28284273,0.0701,0.004042135611804359,0.07026622172515393,17.383439961775046,0.0
