Tile Number, Tile x cohordinate [m], Tile y cohordinate [m], area_m2[m2], Tile z cohordinate [m],absorbedPARTile [umol^s-1],absorbedPARTilem2 [umol m^-2 m^-1],Thermal time[dd]
1,0.14142136,0.0,0.0701,0.004042135611804359,0.1711043430162049,42.33018370698009,0.0
2,0.28284273,0.07071068,0.0701,0.005716443181545683,0.2105782341012573,36.83728280219144,0.0
3,0.4242641,0.07071068,0.0701,0.004042135611804359,0.18054915584747314,44.666773504632175,0.0
4,0.56568545,0.14142136,0.0701,0.004042135611804359,0.16461591186386107,40.72498492705903,0.0
5,0.70710677,0.21213204,0.0701,0.005716443181545683,0.28309656306259157,49.523200716226555,0.0
6,0.8485281,0.21213204,0.0701,0.004042135611804359,0.1852322577986145,45.82534471571801,0.0
7,0.9899494,0.28284273,0.0701,0.004042135611804359,0.13700427735435483,33.89403288555126,0.0
