Tile Number, Tile x cohordinate [m], Tile y cohordinate [m], area_m2[m2], Tile z cohordinate [m],absorbedPARTile [umol^s-1],absorbedPARTilem2 [umol m^-2 m^-1],Thermal time[dd]
1,0.14142136,0.0,0.0701,0.004042135611804359,0.09190596871643067,22.736983006714357,0.0
2,0.28284273,0.07071068,0.0701,0.005716443181545683,0.16127395254394533,28.212289954107106,0.0
3,0.4242641,0.07071068,0.0701,0.004042135611804359,0.152912744059906,37.82969171379374,0.0
4,0.56568545,0.14142136,0.0701,0.004042135611804359,0.057342982153294086,14.18630834300408,0.0
5,0.70710677,0.21213204,0.0701,0.005716443181545683,0.07384561734891415,12.918105717784263,0.0
6,0.8485281,0.21213204,0.0701,0.004042135611804359,0.11503479097883225,28.45891430334326,0.0
7,0.9899494,0.28284273,0.0701,0.004042135611804359,0.10306917864570617,25.498693894561683,0.0
