Tile Number, Tile x cohordinate [m], Tile y cohordinate [m], area_m2[m2], Tile z cohordinate [m],absorbedPARTile [umol^s-1],absorbedPARTilem2 [umol m^-2 m^-1],Thermal time[dd]
1,0.14142136,0.0,0.0701,0.004042135611804359,0.0648678450543066,16.047914093943618,0.0
2,0.28284273,0.07071068,0.0701,0.005716443181545683,0.1175166922259728,20.557659456032095,0.0
3,0.4242641,0.07071068,0.0701,0.004042135611804359,0.0376482540784318,9.31395126093409,0.0
4,0.56568545,0.14142136,0.0701,0.004042135611804359,0.15035290448624888,37.19640282408368,0.0
5,0.70710677,0.21213204,0.0701,0.005716443181545683,0.27932924762242634,48.86416933595723,0.0
6,0.8485281,0.21213204,0.0701,0.004042135611804359,0.1299867057428042,32.15792794363466,0.0
7,0.9899494,0.28284273,0.0701,0.004042135611804359,0.11988577224308193,29.659017845164875,0.0
