Tile Number, Tile x cohordinate [m], Tile y cohordinate [m], area_m2[m2], Tile z cohordinate [m],absorbedPARTile [umol^s-1],absorbedPARTilem2 [umol m^-2 m^-1],Thermal time[dd]
1,0.1118034,0.0,0.0701,0.00108033979058772,0.001565560876853767,1.4491374755363589,0.0
2,0.22360681,0.0559017,0.0701,0.0012078565728149138,0.006131134054975879,5.076044782939129,0.0
3,0.3354102,0.0559017,0.0701,0.00108033979058772,0.019546793308369757,18.09319019688799,0.0
4,0.44721362,0.1118034,0.0701,0.00108033979058772,0.002767166516743732,2.5613853538046163,0.0
5,0.559017,0.1677051,0.0701,0.0012078565728149138,0.007486754365216623,6.198380282659486,0.0
6,0.6708204,0.1677051,0.0701,0.00108033979058772,0.006832559722797192,6.324454382153401,0.0
7,0.7826238,0.22360681,0.0701,0.00108033979058772,0.012207881950383555,11.300039169845162,0.0
