Tile Number, Tile x cohordinate [m], Tile y cohordinate [m], area_m2[m2], Tile z cohordinate [m],absorbedPARTile [umol^s-1],absorbedPARTilem2 [umol m^-2 m^-1],Thermal time[dd]
1,0.1118034,0.0,0.0701,0.00108033979058772,0.0026524073722380727,2.4551603072910293,0.0
2,0.22360681,0.0559017,0.0701,0.0012078565728149138,0.001720756335768632,1.4246363140272555,0.0
3,0.3354102,0.0559017,0.0701,0.00108033979058772,0.003091732134699572,2.861814552824743,0.0
4,0.44721362,0.1118034,0.0701,0.00108033979058772,0.0010656987965788633,0.9864477878752465,0.0
5,0.559017,0.1677051,0.0701,0.0012078565728149138,0.004211757262913099,3.4869680371880456,0.0
6,0.6708204,0.1677051,0.0701,0.00108033979058772,0.0055815242135596795,5.16645250150719,0.0
7,0.7826238,0.22360681,0.0701,0.00108033979058772,0.0011701634130438046,1.0831438619947704,0.0
