Tile Number, Tile x cohordinate [m], Tile y cohordinate [m], area_m2[m2], Tile z cohordinate [m],absorbedPARTile [umol^s-1],absorbedPARTilem2 [umol m^-2 m^-1],Thermal time[dd]
1,0.14142136,0.0,0.0701,0.004042135611804359,0.041014328568895614,10.146697812196193,0.0
2,0.28284273,0.07071068,0.0701,0.005716443181545683,0.09034665143771967,15.80469683130667,0.0
3,0.4242641,0.07071068,0.0701,0.004042135611804359,0.11373869412703579,28.13826775006795,0.0
4,0.56568545,0.14142136,0.0701,0.004042135611804359,0.12607692626509337,31.190672053878515,0.0
5,0.70710677,0.21213204,0.0701,0.005716443181545683,0.20061338880483315,35.094093028418555,0.0
6,0.8485281,0.21213204,0.0701,0.004042135611804359,0.07132707130813401,17.645887757905896,0.0
7,0.9899494,0.28284273,0.0701,0.004042135611804359,0.08184313005362526,20.247497341409456,0.0
