Tile Number, Tile x cohordinate [m], Tile y cohordinate [m], area_m2[m2], Tile z cohordinate [m],absorbedPARTile [umol^s-1],absorbedPARTilem2 [umol m^-2 m^-1],Thermal time[dd]
1,0.1118034,0.0,0.0701,0.00108033979058772,0.009142065624805688,8.462213189271013,0.0
2,0.22360681,0.0559017,0.0701,0.0012078565728149138,0.011975025300614835,9.914277547628854,0.0
3,0.3354102,0.0559017,0.0701,0.00108033979058772,0.012236044454289675,11.326107360752765,0.0
4,0.44721362,0.1118034,0.0701,0.00108033979058772,0.013213771678577253,12.231125608535418,0.0
5,0.559017,0.1677051,0.0701,0.0012078565728149138,0.008631706072041691,7.14630053461188,0.0
6,0.6708204,0.1677051,0.0701,0.00108033979058772,0.005104788750999448,4.7251696137401105,0.0
7,0.7826238,0.22360681,0.0701,0.00108033979058772,0.02024253842505813,18.737196020564888,0.0
