Tile Number, Tile x cohordinate [m], Tile y cohordinate [m], area_m2[m2], Tile z cohordinate [m],absorbedPARTile [umol^s-1],absorbedPARTilem2 [umol m^-2 m^-1],Thermal time[dd]
1,0.14142136,0.0,0.0701,0.004042135611804359,0.13191638405460357,32.63531873333604,0.0
2,0.28284273,0.07071068,0.0701,0.005716443181545683,0.09428445359722139,16.4935521272386,0.0
3,0.4242641,0.07071068,0.0701,0.004042135611804359,0.0952837973223305,23.572637455326984,0.0
4,0.56568545,0.14142136,0.0701,0.004042135611804359,0.0529792397668171,13.106744764351888,0.0
5,0.70710677,0.21213204,0.0701,0.005716443181545683,0.11149794199584008,19.504775689153597,0.0
6,0.8485281,0.21213204,0.0701,0.004042135611804359,0.0816705266440773,20.204796297673095,0.0
7,0.9899494,0.28284273,0.0701,0.004042135611804359,0.1345392762283516,33.284206456471395,0.0
