Tile Number, Tile x cohordinate [m], Tile y cohordinate [m], area_m2[m2], Tile z cohordinate [m],absorbedPARTile [umol^s-1],absorbedPARTilem2 [umol m^-2 m^-1],Thermal time[dd]
1,0.1118034,0.0,0.0701,0.00108033979058772,0.0025344039043592517,2.345932202479093,0.0
2,0.22360681,0.0559017,0.0701,0.0012078565728149138,0.006351958246222957,5.258867972560432,0.0
3,0.3354102,0.0559017,0.0701,0.00108033979058772,0.009397046756825076,8.69823257339522,0.0
4,0.44721362,0.1118034,0.0701,0.00108033979058772,0.004767553894714792,4.413013328076323,0.0
5,0.559017,0.1677051,0.0701,0.0012078565728149138,0.007483206145020435,6.195442665498602,0.0
6,0.6708204,0.1677051,0.0701,0.00108033979058772,0.007947665296343442,7.356634797298174,0.0
7,0.7826238,0.22360681,0.0701,0.00108033979058772,0.005100881633771404,4.721553050449483,0.0
