Tile Number, Tile x cohordinate [m], Tile y cohordinate [m], area_m2[m2], Tile z cohordinate [m],absorbedPARTile [umol^s-1],absorbedPARTilem2 [umol m^-2 m^-1],Thermal time[dd]
1,0.14142136,0.0,0.0701,0.004042135611804359,0.07496623312532219,18.546194468685375,0.0
2,0.28284273,0.07071068,0.0701,0.005716443181545683,0.14493613818759918,25.35425151351011,0.0
3,0.4242641,0.07071068,0.0701,0.004042135611804359,0.01146038050466434,2.8352290980036092,0.0
4,0.56568545,0.14142136,0.0701,0.004042135611804359,0.06379362396554596,15.782158267834381,0.0
5,0.70710677,0.21213204,0.0701,0.005716443181545683,0.04090793146796848,7.15618614036627,0.0
6,0.8485281,0.21213204,0.0701,0.004042135611804359,0.03728814395233118,9.2248621850879,0.0
7,0.9899494,0.28284273,0.0701,0.004042135611804359,0.02298019152343201,5.685160947179092,0.0
