Tile Number, Tile x cohordinate [m], Tile y cohordinate [m], area_m2[m2], Tile z cohordinate [m],absorbedPARTile [umol^s-1],absorbedPARTilem2 [umol m^-2 m^-1],Thermal time[dd]
1,0.1118034,0.0,0.0701,0.00108033979058772,4.953003812324231E-4,0.45846722072781637,0.0
2,0.22360681,0.0559017,0.0701,0.0012078565728149138,1.7838111939456547E-4,0.14768402425368077,0.0
3,0.3354102,0.0559017,0.0701,0.00108033979058772,0.0033648798770704947,3.1146495819060345,0.0
4,0.44721362,0.1118034,0.0701,0.00108033979058772,4.631880467281584E-4,0.4287429295519863,0.0
5,0.559017,0.1677051,0.0701,0.0012078565728149138,4.941092273523911E-4,0.40907938779591013,0.0
6,0.6708204,0.1677051,0.0701,0.00108033979058772,0.0019589257138915035,1.8132496192015852,0.0
7,0.7826238,0.22360681,0.0701,0.00108033979058772,4.400712531282473E-4,0.40734522319949207,0.0
