Tile Number, Tile x cohordinate [m], Tile y cohordinate [m], area_m2[m2], Tile z cohordinate [m],absorbedPARTile [umol^s-1],absorbedPARTilem2 [umol m^-2 m^-1],Thermal time[dd]
1,0.1118034,0.0,0.0701,0.00108033979058772,0.0031538481936811444,2.9193113325626996,0.0
2,0.22360681,0.0559017,0.0701,0.0012078565728149138,0.007593065373192421,6.286396534231508,0.0
3,0.3354102,0.0559017,0.0701,0.00108033979058772,0.0025414989577316497,2.3524996300923426,0.0
4,0.44721362,0.1118034,0.0701,0.00108033979058772,0.002612257746805698,2.417996420722959,0.0
5,0.559017,0.1677051,0.0701,0.0012078565728149138,0.007444667212158163,6.16353578704162,0.0
6,0.6708204,0.1677051,0.0701,0.00108033979058772,0.0032407104726992907,2.9997140723071016,0.0
7,0.7826238,0.22360681,0.0701,0.00108033979058772,0.0062780988536265125,5.811226160809221,0.0
