Tile Number, Tile x cohordinate [m], Tile y cohordinate [m], area_m2[m2], Tile z cohordinate [m],absorbedPARTile [umol^s-1],absorbedPARTilem2 [umol m^-2 m^-1],Thermal time[dd]
1,0.1118034,0.0,0.0701,0.00108033979058772,0.005452707485074833,5.047215267437742,0.0
2,0.22360681,0.0559017,0.0701,0.0012078565728149138,0.009248624586012175,7.657055311176744,0.0
3,0.3354102,0.0559017,0.0701,0.00108033979058772,0.00877157436799097,8.119273625216666,0.0
4,0.44721362,0.1118034,0.0701,0.00108033979058772,0.007841619850802674,7.258475452928309,0.0
5,0.559017,0.1677051,0.0701,0.0012078565728149138,0.0060178601994993605,4.982263900319487,0.0
6,0.6708204,0.1677051,0.0701,0.00108033979058772,0.009854935912413126,9.122070665426389,0.0
7,0.7826238,0.22360681,0.0701,0.00108033979058772,0.012581342896659803,11.645727581518937,0.0
