Tile Number, Tile x cohordinate [m], Tile y cohordinate [m], area_m2[m2], Tile z cohordinate [m],absorbedPARTile [umol^s-1],absorbedPARTilem2 [umol m^-2 m^-1],Thermal time[dd]
1,0.1118034,0.0,0.0701,0.00108033979058772,7.695653623404645E-4,0.7123364047544803,0.0
2,0.22360681,0.0559017,0.0701,0.0012078565728149138,0.0033593872839838734,2.7812799628641423,0.0
3,0.3354102,0.0559017,0.0701,0.00108033979058772,0.001619551325144358,1.499112908044699,0.0
4,0.44721362,0.1118034,0.0701,0.00108033979058772,4.670896806705754E-4,0.4323544173231573,0.0
5,0.559017,0.1677051,0.0701,0.0012078565728149138,0.002472539088271005,2.0470469291802953,0.0
6,0.6708204,0.1677051,0.0701,0.00108033979058772,7.834083117724552E-4,0.725149919125232,0.0
7,0.7826238,0.22360681,0.0701,0.00108033979058772,0.002689908220469998,2.48987239376479,0.0
