Tile Number, Tile x cohordinate [m], Tile y cohordinate [m], area_m2[m2], Tile z cohordinate [m],absorbedPARTile [umol^s-1],absorbedPARTilem2 [umol m^-2 m^-1],Thermal time[dd]
1,0.14142136,0.0,0.0701,0.004042135611804359,0.04223576464588975,10.448873739551809,0.0
2,0.28284273,0.07071068,0.0701,0.005716443181545683,0.13160665461425783,23.02247226721711,0.0
3,0.4242641,0.07071068,0.0701,0.004042135611804359,0.061522154802578284,15.220210480547324,0.0
4,0.56568545,0.14142136,0.0701,0.004042135611804359,0.07353735501502555,18.19269863194901,0.0
5,0.70710677,0.21213204,0.0701,0.005716443181545683,0.11237387577262917,19.65800624685718,0.0
6,0.8485281,0.21213204,0.0701,0.004042135611804359,0.10371440548764667,25.65831912832579,0.0
7,0.9899494,0.28284273,0.0701,0.004042135611804359,0.04181903032466288,10.345776178943037,0.0
