Tile Number, Tile x cohordinate [m], Tile y cohordinate [m], area_m2[m2], Tile z cohordinate [m],absorbedPARTile [umol^s-1],absorbedPARTilem2 [umol m^-2 m^-1],Thermal time[dd]
1,0.14142136,0.0,0.0701,0.004042135611804359,0.03597025933973355,8.898825471042738,0.0
2,0.28284273,0.07071068,0.0701,0.005716443181545683,0.08122498235427389,14.20900720512563,0.0
3,0.4242641,0.07071068,0.0701,0.004042135611804359,0.013416630510782067,3.319193564807948,0.0
4,0.56568545,0.14142136,0.0701,0.004042135611804359,0.076702494766111,18.975735139146398,0.0
5,0.70710677,0.21213204,0.0701,0.005716443181545683,0.025674425280494514,4.491328692530159,0.0
6,0.8485281,0.21213204,0.0701,0.004042135611804359,0.05577879634386317,13.7993381966134,0.0
7,0.9899494,0.28284273,0.0701,0.004042135611804359,0.01225252407971534,3.0312006464933927,0.0
