Tile Number, Tile x cohordinate [m], Tile y cohordinate [m], area_m2[m2], Tile z cohordinate [m],absorbedPARTile [umol^s-1],absorbedPARTilem2 [umol m^-2 m^-1],Thermal time[dd]
1,0.1118034,0.0,0.0701,0.00108033979058772,0.007283482434127294,6.741844091630632,0.0
2,0.22360681,0.0559017,0.0701,0.0012078565728149138,0.003589362937032812,2.9716797654772784,0.0
3,0.3354102,0.0559017,0.0701,0.00108033979058772,0.0029387937325295937,2.7202494605246827,0.0
4,0.44721362,0.1118034,0.0701,0.00108033979058772,0.003073973673206046,2.845376704614167,0.0
5,0.559017,0.1677051,0.0701,0.0012078565728149138,0.007995204238520898,6.6193324757823255,0.0
6,0.6708204,0.1677051,0.0701,0.00108033979058772,0.005593977488878951,5.177979685294892,0.0
7,0.7826238,0.22360681,0.0701,0.00108033979058772,0.002428036949947078,2.2474752583408897,0.0
