Tile Number, Tile x cohordinate [m], Tile y cohordinate [m], area_m2[m2], Tile z cohordinate [m],absorbedPARTile [umol^s-1],absorbedPARTilem2 [umol m^-2 m^-1],Thermal time[dd]
1,0.1118034,0.0,0.0701,0.00108033979058772,8.691481444598059E-4,0.8045136835948412,0.0
2,0.22360681,0.0559017,0.0701,0.0012078565728149138,0.002014207008109428,1.6675879019437814,0.0
3,0.3354102,0.0559017,0.0701,0.00108033979058772,8.486124020183459E-4,0.7855050877619614,0.0
4,0.44721362,0.1118034,0.0701,0.00108033979058772,0.0038358298169503665,3.550577189111605,0.0
5,0.559017,0.1677051,0.0701,0.0012078565728149138,0.004255526367787272,3.5232050423584265,0.0
6,0.6708204,0.1677051,0.0701,0.00108033979058772,0.005221992869219626,4.833657812769063,0.0
7,0.7826238,0.22360681,0.0701,0.00108033979058772,0.003793661644135532,3.511544865038922,0.0
