Tile Number, Tile x cohordinate [m], Tile y cohordinate [m], area_m2[m2], Tile z cohordinate [m],absorbedPARTile [umol^s-1],absorbedPARTilem2 [umol m^-2 m^-1],Thermal time[dd]
1,0.1118034,0.0,0.0701,0.00108033979058772,0.03324968701781159,30.77706413065032,0.0
2,0.22360681,0.0559017,0.0701,0.0012078565728149138,0.01268530190926682,10.502324692164137,0.0
3,0.3354102,0.0559017,0.0701,0.00108033979058772,0.008022259627969382,7.425681899215395,0.0
4,0.44721362,0.1118034,0.0701,0.00108033979058772,0.004748849298161175,4.395699704421453,0.0
5,0.559017,0.1677051,0.0701,0.0012078565728149138,0.005902288672633439,4.8865807459888515,0.0
6,0.6708204,0.1677051,0.0701,0.00108033979058772,0.013101244697659175,12.126966730098792,0.0
7,0.7826238,0.22360681,0.0701,0.00108033979058772,6.512677434437869E-4,0.6028360235528195,0.0
