Tile Number, Tile x cohordinate [m], Tile y cohordinate [m], area_m2[m2], Tile z cohordinate [m],absorbedPARTile [umol^s-1],absorbedPARTilem2 [umol m^-2 m^-1],Thermal time[dd]
1,0.14142136,0.0,0.0701,0.004042135611804359,0.05839495696262359,14.44656057359659,0.0
2,0.28284273,0.07071068,0.0701,0.005716443181545683,0.11702846186239242,20.472251388799567,0.0
3,0.4242641,0.07071068,0.0701,0.004042135611804359,0.05465646619915605,13.521680479878327,0.0
4,0.56568545,0.14142136,0.0701,0.004042135611804359,0.1612174684564209,39.88423050073162,0.0
5,0.70710677,0.21213204,0.0701,0.005716443181545683,0.11272416018802643,19.71928288414242,0.0
6,0.8485281,0.21213204,0.0701,0.004042135611804359,0.08569586140740156,21.200639868969656,0.0
7,0.9899494,0.28284273,0.0701,0.004042135611804359,0.06196853513270855,15.330642285167311,0.0
