Tile Number, Tile x cohordinate [m], Tile y cohordinate [m], area_m2[m2], Tile z cohordinate [m],absorbedPARTile [umol^s-1],absorbedPARTilem2 [umol m^-2 m^-1],Thermal time[dd]
1,0.1118034,0.0,0.0701,0.00108033979058772,0.026961253601639274,24.956271940119855,0.0
2,0.22360681,0.0559017,0.0701,0.0012078565728149138,0.01875489408631265,15.52741816241005,0.0
3,0.3354102,0.0559017,0.0701,0.00108033979058772,0.023730855445051793,21.9661033054627,0.0
4,0.44721362,0.1118034,0.0701,0.00108033979058772,0.04092260085740052,37.87937944518183,0.0
5,0.559017,0.1677051,0.0701,0.0012078565728149138,0.0268568373131907,22.235121220229612,0.0
6,0.6708204,0.1677051,0.0701,0.00108033979058772,0.02366246953297332,21.9028029321225,0.0
7,0.7826238,0.22360681,0.0701,0.00108033979058772,0.0343852015831387,31.828135816818033,0.0
