Tile Number, Tile x cohordinate [m], Tile y cohordinate [m], area_m2[m2], Tile z cohordinate [m],absorbedPARTile [umol^s-1],absorbedPARTilem2 [umol m^-2 m^-1],Thermal time[dd]
1,0.14142136,0.0,0.0701,0.004042135611804359,0.26380433371337897,65.26360296843677,0.0
2,0.28284273,0.07071068,0.0701,0.005716443181545683,0.3185387720266723,55.72324641570947,0.0
3,0.4242641,0.07071068,0.0701,0.004042135611804359,0.2545233346585083,62.96753971222955,0.0
4,0.56568545,0.14142136,0.0701,0.004042135611804359,0.17305104502006532,42.8117860555444,0.0
5,0.70710677,0.21213204,0.0701,0.005716443181545683,0.3191091987011719,55.823033408492165,0.0
6,0.8485281,0.21213204,0.0701,0.004042135611804359,0.20094500197029114,49.71258296813841,0.0
7,0.9899494,0.28284273,0.0701,0.004042135611804359,0.2841727271713257,70.30262080803234,0.0
