Tile Number, Tile x cohordinate [m], Tile y cohordinate [m], area_m2[m2], Tile z cohordinate [m],absorbedPARTile [umol^s-1],absorbedPARTilem2 [umol m^-2 m^-1],Thermal time[dd]
1,0.1118034,0.0,0.0701,0.00108033979058772,7.750730896690626E-4,0.7174345482983756,0.0
2,0.22360681,0.0559017,0.0701,0.0012078565728149138,0.006574157211254663,5.442829355089377,0.0
3,0.3354102,0.0559017,0.0701,0.00108033979058772,0.00573869648191034,5.3119366072672465,0.0
4,0.44721362,0.1118034,0.0701,0.00108033979058772,0.004497761619781594,4.16328423609645,0.0
5,0.559017,0.1677051,0.0701,0.0012078565728149138,0.003408412981115791,2.821868968409447,0.0
6,0.6708204,0.1677051,0.0701,0.00108033979058772,8.558680924051983E-4,0.7922212065701978,0.0
7,0.7826238,0.22360681,0.0701,0.00108033979058772,0.00832845346310157,7.709105538518373,0.0
