Tile Number, Tile x cohordinate [m], Tile y cohordinate [m], area_m2[m2], Tile z cohordinate [m],absorbedPARTile [umol^s-1],absorbedPARTilem2 [umol m^-2 m^-1],Thermal time[dd]
1,0.14142136,0.0,0.0701,0.004042135611804359,0.03595328789293051,8.894626837341908,0.0
2,0.28284273,0.07071068,0.0701,0.005716443181545683,0.055445229589693557,9.699253159497264,0.0
3,0.4242641,0.07071068,0.0701,0.004042135611804359,0.025650793414746527,6.345851767030728,0.0
4,0.56568545,0.14142136,0.0701,0.004042135611804359,0.05809730889763564,14.372924235389945,0.0
5,0.70710677,0.21213204,0.0701,0.005716443181545683,0.08573410994928836,14.997806717656644,0.0
6,0.8485281,0.21213204,0.0701,0.004042135611804359,0.0991363793066895,24.525743029793166,0.0
7,0.9899494,0.28284273,0.0701,0.004042135611804359,0.1107457423427129,27.3978295085645,0.0
