Tile Number, Tile x cohordinate [m], Tile y cohordinate [m], area_m2[m2], Tile z cohordinate [m],absorbedPARTile [umol^s-1],absorbedPARTilem2 [umol m^-2 m^-1],Thermal time[dd]
1,0.1118034,0.0,0.0701,0.00108033979058772,0.00499715530006934,4.625540356475084,0.0
2,0.22360681,0.0559017,0.0701,0.0012078565728149138,0.00876569808606097,7.257234247301798,0.0
3,0.3354102,0.0559017,0.0701,0.00108033979058772,0.007199190161880012,6.663820239337434,0.0
4,0.44721362,0.1118034,0.0701,0.00108033979058772,0.003202154470010018,2.9640252982517667,0.0
5,0.559017,0.1677051,0.0701,0.0012078565728149138,0.002719206568083419,2.251266109970573,0.0
6,0.6708204,0.1677051,0.0701,0.00108033979058772,0.0029215730544975738,2.704309403348179,0.0
7,0.7826238,0.22360681,0.0701,0.00108033979058772,0.005102920753601138,4.7234405305251945,0.0
