Tile Number, Tile x cohordinate [m], Tile y cohordinate [m], area_m2[m2], Tile z cohordinate [m],absorbedPARTile [umol^s-1],absorbedPARTilem2 [umol m^-2 m^-1],Thermal time[dd]
1,0.1118034,0.0,0.0701,0.00108033979058772,0.007197365329101041,6.662131110792073,0.0
2,0.22360681,0.0559017,0.0701,0.0012078565728149138,0.01038039418485762,8.594061926298151,0.0
3,0.3354102,0.0559017,0.0701,0.00108033979058772,0.006892212802289226,6.379671342605799,0.0
4,0.44721362,0.1118034,0.0701,0.00108033979058772,0.003956327387075937,3.6621139215131935,0.0
5,0.559017,0.1677051,0.0701,0.0012078565728149138,0.002252687689382886,1.8650291268714048,0.0
6,0.6708204,0.1677051,0.0701,0.00108033979058772,0.001583870606896002,1.4660855970456799,0.0
7,0.7826238,0.22360681,0.0701,0.00108033979058772,0.0016239344728912867,1.503170101702765,0.0
