Tile Number, Tile x cohordinate [m], Tile y cohordinate [m], area_m2[m2], Tile z cohordinate [m],absorbedPARTile [umol^s-1],absorbedPARTilem2 [umol m^-2 m^-1],Thermal time[dd]
1,0.14142136,0.0,0.0701,0.004042135611804359,0.11079969704386393,27.411177576599,0.0
2,0.28284273,0.07071068,0.0701,0.005716443181545683,0.06212473065055745,10.867724680814442,0.0
3,0.4242641,0.07071068,0.0701,0.004042135611804359,0.045885085947203065,11.351693845501767,0.0
4,0.56568545,0.14142136,0.0701,0.004042135611804359,0.07951442191245077,19.671388975729222,0.0
5,0.70710677,0.21213204,0.0701,0.005716443181545683,0.052820001789587526,9.240011684206996,0.0
6,0.8485281,0.21213204,0.0701,0.004042135611804359,0.0698461062389995,17.279505921331786,0.0
7,0.9899494,0.28284273,0.0701,0.004042135611804359,0.05464827972040412,13.519655194351532,0.0
