Tile Number, Tile x cohordinate [m], Tile y cohordinate [m], area_m2[m2], Tile z cohordinate [m],absorbedPARTile [umol^s-1],absorbedPARTilem2 [umol m^-2 m^-1],Thermal time[dd]
1,0.1118034,0.0,0.0701,0.00108033979058772,0.0025640080264465,2.3733348052020227,0.0
2,0.22360681,0.0559017,0.0701,0.0012078565728149138,0.003907760584471152,3.235285275108536,0.0
3,0.3354102,0.0559017,0.0701,0.00108033979058772,0.0018207934424404088,1.6853895952956355,0.0
4,0.44721362,0.1118034,0.0701,0.00108033979058772,0.0052552306301300224,4.864423837680832,0.0
5,0.559017,0.1677051,0.0701,0.0012078565728149138,0.005991399117087641,4.960356429674978,0.0
6,0.6708204,0.1677051,0.0701,0.00108033979058772,0.015371013197672964,14.227943218967173,0.0
7,0.7826238,0.22360681,0.0701,0.00108033979058772,0.017409712964405976,16.115034469789222,0.0
