Tile Number, Tile x cohordinate [m], Tile y cohordinate [m], area_m2[m2], Tile z cohordinate [m],absorbedPARTile [umol^s-1],absorbedPARTilem2 [umol m^-2 m^-1],Thermal time[dd]
1,0.1118034,0.0,0.0701,0.00108033979058772,0.007100474557456374,6.57244565026492,0.0
2,0.22360681,0.0559017,0.0701,0.0012078565728149138,0.006551401927874386,5.423989963151272,0.0
3,0.3354102,0.0559017,0.0701,0.00108033979058772,0.0075315368422466805,6.97145185974259,0.0
4,0.44721362,0.1118034,0.0701,0.00108033979058772,0.007074701079479529,6.548588824661168,0.0
5,0.559017,0.1677051,0.0701,0.0012078565728149138,0.0034530409070046247,2.85881700254965,0.0
6,0.6708204,0.1677051,0.0701,0.00108033979058772,0.0029406385234463915,2.7219570630150014,0.0
7,0.7826238,0.22360681,0.0701,0.00108033979058772,0.010732748421165193,9.934604385279957,0.0
