Tile Number, Tile x cohordinate [m], Tile y cohordinate [m], area_m2[m2], Tile z cohordinate [m],absorbedPARTile [umol^s-1],absorbedPARTilem2 [umol m^-2 m^-1],Thermal time[dd]
1,0.1118034,0.0,0.0701,0.00108033979058772,0.008502766955748413,7.870456156319846,0.0
2,0.22360681,0.0559017,0.0701,0.0012078565728149138,0.009622005679828464,7.966182323621709,0.0
3,0.3354102,0.0559017,0.0701,0.00108033979058772,0.002443584874173374,2.2618669565470966,0.0
4,0.44721362,0.1118034,0.0701,0.00108033979058772,0.002874284160833441,2.660537162358697,0.0
5,0.559017,0.1677051,0.0701,0.0012078565728149138,0.016545248942966145,13.698024513297458,0.0
6,0.6708204,0.1677051,0.0701,0.00108033979058772,0.018934403607583267,17.526341038760304,0.0
7,0.7826238,0.22360681,0.0701,0.00108033979058772,0.004432773779261632,4.103129235710314,0.0
