Tile Number, Tile x cohordinate [m], Tile y cohordinate [m], area_m2[m2], Tile z cohordinate [m],absorbedPARTile [umol^s-1],absorbedPARTilem2 [umol m^-2 m^-1],Thermal time[dd]
1,0.14142136,0.0,0.0701,0.004042135611804359,0.11890769096937182,29.417046430140154,0.0
2,0.28284273,0.07071068,0.0701,0.005716443181545683,0.1511621854684353,26.44339857281013,0.0
3,0.4242641,0.07071068,0.0701,0.004042135611804359,0.17032021164830524,42.13619433027295,0.0
4,0.56568545,0.14142136,0.0701,0.004042135611804359,0.07969172959340091,19.71525382787133,0.0
5,0.70710677,0.21213204,0.0701,0.005716443181545683,0.17033063941688534,29.796611985362063,0.0
6,0.8485281,0.21213204,0.0701,0.004042135611804359,0.13443275879211428,33.257854684421424,0.0
7,0.9899494,0.28284273,0.0701,0.004042135611804359,0.1655272790859858,40.95045168761581,0.0
