Tile Number, Tile x cohordinate [m], Tile y cohordinate [m], area_m2[m2], Tile z cohordinate [m],absorbedPARTile [umol^s-1],absorbedPARTilem2 [umol m^-2 m^-1],Thermal time[dd]
1,0.14142136,0.0,0.0701,0.004042135611804359,0.13124474513687134,32.46915931113091,0.0
2,0.28284273,0.07071068,0.0701,0.005716443181545683,0.13904963833919526,24.32450282862731,0.0
3,0.4242641,0.07071068,0.0701,0.004042135611804359,0.19643406930339813,48.59660540080504,0.0
4,0.56568545,0.14142136,0.0701,0.004042135611804359,0.20452543782844546,50.59836123042587,0.0
5,0.70710677,0.21213204,0.0701,0.005716443181545683,0.09896547143057587,17.312421078558916,0.0
6,0.8485281,0.21213204,0.0701,0.004042135611804359,0.027763637441600996,6.868556651222211,0.0
7,0.9899494,0.28284273,0.0701,0.004042135611804359,0.031099987912309158,7.693949659058199,0.0
