Tile Number, Tile x cohordinate [m], Tile y cohordinate [m], area_m2[m2], Tile z cohordinate [m],absorbedPARTile [umol^s-1],absorbedPARTilem2 [umol m^-2 m^-1],Thermal time[dd]
1,0.14142136,0.0,0.0701,0.004042135611804359,0.027829227325892603,6.884783193473803,0.0
2,0.28284273,0.07071068,0.0701,0.005716443181545683,0.060757679457652564,10.62858101236723,0.0
3,0.4242641,0.07071068,0.0701,0.004042135611804359,0.007314501754810129,1.8095636706124822,0.0
4,0.56568545,0.14142136,0.0701,0.004042135611804359,0.027996822005827798,6.926245107677217,0.0
5,0.70710677,0.21213204,0.0701,0.005716443181545683,0.057293544785227773,10.022586242121282,0.0
6,0.8485281,0.21213204,0.0701,0.004042135611804359,0.04069162189915895,10.066862126131072,0.0
7,0.9899494,0.28284273,0.0701,0.004042135611804359,0.015972506622965222,3.9515019180257767,0.0
