Tile Number, Tile x cohordinate [m], Tile y cohordinate [m], area_m2[m2], Tile z cohordinate [m],absorbedPARTile [umol^s-1],absorbedPARTilem2 [umol m^-2 m^-1],Thermal time[dd]
1,0.1118034,0.0,0.0701,0.00108033979058772,0.010914125324674673,10.10249314128959,0.0
2,0.22360681,0.0559017,0.0701,0.0012078565728149138,0.024107299472448943,19.958743459305605,0.0
3,0.3354102,0.0559017,0.0701,0.00108033979058772,0.007193382292094764,6.658444273520153,0.0
4,0.44721362,0.1118034,0.0701,0.00108033979058772,0.002743411533912846,2.5393969173535598,0.0
5,0.559017,0.1677051,0.0701,0.0012078565728149138,0.0038127880376712755,3.15665628145365,0.0
6,0.6708204,0.1677051,0.0701,0.00108033979058772,0.005137441809021283,4.755394417367931,0.0
7,0.7826238,0.22360681,0.0701,0.00108033979058772,0.004331467592691717,4.009356713905111,0.0
