Tile Number, Tile x cohordinate [m], Tile y cohordinate [m], area_m2[m2], Tile z cohordinate [m],absorbedPARTile [umol^s-1],absorbedPARTilem2 [umol m^-2 m^-1],Thermal time[dd]
1,0.1118034,0.0,0.0701,0.00108033979058772,0.004595308596347164,4.25357710266994,0.0
2,0.22360681,0.0559017,0.0701,0.0012078565728149138,0.001709634243418438,1.415428190645293,0.0
3,0.3354102,0.0559017,0.0701,0.00108033979058772,5.02764905735963E-4,0.46537664364139714,0.0
4,0.44721362,0.1118034,0.0701,0.00108033979058772,4.4523054985926637E-4,0.41212084729106824,0.0
5,0.559017,0.1677051,0.0701,0.0012078565728149138,0.0025733574071101066,2.1305157127330845,0.0
6,0.6708204,0.1677051,0.0701,0.00108033979058772,0.0018594135762928356,1.721137731381058,0.0
7,0.7826238,0.22360681,0.0701,0.00108033979058772,8.623150736689401E-4,0.7981887561503485,0.0
