Tile Number, Tile x cohordinate [m], Tile y cohordinate [m], area_m2[m2], Tile z cohordinate [m],absorbedPARTile [umol^s-1],absorbedPARTilem2 [umol m^-2 m^-1],Thermal time[dd]
1,0.1118034,0.0,0.0701,0.00108033979058772,0.0034252863724367464,3.170563930236563,0.0
2,0.22360681,0.0559017,0.0701,0.0012078565728149138,0.005910975500978859,4.893772682962937,0.0
3,0.3354102,0.0559017,0.0701,0.00108033979058772,0.004364659291374093,4.040080102020178,0.0
4,0.44721362,0.1118034,0.0701,0.00108033979058772,0.003877864829970766,3.5894862558576626,0.0
5,0.559017,0.1677051,0.0701,0.0012078565728149138,0.0023228105811752783,1.923084771366488,0.0
6,0.6708204,0.1677051,0.0701,0.00108033979058772,0.004582683728415547,4.241891086805665,0.0
7,0.7826238,0.22360681,0.0701,0.00108033979058772,0.0038854314530268456,3.596490184734487,0.0
