Tile Number, Tile x cohordinate [m], Tile y cohordinate [m], area_m2[m2], Tile z cohordinate [m],absorbedPARTile [umol^s-1],absorbedPARTilem2 [umol m^-2 m^-1],Thermal time[dd]
1,0.1118034,0.0,0.0701,0.00108033979058772,6.865747916691262E-4,0.6355174526114789,0.0
2,0.22360681,0.0559017,0.0701,0.0012078565728149138,8.538011623399391E-4,0.7068729694868925,0.0
3,0.3354102,0.0559017,0.0701,0.00108033979058772,0.002686243101522892,2.486479832480796,0.0
4,0.44721362,0.1118034,0.0701,0.00108033979058772,0.004105978939092309,3.800636591251165,0.0
5,0.559017,0.1677051,0.0701,0.0012078565728149138,9.81585511835583E-4,0.8126672768340322,0.0
6,0.6708204,0.1677051,0.0701,0.00108033979058772,0.0053277700513879485,4.931568843252147,0.0
7,0.7826238,0.22360681,0.0701,0.00108033979058772,0.0012183408952186612,1.1277386113454793,0.0
