Tile Number, Tile x cohordinate [m], Tile y cohordinate [m], area_m2[m2], Tile z cohordinate [m],absorbedPARTile [umol^s-1],absorbedPARTilem2 [umol m^-2 m^-1],Thermal time[dd]
1,0.1118034,0.0,0.0701,0.00108033979058772,0.002850909720738911,2.638900969469963,0.0
2,0.22360681,0.0559017,0.0701,0.0012078565728149138,0.005387876054674159,4.460691919834237,0.0
3,0.3354102,0.0559017,0.0701,0.00108033979058772,0.0052647799308833424,4.873263001836884,0.0
4,0.44721362,0.1118034,0.0701,0.00108033979058772,0.005885296059394361,5.447634263468791,0.0
5,0.559017,0.1677051,0.0701,0.0012078565728149138,0.0029101603012336497,2.4093591629439177,0.0
6,0.6708204,0.1677051,0.0701,0.00108033979058772,0.003178037474350931,2.941701770164398,0.0
7,0.7826238,0.22360681,0.0701,0.00108033979058772,0.0024716485516346164,2.2878436702678564,0.0
