Tile Number, Tile x cohordinate [m], Tile y cohordinate [m], area_m2[m2], Tile z cohordinate [m],absorbedPARTile [umol^s-1],absorbedPARTilem2 [umol m^-2 m^-1],Thermal time[dd]
1,0.14142136,0.0,0.0701,0.004042135611804359,0.15400419125588735,38.099709175057036,0.0
2,0.28284273,0.07071068,0.0701,0.005716443181545683,0.13482260862948098,23.58505181416427,0.0
3,0.4242641,0.07071068,0.0701,0.004042135611804359,0.15387074182995958,38.066694590999525,0.0
4,0.56568545,0.14142136,0.0701,0.004042135611804359,0.031599787959838345,7.817597179955224,0.0
5,0.70710677,0.21213204,0.0701,0.005716443181545683,0.06571474741239214,11.495740502510055,0.0
6,0.8485281,0.21213204,0.0701,0.004042135611804359,0.031020645866056455,7.674320914782278,0.0
7,0.9899494,0.28284273,0.0701,0.004042135611804359,0.21092249604473115,52.18095489640882,0.0
