Tile Number, Tile x cohordinate [m], Tile y cohordinate [m], area_m2[m2], Tile z cohordinate [m],absorbedPARTile [umol^s-1],absorbedPARTilem2 [umol m^-2 m^-1],Thermal time[dd]
1,0.1118034,0.0,0.0701,0.00108033979058772,0.010075396156188396,9.32613631745179,0.0
2,0.22360681,0.0559017,0.0701,0.0012078565728149138,0.012548491423663446,10.389057530580097,0.0
3,0.3354102,0.0559017,0.0701,0.00108033979058772,0.00504194414223346,4.666998463039644,0.0
4,0.44721362,0.1118034,0.0701,0.00108033979058772,0.018132395536138213,16.78397453663531,0.0
5,0.559017,0.1677051,0.0701,0.0012078565728149138,0.004831858191070669,4.000357575411464,0.0
6,0.6708204,0.1677051,0.0701,0.00108033979058772,0.006205545857897009,5.744068590235953,0.0
7,0.7826238,0.22360681,0.0701,0.00108033979058772,0.010201638121174798,9.44299026107792,0.0
