Tile Number, Tile x cohordinate [m], Tile y cohordinate [m], area_m2[m2], Tile z cohordinate [m],absorbedPARTile [umol^s-1],absorbedPARTilem2 [umol m^-2 m^-1],Thermal time[dd]
1,0.14142136,0.0,0.0701,0.004042135611804359,0.07550346702890395,18.6791029000633,0.0
2,0.28284273,0.07071068,0.0701,0.005716443181545683,0.0780286338309884,13.649857324373869,0.0
3,0.4242641,0.07071068,0.0701,0.004042135611804359,0.03572977498023336,8.83933108921203,0.0
4,0.56568545,0.14142136,0.0701,0.004042135611804359,0.08730568211198945,21.59889981351152,0.0
5,0.70710677,0.21213204,0.0701,0.005716443181545683,0.08596624690603571,15.038415353022208,0.0
6,0.8485281,0.21213204,0.0701,0.004042135611804359,0.09897468638118109,24.485741174081987,0.0
7,0.9899494,0.28284273,0.0701,0.004042135611804359,0.04914154383644205,12.157321909965775,0.0
