density,architecture,repetition,absorbedPAR_umol_m2_s1,area_m2[m^2],log_absorbedPAR_umol_m2_s1
High,architectureA,85,717.7726499899092,0.0501440350121522,2.855986905954927
High,control,5,667.139798595986,0.0500790954575882,2.8242168495044218
