density,architecture,repetition,absorbedPAR_umol_m2_s1,log_absorbedPAR_umol_m2_s1
Low,architectureA,63,36.65711047957805,1.5641582284321838
Low,architectureA,6,35.54272757339159,1.550750752805789
Low,architectureA,80,35.4124186504294,1.5491555898663631
Low,architectureD,48,31.24798911595177,1.4948220746738448
Low,architectureD,69,31.60830664742457,1.4998012299940169
Low,architectureD,81,34.44870507214118,1.5371729014078432
