density,architecture,repetition,absorbedPAR_umol_m2_s1,log_absorbedPAR_umol_m2_s1
Low,architectureA,63,36.65711047957805,3.6016074198719212
Low,architectureA,6,35.54272757339159,3.570735566359904
Low,architectureA,80,35.4124186504294,3.5670625679546855
Low,architectureD,48,31.24798911595177,3.4419550258224274
Low,architectureD,69,31.60830664742457,3.4534199546383575
Low,architectureD,81,34.44870507214118,3.5394714081361056
